customer_unique_id,last_order_date,recency_days,frequency,monetary,segment
cust_002268,2018-02-13,199,12,5946.87,Loyal Customers
cust_015856,2017-10-02,333,10,4461.94,Loyal Customers
cust_000344,2018-01-11,232,11,4138.23,Loyal Customers
cust_005382,2017-12-16,258,11,4131.84,Loyal Customers
cust_010163,2017-12-09,265,9,3657.78,Loyal Customers
cust_018030,2017-12-26,248,9,3489.87,Loyal Customers
cust_009235,2018-02-25,187,9,3310.07,Loyal Customers
cust_011088,2017-07-26,401,9,3097.96,At Risk (was frequent)
cust_010408,2017-02-18,559,5,2988.54,At Risk (was frequent)
cust_017708,2018-01-08,235,5,2967.04,Loyal Customers
cust_004737,2017-10-23,312,4,2821.73,Loyal Customers
cust_000283,2018-02-03,209,6,2812.05,Loyal Customers
cust_006504,2017-09-02,363,6,2806.47,At Risk (was frequent)
cust_016587,2017-12-14,260,7,2743.69,Loyal Customers
cust_017757,2018-01-17,226,5,2737.58,Loyal Customers
cust_003301,2017-12-19,255,6,2696.65,Loyal Customers
cust_004063,2017-12-24,250,7,2678.3,Loyal Customers
cust_017986,2017-11-16,288,6,2634.0,Loyal Customers
cust_015520,2017-11-07,297,11,2618.38,Loyal Customers
cust_000859,2018-01-28,215,4,2528.6,Loyal Customers
cust_009416,2017-12-13,261,5,2453.82,Loyal Customers
cust_012769,2018-01-19,224,6,2398.19,Loyal Customers
cust_016746,2017-11-12,292,6,2353.85,Loyal Customers
cust_003579,2017-08-25,371,6,2306.16,At Risk (was frequent)
cust_006708,2017-11-15,289,7,2303.66,Loyal Customers
cust_007755,2017-11-12,292,8,2280.37,Loyal Customers
cust_006079,2017-11-18,286,7,2253.31,Loyal Customers
cust_009671,2018-01-05,238,10,2245.63,Loyal Customers
cust_007137,2018-03-02,182,6,2234.0,Loyal Customers
cust_018562,2018-01-15,228,9,2161.88,Loyal Customers
cust_001116,2018-01-17,226,8,2156.92,Loyal Customers
cust_005331,2017-05-26,462,4,2156.92,At Risk (was frequent)
cust_011151,2018-02-03,209,6,2127.84,Loyal Customers
cust_001343,2018-02-14,198,3,2124.1,Loyal Customers
cust_014378,2017-12-09,265,5,2115.79,Loyal Customers
cust_012224,2017-11-10,294,10,2066.02,Loyal Customers
cust_014405,2017-05-04,484,2,2057.96,At Risk (was frequent)
cust_012013,2017-03-19,530,3,2031.3,At Risk (was frequent)
cust_003129,2017-11-03,301,5,2015.23,Loyal Customers
cust_005102,2017-04-25,493,5,2001.87,At Risk (was frequent)
cust_018268,2017-06-30,427,6,1987.38,At Risk (was frequent)
cust_006305,2018-02-15,197,6,1984.16,Loyal Customers
cust_012031,2017-12-03,271,6,1979.97,Loyal Customers
cust_003805,2018-02-05,207,3,1973.22,Loyal Customers
cust_010430,2017-12-30,244,6,1935.94,Loyal Customers
cust_001031,2017-08-12,384,6,1877.76,At Risk (was frequent)
cust_017155,2017-12-22,252,6,1856.07,Loyal Customers
cust_009100,2017-12-30,244,6,1820.85,Loyal Customers
cust_004004,2017-12-07,267,7,1808.58,Loyal Customers
cust_006946,2017-12-08,266,6,1799.33,Loyal Customers
cust_017082,2017-03-19,530,2,1798.6,At Risk (was frequent)
cust_001510,2018-02-18,194,6,1793.5,Loyal Customers
cust_013643,2017-10-20,315,4,1791.86,Loyal Customers
cust_002459,2017-06-07,450,3,1788.87,At Risk (was frequent)
cust_005188,2017-12-04,270,5,1786.23,Loyal Customers
cust_003393,2017-12-12,262,5,1748.74,Loyal Customers
cust_010738,2018-01-31,212,6,1747.03,Loyal Customers
cust_017546,2017-07-12,415,3,1735.7,At Risk (was frequent)
cust_000640,2017-08-10,386,5,1722.99,At Risk (was frequent)
cust_014185,2017-04-18,500,5,1698.26,At Risk (was frequent)
cust_004886,2018-02-27,185,5,1695.39,Loyal Customers
cust_000361,2017-12-28,246,6,1684.61,Loyal Customers
cust_000325,2017-02-13,564,4,1680.84,At Risk (was frequent)
cust_010257,2018-02-07,205,3,1668.01,Loyal Customers
cust_011550,2017-12-18,256,5,1664.62,Loyal Customers
cust_010848,2017-10-23,312,8,1657.1,Loyal Customers
cust_000598,2018-02-22,190,7,1635.1,Loyal Customers
cust_006872,2018-02-18,194,5,1617.18,Loyal Customers
cust_004958,2017-12-21,253,3,1605.27,Loyal Customers
cust_011537,2017-12-02,272,3,1602.44,Loyal Customers
cust_017450,2018-01-10,233,6,1587.52,Loyal Customers
cust_016503,2018-02-10,202,4,1576.46,Loyal Customers
cust_009459,2017-11-08,296,8,1563.22,Loyal Customers
cust_011398,2017-04-19,499,4,1561.13,At Risk (was frequent)
cust_005716,2017-11-13,291,4,1546.6,Loyal Customers
cust_012056,2017-12-27,247,6,1522.15,Loyal Customers
cust_011320,2017-10-31,304,4,1509.96,Loyal Customers
cust_001575,2017-02-04,573,2,1506.42,At Risk (was frequent)
cust_017382,2018-03-01,183,3,1503.66,Loyal Customers
cust_011346,2017-11-07,297,4,1503.11,Loyal Customers
cust_015421,2017-11-01,303,3,1484.3,Loyal Customers
cust_010071,2017-04-19,499,6,1482.68,At Risk (was frequent)
cust_015427,2018-02-17,195,5,1460.72,Loyal Customers
cust_013628,2017-12-15,259,4,1446.18,Loyal Customers
cust_012255,2017-10-22,313,3,1441.16,Loyal Customers
cust_013274,2017-11-06,298,5,1439.32,Loyal Customers
cust_005129,2017-07-25,402,4,1438.46,At Risk (was frequent)
cust_006239,2018-02-01,211,4,1434.83,Loyal Customers
cust_013698,2017-10-27,308,3,1434.38,Loyal Customers
cust_009666,2017-11-10,294,3,1433.28,Loyal Customers
cust_012184,2017-12-03,271,4,1423.88,Loyal Customers
cust_006781,2017-10-21,314,3,1419.13,Loyal Customers
cust_018383,2018-02-18,194,6,1415.37,Loyal Customers
cust_010124,2017-11-29,275,4,1413.79,Loyal Customers
cust_008956,2017-05-21,467,3,1412.51,At Risk (was frequent)
cust_008580,2018-02-19,193,7,1408.94,Loyal Customers
cust_017328,2017-12-17,257,2,1407.35,Loyal Customers
cust_006957,2017-08-09,387,3,1406.49,At Risk (was frequent)
cust_013255,2018-03-01,183,6,1404.15,Loyal Customers
cust_002202,2017-12-23,251,4,1391.78,Loyal Customers
cust_013952,2018-02-13,199,5,1389.98,Loyal Customers
cust_017979,2017-11-17,287,4,1389.29,Loyal Customers
cust_014133,2017-11-21,283,2,1383.94,Loyal Customers
cust_017349,2018-01-20,223,4,1382.45,Loyal Customers
cust_010494,2017-09-16,349,4,1381.28,At Risk (was frequent)
cust_018894,2016-04-09,874,2,1378.74,At Risk (was frequent)
cust_016371,2018-02-03,209,6,1376.72,Loyal Customers
cust_001707,2017-01-27,581,3,1372.18,At Risk (was frequent)
cust_016254,2017-03-15,534,2,1357.19,At Risk (was frequent)
cust_017549,2018-01-06,237,5,1354.92,Loyal Customers
cust_008090,2017-10-11,324,3,1353.18,Loyal Customers
cust_016843,2017-05-13,475,5,1351.66,At Risk (was frequent)
cust_012037,2017-04-21,497,4,1345.9,At Risk (was frequent)
cust_009721,2018-01-25,218,6,1345.83,Loyal Customers
cust_005221,2017-09-11,354,6,1340.76,At Risk (was frequent)
cust_013906,2017-12-13,261,4,1330.55,Loyal Customers
cust_015518,2017-04-23,495,6,1327.56,At Risk (was frequent)
cust_005387,2017-09-05,360,5,1320.14,At Risk (was frequent)
cust_013777,2017-12-13,261,5,1315.3,Loyal Customers
cust_014441,2017-11-03,301,5,1312.61,Loyal Customers
cust_002564,2016-06-11,811,1,1312.46,Hibernating / Lost
cust_015824,2017-12-14,260,6,1310.19,Loyal Customers
cust_006202,2017-08-13,383,2,1303.13,At Risk (was frequent)
cust_017643,2018-01-20,223,4,1302.85,Loyal Customers
cust_017291,2018-01-25,218,6,1298.78,Loyal Customers
cust_009635,2017-10-10,325,3,1298.04,Loyal Customers
cust_016037,2018-02-13,199,5,1296.66,Loyal Customers
cust_018679,2017-03-13,536,2,1292.75,At Risk (was frequent)
cust_006174,2017-09-28,337,4,1278.91,Loyal Customers
cust_007125,2017-12-15,259,4,1276.19,Loyal Customers
cust_000261,2016-09-23,707,2,1272.79,At Risk (was frequent)
cust_002766,2018-01-03,240,3,1271.25,Loyal Customers
cust_012840,2017-08-24,372,3,1263.47,At Risk (was frequent)
cust_008354,2017-11-21,283,4,1263.16,Loyal Customers
cust_017610,2017-12-25,249,5,1260.08,Loyal Customers
cust_016759,2017-11-07,297,4,1256.54,Loyal Customers
cust_002264,2017-09-11,354,3,1256.07,At Risk (was frequent)
cust_002563,2017-11-18,286,6,1252.09,Loyal Customers
cust_018429,2017-09-20,345,3,1249.6,At Risk (was frequent)
cust_017539,2018-02-08,204,7,1249.5,Loyal Customers
cust_017315,2018-01-26,217,5,1247.92,Loyal Customers
cust_000681,2017-12-15,259,3,1244.79,Loyal Customers
cust_017266,2018-02-16,196,4,1244.09,Loyal Customers
cust_006796,2017-07-23,404,5,1234.16,At Risk (was frequent)
cust_000487,2017-06-25,432,4,1230.99,At Risk (was frequent)
cust_016149,2017-12-23,251,3,1227.6,Loyal Customers
cust_018486,2016-06-06,816,2,1226.48,At Risk (was frequent)
cust_011965,2017-08-24,372,5,1222.69,At Risk (was frequent)
cust_017747,2016-12-18,621,3,1221.26,At Risk (was frequent)
cust_011827,2018-02-17,195,6,1220.12,Loyal Customers
cust_004128,2018-02-20,192,5,1209.82,Loyal Customers
cust_016424,2018-01-27,216,4,1205.77,Loyal Customers
cust_001941,2017-12-19,255,4,1203.69,Loyal Customers
cust_013096,2016-05-30,823,2,1201.84,At Risk (was frequent)
cust_008569,2017-11-21,283,4,1199.69,Loyal Customers
cust_001976,2017-09-25,340,5,1196.32,At Risk (was frequent)
cust_004778,2017-05-12,476,2,1193.41,At Risk (was frequent)
cust_014315,2018-02-13,199,5,1192.87,Loyal Customers
cust_001774,2018-02-15,197,5,1192.47,Loyal Customers
cust_003998,2018-01-14,229,5,1191.86,Loyal Customers
cust_006229,2017-08-13,383,4,1191.09,At Risk (was frequent)
cust_009900,2017-07-18,409,3,1190.81,At Risk (was frequent)
cust_016892,2017-05-04,484,3,1189.59,At Risk (was frequent)
cust_002613,2017-07-17,410,6,1189.46,At Risk (was frequent)
cust_010647,2017-11-06,298,3,1186.17,Loyal Customers
cust_018616,2017-08-25,371,3,1182.35,At Risk (was frequent)
cust_000201,2017-11-18,286,4,1176.42,Loyal Customers
cust_013146,2017-06-21,436,2,1175.62,At Risk (was frequent)
cust_013058,2018-02-25,187,3,1171.03,Loyal Customers
cust_004505,2017-09-11,354,2,1166.91,At Risk (was frequent)
cust_008045,2017-12-20,254,4,1161.74,Loyal Customers
cust_004296,2017-07-29,398,4,1161.48,At Risk (was frequent)
cust_013021,2017-08-21,375,4,1160.47,At Risk (was frequent)
cust_002089,2017-12-15,259,4,1159.48,Loyal Customers
cust_010943,2018-02-24,188,5,1158.02,Loyal Customers
cust_004107,2017-03-20,529,5,1154.82,At Risk (was frequent)
cust_000504,2017-01-24,584,5,1152.99,At Risk (was frequent)
cust_000366,2017-11-22,282,5,1152.15,Loyal Customers
cust_014651,2017-09-12,353,3,1150.09,At Risk (was frequent)
cust_015574,2017-06-02,455,4,1144.64,At Risk (was frequent)
cust_001337,2017-12-27,247,3,1144.11,Loyal Customers
cust_009043,2016-07-10,782,3,1139.63,At Risk (was frequent)
cust_001456,2018-02-07,205,3,1135.21,Loyal Customers
cust_000627,2018-01-30,213,4,1133.01,Loyal Customers
cust_010171,2017-09-19,346,3,1131.77,At Risk (was frequent)
cust_006283,2016-08-19,742,1,1131.08,Hibernating / Lost
cust_004455,2018-03-02,182,6,1129.0,Loyal Customers
cust_003820,2017-07-13,414,6,1123.4,At Risk (was frequent)
cust_015786,2017-10-20,315,3,1122.47,Loyal Customers
cust_008789,2017-11-16,288,3,1121.19,Loyal Customers
cust_001034,2018-01-06,237,3,1121.02,Loyal Customers
cust_015630,2018-02-15,197,3,1118.73,Loyal Customers
cust_016493,2017-11-06,298,3,1115.44,Loyal Customers
cust_003746,2017-11-01,303,3,1112.37,Loyal Customers
cust_018042,2018-02-15,197,4,1109.27,Loyal Customers
cust_014305,2018-01-28,215,5,1108.46,Loyal Customers
cust_012743,2018-02-09,203,5,1105.36,Loyal Customers
cust_015680,2018-01-26,217,5,1103.77,Loyal Customers
cust_010815,2017-06-27,430,4,1098.87,At Risk (was frequent)
cust_017561,2018-01-16,227,3,1098.79,Loyal Customers
cust_003145,2018-01-29,214,4,1098.03,Loyal Customers
cust_013491,2017-09-15,350,4,1095.92,At Risk (was frequent)
cust_002550,2017-11-10,294,5,1093.16,Loyal Customers
cust_001855,2017-09-30,335,3,1092.04,Loyal Customers
cust_008952,2017-02-27,550,2,1088.9,At Risk (was frequent)
cust_005957,2018-01-09,234,2,1086.36,Loyal Customers
cust_010611,2018-02-18,194,3,1085.75,Loyal Customers
cust_001873,2017-12-05,269,2,1082.63,Loyal Customers
cust_000651,2016-11-16,653,3,1082.52,At Risk (was frequent)
cust_003987,2017-11-17,287,4,1081.94,Loyal Customers
cust_009036,2017-12-31,243,3,1081.16,Loyal Customers
cust_005721,2017-06-27,430,3,1066.81,At Risk (was frequent)
cust_011029,2017-07-04,423,5,1065.45,At Risk (was frequent)
cust_013551,2017-12-02,272,3,1063.53,Loyal Customers
cust_003107,2017-11-11,293,2,1060.78,Loyal Customers
cust_006964,2017-05-17,471,2,1056.35,At Risk (was frequent)
cust_006915,2017-12-18,256,2,1055.5,Loyal Customers
cust_000714,2017-01-26,582,3,1052.89,At Risk (was frequent)
cust_003884,2017-01-02,606,4,1052.18,At Risk (was frequent)
cust_016016,2016-10-11,689,3,1051.06,At Risk (was frequent)
cust_005055,2017-10-11,324,2,1048.99,Loyal Customers
cust_013648,2018-02-17,195,2,1045.55,Loyal Customers
cust_001381,2017-04-10,508,3,1044.19,At Risk (was frequent)
cust_009389,2017-11-06,298,5,1039.57,Loyal Customers
cust_008204,2017-11-02,302,4,1037.41,Loyal Customers
cust_005337,2017-09-16,349,3,1036.68,At Risk (was frequent)
cust_007973,2018-01-12,231,3,1035.06,Loyal Customers
cust_010228,2017-12-20,254,3,1034.71,Loyal Customers
cust_009594,2017-09-01,364,4,1034.44,At Risk (was frequent)
cust_008334,2017-05-27,461,1,1031.37,Hibernating / Lost
cust_004083,2018-02-05,207,4,1030.58,Loyal Customers
cust_010674,2017-03-10,539,2,1029.74,At Risk (was frequent)
cust_007699,2018-01-02,241,5,1026.41,Loyal Customers
cust_012791,2017-10-19,316,3,1025.87,Loyal Customers
cust_007796,2017-09-20,345,3,1018.71,At Risk (was frequent)
cust_017327,2017-08-29,367,1,1014.75,At Risk (was frequent)
cust_011614,2017-10-03,332,3,1010.36,Loyal Customers
cust_010762,2017-11-05,299,2,1008.65,Loyal Customers
cust_011464,2017-08-17,379,2,1005.12,At Risk (was frequent)
cust_005327,2016-03-12,902,2,1003.49,At Risk (was frequent)
cust_007875,2017-08-09,387,3,1003.07,At Risk (was frequent)
cust_002219,2018-02-15,197,5,1001.97,Loyal Customers
cust_011634,2017-10-27,308,3,998.22,Loyal Customers
cust_002752,2018-01-30,213,4,997.81,Loyal Customers
cust_003073,2018-01-04,239,3,997.68,Loyal Customers
cust_018461,2017-07-01,426,3,997.25,At Risk (was frequent)
cust_015626,2017-08-22,374,3,995.0,At Risk (was frequent)
cust_014548,2017-12-29,245,2,994.76,Loyal Customers
cust_016409,2018-02-12,200,3,992.75,Loyal Customers
cust_016703,2017-12-17,257,4,992.71,Loyal Customers
cust_014891,2017-04-09,509,2,991.48,At Risk (was frequent)
cust_009546,2017-11-05,299,6,988.08,Loyal Customers
cust_006761,2017-10-21,314,3,987.27,Loyal Customers
cust_017377,2017-08-02,394,4,986.62,At Risk (was frequent)
cust_005274,2017-11-27,277,2,986.54,Loyal Customers
cust_009372,2017-10-08,327,4,985.06,Loyal Customers
cust_016928,2017-08-09,387,4,984.45,At Risk (was frequent)
cust_014721,2017-06-30,427,4,982.92,At Risk (was frequent)
cust_010804,2018-01-12,231,5,982.27,Loyal Customers
cust_017577,2017-10-24,311,3,978.52,Loyal Customers
cust_002907,2017-07-22,405,2,977.22,At Risk (was frequent)
cust_004939,2018-02-14,198,4,976.81,Loyal Customers
cust_003019,2017-07-07,420,4,973.79,At Risk (was frequent)
cust_004660,2018-01-13,230,6,973.47,Loyal Customers
cust_001064,2016-03-10,904,2,973.21,At Risk (was frequent)
cust_004206,2017-09-12,353,4,971.41,At Risk (was frequent)
cust_007977,2017-06-07,450,3,970.98,At Risk (was frequent)
cust_018578,2018-01-27,216,6,970.71,Loyal Customers
cust_002643,2018-01-24,219,2,969.31,Loyal Customers
cust_012578,2016-06-15,807,2,965.31,At Risk (was frequent)
cust_011609,2017-11-08,296,4,964.26,Loyal Customers
cust_013960,2017-01-31,577,3,961.62,At Risk (was frequent)
cust_016133,2017-07-29,398,3,961.43,At Risk (was frequent)
cust_007383,2017-12-21,253,2,958.34,Loyal Customers
cust_017324,2017-11-05,299,4,957.88,Loyal Customers
cust_017323,2018-02-28,184,3,957.3,Loyal Customers
cust_003810,2017-08-13,383,4,954.62,At Risk (was frequent)
cust_009106,2018-03-01,183,4,954.56,Loyal Customers
cust_001901,2017-03-07,542,4,953.77,At Risk (was frequent)
cust_000203,2017-11-14,290,5,952.39,Loyal Customers
cust_001095,2017-01-23,585,2,951.96,At Risk (was frequent)
cust_010088,2017-06-01,456,3,948.73,At Risk (was frequent)
cust_008317,2016-11-15,654,2,947.74,At Risk (was frequent)
cust_011664,2017-04-14,504,2,947.23,At Risk (was frequent)
cust_005982,2017-09-10,355,5,944.05,At Risk (was frequent)
cust_014180,2017-12-21,253,3,940.26,Loyal Customers
cust_013223,2017-10-15,320,4,938.67,Loyal Customers
cust_015921,2017-08-29,367,3,937.68,At Risk (was frequent)
cust_000791,2017-09-10,355,5,937.62,At Risk (was frequent)
cust_016667,2017-07-03,424,3,937.17,At Risk (was frequent)
cust_013667,2017-12-26,248,4,933.04,Loyal Customers
cust_013581,2017-02-14,563,3,931.21,At Risk (was frequent)
cust_011229,2017-11-11,293,4,930.61,Loyal Customers
cust_014045,2017-08-14,382,3,928.82,At Risk (was frequent)
cust_017104,2018-02-20,192,2,927.25,Loyal Customers
cust_015232,2017-03-04,545,3,920.41,At Risk (was frequent)
cust_007893,2018-02-24,188,5,917.91,Loyal Customers
cust_014830,2018-01-26,217,3,917.68,Loyal Customers
cust_016816,2017-07-23,404,2,916.12,At Risk (was frequent)
cust_005495,2016-07-13,779,2,914.71,At Risk (was frequent)
cust_004731,2017-11-17,287,4,914.66,Loyal Customers
cust_013035,2016-10-19,681,1,913.85,Hibernating / Lost
cust_005410,2018-01-10,233,3,912.9,Loyal Customers
cust_011115,2017-11-05,299,4,911.47,Loyal Customers
cust_013614,2017-11-16,288,2,911.05,Loyal Customers
cust_014142,2017-12-18,256,4,910.54,Loyal Customers
cust_000957,2018-02-05,207,4,904.16,Loyal Customers
cust_018234,2017-11-19,285,3,902.59,Loyal Customers
cust_017006,2016-08-18,743,2,899.9,At Risk (was frequent)
cust_011299,2017-12-25,249,3,896.95,Loyal Customers
cust_004775,2017-11-04,300,3,896.34,Loyal Customers
cust_012526,2017-07-29,398,4,891.29,At Risk (was frequent)
cust_001436,2017-12-24,250,2,890.93,Loyal Customers
cust_016103,2017-05-12,476,3,888.4,At Risk (was frequent)
cust_004798,2016-06-28,794,1,887.57,Hibernating / Lost
cust_011767,2017-12-03,271,6,886.83,Loyal Customers
cust_011453,2017-05-28,460,2,885.78,At Risk (was frequent)
cust_000422,2016-09-19,711,2,877.98,At Risk (was frequent)
cust_014154,2017-01-29,579,3,875.71,At Risk (was frequent)
cust_011334,2017-08-20,376,4,873.08,At Risk (was frequent)
cust_003025,2017-11-30,274,2,872.98,Loyal Customers
cust_008713,2017-11-04,300,6,870.82,Loyal Customers
cust_007384,2017-12-11,263,3,868.44,Loyal Customers
cust_002770,2017-10-20,315,3,868.41,Loyal Customers
cust_013411,2016-03-11,903,1,867.68,Hibernating / Lost
cust_008122,2017-11-13,291,3,867.29,Loyal Customers
cust_016658,2017-07-16,411,3,865.7,At Risk (was frequent)
cust_017101,2018-01-05,238,2,865.23,Loyal Customers
cust_013914,2017-05-14,474,1,864.25,Hibernating / Lost
cust_016121,2016-10-09,691,2,863.15,At Risk (was frequent)
cust_018536,2017-04-26,492,3,862.81,At Risk (was frequent)
cust_009990,2017-01-18,590,3,862.57,At Risk (was frequent)
cust_006772,2017-10-24,311,3,859.64,Loyal Customers
cust_001419,2016-05-04,849,3,857.85,At Risk (was frequent)
cust_002686,2017-11-22,282,4,856.59,Loyal Customers
cust_008396,2016-07-22,770,4,856.26,At Risk (was frequent)
cust_010954,2018-01-15,228,3,854.88,Loyal Customers
cust_009712,2017-08-25,371,1,854.3,Hibernating / Lost
cust_011727,2017-12-29,245,3,852.5,Loyal Customers
cust_000301,2017-08-19,377,2,848.24,At Risk (was frequent)
cust_002371,2016-10-21,679,4,847.88,At Risk (was frequent)
cust_002243,2017-10-30,305,3,847.5,Loyal Customers
cust_016080,2017-05-12,476,4,843.5,At Risk (was frequent)
cust_013281,2016-03-21,893,1,843.05,Hibernating / Lost
cust_008697,2017-11-21,283,4,841.2,Loyal Customers
cust_015218,2017-09-17,348,3,840.96,At Risk (was frequent)
cust_011592,2017-03-13,536,4,839.67,At Risk (was frequent)
cust_005116,2017-07-27,400,1,839.11,Hibernating / Lost
cust_007132,2017-03-27,522,2,837.31,At Risk (was frequent)
cust_013837,2017-10-01,334,2,836.79,Loyal Customers
cust_008013,2017-10-05,330,3,836.09,Loyal Customers
cust_017768,2016-07-19,773,2,835.4,At Risk (was frequent)
cust_018550,2016-05-07,846,1,833.36,At Risk (was frequent)
cust_018379,2018-01-26,217,4,830.86,Loyal Customers
cust_007814,2017-09-19,346,5,830.56,At Risk (was frequent)
cust_014139,2017-05-22,466,3,828.68,At Risk (was frequent)
cust_009641,2017-08-08,388,5,828.67,At Risk (was frequent)
cust_003675,2016-11-04,665,3,827.73,At Risk (was frequent)
cust_009003,2017-05-17,471,1,826.96,Hibernating / Lost
cust_004225,2017-05-13,475,1,824.25,Hibernating / Lost
cust_002369,2018-02-01,211,3,824.01,Loyal Customers
cust_017814,2017-02-17,560,2,823.84,At Risk (was frequent)
cust_010026,2017-11-26,278,2,822.69,Loyal Customers
cust_002427,2017-02-21,556,3,821.45,At Risk (was frequent)
cust_008207,2018-01-05,238,3,819.03,Loyal Customers
cust_007843,2017-05-09,479,5,815.77,At Risk (was frequent)
cust_003041,2017-12-29,245,4,813.58,Loyal Customers
cust_005848,2017-09-06,359,4,810.92,At Risk (was frequent)
cust_009754,2017-09-15,350,2,810.7,At Risk (was frequent)
cust_012727,2018-02-03,209,4,809.78,Loyal Customers
cust_012677,2018-01-23,220,4,808.37,Loyal Customers
cust_014900,2017-10-11,324,3,806.7,Loyal Customers
cust_009219,2018-01-28,215,3,805.79,Loyal Customers
cust_013487,2016-11-07,662,2,805.69,At Risk (was frequent)
cust_014708,2018-02-17,195,5,804.77,Loyal Customers
cust_004694,2017-01-01,607,2,800.63,At Risk (was frequent)
cust_003370,2018-01-07,236,4,799.04,Loyal Customers
cust_017874,2017-07-12,415,3,794.72,At Risk (was frequent)
cust_005776,2016-07-04,788,2,793.54,At Risk (was frequent)
cust_018200,2017-11-27,277,4,793.05,Loyal Customers
cust_001270,2017-08-07,389,1,792.55,Hibernating / Lost
cust_009030,2017-11-10,294,3,792.53,Loyal Customers
cust_018877,2017-12-21,253,4,790.48,Loyal Customers
cust_002353,2017-07-11,416,3,788.36,At Risk (was frequent)
cust_003501,2017-05-31,457,3,787.15,At Risk (was frequent)
cust_012792,2017-12-02,272,2,785.27,Loyal Customers
cust_006979,2018-02-12,200,3,785.05,Loyal Customers
cust_010357,2017-07-31,396,2,783.38,At Risk (was frequent)
cust_015166,2017-09-23,342,4,783.19,At Risk (was frequent)
cust_011514,2016-07-24,768,4,782.13,At Risk (was frequent)
cust_013900,2017-10-18,317,3,781.37,Loyal Customers
cust_017151,2016-08-01,760,2,779.79,At Risk (was frequent)
cust_018704,2017-12-06,268,3,778.91,Loyal Customers
cust_018866,2017-03-29,520,2,774.31,At Risk (was frequent)
cust_016537,2017-07-20,407,2,771.56,At Risk (was frequent)
cust_007475,2017-06-17,440,2,771.24,At Risk (was frequent)
cust_001085,2017-05-01,487,3,764.72,At Risk (was frequent)
cust_015027,2016-10-18,682,4,764.15,At Risk (was frequent)
cust_007810,2017-11-06,298,3,763.32,Loyal Customers
cust_007620,2017-09-11,354,3,760.68,At Risk (was frequent)
cust_000631,2017-07-30,397,3,759.29,At Risk (was frequent)
cust_006834,2017-11-10,294,2,759.22,Loyal Customers
cust_015715,2017-02-28,549,2,757.94,At Risk (was frequent)
cust_008424,2017-03-09,540,3,757.06,At Risk (was frequent)
cust_002210,2017-08-31,365,4,756.29,At Risk (was frequent)
cust_007045,2017-01-25,583,1,755.65,Hibernating / Lost
cust_001570,2017-12-08,266,1,754.73,Potential Loyalists
cust_003570,2018-01-10,233,1,753.86,Potential Loyalists
cust_006178,2018-02-05,207,2,753.14,Loyal Customers
cust_015222,2017-11-27,277,4,753.02,Loyal Customers
cust_013033,2017-12-06,268,3,752.32,Loyal Customers
cust_000479,2018-02-25,187,4,752.19,Loyal Customers
cust_014233,2017-11-01,303,2,750.73,Loyal Customers
cust_010336,2016-11-24,645,3,749.93,At Risk (was frequent)
cust_013371,2017-05-30,458,4,748.77,At Risk (was frequent)
cust_008967,2017-10-11,324,4,748.76,Loyal Customers
cust_010206,2017-12-01,273,5,748.39,Loyal Customers
cust_010813,2017-05-31,457,2,747.74,At Risk (was frequent)
cust_008126,2017-12-20,254,4,747.51,Loyal Customers
cust_002306,2017-07-31,396,3,747.34,At Risk (was frequent)
cust_017380,2017-10-21,314,3,747.29,Loyal Customers
cust_018554,2017-11-02,302,2,746.22,Loyal Customers
cust_013445,2018-02-11,201,3,745.87,Loyal Customers
cust_015094,2018-01-23,220,3,745.8,Loyal Customers
cust_002019,2017-12-16,258,3,744.85,Loyal Customers
cust_017331,2017-12-31,243,2,741.96,Loyal Customers
cust_018499,2017-08-24,372,5,740.56,At Risk (was frequent)
cust_013370,2017-05-12,476,3,740.29,At Risk (was frequent)
cust_004700,2017-11-05,299,1,739.62,Potential Loyalists
cust_017057,2016-11-21,648,2,739.04,At Risk (was frequent)
cust_002961,2017-02-07,570,4,736.8,At Risk (was frequent)
cust_014221,2018-01-31,212,2,734.78,Loyal Customers
cust_017047,2017-12-25,249,3,734.48,Loyal Customers
cust_018014,2017-11-10,294,5,734.42,Loyal Customers
cust_013886,2017-12-16,258,2,733.6,Loyal Customers
cust_008098,2018-01-17,226,4,733.3,Loyal Customers
cust_009684,2017-11-27,277,4,732.69,Loyal Customers
cust_010348,2017-11-14,290,2,730.25,Loyal Customers
cust_003193,2018-01-08,235,2,730.19,Loyal Customers
cust_009339,2016-02-06,937,2,729.02,At Risk (was frequent)
cust_011787,2017-06-29,428,3,727.99,At Risk (was frequent)
cust_004839,2018-02-06,206,5,727.49,Loyal Customers
cust_001225,2016-12-18,621,5,726.5,At Risk (was frequent)
cust_005231,2017-06-27,430,3,724.65,At Risk (was frequent)
cust_011452,2018-01-23,220,5,724.25,Loyal Customers
cust_005686,2016-01-20,954,1,721.61,Hibernating / Lost
cust_010055,2017-10-16,319,1,720.56,Potential Loyalists
cust_000733,2017-01-24,584,2,719.9,At Risk (was frequent)
cust_001257,2017-03-31,518,4,719.21,At Risk (was frequent)
cust_001002,2017-08-23,373,3,719.0,At Risk (was frequent)
cust_003587,2017-11-03,301,3,717.94,Loyal Customers
cust_001081,2017-07-27,400,2,716.26,At Risk (was frequent)
cust_010607,2018-01-15,228,3,716.25,Loyal Customers
cust_008025,2017-03-08,541,3,716.05,At Risk (was frequent)
cust_005420,2018-02-10,202,4,714.24,Loyal Customers
cust_006970,2017-12-07,267,4,713.52,Loyal Customers
cust_002979,2017-12-14,260,4,712.04,Loyal Customers
cust_018668,2017-02-20,557,3,710.7,At Risk (was frequent)
cust_010666,2016-12-24,615,2,710.67,At Risk (was frequent)
cust_015652,2017-10-17,318,2,710.37,Loyal Customers
cust_018374,2017-03-09,540,1,710.27,At Risk (was frequent)
cust_017329,2017-10-23,312,3,710.02,Loyal Customers
cust_016345,2017-08-20,376,3,709.87,At Risk (was frequent)
cust_005241,2017-06-24,433,3,708.4,At Risk (was frequent)
cust_016122,2018-01-01,242,2,708.15,Loyal Customers
cust_010190,2017-12-19,255,2,706.49,Loyal Customers
cust_004857,2018-02-17,195,2,705.85,Loyal Customers
cust_005131,2017-09-18,347,4,704.1,At Risk (was frequent)
cust_004819,2016-07-01,791,2,702.9,At Risk (was frequent)
cust_006780,2017-08-04,392,2,702.42,At Risk (was frequent)
cust_009963,2016-06-21,801,1,701.96,Hibernating / Lost
cust_016160,2017-11-15,289,3,701.92,Loyal Customers
cust_011962,2017-09-15,350,3,701.67,At Risk (was frequent)
cust_005310,2017-02-13,564,3,700.44,At Risk (was frequent)
cust_014647,2017-12-06,268,4,698.79,Loyal Customers
cust_010137,2017-04-12,506,3,698.68,At Risk (was frequent)
cust_010389,2017-11-26,278,3,698.36,Loyal Customers
cust_018000,2017-06-02,455,3,698.29,At Risk (was frequent)
cust_015204,2017-08-01,395,5,698.25,At Risk (was frequent)
cust_003469,2017-12-30,244,3,697.9,Loyal Customers
cust_015176,2017-12-05,269,4,697.41,Loyal Customers
cust_002547,2018-01-22,221,5,697.26,Loyal Customers
cust_005748,2017-11-01,303,2,697.18,Loyal Customers
cust_012026,2017-12-07,267,2,696.72,Loyal Customers
cust_000695,2017-05-04,484,3,696.1,At Risk (was frequent)
cust_001455,2017-09-10,355,1,695.83,Hibernating / Lost
cust_009716,2017-10-16,319,5,694.68,Loyal Customers
cust_002514,2017-01-03,605,1,692.44,Hibernating / Lost
cust_006206,2017-06-20,437,3,691.21,At Risk (was frequent)
cust_014710,2017-03-24,525,3,691.05,At Risk (was frequent)
cust_013286,2016-02-16,927,1,690.83,Hibernating / Lost
cust_012848,2017-10-03,332,3,690.33,Loyal Customers
cust_010974,2017-07-16,411,4,690.08,At Risk (was frequent)
cust_012120,2017-08-17,379,2,688.01,At Risk (was frequent)
cust_005069,2016-08-04,757,2,686.47,At Risk (was frequent)
cust_007517,2017-03-27,522,3,685.07,At Risk (was frequent)
cust_000211,2017-10-30,305,3,682.68,Loyal Customers
cust_001197,2017-05-04,484,4,681.76,At Risk (was frequent)
cust_002503,2017-03-25,524,2,681.64,At Risk (was frequent)
cust_015149,2017-11-09,295,2,681.62,Loyal Customers
cust_017871,2017-11-25,279,1,680.62,Loyal Customers
cust_007123,2017-08-12,384,2,680.49,At Risk (was frequent)
cust_003665,2018-01-20,223,3,680.46,Loyal Customers
cust_012351,2017-02-01,576,1,680.04,Hibernating / Lost
cust_016444,2017-11-06,298,3,679.34,Loyal Customers
cust_011704,2016-12-30,609,2,678.93,At Risk (was frequent)
cust_012624,2017-11-24,280,4,678.69,Loyal Customers
cust_002000,2018-02-17,195,2,678.4,Loyal Customers
cust_004802,2017-08-01,395,2,678.21,At Risk (was frequent)
cust_000458,2016-11-29,640,3,678.2,At Risk (was frequent)
cust_008135,2017-09-04,361,2,677.39,At Risk (was frequent)
cust_010594,2018-02-24,188,2,677.13,Loyal Customers
cust_008429,2018-02-25,187,3,675.99,Loyal Customers
cust_000745,2017-03-08,541,3,675.39,At Risk (was frequent)
cust_002614,2018-02-20,192,2,674.11,Loyal Customers
cust_006723,2017-01-25,583,2,673.78,At Risk (was frequent)
cust_010496,2017-11-01,303,3,673.73,Loyal Customers
cust_009829,2017-06-22,435,5,673.13,At Risk (was frequent)
cust_001271,2018-02-14,198,1,672.48,Potential Loyalists
cust_012992,2017-07-27,400,3,670.94,At Risk (was frequent)
cust_002125,2017-11-23,281,1,670.32,Potential Loyalists
cust_015674,2018-01-06,237,3,669.8,Loyal Customers
cust_001367,2017-10-13,322,3,669.67,Loyal Customers
cust_012735,2017-10-05,330,1,669.06,Potential Loyalists
cust_002087,2017-12-21,253,2,668.42,Loyal Customers
cust_001217,2017-07-11,416,4,667.9,At Risk (was frequent)
cust_000439,2018-02-09,203,4,667.65,Loyal Customers
cust_012512,2017-11-18,286,3,666.44,Loyal Customers
cust_005384,2018-03-03,181,3,666.02,Loyal Customers
cust_004090,2017-02-02,575,2,665.45,At Risk (was frequent)
cust_011909,2017-10-29,306,4,665.41,Loyal Customers
cust_011638,2017-12-16,258,2,664.64,Loyal Customers
cust_012701,2018-03-01,183,3,664.63,Loyal Customers
cust_017611,2017-05-08,480,2,664.34,At Risk (was frequent)
cust_005214,2017-04-20,498,4,664.25,At Risk (was frequent)
cust_009114,2017-11-17,287,3,663.25,Loyal Customers
cust_008685,2016-12-04,635,1,662.57,Hibernating / Lost
cust_003217,2017-12-06,268,3,661.09,Loyal Customers
cust_004476,2017-12-05,269,4,660.82,Loyal Customers
cust_015277,2017-02-01,576,3,659.76,At Risk (was frequent)
cust_003794,2017-11-22,282,2,659.03,Loyal Customers
cust_006176,2018-03-01,183,4,658.68,Loyal Customers
cust_002865,2017-11-25,279,2,658.09,Loyal Customers
cust_018391,2017-12-07,267,2,656.82,Loyal Customers
cust_017511,2017-11-11,293,2,655.22,Loyal Customers
cust_012392,2017-11-01,303,3,654.86,Loyal Customers
cust_002077,2018-01-03,240,2,653.77,Loyal Customers
cust_015389,2018-01-16,227,1,653.13,Loyal Customers
cust_003962,2018-02-03,209,4,652.63,Loyal Customers
cust_004149,2018-02-22,190,3,651.31,Loyal Customers
cust_010232,2018-02-26,186,4,651.21,Loyal Customers
cust_013871,2017-11-02,302,4,651.08,Loyal Customers
cust_016189,2017-05-20,468,2,650.43,At Risk (was frequent)
cust_013262,2016-08-24,737,2,649.85,At Risk (was frequent)
cust_003703,2017-11-07,297,2,649.31,Loyal Customers
cust_004217,2017-05-25,463,5,648.75,At Risk (was frequent)
cust_009585,2018-03-02,182,3,648.72,Loyal Customers
cust_000061,2017-10-03,332,3,648.55,Loyal Customers
cust_006179,2017-09-07,358,2,647.54,At Risk (was frequent)
cust_017147,2018-01-02,241,4,645.87,Loyal Customers
cust_003183,2017-12-15,259,4,645.61,Loyal Customers
cust_006475,2018-02-21,191,3,644.52,Loyal Customers
cust_007575,2016-12-25,614,1,644.24,Hibernating / Lost
cust_002987,2018-01-07,236,3,644.04,Loyal Customers
cust_006705,2018-02-15,197,4,643.5,Loyal Customers
cust_009471,2017-01-10,598,2,643.21,At Risk (was frequent)
cust_005990,2016-05-01,852,1,641.82,Hibernating / Lost
cust_010622,2017-04-27,491,3,641.6,At Risk (was frequent)
cust_018689,2017-12-07,267,4,640.39,Loyal Customers
cust_008200,2017-09-02,363,4,640.39,At Risk (was frequent)
cust_014308,2017-12-25,249,5,639.33,Loyal Customers
cust_015797,2018-01-17,226,4,638.63,Loyal Customers
cust_015488,2016-09-17,713,2,637.38,At Risk (was frequent)
cust_000070,2017-01-16,592,3,636.51,At Risk (was frequent)
cust_009992,2017-02-20,557,2,635.62,At Risk (was frequent)
cust_017858,2016-12-19,620,3,631.47,At Risk (was frequent)
cust_011766,2017-09-05,360,3,630.64,At Risk (was frequent)
cust_006667,2017-11-29,275,2,630.52,Loyal Customers
cust_000473,2016-12-14,625,2,629.77,At Risk (was frequent)
cust_010103,2017-01-28,580,3,629.5,At Risk (was frequent)
cust_015894,2017-04-18,500,4,628.86,At Risk (was frequent)
cust_013798,2016-12-07,632,2,627.91,At Risk (was frequent)
cust_010233,2017-12-28,246,2,626.8,Loyal Customers
cust_014707,2017-12-19,255,4,625.52,Loyal Customers
cust_011123,2017-08-13,383,3,624.82,At Risk (was frequent)
cust_014899,2017-11-29,275,2,624.43,Loyal Customers
cust_001184,2017-12-05,269,5,624.23,Loyal Customers
cust_005339,2018-02-02,210,5,623.91,Loyal Customers
cust_009185,2018-01-08,235,3,623.47,Loyal Customers
cust_002737,2018-02-05,207,4,623.19,Loyal Customers
cust_014169,2017-11-30,274,3,621.99,Loyal Customers
cust_001877,2017-05-30,458,2,620.99,At Risk (was frequent)
cust_016822,2017-07-23,404,2,620.42,At Risk (was frequent)
cust_016526,2017-10-15,320,2,619.67,Loyal Customers
cust_009743,2017-12-29,245,3,619.55,Loyal Customers
cust_017075,2018-01-01,242,3,619.2,Loyal Customers
cust_004955,2017-11-09,295,3,617.08,Loyal Customers
cust_006505,2017-11-22,282,3,616.75,Loyal Customers
cust_006893,2017-11-02,302,3,616.71,Loyal Customers
cust_004919,2017-06-16,441,2,616.52,At Risk (was frequent)
cust_015761,2017-11-28,276,3,616.25,Loyal Customers
cust_011510,2017-10-08,327,2,615.02,Loyal Customers
cust_010971,2018-02-23,189,3,613.57,Loyal Customers
cust_017604,2017-06-11,446,3,613.31,At Risk (was frequent)
cust_006117,2016-05-29,824,1,613.02,Hibernating / Lost
cust_016927,2017-11-17,287,3,613.0,Loyal Customers
cust_010242,2017-07-20,407,2,610.11,At Risk (was frequent)
cust_011724,2017-11-13,291,3,609.59,Loyal Customers
cust_001504,2016-12-12,627,3,608.86,At Risk (was frequent)
cust_011117,2017-04-05,513,1,607.53,Hibernating / Lost
cust_008091,2017-06-29,428,3,607.36,At Risk (was frequent)
cust_015132,2017-04-28,490,1,606.75,At Risk (was frequent)
cust_003521,2017-06-11,446,4,606.27,At Risk (was frequent)
cust_000062,2017-09-29,336,5,605.95,Loyal Customers
cust_001187,2016-11-12,657,2,604.61,At Risk (was frequent)
cust_003199,2017-08-21,375,4,603.9,At Risk (was frequent)
cust_004669,2017-11-13,291,3,603.41,Loyal Customers
cust_006636,2017-07-05,422,1,602.85,Hibernating / Lost
cust_007849,2017-12-20,254,2,601.94,Loyal Customers
cust_007785,2017-12-03,271,3,601.83,Loyal Customers
cust_009464,2018-02-23,189,2,601.52,Loyal Customers
cust_014014,2018-02-22,190,3,600.57,Loyal Customers
cust_005734,2016-07-11,781,3,600.52,At Risk (was frequent)
cust_013764,2016-10-29,671,3,598.9,At Risk (was frequent)
cust_008605,2016-09-22,708,2,598.85,At Risk (was frequent)
cust_018748,2017-06-16,441,1,598.84,At Risk (was frequent)
cust_012075,2017-11-02,302,1,598.8,Potential Loyalists
cust_015549,2017-06-14,443,3,598.61,At Risk (was frequent)
cust_018106,2017-11-09,295,3,597.57,Loyal Customers
cust_009051,2016-07-25,767,2,597.26,At Risk (was frequent)
cust_017363,2018-02-16,196,4,597.09,Loyal Customers
cust_008932,2017-12-19,255,4,596.55,Loyal Customers
cust_017870,2016-11-28,641,2,596.29,At Risk (was frequent)
cust_016934,2018-01-24,219,2,595.34,Loyal Customers
cust_010820,2016-09-14,716,2,595.3,At Risk (was frequent)
cust_005366,2017-05-08,480,1,595.17,Hibernating / Lost
cust_008307,2016-04-16,867,1,594.3,Hibernating / Lost
cust_009953,2016-10-28,672,2,594.21,At Risk (was frequent)
cust_014003,2016-11-02,667,1,593.81,At Risk (was frequent)
cust_006662,2017-12-14,260,3,593.76,Loyal Customers
cust_000991,2017-11-21,283,4,593.37,Loyal Customers
cust_000346,2017-12-02,272,3,592.67,Loyal Customers
cust_016976,2016-09-24,706,2,592.51,At Risk (was frequent)
cust_005578,2017-08-04,392,4,592.16,At Risk (was frequent)
cust_008018,2016-05-30,823,3,591.75,At Risk (was frequent)
cust_007917,2017-08-23,373,2,590.25,At Risk (was frequent)
cust_003609,2018-01-20,223,2,590.02,Loyal Customers
cust_007989,2017-06-01,456,1,588.29,Hibernating / Lost
cust_004127,2016-01-16,958,1,587.71,Hibernating / Lost
cust_001251,2018-02-07,205,2,587.47,Loyal Customers
cust_015736,2017-04-07,511,4,587.08,At Risk (was frequent)
cust_005259,2017-10-08,327,2,586.49,Loyal Customers
cust_012736,2016-10-25,675,1,586.31,Hibernating / Lost
cust_016612,2017-12-05,269,3,584.28,Loyal Customers
cust_011803,2018-01-07,236,3,584.25,Loyal Customers
cust_007078,2017-01-02,606,2,583.94,At Risk (was frequent)
cust_016967,2016-03-22,892,1,583.72,At Risk (was frequent)
cust_002343,2017-09-10,355,2,583.68,At Risk (was frequent)
cust_012445,2017-07-24,403,3,583.66,At Risk (was frequent)
cust_014834,2017-06-23,434,2,583.05,At Risk (was frequent)
cust_009367,2018-01-31,212,4,582.35,Loyal Customers
cust_012726,2018-01-17,226,2,581.48,Loyal Customers
cust_008421,2017-05-18,470,2,581.38,At Risk (was frequent)
cust_010570,2016-10-01,699,1,581.24,Hibernating / Lost
cust_017516,2017-09-07,358,1,581.08,At Risk (was frequent)
cust_003647,2017-06-26,431,4,580.65,At Risk (was frequent)
cust_017344,2018-02-05,207,3,579.56,Loyal Customers
cust_015928,2017-10-27,308,2,578.3,Loyal Customers
cust_017296,2016-10-28,672,2,577.9,At Risk (was frequent)
cust_001736,2017-08-30,366,3,577.47,At Risk (was frequent)
cust_005709,2016-07-04,788,3,576.3,At Risk (was frequent)
cust_014099,2017-08-16,380,3,575.28,At Risk (was frequent)
cust_010281,2017-08-18,378,3,574.81,At Risk (was frequent)
cust_017216,2018-03-02,182,2,574.23,Loyal Customers
cust_005558,2016-09-09,721,1,573.42,Hibernating / Lost
cust_006400,2017-11-13,291,2,572.97,Loyal Customers
cust_012117,2017-12-26,248,3,572.93,Loyal Customers
cust_014021,2018-01-10,233,4,572.74,Loyal Customers
cust_004908,2016-11-08,661,3,572.25,At Risk (was frequent)
cust_011931,2017-11-02,302,2,571.87,Loyal Customers
cust_002736,2017-04-09,509,2,571.47,At Risk (was frequent)
cust_000354,2017-10-20,315,2,570.99,Loyal Customers
cust_002505,2017-07-25,402,2,570.86,At Risk (was frequent)
cust_004916,2018-01-27,216,2,569.92,Loyal Customers
cust_002073,2017-11-21,283,4,568.5,Loyal Customers
cust_017094,2017-12-28,246,2,568.25,Loyal Customers
cust_015356,2016-12-10,629,2,567.8,At Risk (was frequent)
cust_012690,2016-01-31,943,1,567.59,Hibernating / Lost
cust_006643,2017-11-10,294,4,567.02,Loyal Customers
cust_015186,2017-09-08,357,2,566.78,At Risk (was frequent)
cust_004708,2017-05-31,457,2,566.38,At Risk (was frequent)
cust_014898,2017-10-09,326,3,563.21,Loyal Customers
cust_000545,2017-12-23,251,1,563.14,Potential Loyalists
cust_007952,2016-12-05,634,2,561.68,At Risk (was frequent)
cust_012287,2017-07-11,416,2,561.68,At Risk (was frequent)
cust_004145,2017-08-14,382,3,561.67,At Risk (was frequent)
cust_009353,2017-09-25,340,5,561.37,At Risk (was frequent)
cust_006197,2018-01-24,219,3,560.06,Loyal Customers
cust_015814,2017-10-08,327,2,560.01,Loyal Customers
cust_014054,2017-10-25,310,2,558.41,Loyal Customers
cust_006988,2017-12-08,266,2,558.32,Loyal Customers
cust_005203,2017-11-17,287,3,557.3,Loyal Customers
cust_003564,2016-10-30,670,3,556.93,At Risk (was frequent)
cust_001062,2016-05-21,832,1,556.78,Hibernating / Lost
cust_009414,2018-01-11,232,5,556.59,Loyal Customers
cust_005799,2017-11-13,291,2,555.88,Loyal Customers
cust_016722,2016-10-31,669,3,555.08,At Risk (was frequent)
cust_013956,2017-12-15,259,4,554.99,Loyal Customers
cust_006745,2017-02-13,564,2,554.87,At Risk (was frequent)
cust_001426,2016-08-29,732,2,554.44,At Risk (was frequent)
cust_012395,2016-10-20,680,1,554.11,Hibernating / Lost
cust_017420,2018-01-12,231,2,553.64,Loyal Customers
cust_011253,2017-12-05,269,2,553.54,Loyal Customers
cust_010923,2017-10-04,331,2,553.54,Loyal Customers
cust_015442,2017-11-01,303,3,553.51,Loyal Customers
cust_005643,2017-11-02,302,2,553.4,Loyal Customers
cust_018790,2016-08-12,749,2,553.39,At Risk (was frequent)
cust_010039,2016-09-23,707,1,553.21,Hibernating / Lost
cust_009605,2018-02-22,190,3,552.12,Loyal Customers
cust_004734,2018-01-10,233,2,551.95,Loyal Customers
cust_007462,2016-08-02,759,1,551.83,Hibernating / Lost
cust_014191,2017-04-08,510,4,551.26,At Risk (was frequent)
cust_015099,2018-02-11,201,3,551.1,Loyal Customers
cust_010992,2017-11-03,301,3,551.05,Loyal Customers
cust_009495,2017-10-28,307,2,549.49,Loyal Customers
cust_001629,2017-10-14,321,1,549.07,Potential Loyalists
cust_011287,2016-04-16,867,1,549.01,Hibernating / Lost
cust_001409,2017-06-02,455,1,548.47,Hibernating / Lost
cust_006807,2016-01-28,946,1,548.03,Hibernating / Lost
cust_003921,2016-08-03,758,1,547.77,Hibernating / Lost
cust_010698,2017-12-08,266,2,547.57,Loyal Customers
cust_014030,2017-01-24,584,1,547.27,At Risk (was frequent)
cust_006226,2017-06-18,439,2,547.15,At Risk (was frequent)
cust_016983,2017-05-29,459,2,546.75,At Risk (was frequent)
cust_018643,2017-11-12,292,2,546.51,Loyal Customers
cust_002454,2018-02-21,191,4,546.28,Loyal Customers
cust_007324,2018-02-09,203,3,545.24,Loyal Customers
cust_011445,2017-07-09,418,3,545.12,At Risk (was frequent)
cust_000757,2016-08-09,752,1,545.03,Hibernating / Lost
cust_011738,2018-01-28,215,2,544.68,Loyal Customers
cust_004492,2017-12-27,247,3,543.51,Loyal Customers
cust_013622,2017-11-05,299,2,543.25,Loyal Customers
cust_008763,2017-08-11,385,3,543.05,At Risk (was frequent)
cust_010380,2017-09-26,339,1,542.42,Potential Loyalists
cust_004546,2017-11-14,290,2,541.87,Loyal Customers
cust_014297,2017-12-09,265,4,541.19,Loyal Customers
cust_015849,2016-09-23,707,2,540.81,At Risk (was frequent)
cust_002376,2017-10-24,311,2,540.25,Loyal Customers
cust_002212,2017-04-28,490,1,539.23,Hibernating / Lost
cust_001921,2017-12-16,258,2,539.08,Loyal Customers
cust_002502,2016-01-02,972,1,538.59,Hibernating / Lost
cust_015961,2017-07-15,412,3,537.77,At Risk (was frequent)
cust_008796,2018-03-03,181,2,537.72,Loyal Customers
cust_007833,2017-12-30,244,1,537.42,Potential Loyalists
cust_003037,2016-11-06,663,1,537.09,Hibernating / Lost
cust_016948,2018-01-26,217,3,536.52,Loyal Customers
cust_001405,2018-03-02,182,5,536.09,Loyal Customers
cust_000009,2017-08-20,376,2,535.66,At Risk (was frequent)
cust_011647,2017-08-30,366,2,535.61,At Risk (was frequent)
cust_009869,2016-06-14,808,2,535.47,At Risk (was frequent)
cust_003873,2017-05-03,485,2,535.2,At Risk (was frequent)
cust_017283,2017-12-02,272,3,535.08,Loyal Customers
cust_001716,2017-10-10,325,2,534.61,Loyal Customers
cust_018785,2017-12-15,259,3,534.51,Loyal Customers
cust_014999,2016-05-12,841,1,533.99,At Risk (was frequent)
cust_010236,2017-10-22,313,4,533.63,Loyal Customers
cust_013384,2017-11-30,274,3,533.02,Loyal Customers
cust_001631,2016-05-16,837,1,532.62,Hibernating / Lost
cust_003062,2018-01-02,241,1,531.61,Potential Loyalists
cust_004093,2016-06-10,812,2,531.17,At Risk (was frequent)
cust_004163,2017-12-31,243,2,531.0,Loyal Customers
cust_013862,2017-12-26,248,2,529.29,Loyal Customers
cust_000716,2017-11-18,286,2,529.08,Loyal Customers
cust_007869,2017-12-25,249,3,528.76,Loyal Customers
cust_009146,2017-12-04,270,3,528.41,Loyal Customers
cust_013656,2017-12-12,262,1,528.4,Potential Loyalists
cust_001770,2017-08-29,367,3,528.13,At Risk (was frequent)
cust_002508,2018-01-11,232,3,527.74,Loyal Customers
cust_014155,2017-08-14,382,2,527.69,At Risk (was frequent)
cust_010065,2017-11-18,286,5,526.78,Loyal Customers
cust_014817,2018-02-23,189,3,526.43,Loyal Customers
cust_003088,2017-08-05,391,1,525.94,Hibernating / Lost
cust_001738,2017-11-01,303,3,525.76,Loyal Customers
cust_000420,2016-12-26,613,3,525.23,At Risk (was frequent)
cust_011584,2017-11-21,283,3,524.78,Loyal Customers
cust_013686,2017-01-15,593,3,524.72,At Risk (was frequent)
cust_009524,2017-08-31,365,2,524.71,At Risk (was frequent)
cust_015292,2016-06-25,797,1,524.65,At Risk (was frequent)
cust_017033,2017-04-10,508,2,524.37,At Risk (was frequent)
cust_010874,2017-12-25,249,1,524.09,Potential Loyalists
cust_016138,2017-09-28,337,2,524.07,Loyal Customers
cust_002079,2016-12-13,626,1,523.72,Hibernating / Lost
cust_013896,2017-02-26,551,3,523.39,At Risk (was frequent)
cust_010750,2017-08-27,369,2,523.11,At Risk (was frequent)
cust_016070,2016-03-31,883,1,522.83,At Risk (was frequent)
cust_004823,2017-05-04,484,2,522.02,At Risk (was frequent)
cust_010440,2017-12-30,244,2,521.44,Loyal Customers
cust_006894,2017-11-02,302,3,521.42,Loyal Customers
cust_017952,2017-09-02,363,4,520.89,At Risk (was frequent)
cust_010832,2018-02-08,204,2,520.76,Loyal Customers
cust_016871,2017-08-05,391,3,520.69,At Risk (was frequent)
cust_016324,2017-04-26,492,3,520.13,At Risk (was frequent)
cust_001013,2018-02-24,188,2,520.12,Loyal Customers
cust_015068,2017-04-03,515,3,519.73,At Risk (was frequent)
cust_008907,2016-10-18,682,2,519.62,At Risk (was frequent)
cust_009157,2017-10-08,327,3,519.33,Loyal Customers
cust_004347,2017-05-09,479,1,518.56,Hibernating / Lost
cust_003493,2017-09-01,364,2,518.07,At Risk (was frequent)
cust_012869,2017-09-23,342,2,518.04,At Risk (was frequent)
cust_012413,2018-01-04,239,2,517.39,Loyal Customers
cust_011478,2017-09-08,357,2,516.98,At Risk (was frequent)
cust_003613,2016-10-11,689,2,516.81,At Risk (was frequent)
cust_012952,2017-08-01,395,2,516.08,At Risk (was frequent)
cust_015464,2017-12-29,245,3,514.75,Loyal Customers
cust_010178,2017-01-02,606,2,514.7,At Risk (was frequent)
cust_011417,2017-11-27,277,4,514.66,Loyal Customers
cust_015241,2017-12-17,257,3,514.59,Loyal Customers
cust_004676,2016-11-07,662,1,514.16,Hibernating / Lost
cust_010672,2016-10-01,699,1,513.42,Hibernating / Lost
cust_008924,2017-02-09,568,2,512.94,At Risk (was frequent)
cust_011191,2017-08-18,378,3,512.82,At Risk (was frequent)
cust_002151,2017-12-26,248,3,512.6,Loyal Customers
cust_015440,2018-02-22,190,2,512.42,Loyal Customers
cust_018955,2017-01-22,586,1,512.08,At Risk (was frequent)
cust_004828,2018-01-11,232,3,512.06,Loyal Customers
cust_015686,2018-02-03,209,2,511.49,Loyal Customers
cust_016573,2016-05-04,849,1,511.18,At Risk (was frequent)
cust_001003,2017-11-05,299,3,510.88,Loyal Customers
cust_009710,2017-07-01,426,1,510.26,Hibernating / Lost
cust_001688,2017-08-06,390,1,510.24,Hibernating / Lost
cust_008857,2017-06-14,443,3,509.96,At Risk (was frequent)
cust_009936,2017-10-07,328,3,509.84,Loyal Customers
cust_014820,2018-02-12,200,3,509.73,Loyal Customers
cust_016586,2016-09-22,708,2,507.85,At Risk (was frequent)
cust_002055,2017-05-30,458,3,507.46,At Risk (was frequent)
cust_008226,2017-05-19,469,3,507.05,At Risk (was frequent)
cust_013650,2017-08-05,391,3,506.63,At Risk (was frequent)
cust_006670,2018-02-02,210,1,506.28,Potential Loyalists
cust_017955,2018-03-02,182,3,505.72,Loyal Customers
cust_004929,2016-08-30,731,2,505.57,At Risk (was frequent)
cust_013714,2017-06-13,444,1,505.3,Hibernating / Lost
cust_011814,2017-11-27,277,2,504.96,Loyal Customers
cust_000943,2017-05-11,477,2,504.69,At Risk (was frequent)
cust_011794,2018-02-02,210,4,504.64,Loyal Customers
cust_004081,2017-04-24,494,3,504.56,At Risk (was frequent)
cust_002486,2017-09-20,345,2,504.12,At Risk (was frequent)
cust_016061,2017-08-20,376,1,503.81,At Risk (was frequent)
cust_018777,2017-11-21,283,2,503.4,Loyal Customers
cust_001558,2017-11-02,302,3,503.01,Loyal Customers
cust_002764,2016-06-01,821,2,503.01,At Risk (was frequent)
cust_016592,2016-10-11,689,4,502.63,At Risk (was frequent)
cust_011720,2017-08-29,367,3,502.1,At Risk (was frequent)
cust_003932,2016-06-27,795,1,501.81,Hibernating / Lost
cust_017149,2017-12-11,263,1,501.62,Loyal Customers
cust_018506,2017-11-05,299,4,501.53,Loyal Customers
cust_016036,2017-12-23,251,4,501.23,Loyal Customers
cust_018969,2016-11-18,651,3,500.68,At Risk (was frequent)
cust_000931,2017-12-02,272,3,500.48,Loyal Customers
cust_005993,2017-11-27,277,2,500.18,Loyal Customers
cust_003565,2017-11-07,297,2,499.4,Loyal Customers
cust_003116,2017-10-14,321,2,498.93,Loyal Customers
cust_000687,2017-03-10,539,2,498.81,At Risk (was frequent)
cust_000755,2016-08-28,733,2,498.19,At Risk (was frequent)
cust_001701,2017-11-22,282,2,497.95,Loyal Customers
cust_010311,2018-02-07,205,3,497.93,Loyal Customers
cust_015072,2017-02-07,570,3,497.5,At Risk (was frequent)
cust_005346,2018-01-25,218,3,497.47,Loyal Customers
cust_009618,2017-01-19,589,1,496.78,Hibernating / Lost
cust_004415,2017-04-15,503,3,495.56,At Risk (was frequent)
cust_005342,2018-02-14,198,2,495.28,Loyal Customers
cust_011111,2017-08-26,370,2,494.55,At Risk (was frequent)
cust_002340,2017-11-13,291,1,494.07,Potential Loyalists
cust_018459,2017-08-13,383,3,493.87,At Risk (was frequent)
cust_013333,2017-09-03,362,3,493.61,At Risk (was frequent)
cust_010776,2017-11-11,293,2,493.01,Loyal Customers
cust_018793,2016-11-28,641,1,492.61,At Risk (was frequent)
cust_018312,2017-11-30,274,2,491.72,Loyal Customers
cust_000212,2017-04-10,508,2,491.66,At Risk (was frequent)
cust_003841,2018-01-10,233,4,491.6,Loyal Customers
cust_006184,2017-07-16,411,2,491.53,At Risk (was frequent)
cust_001567,2017-01-10,598,2,491.34,At Risk (was frequent)
cust_016489,2016-11-05,664,2,491.2,At Risk (was frequent)
cust_005789,2017-11-08,296,3,489.41,Loyal Customers
cust_010615,2017-07-29,398,3,489.12,At Risk (was frequent)
cust_012223,2017-07-09,418,2,489.06,At Risk (was frequent)
cust_006371,2017-02-04,573,2,488.9,At Risk (was frequent)
cust_011335,2016-12-30,609,2,488.49,At Risk (was frequent)
cust_009985,2017-08-08,388,2,487.46,At Risk (was frequent)
cust_012773,2016-10-16,684,1,487.13,Hibernating / Lost
cust_001698,2017-12-13,261,3,486.61,Loyal Customers
cust_010099,2016-11-23,646,1,486.04,Hibernating / Lost
cust_015257,2016-07-24,768,2,485.9,At Risk (was frequent)
cust_014000,2017-12-03,271,4,485.8,Loyal Customers
cust_010060,2017-07-23,404,1,485.67,Hibernating / Lost
cust_015143,2017-12-09,265,3,485.0,Loyal Customers
cust_006885,2016-11-01,668,3,484.42,At Risk (was frequent)
cust_013924,2016-05-02,851,2,483.83,At Risk (was frequent)
cust_009088,2017-05-30,458,3,483.14,At Risk (was frequent)
cust_018284,2017-04-28,490,2,482.75,At Risk (was frequent)
cust_018764,2017-12-31,243,2,481.88,Loyal Customers
cust_004284,2017-11-16,288,4,481.58,Loyal Customers
cust_018389,2018-01-27,216,3,481.53,Loyal Customers
cust_016901,2017-10-09,326,1,481.45,Loyal Customers
cust_001049,2016-07-21,771,1,481.36,Hibernating / Lost
cust_010313,2017-05-02,486,2,481.1,At Risk (was frequent)
cust_010167,2017-09-15,350,2,480.91,At Risk (was frequent)
cust_007663,2017-06-18,439,2,480.71,At Risk (was frequent)
cust_014322,2017-07-28,399,3,480.63,At Risk (was frequent)
cust_014715,2017-11-04,300,2,480.55,Loyal Customers
cust_010072,2016-12-03,636,1,480.45,Hibernating / Lost
cust_001782,2017-10-04,331,2,480.3,Loyal Customers
cust_006514,2016-12-03,636,2,479.92,At Risk (was frequent)
cust_006576,2017-03-31,518,1,478.78,Hibernating / Lost
cust_000913,2017-09-15,350,2,478.66,At Risk (was frequent)
cust_017685,2017-07-20,407,2,478.64,At Risk (was frequent)
cust_012472,2016-10-04,696,2,478.45,At Risk (was frequent)
cust_011032,2017-04-11,507,3,478.22,At Risk (was frequent)
cust_001193,2017-04-15,503,2,477.16,At Risk (was frequent)
cust_016563,2017-12-29,245,2,476.75,Loyal Customers
cust_000509,2017-11-16,288,1,475.79,Potential Loyalists
cust_012500,2017-08-26,370,3,475.55,At Risk (was frequent)
cust_014742,2017-10-16,319,2,475.4,Loyal Customers
cust_004573,2016-11-04,665,3,475.37,At Risk (was frequent)
cust_011799,2016-06-19,803,1,475.17,Hibernating / Lost
cust_004039,2017-10-06,329,2,475.16,Loyal Customers
cust_018565,2017-11-13,291,4,475.09,Loyal Customers
cust_003194,2016-12-07,632,2,474.97,At Risk (was frequent)
cust_010114,2017-09-07,358,3,474.93,At Risk (was frequent)
cust_012682,2017-07-11,416,1,474.87,Hibernating / Lost
cust_005571,2017-03-24,525,2,474.42,At Risk (was frequent)
cust_015915,2018-02-04,208,2,474.29,Loyal Customers
cust_009120,2017-11-22,282,3,474.16,Loyal Customers
cust_010626,2018-02-19,193,3,473.52,Loyal Customers
cust_018976,2016-05-16,837,1,472.87,At Risk (was frequent)
cust_007282,2017-10-10,325,3,472.79,Loyal Customers
cust_001972,2017-12-03,271,2,472.73,Loyal Customers
cust_014141,2017-11-14,290,2,472.31,Loyal Customers
cust_009360,2017-11-22,282,3,472.3,Loyal Customers
cust_014654,2016-11-10,659,3,472.29,At Risk (was frequent)
cust_012554,2017-11-14,290,3,472.2,Loyal Customers
cust_008862,2017-03-03,546,3,471.73,At Risk (was frequent)
cust_013671,2018-01-01,242,3,471.46,Loyal Customers
cust_015497,2017-01-29,579,3,471.05,At Risk (was frequent)
cust_013736,2017-08-16,380,3,470.89,At Risk (was frequent)
cust_000744,2017-12-21,253,3,470.24,Loyal Customers
cust_001760,2016-11-27,642,1,469.67,Hibernating / Lost
cust_000104,2017-11-25,279,4,469.54,Loyal Customers
cust_013074,2017-11-07,297,3,469.5,Loyal Customers
cust_005030,2017-06-26,431,3,469.11,At Risk (was frequent)
cust_016700,2018-02-10,202,3,469.01,Loyal Customers
cust_000993,2017-11-07,297,1,468.83,Potential Loyalists
cust_013975,2016-09-17,713,2,468.5,At Risk (was frequent)
cust_014843,2017-09-27,338,1,468.46,Loyal Customers
cust_005125,2017-11-09,295,3,468.39,Loyal Customers
cust_002970,2016-10-08,692,2,467.08,At Risk (was frequent)
cust_008926,2016-10-24,676,2,466.93,At Risk (was frequent)
cust_011523,2016-12-28,611,2,466.87,At Risk (was frequent)
cust_012533,2017-07-22,405,1,466.66,Hibernating / Lost
cust_016056,2016-11-15,654,3,466.55,At Risk (was frequent)
cust_000844,2017-05-04,484,2,466.42,At Risk (was frequent)
cust_016464,2017-08-31,365,2,466.16,At Risk (was frequent)
cust_012826,2017-04-22,496,1,465.87,Hibernating / Lost
cust_011119,2017-06-22,435,2,465.87,At Risk (was frequent)
cust_001477,2017-04-12,506,2,465.74,At Risk (was frequent)
cust_010588,2017-05-23,465,2,465.72,At Risk (was frequent)
cust_001508,2017-11-23,281,2,465.39,Loyal Customers
cust_018045,2017-11-29,275,3,465.37,Loyal Customers
cust_017574,2017-09-28,337,1,465.18,Loyal Customers
cust_003887,2017-12-21,253,3,465.06,Loyal Customers
cust_014492,2017-08-29,367,2,463.89,At Risk (was frequent)
cust_001027,2017-12-09,265,4,463.55,Loyal Customers
cust_016518,2017-04-27,491,3,463.45,At Risk (was frequent)
cust_006024,2017-09-12,353,2,463.36,At Risk (was frequent)
cust_012468,2017-11-09,295,5,463.28,Loyal Customers
cust_002557,2018-01-30,213,2,463.16,Loyal Customers
cust_012664,2017-05-15,473,2,463.15,At Risk (was frequent)
cust_009866,2017-07-04,423,1,463.12,Hibernating / Lost
cust_008406,2018-01-23,220,2,463.12,Loyal Customers
cust_000112,2016-11-18,651,1,463.1,Hibernating / Lost
cust_009966,2018-01-26,217,2,462.81,Loyal Customers
cust_004202,2017-11-24,280,1,462.2,Potential Loyalists
cust_006186,2017-10-05,330,2,461.8,Loyal Customers
cust_004759,2017-12-07,267,3,461.51,Loyal Customers
cust_004437,2016-09-26,704,2,461.24,At Risk (was frequent)
cust_001316,2017-05-20,468,2,461.21,At Risk (was frequent)
cust_002734,2017-08-12,384,3,460.5,At Risk (was frequent)
cust_017606,2017-05-29,459,2,459.87,At Risk (was frequent)
cust_013420,2017-11-08,296,2,459.77,Loyal Customers
cust_016366,2018-03-02,182,2,459.74,Loyal Customers
cust_000446,2018-02-11,201,3,459.72,Loyal Customers
cust_017376,2017-07-10,417,2,459.44,At Risk (was frequent)
cust_007631,2017-01-22,586,1,459.03,Hibernating / Lost
cust_015075,2017-03-01,548,2,457.99,At Risk (was frequent)
cust_008728,2017-11-03,301,3,457.89,Loyal Customers
cust_011796,2017-12-03,271,4,457.03,Loyal Customers
cust_008940,2017-05-15,473,3,456.24,At Risk (was frequent)
cust_009467,2017-03-27,522,1,456.23,Hibernating / Lost
cust_015506,2017-05-30,458,3,455.78,At Risk (was frequent)
cust_002103,2017-05-06,482,2,455.77,At Risk (was frequent)
cust_011739,2017-11-16,288,2,455.03,Loyal Customers
cust_012916,2017-08-28,368,1,454.69,Hibernating / Lost
cust_007415,2016-08-05,756,1,453.76,Hibernating / Lost
cust_017355,2017-03-20,529,2,453.67,At Risk (was frequent)
cust_006336,2017-03-03,546,3,453.54,At Risk (was frequent)
cust_005540,2017-11-03,301,3,453.53,Loyal Customers
cust_007797,2017-08-19,377,2,453.42,At Risk (was frequent)
cust_003716,2016-11-09,660,2,452.77,At Risk (was frequent)
cust_015446,2018-02-25,187,3,452.56,Loyal Customers
cust_002863,2016-11-07,662,3,451.82,At Risk (was frequent)
cust_015211,2017-09-02,363,2,451.72,At Risk (was frequent)
cust_015948,2017-11-01,303,3,450.39,Loyal Customers
cust_006690,2017-05-29,459,3,450.31,At Risk (was frequent)
cust_011868,2016-08-09,752,1,449.82,Hibernating / Lost
cust_015547,2017-12-09,265,2,449.82,Loyal Customers
cust_005093,2017-04-03,515,4,449.81,At Risk (was frequent)
cust_016071,2017-03-13,536,3,449.65,At Risk (was frequent)
cust_006571,2018-02-20,192,2,449.42,Loyal Customers
cust_010758,2017-11-16,288,3,449.29,Loyal Customers
cust_006686,2017-03-27,522,2,449.29,At Risk (was frequent)
cust_001824,2017-11-24,280,2,449.21,Loyal Customers
cust_010417,2017-12-07,267,1,448.75,Potential Loyalists
cust_012417,2016-04-10,873,3,448.51,At Risk (was frequent)
cust_010264,2017-12-01,273,3,448.34,Loyal Customers
cust_012135,2017-04-15,503,1,448.2,Hibernating / Lost
cust_007297,2016-05-04,849,2,448.08,At Risk (was frequent)
cust_018420,2018-02-23,189,2,447.91,Loyal Customers
cust_000886,2016-07-15,777,1,447.73,Hibernating / Lost
cust_014598,2017-05-01,487,2,447.7,At Risk (was frequent)
cust_016396,2017-05-24,464,2,447.57,At Risk (was frequent)
cust_017489,2016-12-09,630,3,447.19,At Risk (was frequent)
cust_007683,2017-07-30,397,1,447.19,Hibernating / Lost
cust_016555,2017-10-12,323,3,447.04,Loyal Customers
cust_008893,2017-05-07,481,2,446.73,At Risk (was frequent)
cust_017256,2017-03-09,540,2,445.8,At Risk (was frequent)
cust_000554,2017-09-02,363,2,445.55,At Risk (was frequent)
cust_018960,2017-03-05,544,2,445.4,At Risk (was frequent)
cust_011468,2017-09-03,362,2,445.24,At Risk (was frequent)
cust_018111,2016-05-27,826,2,444.97,At Risk (was frequent)
cust_005696,2017-12-05,269,2,444.89,Loyal Customers
cust_008208,2016-05-16,837,1,444.67,Hibernating / Lost
cust_000120,2017-09-21,344,2,444.54,At Risk (was frequent)
cust_014275,2017-07-11,416,2,444.33,At Risk (was frequent)
cust_004469,2016-10-05,695,2,443.22,At Risk (was frequent)
cust_000272,2017-11-13,291,2,443.09,Loyal Customers
cust_001196,2017-08-18,378,4,443.07,At Risk (was frequent)
cust_015105,2017-01-29,579,3,442.73,At Risk (was frequent)
cust_003313,2016-12-27,612,2,442.33,At Risk (was frequent)
cust_005159,2017-03-24,525,2,442.25,At Risk (was frequent)
cust_012692,2018-02-27,185,3,442.15,Loyal Customers
cust_016524,2017-12-04,270,3,441.71,Loyal Customers
cust_005049,2016-04-09,874,1,441.68,Hibernating / Lost
cust_005300,2018-02-26,186,3,441.46,Loyal Customers
cust_015178,2017-11-14,290,3,441.07,Loyal Customers
cust_015844,2017-12-28,246,2,440.94,Loyal Customers
cust_013578,2017-11-20,284,1,440.59,Potential Loyalists
cust_003268,2018-02-07,205,2,440.18,Loyal Customers
cust_015609,2017-09-06,359,3,440.18,At Risk (was frequent)
cust_018836,2018-02-13,199,2,439.28,Loyal Customers
cust_010488,2017-11-17,287,1,438.93,Potential Loyalists
cust_018995,2018-02-17,195,3,438.73,Loyal Customers
cust_001646,2018-01-15,228,2,438.6,Loyal Customers
cust_017591,2016-10-26,674,2,438.4,At Risk (was frequent)
cust_012721,2017-09-04,361,3,438.09,At Risk (was frequent)
cust_015029,2017-08-22,374,2,437.9,At Risk (was frequent)
cust_003173,2017-11-28,276,3,437.52,Loyal Customers
cust_000274,2017-11-24,280,2,437.44,Loyal Customers
cust_007685,2016-04-07,876,1,437.41,Hibernating / Lost
cust_002274,2017-11-21,283,2,436.61,Loyal Customers
cust_017300,2018-01-11,232,2,436.56,Loyal Customers
cust_000808,2018-02-01,211,3,436.55,Loyal Customers
cust_009371,2017-09-11,354,4,436.34,At Risk (was frequent)
cust_008869,2017-12-29,245,3,436.09,Loyal Customers
cust_015562,2017-11-22,282,2,436.04,Loyal Customers
cust_018007,2017-02-12,565,1,435.93,At Risk (was frequent)
cust_006668,2017-10-05,330,2,435.88,Loyal Customers
cust_011487,2016-05-28,825,1,435.61,Hibernating / Lost
cust_016041,2017-12-01,273,5,435.4,Loyal Customers
cust_013084,2018-01-15,228,2,435.04,Loyal Customers
cust_012141,2017-10-02,333,3,434.55,Loyal Customers
cust_009374,2017-02-23,554,3,433.86,At Risk (was frequent)
cust_011461,2017-12-11,263,3,433.75,Loyal Customers
cust_001753,2017-10-10,325,2,433.53,Loyal Customers
cust_004209,2017-07-14,413,2,433.13,At Risk (was frequent)
cust_002668,2018-01-27,216,3,432.95,Loyal Customers
cust_011513,2017-03-16,533,2,432.67,At Risk (was frequent)
cust_001902,2017-10-21,314,3,432.54,Loyal Customers
cust_001673,2017-02-02,575,2,432.46,At Risk (was frequent)
cust_006575,2017-03-26,523,2,432.43,At Risk (was frequent)
cust_002474,2016-01-18,956,1,431.97,Hibernating / Lost
cust_012130,2017-10-11,324,1,431.83,Potential Loyalists
cust_017739,2017-11-05,299,3,431.68,Loyal Customers
cust_001175,2018-01-19,224,3,431.67,Loyal Customers
cust_007275,2017-04-06,512,2,431.51,At Risk (was frequent)
cust_016754,2017-09-17,348,2,431.49,At Risk (was frequent)
cust_002980,2017-04-14,504,2,431.47,At Risk (was frequent)
cust_010993,2017-05-16,472,1,431.43,Hibernating / Lost
cust_014564,2018-02-16,196,3,431.15,Loyal Customers
cust_004260,2017-10-25,310,4,430.36,Loyal Customers
cust_013196,2017-09-16,349,3,430.31,At Risk (was frequent)
cust_018803,2017-11-02,302,3,429.83,Loyal Customers
cust_000862,2018-01-10,233,2,429.78,Loyal Customers
cust_017765,2016-11-27,642,1,429.61,At Risk (was frequent)
cust_012079,2017-11-19,285,2,429.56,Loyal Customers
cust_003567,2017-02-12,565,1,429.43,Hibernating / Lost
cust_003280,2017-07-08,419,4,428.72,At Risk (was frequent)
cust_012809,2017-10-19,316,2,428.72,Loyal Customers
cust_013436,2018-01-15,228,4,428.2,Loyal Customers
cust_009807,2018-01-14,229,2,427.75,Loyal Customers
cust_009091,2017-12-17,257,2,427.71,Loyal Customers
cust_018347,2017-04-22,496,3,427.35,At Risk (was frequent)
cust_007129,2017-10-01,334,2,427.22,Loyal Customers
cust_001237,2016-10-16,684,1,426.91,Hibernating / Lost
cust_005255,2016-12-31,608,3,426.51,At Risk (was frequent)
cust_002938,2016-04-07,876,2,425.98,At Risk (was frequent)
cust_011220,2017-11-22,282,3,425.68,Loyal Customers
cust_016486,2016-05-11,842,3,425.24,At Risk (was frequent)
cust_005622,2017-11-23,281,1,425.02,Potential Loyalists
cust_018876,2017-03-31,518,2,424.99,At Risk (was frequent)
cust_001573,2018-01-26,217,2,424.84,Loyal Customers
cust_007138,2018-01-06,237,2,424.64,Loyal Customers
cust_002154,2017-03-10,539,2,424.54,At Risk (was frequent)
cust_013620,2017-12-27,247,4,424.32,Loyal Customers
cust_017521,2016-05-27,826,1,424.22,At Risk (was frequent)
cust_001624,2017-11-08,296,3,424.17,Loyal Customers
cust_013561,2017-12-05,269,1,424.13,Potential Loyalists
cust_002546,2018-03-02,182,3,424.11,Loyal Customers
cust_005095,2017-10-15,320,2,424.07,Loyal Customers
cust_007525,2016-11-24,645,2,423.84,At Risk (was frequent)
cust_018989,2017-08-20,376,2,423.24,At Risk (was frequent)
cust_003167,2017-09-05,360,2,423.23,At Risk (was frequent)
cust_011686,2017-11-24,280,2,423.15,Loyal Customers
cust_012134,2017-12-13,261,1,422.92,Potential Loyalists
cust_004250,2016-12-31,608,2,422.19,At Risk (was frequent)
cust_000575,2017-08-10,386,1,422.09,Hibernating / Lost
cust_016640,2017-06-17,440,2,422.07,At Risk (was frequent)
cust_016657,2016-06-12,810,2,421.68,At Risk (was frequent)
cust_011946,2017-10-09,326,2,421.08,Loyal Customers
cust_018825,2017-09-05,360,2,421.06,At Risk (was frequent)
cust_016447,2018-01-30,213,2,420.95,Loyal Customers
cust_014953,2017-09-27,338,4,420.8,Loyal Customers
cust_004424,2017-07-28,399,3,420.68,At Risk (was frequent)
cust_001014,2017-09-22,343,2,420.32,At Risk (was frequent)
cust_013568,2018-01-06,237,2,419.94,Loyal Customers
cust_010617,2017-11-15,289,2,419.85,Loyal Customers
cust_015299,2017-07-30,397,3,419.76,At Risk (was frequent)
cust_008473,2017-11-26,278,2,419.64,Loyal Customers
cust_003618,2017-11-11,293,3,419.57,Loyal Customers
cust_007101,2018-03-02,182,2,419.01,Loyal Customers
cust_005756,2016-01-03,971,1,418.97,Hibernating / Lost
cust_018852,2016-11-26,643,2,418.92,At Risk (was frequent)
cust_008895,2016-11-13,656,3,418.84,At Risk (was frequent)
cust_013285,2018-02-28,184,2,418.8,Loyal Customers
cust_003516,2018-01-15,228,2,418.76,Loyal Customers
cust_017069,2017-08-24,372,2,418.42,At Risk (was frequent)
cust_013091,2017-12-13,261,2,418.36,Loyal Customers
cust_001720,2017-08-05,391,2,418.05,At Risk (was frequent)
cust_016008,2016-08-08,753,2,417.67,At Risk (was frequent)
cust_005223,2017-12-17,257,3,417.66,Loyal Customers
cust_018404,2017-06-30,427,1,417.65,At Risk (was frequent)
cust_007095,2018-02-11,201,3,417.0,Loyal Customers
cust_018826,2017-04-05,513,1,416.68,At Risk (was frequent)
cust_007380,2017-11-20,284,3,416.37,Loyal Customers
cust_000444,2017-11-07,297,3,416.21,Loyal Customers
cust_015963,2016-12-30,609,1,415.79,At Risk (was frequent)
cust_003155,2018-02-16,196,4,415.72,Loyal Customers
cust_018708,2017-10-10,325,2,415.52,Loyal Customers
cust_014587,2017-06-06,451,1,415.51,At Risk (was frequent)
cust_016484,2017-09-04,361,2,415.44,At Risk (was frequent)
cust_013120,2017-10-01,334,3,414.85,Loyal Customers
cust_018807,2017-08-11,385,2,414.41,At Risk (was frequent)
cust_006315,2018-02-14,198,2,414.29,Loyal Customers
cust_004851,2017-11-01,303,3,414.2,Loyal Customers
cust_013484,2017-09-01,364,2,413.8,At Risk (was frequent)
cust_006857,2018-02-01,211,2,413.44,Loyal Customers
cust_006148,2018-01-05,238,3,413.4,Loyal Customers
cust_006020,2016-07-10,782,1,413.37,Hibernating / Lost
cust_001743,2017-08-27,369,2,413.34,At Risk (was frequent)
cust_005671,2017-01-19,589,1,412.85,Hibernating / Lost
cust_012375,2017-09-05,360,2,412.15,At Risk (was frequent)
cust_016359,2016-09-07,723,1,411.75,At Risk (was frequent)
cust_006703,2017-11-30,274,2,411.2,Loyal Customers
cust_005249,2017-11-26,278,2,410.96,Loyal Customers
cust_016808,2016-09-21,709,3,410.78,At Risk (was frequent)
cust_004980,2016-10-05,695,2,410.5,At Risk (was frequent)
cust_006404,2017-10-10,325,2,410.25,Loyal Customers
cust_010717,2017-11-27,277,3,410.17,Loyal Customers
cust_018117,2017-08-30,366,1,409.83,At Risk (was frequent)
cust_018637,2016-04-07,876,1,409.81,At Risk (was frequent)
cust_003235,2017-12-29,245,2,409.49,Loyal Customers
cust_013842,2017-09-29,336,2,409.3,Loyal Customers
cust_014444,2017-11-15,289,1,408.11,Loyal Customers
cust_005086,2017-11-25,279,3,407.78,Loyal Customers
cust_005702,2016-10-21,679,2,407.67,At Risk (was frequent)
cust_010089,2018-02-02,210,4,407.5,Loyal Customers
cust_012796,2017-11-23,281,3,407.39,Loyal Customers
cust_004067,2017-12-29,245,1,407.37,Potential Loyalists
cust_017388,2017-11-16,288,2,406.85,Loyal Customers
cust_002622,2017-01-15,593,2,406.25,At Risk (was frequent)
cust_009644,2016-08-30,731,2,406.01,At Risk (was frequent)
cust_007042,2017-11-23,281,1,405.22,Potential Loyalists
cust_013546,2016-09-27,703,1,404.89,Hibernating / Lost
cust_008630,2017-01-27,581,2,404.82,At Risk (was frequent)
cust_014132,2017-05-06,482,2,404.32,At Risk (was frequent)
cust_001620,2017-07-02,425,2,404.07,At Risk (was frequent)
cust_003429,2018-01-09,234,3,403.81,Loyal Customers
cust_013125,2017-03-30,519,1,403.68,Hibernating / Lost
cust_007103,2017-11-29,275,2,403.56,Loyal Customers
cust_014343,2016-08-25,736,2,402.96,At Risk (was frequent)
cust_009158,2017-11-06,298,2,402.95,Loyal Customers
cust_001789,2017-12-22,252,4,401.79,Loyal Customers
cust_017749,2017-02-24,553,3,401.36,At Risk (was frequent)
cust_000461,2017-11-23,281,2,400.91,Loyal Customers
cust_009500,2017-11-16,288,2,400.83,Loyal Customers
cust_006965,2017-02-16,561,2,400.74,At Risk (was frequent)
cust_002867,2016-12-27,612,1,400.15,Hibernating / Lost
cust_016757,2017-01-13,595,3,399.99,At Risk (was frequent)
cust_017263,2016-10-22,678,2,399.88,At Risk (was frequent)
cust_015975,2016-11-25,644,1,399.57,At Risk (was frequent)
cust_017690,2017-06-15,442,2,398.95,At Risk (was frequent)
cust_004285,2017-11-11,293,1,398.91,Potential Loyalists
cust_008803,2017-10-23,312,2,398.1,Loyal Customers
cust_010461,2017-05-02,486,2,397.95,At Risk (was frequent)
cust_001747,2017-06-22,435,2,397.69,At Risk (was frequent)
cust_015374,2017-09-10,355,5,397.67,At Risk (was frequent)
cust_000299,2017-06-05,452,3,397.55,At Risk (was frequent)
cust_010337,2016-05-08,845,1,397.45,Hibernating / Lost
cust_010895,2018-01-20,223,1,397.32,Potential Loyalists
cust_004354,2016-10-18,682,2,396.91,At Risk (was frequent)
cust_006442,2016-07-15,777,1,396.08,Hibernating / Lost
cust_008716,2016-05-24,829,1,396.01,Hibernating / Lost
cust_002424,2017-09-22,343,2,395.95,At Risk (was frequent)
cust_006223,2017-08-13,383,2,395.95,At Risk (was frequent)
cust_011328,2017-02-06,571,1,395.83,Hibernating / Lost
cust_010165,2018-01-28,215,3,395.67,Loyal Customers
cust_010734,2017-05-01,487,2,395.41,At Risk (was frequent)
cust_008625,2017-07-31,396,1,395.21,Hibernating / Lost
cust_018411,2017-04-04,514,2,395.14,At Risk (was frequent)
cust_015164,2017-06-19,438,3,395.13,At Risk (was frequent)
cust_003375,2018-02-28,184,3,395.1,Loyal Customers
cust_016783,2017-05-29,459,2,395.02,At Risk (was frequent)
cust_015861,2017-12-05,269,3,394.89,Loyal Customers
cust_004812,2017-01-01,607,2,394.79,At Risk (was frequent)
cust_004576,2017-06-30,427,1,394.34,Hibernating / Lost
cust_002394,2017-09-01,364,2,393.79,At Risk (was frequent)
cust_017640,2017-04-06,512,1,393.31,At Risk (was frequent)
cust_014356,2017-11-20,284,4,393.08,Loyal Customers
cust_017359,2017-11-20,284,3,393.07,Loyal Customers
cust_010425,2017-10-26,309,2,393.02,Loyal Customers
cust_012017,2017-05-11,477,1,392.91,Hibernating / Lost
cust_003905,2017-02-08,569,3,392.63,At Risk (was frequent)
cust_005953,2017-12-21,253,3,392.56,Loyal Customers
cust_006538,2017-11-11,293,3,392.21,Loyal Customers
cust_015554,2016-04-20,863,1,392.21,At Risk (was frequent)
cust_010584,2018-01-20,223,4,392.12,Loyal Customers
cust_008277,2017-11-11,293,3,391.99,Loyal Customers
cust_016590,2017-10-05,330,1,391.68,Loyal Customers
cust_005193,2018-01-15,228,2,391.5,Loyal Customers
cust_010884,2017-05-20,468,3,391.47,At Risk (was frequent)
cust_000306,2017-07-22,405,2,391.46,At Risk (was frequent)
cust_009177,2017-11-02,302,1,391.39,Potential Loyalists
cust_010369,2017-11-01,303,3,391.33,Loyal Customers
cust_017407,2017-12-25,249,4,390.96,Loyal Customers
cust_008360,2017-11-07,297,2,390.67,Loyal Customers
cust_008513,2017-02-13,564,1,390.6,Hibernating / Lost
cust_014007,2018-01-28,215,2,390.58,Loyal Customers
cust_009709,2016-09-30,700,1,390.41,Hibernating / Lost
cust_018542,2016-11-15,654,1,390.16,At Risk (was frequent)
cust_010383,2017-07-19,408,2,390.14,At Risk (was frequent)
cust_000193,2018-01-02,241,2,390.12,Loyal Customers
cust_018884,2016-08-27,734,1,390.07,At Risk (was frequent)
cust_008540,2016-11-01,668,1,389.87,Hibernating / Lost
cust_005122,2017-12-08,266,2,389.73,Loyal Customers
cust_005972,2016-11-08,661,3,389.44,At Risk (was frequent)
cust_004362,2017-11-15,289,2,389.19,Loyal Customers
cust_016322,2017-06-17,440,2,389.19,At Risk (was frequent)
cust_017592,2016-02-01,942,1,389.11,At Risk (was frequent)
cust_016981,2017-11-23,281,4,389.02,Loyal Customers
cust_000582,2017-04-21,497,2,388.73,At Risk (was frequent)
cust_003004,2018-02-21,191,2,388.29,Loyal Customers
cust_014911,2017-11-14,290,2,388.28,Loyal Customers
cust_007157,2017-08-09,387,2,388.22,At Risk (was frequent)
cust_013363,2017-01-25,583,2,388.08,At Risk (was frequent)
cust_008906,2017-12-21,253,2,387.73,Loyal Customers
cust_017016,2017-10-10,325,2,387.44,Loyal Customers
cust_017695,2017-04-25,493,2,387.28,At Risk (was frequent)
cust_013217,2017-01-12,596,1,387.23,Hibernating / Lost
cust_002417,2017-07-26,401,4,387.08,At Risk (was frequent)
cust_008982,2017-02-11,566,2,386.78,At Risk (was frequent)
cust_005132,2016-11-16,653,1,386.46,Hibernating / Lost
cust_001655,2017-03-13,536,1,386.37,Hibernating / Lost
cust_006289,2017-02-02,575,4,386.26,At Risk (was frequent)
cust_003827,2017-12-17,257,3,385.97,Loyal Customers
cust_008281,2016-03-06,908,2,385.72,At Risk (was frequent)
cust_004667,2017-11-08,296,2,385.65,Loyal Customers
cust_005035,2016-10-18,682,2,385.38,At Risk (was frequent)
cust_000235,2016-12-27,612,1,385.27,Hibernating / Lost
cust_017872,2017-12-26,248,3,385.21,Loyal Customers
cust_001079,2017-12-28,246,2,384.97,Loyal Customers
cust_003912,2017-11-28,276,2,384.96,Loyal Customers
cust_005265,2017-07-30,397,2,384.93,At Risk (was frequent)
cust_010473,2017-05-29,459,2,384.43,At Risk (was frequent)
cust_017774,2017-11-07,297,2,384.22,Loyal Customers
cust_013834,2016-03-25,889,1,384.19,Hibernating / Lost
cust_007292,2016-11-17,652,2,383.91,At Risk (was frequent)
cust_018476,2016-06-21,801,1,383.18,At Risk (was frequent)
cust_008296,2017-01-25,583,2,383.14,At Risk (was frequent)
cust_004238,2017-04-11,507,2,383.1,At Risk (was frequent)
cust_007396,2016-05-31,822,1,383.06,Hibernating / Lost
cust_016896,2017-04-04,514,3,382.86,At Risk (was frequent)
cust_011208,2018-02-15,197,2,382.86,Loyal Customers
cust_003823,2017-09-12,353,2,382.63,At Risk (was frequent)
cust_005588,2018-02-15,197,3,382.28,Loyal Customers
cust_012233,2017-12-09,265,2,382.25,Loyal Customers
cust_004409,2017-11-22,282,2,382.17,Loyal Customers
cust_008245,2017-05-06,482,1,382.12,Hibernating / Lost
cust_015745,2016-12-01,638,3,382.02,At Risk (was frequent)
cust_013261,2018-02-17,195,2,381.96,Loyal Customers
cust_008382,2017-06-27,430,3,381.94,At Risk (was frequent)
cust_014519,2017-12-24,250,3,381.8,Loyal Customers
cust_003797,2017-03-14,535,2,381.19,At Risk (was frequent)
cust_010669,2017-06-18,439,2,380.91,At Risk (was frequent)
cust_002759,2016-10-14,686,1,380.86,Hibernating / Lost
cust_002040,2018-02-09,203,1,380.79,Potential Loyalists
cust_000173,2017-05-14,474,2,380.72,At Risk (was frequent)
cust_000074,2017-03-19,530,2,380.58,At Risk (was frequent)
cust_004034,2017-10-23,312,2,380.33,Loyal Customers
cust_016517,2018-02-19,193,2,380.04,Loyal Customers
cust_018568,2016-02-25,918,1,379.98,At Risk (was frequent)
cust_012164,2017-02-16,561,2,379.81,At Risk (was frequent)
cust_014576,2018-01-21,222,2,379.78,Loyal Customers
cust_005023,2017-12-13,261,2,379.77,Loyal Customers
cust_016290,2017-06-23,434,2,379.71,At Risk (was frequent)
cust_014411,2017-09-17,348,2,379.58,At Risk (was frequent)
cust_001119,2017-12-10,264,4,379.55,Loyal Customers
cust_010466,2016-03-31,883,1,379.46,Hibernating / Lost
cust_016272,2016-11-06,663,1,379.21,At Risk (was frequent)
cust_000218,2017-03-29,520,1,379.15,Hibernating / Lost
cust_007802,2017-03-08,541,2,379.0,At Risk (was frequent)
cust_007818,2017-03-15,534,2,378.79,At Risk (was frequent)
cust_002669,2017-05-20,468,2,378.23,At Risk (was frequent)
cust_008282,2017-10-16,319,2,378.11,Loyal Customers
cust_002698,2016-11-10,659,1,378.1,Hibernating / Lost
cust_015658,2017-06-01,456,2,378.08,At Risk (was frequent)
cust_009920,2016-09-12,718,1,377.99,Hibernating / Lost
cust_015470,2016-10-03,697,1,377.91,At Risk (was frequent)
cust_015621,2016-10-15,685,1,377.79,At Risk (was frequent)
cust_007172,2018-01-05,238,3,377.67,Loyal Customers
cust_015536,2017-11-08,296,2,377.34,Loyal Customers
cust_008266,2016-10-26,674,2,377.23,At Risk (was frequent)
cust_004013,2017-12-16,258,3,377.17,Loyal Customers
cust_012144,2016-10-24,676,2,376.45,At Risk (was frequent)
cust_006951,2017-06-14,443,2,376.4,At Risk (was frequent)
cust_018851,2017-07-12,415,2,376.34,At Risk (was frequent)
cust_005823,2016-09-14,716,2,376.26,At Risk (was frequent)
cust_011094,2016-06-07,815,1,375.88,Hibernating / Lost
cust_017903,2017-10-25,310,1,375.79,Loyal Customers
cust_002604,2018-01-24,219,2,375.78,Loyal Customers
cust_011285,2016-05-14,839,1,375.61,Hibernating / Lost
cust_014334,2017-11-19,285,3,375.57,Loyal Customers
cust_015002,2017-09-08,357,2,375.33,At Risk (was frequent)
cust_004257,2017-10-23,312,1,375.31,Potential Loyalists
cust_014924,2017-11-20,284,2,375.06,Loyal Customers
cust_013416,2018-02-08,204,2,375.04,Loyal Customers
cust_016877,2017-01-05,603,2,374.97,At Risk (was frequent)
cust_007313,2016-11-14,655,2,374.83,At Risk (was frequent)
cust_009165,2017-04-23,495,2,374.78,At Risk (was frequent)
cust_007340,2016-09-22,708,3,374.59,At Risk (was frequent)
cust_001048,2017-02-02,575,2,374.59,At Risk (was frequent)
cust_011337,2018-01-09,234,3,374.3,Loyal Customers
cust_013703,2017-11-30,274,1,374.23,Potential Loyalists
cust_017894,2016-12-16,623,1,374.14,At Risk (was frequent)
cust_000008,2017-08-28,368,2,373.67,At Risk (was frequent)
cust_003761,2017-12-18,256,3,373.49,Loyal Customers
cust_016755,2016-05-25,828,2,373.29,At Risk (was frequent)
cust_014176,2017-11-08,296,2,373.13,Loyal Customers
cust_008147,2018-02-22,190,3,372.84,Loyal Customers
cust_008467,2017-03-09,540,2,372.82,At Risk (was frequent)
cust_005762,2016-08-05,756,1,372.48,Hibernating / Lost
cust_017933,2017-08-25,371,2,372.36,At Risk (was frequent)
cust_005679,2017-12-20,254,2,372.28,Loyal Customers
cust_004767,2017-11-14,290,2,372.27,Loyal Customers
cust_003982,2017-10-15,320,1,372.17,Potential Loyalists
cust_001645,2017-06-06,451,1,372.11,Hibernating / Lost
cust_018360,2017-08-01,395,3,371.78,At Risk (was frequent)
cust_017383,2016-05-10,843,1,371.38,At Risk (was frequent)
cust_007976,2017-10-11,324,1,371.35,Potential Loyalists
cust_004345,2017-12-20,254,2,371.27,Loyal Customers
cust_005446,2017-01-31,577,4,370.27,At Risk (was frequent)
cust_009033,2017-06-26,431,3,370.19,At Risk (was frequent)
cust_003955,2017-11-24,280,1,369.99,Potential Loyalists
cust_007714,2017-10-02,333,2,369.91,Loyal Customers
cust_000906,2017-04-25,493,2,369.79,At Risk (was frequent)
cust_003392,2017-04-07,511,2,369.53,At Risk (was frequent)
cust_001771,2017-10-17,318,1,369.51,Potential Loyalists
cust_004450,2017-11-24,280,2,369.25,Loyal Customers
cust_003367,2018-01-24,219,3,369.11,Loyal Customers
cust_002780,2017-05-13,475,1,369.09,Hibernating / Lost
cust_010516,2017-11-21,283,2,367.78,Loyal Customers
cust_000153,2017-10-15,320,3,367.77,Loyal Customers
cust_007012,2017-12-16,258,3,367.66,Loyal Customers
cust_017901,2017-10-14,321,2,367.6,Loyal Customers
cust_009191,2017-08-16,380,1,367.57,Hibernating / Lost
cust_002150,2017-03-29,520,2,367.55,At Risk (was frequent)
cust_009001,2017-09-28,337,2,367.47,Loyal Customers
cust_005710,2016-11-29,640,1,367.38,Hibernating / Lost
cust_011063,2016-05-11,842,1,367.2,Hibernating / Lost
cust_013594,2017-07-01,426,2,367.16,At Risk (was frequent)
cust_011636,2017-11-09,295,2,366.99,Loyal Customers
cust_017271,2017-11-22,282,2,366.88,Loyal Customers
cust_008319,2017-01-27,581,3,366.78,At Risk (was frequent)
cust_013695,2016-09-24,706,2,366.36,At Risk (was frequent)
cust_005674,2016-11-10,659,1,366.3,Hibernating / Lost
cust_008450,2017-10-20,315,2,366.14,Loyal Customers
cust_004909,2016-03-21,893,1,366.14,Hibernating / Lost
cust_014515,2017-11-24,280,1,366.11,Loyal Customers
cust_012881,2017-11-28,276,1,365.64,Potential Loyalists
cust_008524,2017-12-09,265,2,365.64,Loyal Customers
cust_010316,2017-12-23,251,3,365.23,Loyal Customers
cust_004681,2017-06-02,455,2,365.18,At Risk (was frequent)
cust_012549,2017-01-03,605,1,365.18,Hibernating / Lost
cust_002683,2017-07-16,411,4,364.53,At Risk (was frequent)
cust_007996,2017-11-11,293,2,364.42,Loyal Customers
cust_018149,2017-12-26,248,4,364.4,Loyal Customers
cust_011008,2017-08-09,387,1,364.11,Hibernating / Lost
cust_006856,2016-10-25,675,2,364.06,At Risk (was frequent)
cust_014258,2017-01-17,591,3,363.6,At Risk (was frequent)
cust_016908,2017-11-25,279,1,363.31,Loyal Customers
cust_014031,2017-05-19,469,1,363.23,At Risk (was frequent)
cust_010619,2016-08-24,737,1,362.57,Hibernating / Lost
cust_006508,2016-12-03,636,3,362.45,At Risk (was frequent)
cust_010554,2017-12-21,253,2,362.09,Loyal Customers
cust_013434,2017-11-15,289,3,361.64,Loyal Customers
cust_006290,2017-07-22,405,2,361.48,At Risk (was frequent)
cust_003850,2017-12-14,260,2,361.17,Loyal Customers
cust_015364,2017-05-04,484,2,360.88,At Risk (was frequent)
cust_000532,2017-09-11,354,2,360.67,At Risk (was frequent)
cust_005155,2017-09-16,349,3,360.6,At Risk (was frequent)
cust_005919,2017-11-24,280,2,360.41,Loyal Customers
cust_014050,2017-07-01,426,3,360.37,At Risk (was frequent)
cust_016702,2017-02-26,551,2,360.32,At Risk (was frequent)
cust_005121,2017-08-03,393,3,360.17,At Risk (was frequent)
cust_015769,2017-08-23,373,2,360.15,At Risk (was frequent)
cust_014863,2017-08-22,374,2,360.09,At Risk (was frequent)
cust_012787,2016-06-01,821,1,359.96,Hibernating / Lost
cust_016057,2016-05-29,824,1,359.91,At Risk (was frequent)
cust_011037,2017-06-05,452,3,359.83,At Risk (was frequent)
cust_001114,2016-02-08,935,1,359.59,Hibernating / Lost
cust_001089,2018-02-11,201,3,359.44,Loyal Customers
cust_003909,2017-09-27,338,2,359.34,Loyal Customers
cust_017091,2016-04-18,865,1,359.24,At Risk (was frequent)
cust_002385,2017-04-10,508,1,359.21,Hibernating / Lost
cust_002804,2017-09-19,346,2,359.15,At Risk (was frequent)
cust_009440,2016-12-24,615,1,359.11,Hibernating / Lost
cust_006476,2016-07-10,782,1,359.01,Hibernating / Lost
cust_014477,2017-10-18,317,2,358.66,Loyal Customers
cust_018431,2018-02-20,192,2,358.46,Loyal Customers
cust_012618,2017-04-06,512,2,358.33,At Risk (was frequent)
cust_004949,2017-01-14,594,3,358.23,At Risk (was frequent)
cust_011225,2017-12-25,249,3,358.19,Loyal Customers
cust_004978,2017-11-27,277,2,357.9,Loyal Customers
cust_002485,2017-01-24,584,1,357.7,Hibernating / Lost
cust_006134,2018-01-28,215,2,357.53,Loyal Customers
cust_000677,2017-10-25,310,3,357.39,Loyal Customers
cust_018864,2017-02-22,555,1,357.34,At Risk (was frequent)
cust_015273,2017-11-21,283,1,357.1,Loyal Customers
cust_015552,2017-09-21,344,2,356.72,At Risk (was frequent)
cust_000975,2018-01-12,231,3,356.68,Loyal Customers
cust_010956,2018-02-08,204,4,356.59,Loyal Customers
cust_006162,2018-02-21,191,4,355.85,Loyal Customers
cust_009288,2018-01-11,232,3,355.65,Loyal Customers
cust_009748,2018-02-01,211,2,355.6,Loyal Customers
cust_013086,2017-05-16,472,1,355.37,Hibernating / Lost
cust_013584,2017-04-17,501,2,355.19,At Risk (was frequent)
cust_011685,2016-08-20,741,2,355.15,At Risk (was frequent)
cust_015737,2018-02-09,203,2,355.07,Loyal Customers
cust_018392,2017-03-17,532,2,354.94,At Risk (was frequent)
cust_011143,2017-11-01,303,2,354.92,Loyal Customers
cust_011310,2018-01-10,233,3,354.84,Loyal Customers
cust_014879,2016-07-14,778,2,354.74,At Risk (was frequent)
cust_000425,2017-08-24,372,2,354.71,At Risk (was frequent)
cust_001243,2017-03-15,534,3,354.65,At Risk (was frequent)
cust_006520,2016-11-22,647,2,354.55,At Risk (was frequent)
cust_011939,2017-03-26,523,1,354.25,Hibernating / Lost
cust_006007,2017-06-14,443,1,354.1,Hibernating / Lost
cust_004460,2016-07-04,788,1,354.1,Hibernating / Lost
cust_013243,2016-07-14,778,1,354.04,Hibernating / Lost
cust_004757,2017-11-23,281,2,353.84,Loyal Customers
cust_008633,2017-04-27,491,3,353.76,At Risk (was frequent)
cust_003082,2017-10-19,316,4,353.13,Loyal Customers
cust_016813,2016-07-31,761,1,353.11,At Risk (was frequent)
cust_016905,2018-02-25,187,2,353.08,Loyal Customers
cust_000268,2017-09-20,345,2,353.07,At Risk (was frequent)
cust_007009,2017-07-07,420,2,352.85,At Risk (was frequent)
cust_003865,2017-08-06,390,1,352.78,Hibernating / Lost
cust_002495,2016-10-30,670,2,352.67,At Risk (was frequent)
cust_001737,2017-07-09,418,2,352.64,At Risk (was frequent)
cust_003930,2016-03-08,906,1,352.62,Hibernating / Lost
cust_005592,2016-08-15,746,2,352.08,At Risk (was frequent)
cust_016858,2017-11-03,301,2,351.77,Loyal Customers
cust_015304,2018-01-16,227,2,351.44,Loyal Customers
cust_005579,2017-01-19,589,2,351.24,At Risk (was frequent)
cust_007595,2016-06-18,804,2,350.79,At Risk (was frequent)
cust_010320,2016-01-24,950,1,350.76,Hibernating / Lost
cust_004101,2017-12-25,249,3,350.71,Loyal Customers
cust_015698,2017-11-16,288,2,350.33,Loyal Customers
cust_009427,2016-07-03,789,2,349.87,At Risk (was frequent)
cust_009295,2017-04-26,492,2,349.65,At Risk (was frequent)
cust_006954,2016-08-20,741,1,349.46,Hibernating / Lost
cust_013539,2017-08-09,387,2,349.37,At Risk (was frequent)
cust_001616,2017-09-29,336,1,349.29,Potential Loyalists
cust_016154,2017-08-21,375,2,349.24,At Risk (was frequent)
cust_015383,2016-11-15,654,2,348.77,At Risk (was frequent)
cust_017474,2018-01-20,223,1,348.77,Loyal Customers
cust_003789,2017-12-21,253,3,348.74,Loyal Customers
cust_003012,2017-07-27,400,2,348.24,At Risk (was frequent)
cust_010132,2017-11-25,279,1,347.96,Potential Loyalists
cust_015019,2016-06-24,798,1,347.71,At Risk (was frequent)
cust_005724,2017-08-22,374,2,347.65,At Risk (was frequent)
cust_008992,2017-10-08,327,1,347.54,Potential Loyalists
cust_014687,2017-12-21,253,3,347.11,Loyal Customers
cust_017840,2017-12-22,252,2,347.04,Loyal Customers
cust_013713,2017-05-10,478,1,346.71,Hibernating / Lost
cust_002335,2017-02-21,556,2,346.62,At Risk (was frequent)
cust_015311,2017-12-21,253,2,346.44,Loyal Customers
cust_002933,2017-11-05,299,1,346.38,Potential Loyalists
cust_006048,2016-12-16,623,2,346.02,At Risk (was frequent)
cust_003448,2016-10-05,695,1,345.94,Hibernating / Lost
cust_001310,2018-02-01,211,1,345.92,Potential Loyalists
cust_002577,2017-12-17,257,3,345.88,Loyal Customers
cust_003234,2017-11-26,278,2,345.86,Loyal Customers
cust_005313,2017-08-17,379,1,345.67,Hibernating / Lost
cust_014121,2017-09-07,358,2,345.53,At Risk (was frequent)
cust_010418,2017-11-24,280,1,345.25,Potential Loyalists
cust_013631,2016-05-29,824,1,345.2,Hibernating / Lost
cust_003350,2017-01-09,599,2,345.19,At Risk (was frequent)
cust_014008,2016-12-22,617,3,345.12,At Risk (was frequent)
cust_014175,2017-11-30,274,1,345.0,Loyal Customers
cust_007939,2018-02-27,185,2,344.37,Loyal Customers
cust_009155,2017-08-22,374,2,344.18,At Risk (was frequent)
cust_013467,2016-09-13,717,2,343.44,At Risk (was frequent)
cust_000449,2017-10-26,309,3,343.44,Loyal Customers
cust_004628,2016-06-09,813,2,343.42,At Risk (was frequent)
cust_012050,2017-01-08,600,1,343.37,Hibernating / Lost
cust_006445,2016-09-20,710,1,343.08,Hibernating / Lost
cust_009597,2017-09-20,345,2,343.07,At Risk (was frequent)
cust_006248,2017-04-08,510,1,342.93,Hibernating / Lost
cust_017517,2016-11-27,642,1,342.47,At Risk (was frequent)
cust_004898,2016-11-19,650,3,342.37,At Risk (was frequent)
cust_002447,2017-11-05,299,2,342.36,Loyal Customers
cust_007713,2016-03-27,887,1,342.2,Hibernating / Lost
cust_017565,2017-07-24,403,2,342.09,At Risk (was frequent)
cust_012253,2018-02-22,190,3,341.59,Loyal Customers
cust_013878,2017-05-30,458,2,341.51,At Risk (was frequent)
cust_012941,2016-09-04,726,1,341.48,Hibernating / Lost
cust_005884,2017-05-19,469,3,341.39,At Risk (was frequent)
cust_018589,2017-07-19,408,2,341.01,At Risk (was frequent)
cust_014250,2017-04-19,499,2,340.96,At Risk (was frequent)
cust_003808,2017-06-18,439,2,340.81,At Risk (was frequent)
cust_018557,2018-02-03,209,2,340.22,Loyal Customers
cust_004210,2016-11-08,661,1,340.09,Hibernating / Lost
cust_008287,2018-02-05,207,4,339.85,Loyal Customers
cust_003651,2016-02-12,931,1,339.41,Hibernating / Lost
cust_013582,2016-11-09,660,2,339.38,At Risk (was frequent)
cust_011199,2018-02-25,187,2,338.81,Loyal Customers
cust_003334,2016-01-10,964,1,338.38,Hibernating / Lost
cust_015133,2017-06-30,427,2,338.34,At Risk (was frequent)
cust_017977,2016-12-24,615,1,338.02,At Risk (was frequent)
cust_008679,2017-10-23,312,3,337.8,Loyal Customers
cust_018961,2016-03-30,884,1,337.75,At Risk (was frequent)
cust_001556,2017-02-04,573,2,337.65,At Risk (was frequent)
cust_000430,2017-03-20,529,2,337.52,At Risk (was frequent)
cust_005877,2017-12-11,263,3,337.36,Loyal Customers
cust_005545,2017-09-20,345,2,337.15,At Risk (was frequent)
cust_017534,2017-10-29,306,1,336.83,Loyal Customers
cust_002612,2018-01-14,229,2,336.55,Loyal Customers
cust_018369,2017-11-06,298,2,336.42,Loyal Customers
cust_010459,2017-08-20,376,2,336.18,At Risk (was frequent)
cust_007347,2018-01-16,227,3,336.17,Loyal Customers
cust_013638,2017-11-09,295,2,336.08,Loyal Customers
cust_000679,2018-02-12,200,3,335.52,Loyal Customers
cust_007729,2016-07-08,784,1,335.52,Hibernating / Lost
cust_009331,2017-08-06,390,1,335.44,Hibernating / Lost
cust_018575,2016-06-16,806,1,335.27,At Risk (was frequent)
cust_018772,2017-03-10,539,2,335.05,At Risk (was frequent)
cust_012439,2017-12-23,251,3,335.03,Loyal Customers
cust_011900,2017-05-13,475,1,335.0,Hibernating / Lost
cust_011710,2016-09-20,710,2,334.89,At Risk (was frequent)
cust_018865,2017-01-30,578,2,334.82,At Risk (was frequent)
cust_009553,2017-11-01,303,2,334.81,Loyal Customers
cust_001093,2017-08-01,395,3,334.49,At Risk (was frequent)
cust_005865,2017-04-12,506,2,334.31,At Risk (was frequent)
cust_002146,2017-10-22,313,2,334.0,Loyal Customers
cust_015675,2016-01-13,961,1,333.94,At Risk (was frequent)
cust_016204,2017-02-20,557,2,333.93,At Risk (was frequent)
cust_014516,2018-03-01,183,2,333.58,Loyal Customers
cust_016105,2017-06-07,450,2,333.42,At Risk (was frequent)
cust_012710,2017-12-01,273,1,333.4,Potential Loyalists
cust_006049,2017-03-13,536,2,332.38,At Risk (was frequent)
cust_000037,2017-11-22,282,2,332.26,Loyal Customers
cust_007558,2017-11-22,282,2,332.06,Loyal Customers
cust_014234,2017-12-26,248,2,331.99,Loyal Customers
cust_016184,2017-11-08,296,3,331.98,Loyal Customers
cust_013820,2016-10-29,671,3,331.66,At Risk (was frequent)
cust_013666,2016-09-26,704,1,331.66,Hibernating / Lost
cust_014833,2017-10-24,311,1,331.64,Loyal Customers
cust_016726,2018-03-01,183,2,331.59,Loyal Customers
cust_012179,2018-01-16,227,1,331.56,Potential Loyalists
cust_017348,2017-11-06,298,1,331.4,Loyal Customers
cust_004306,2017-11-27,277,1,331.13,Potential Loyalists
cust_006868,2017-10-25,310,3,330.98,Loyal Customers
cust_010544,2016-11-24,645,2,330.98,At Risk (was frequent)
cust_012466,2018-01-01,242,2,330.88,Loyal Customers
cust_006794,2016-04-17,866,1,330.88,Hibernating / Lost
cust_003240,2017-08-20,376,2,330.82,At Risk (was frequent)
cust_016326,2017-06-05,452,2,330.81,At Risk (was frequent)
cust_017262,2016-04-10,873,1,330.59,At Risk (was frequent)
cust_009690,2017-06-15,442,1,330.43,Hibernating / Lost
cust_016375,2016-05-27,826,1,330.37,At Risk (was frequent)
cust_018683,2016-11-25,644,2,330.14,At Risk (was frequent)
cust_001609,2017-11-20,284,1,330.0,Potential Loyalists
cust_009253,2016-03-21,893,1,329.09,Hibernating / Lost
cust_005189,2017-04-13,505,3,328.97,At Risk (was frequent)
cust_003676,2017-11-26,278,1,328.81,Potential Loyalists
cust_011265,2017-11-14,290,2,328.74,Loyal Customers
cust_004061,2017-11-29,275,2,328.69,Loyal Customers
cust_018435,2017-11-03,301,2,328.28,Loyal Customers
cust_007202,2016-02-20,923,1,328.0,Hibernating / Lost
cust_013197,2017-07-02,425,1,327.96,Hibernating / Lost
cust_000370,2016-09-06,724,3,327.85,At Risk (was frequent)
cust_016611,2017-10-14,321,1,327.72,Loyal Customers
cust_017936,2017-05-13,475,2,327.71,At Risk (was frequent)
cust_016313,2016-10-04,696,2,327.7,At Risk (was frequent)
cust_012619,2017-10-05,330,2,327.57,Loyal Customers
cust_004085,2016-10-26,674,2,327.57,At Risk (was frequent)
cust_010742,2017-12-15,259,2,327.51,Loyal Customers
cust_018922,2017-12-26,248,1,327.51,Loyal Customers
cust_011476,2017-10-31,304,1,327.48,Potential Loyalists
cust_004754,2017-12-30,244,3,327.42,Loyal Customers
cust_006592,2017-11-04,300,2,327.27,Loyal Customers
cust_018054,2017-01-24,584,3,327.27,At Risk (was frequent)
cust_012256,2016-10-02,698,1,327.2,Hibernating / Lost
cust_007726,2018-02-14,198,1,326.88,Potential Loyalists
cust_006849,2018-01-19,224,2,326.86,Loyal Customers
cust_002695,2017-03-09,540,2,326.85,At Risk (was frequent)
cust_005332,2017-05-07,481,1,326.72,Hibernating / Lost
cust_015318,2018-01-31,212,2,326.52,Loyal Customers
cust_003284,2018-02-20,192,4,326.5,Loyal Customers
cust_005976,2016-11-25,644,2,326.44,At Risk (was frequent)
cust_008487,2018-03-01,183,2,326.06,Loyal Customers
cust_013972,2017-09-30,335,2,326.03,Loyal Customers
cust_011350,2016-10-22,678,3,325.89,At Risk (was frequent)
cust_014408,2018-01-17,226,2,325.86,Loyal Customers
cust_018012,2017-12-03,271,1,325.81,Loyal Customers
cust_017900,2017-05-07,481,2,325.49,At Risk (was frequent)
cust_004637,2017-10-23,312,3,325.45,Loyal Customers
cust_011857,2017-04-03,515,1,325.34,Hibernating / Lost
cust_004139,2018-03-03,181,3,324.83,Loyal Customers
cust_004219,2017-07-17,410,1,324.8,Hibernating / Lost
cust_012072,2018-01-27,216,3,324.77,Loyal Customers
cust_012387,2017-03-13,536,1,324.31,Hibernating / Lost
cust_010728,2018-02-28,184,2,324.3,Loyal Customers
cust_015337,2018-01-17,226,1,324.19,Loyal Customers
cust_015685,2016-11-30,639,2,324.18,At Risk (was frequent)
cust_008843,2017-08-17,379,1,323.84,Hibernating / Lost
cust_016222,2017-06-10,447,1,323.82,At Risk (was frequent)
cust_007151,2017-02-21,556,2,323.75,At Risk (was frequent)
cust_011203,2017-06-29,428,1,323.7,Hibernating / Lost
cust_018956,2016-04-11,872,1,323.58,At Risk (was frequent)
cust_018483,2017-12-27,247,2,323.44,Loyal Customers
cust_008408,2016-10-11,689,2,323.22,At Risk (was frequent)
cust_003394,2016-11-20,649,1,323.07,Hibernating / Lost
cust_011479,2018-02-20,192,2,323.0,Loyal Customers
cust_014058,2017-08-29,367,3,322.99,At Risk (was frequent)
cust_008877,2017-08-28,368,3,322.92,At Risk (was frequent)
cust_008727,2016-06-19,803,1,322.91,Hibernating / Lost
cust_003531,2017-02-26,551,2,322.89,At Risk (was frequent)
cust_000459,2017-09-07,358,2,322.85,At Risk (was frequent)
cust_014650,2017-10-31,304,2,322.74,Loyal Customers
cust_017888,2017-07-16,411,2,322.62,At Risk (was frequent)
cust_012876,2018-02-11,201,2,322.39,Loyal Customers
cust_010475,2016-11-08,661,2,322.38,At Risk (was frequent)
cust_013326,2016-12-14,625,2,321.74,At Risk (was frequent)
cust_018176,2016-11-25,644,1,321.72,At Risk (was frequent)
cust_003253,2016-07-01,791,1,321.56,Hibernating / Lost
cust_005245,2018-02-18,194,2,321.47,Loyal Customers
cust_006874,2017-07-15,412,2,321.29,At Risk (was frequent)
cust_003534,2017-01-03,605,2,321.29,At Risk (was frequent)
cust_005921,2017-02-04,573,1,321.17,Hibernating / Lost
cust_010188,2016-09-10,720,1,321.03,Hibernating / Lost
cust_007745,2018-01-21,222,2,321.0,Loyal Customers
cust_006773,2017-09-02,363,3,321.0,At Risk (was frequent)
cust_003319,2018-02-27,185,3,320.88,Loyal Customers
cust_013123,2016-12-12,627,2,320.78,At Risk (was frequent)
cust_016520,2016-03-10,904,1,320.67,At Risk (was frequent)
cust_001160,2017-09-17,348,1,320.6,Hibernating / Lost
cust_015899,2017-11-03,301,2,320.47,Loyal Customers
cust_015879,2017-07-20,407,3,320.17,At Risk (was frequent)
cust_005503,2016-11-30,639,2,320.16,At Risk (was frequent)
cust_006526,2017-04-23,495,1,320.15,Hibernating / Lost
cust_012974,2017-11-29,275,3,320.1,Loyal Customers
cust_017957,2018-03-03,181,2,320.06,Loyal Customers
cust_001008,2017-06-28,429,1,319.87,Hibernating / Lost
cust_014273,2016-12-27,612,4,319.69,At Risk (was frequent)
cust_012308,2016-11-26,643,2,319.33,At Risk (was frequent)
cust_018060,2017-11-17,287,2,319.22,Loyal Customers
cust_006762,2016-12-03,636,2,319.15,At Risk (was frequent)
cust_003775,2017-08-25,371,2,318.93,At Risk (was frequent)
cust_011250,2017-07-02,425,2,318.66,At Risk (was frequent)
cust_009027,2016-11-28,641,1,318.62,Hibernating / Lost
cust_007836,2017-06-19,438,2,318.52,At Risk (was frequent)
cust_016285,2017-01-21,587,1,318.23,At Risk (was frequent)
cust_001221,2017-11-03,301,1,318.13,Potential Loyalists
cust_010863,2016-07-30,762,1,318.03,Hibernating / Lost
cust_016865,2018-02-24,188,2,317.77,Loyal Customers
cust_008002,2017-11-02,302,2,317.68,Loyal Customers
cust_007708,2017-08-13,383,3,317.5,At Risk (was frequent)
cust_016595,2016-09-18,712,2,317.5,At Risk (was frequent)
cust_007975,2016-12-18,621,1,317.41,Hibernating / Lost
cust_009559,2016-11-11,658,2,317.29,At Risk (was frequent)
cust_007784,2016-10-02,698,2,316.8,At Risk (was frequent)
cust_004135,2017-11-13,291,3,316.6,Loyal Customers
cust_005600,2017-07-03,424,3,316.54,At Risk (was frequent)
cust_000019,2017-09-17,348,3,316.39,At Risk (was frequent)
cust_000249,2017-11-22,282,2,316.0,Loyal Customers
cust_002589,2017-12-27,247,2,315.51,Loyal Customers
cust_007014,2017-09-13,352,1,315.47,Hibernating / Lost
cust_012002,2016-11-21,648,3,315.34,At Risk (was frequent)
cust_011518,2017-01-09,599,2,315.22,At Risk (was frequent)
cust_011025,2017-10-23,312,3,315.2,Loyal Customers
cust_005362,2016-10-24,676,2,315.15,At Risk (was frequent)
cust_009493,2016-06-02,820,1,315.11,Hibernating / Lost
cust_016608,2018-01-26,217,2,314.67,Loyal Customers
cust_002298,2016-03-14,900,1,314.55,Hibernating / Lost
cust_007965,2017-11-15,289,3,314.33,Loyal Customers
cust_001916,2016-01-03,971,1,314.22,Hibernating / Lost
cust_008237,2017-10-17,318,3,313.57,Loyal Customers
cust_012501,2017-06-12,445,2,313.43,At Risk (was frequent)
cust_004586,2017-04-19,499,1,313.4,Hibernating / Lost
cust_013660,2017-10-21,314,2,313.09,Loyal Customers
cust_018292,2016-03-06,908,1,313.08,At Risk (was frequent)
cust_018813,2017-04-22,496,1,313.08,At Risk (was frequent)
cust_014962,2017-01-26,582,2,313.07,At Risk (was frequent)
cust_009561,2017-10-10,325,2,312.86,Loyal Customers
cust_001330,2017-01-13,595,1,312.72,Hibernating / Lost
cust_018264,2018-02-20,192,2,312.68,Loyal Customers
cust_012292,2018-02-04,208,5,312.59,Loyal Customers
cust_007198,2018-02-08,204,2,312.37,Loyal Customers
cust_017930,2016-07-09,783,1,312.07,At Risk (was frequent)
cust_008228,2017-12-06,268,1,311.98,Potential Loyalists
cust_007243,2017-12-18,256,1,311.93,Potential Loyalists
cust_003294,2017-06-28,429,3,311.82,At Risk (was frequent)
cust_006865,2017-10-28,307,5,311.8,Loyal Customers
cust_011258,2017-11-28,276,2,311.59,Loyal Customers
cust_018009,2016-01-04,970,1,311.53,At Risk (was frequent)
cust_000253,2018-02-21,191,1,311.21,Potential Loyalists
cust_008663,2017-04-02,516,2,311.19,At Risk (was frequent)
cust_003223,2017-11-05,299,3,311.17,Loyal Customers
cust_003069,2017-11-20,284,1,311.15,Potential Loyalists
cust_002878,2016-12-11,628,1,310.78,Hibernating / Lost
cust_018433,2016-06-08,814,1,310.6,At Risk (was frequent)
cust_015484,2016-04-23,860,1,310.51,At Risk (was frequent)
cust_018223,2016-11-23,646,2,310.43,At Risk (was frequent)
cust_006498,2017-04-11,507,1,310.3,Hibernating / Lost
cust_001202,2016-11-20,649,1,310.16,Hibernating / Lost
cust_007463,2016-08-08,753,1,310.06,Hibernating / Lost
cust_018237,2016-12-18,621,1,309.65,At Risk (was frequent)
cust_000110,2017-08-03,393,2,309.47,At Risk (was frequent)
cust_006648,2017-07-18,409,1,309.39,Hibernating / Lost
cust_016770,2016-09-23,707,2,309.36,At Risk (was frequent)
cust_015677,2016-11-03,666,1,309.35,At Risk (was frequent)
cust_009602,2017-11-09,295,2,309.33,Loyal Customers
cust_016669,2017-11-10,294,3,309.32,Loyal Customers
cust_006088,2016-09-28,702,1,309.0,Hibernating / Lost
cust_013629,2017-10-27,308,3,308.9,Loyal Customers
cust_004316,2018-02-02,210,3,308.81,Loyal Customers
cust_003500,2018-01-06,237,3,308.6,Loyal Customers
cust_018986,2016-05-08,845,1,308.52,At Risk (was frequent)
cust_008703,2017-11-28,276,3,308.46,Loyal Customers
cust_009391,2017-11-13,291,2,308.45,Loyal Customers
cust_014582,2017-09-22,343,1,308.18,At Risk (was frequent)
cust_010061,2017-07-19,408,2,308.11,At Risk (was frequent)
cust_000863,2017-10-04,331,3,308.08,Loyal Customers
cust_011656,2017-05-05,483,2,307.96,At Risk (was frequent)
cust_012045,2017-03-24,525,2,307.84,At Risk (was frequent)
cust_005015,2018-01-29,214,1,307.71,Potential Loyalists
cust_005692,2016-03-21,893,1,307.7,Hibernating / Lost
cust_017767,2017-06-04,453,1,307.59,At Risk (was frequent)
cust_009081,2018-02-22,190,2,307.53,Loyal Customers
cust_006653,2018-01-31,212,4,307.47,Loyal Customers
cust_009798,2017-11-14,290,1,307.43,Potential Loyalists
cust_014706,2017-02-21,556,2,307.34,At Risk (was frequent)
cust_002106,2016-11-29,640,1,307.29,Hibernating / Lost
cust_001566,2018-01-05,238,1,306.86,Potential Loyalists
cust_011426,2017-03-06,543,2,306.43,At Risk (was frequent)
cust_011141,2016-12-22,617,1,306.37,Hibernating / Lost
cust_016872,2017-11-08,296,1,306.34,Loyal Customers
cust_009952,2017-05-19,469,3,306.17,At Risk (was frequent)
cust_018698,2016-12-05,634,2,306.03,At Risk (was frequent)
cust_017512,2017-11-18,286,2,305.34,Loyal Customers
cust_003933,2017-06-16,441,1,305.15,Hibernating / Lost
cust_015221,2016-06-12,810,1,305.14,At Risk (was frequent)
cust_006234,2017-06-12,445,2,305.13,At Risk (was frequent)
cust_016950,2017-11-08,296,2,304.96,Loyal Customers
cust_009506,2016-12-26,613,1,304.94,Hibernating / Lost
cust_007945,2016-10-13,687,1,304.93,Hibernating / Lost
cust_008261,2018-01-31,212,1,304.82,Potential Loyalists
cust_001685,2017-09-13,352,1,304.67,Hibernating / Lost
cust_001128,2016-04-16,867,1,304.63,Hibernating / Lost
cust_002572,2017-11-26,278,1,304.59,Potential Loyalists
cust_004254,2017-08-21,375,2,304.53,At Risk (was frequent)
cust_000372,2016-10-22,678,2,304.51,At Risk (was frequent)
cust_015236,2016-09-20,710,2,304.36,At Risk (was frequent)
cust_018210,2017-11-16,288,2,304.18,Loyal Customers
cust_014689,2016-07-04,788,2,304.16,At Risk (was frequent)
cust_003180,2017-10-30,305,2,304.13,Loyal Customers
cust_013832,2017-10-19,316,2,303.99,Loyal Customers
cust_003143,2017-04-26,492,3,303.87,At Risk (was frequent)
cust_000247,2017-06-30,427,2,303.83,At Risk (was frequent)
cust_002007,2018-01-10,233,2,303.78,Loyal Customers
cust_014679,2017-06-18,439,2,303.77,At Risk (was frequent)
cust_007261,2018-01-02,241,2,303.77,Loyal Customers
cust_001758,2016-06-01,821,1,303.61,Hibernating / Lost
cust_004113,2017-03-24,525,2,303.42,At Risk (was frequent)
cust_002184,2017-11-18,286,2,303.37,Loyal Customers
cust_004027,2017-12-12,262,2,303.37,Loyal Customers
cust_004747,2018-01-06,237,2,303.36,Loyal Customers
cust_016169,2017-12-22,252,2,303.35,Loyal Customers
cust_016725,2017-03-13,536,2,303.24,At Risk (was frequent)
cust_009718,2018-02-04,208,3,303.18,Loyal Customers
cust_005769,2017-12-20,254,3,303.09,Loyal Customers
cust_002149,2016-07-23,769,1,303.07,Hibernating / Lost
cust_003479,2016-04-28,855,2,303.0,At Risk (was frequent)
cust_013515,2018-02-01,211,2,302.96,Loyal Customers
cust_000292,2018-01-01,242,2,302.8,Loyal Customers
cust_007505,2017-09-27,338,2,302.8,Loyal Customers
cust_005681,2017-11-15,289,2,302.76,Loyal Customers
cust_000083,2017-04-26,492,2,302.72,At Risk (was frequent)
cust_010185,2017-12-19,255,3,302.63,Loyal Customers
cust_010634,2016-12-07,632,2,302.48,At Risk (was frequent)
cust_010851,2017-11-25,279,2,302.23,Loyal Customers
cust_015022,2016-12-03,636,1,302.23,At Risk (was frequent)
cust_007902,2017-11-10,294,3,302.21,Loyal Customers
cust_001691,2017-12-20,254,2,302.18,Loyal Customers
cust_000794,2017-09-21,344,4,302.11,At Risk (was frequent)
cust_007178,2018-02-21,191,2,301.69,Loyal Customers
cust_012207,2018-01-23,220,2,301.61,Loyal Customers
cust_001787,2018-02-18,194,2,301.53,Loyal Customers
cust_009153,2017-11-07,297,2,301.52,Loyal Customers
cust_009111,2017-07-19,408,3,301.4,At Risk (was frequent)
cust_017415,2016-10-19,681,2,301.23,At Risk (was frequent)
cust_011364,2017-09-21,344,2,301.0,At Risk (was frequent)
cust_009637,2017-12-17,257,1,300.78,Potential Loyalists
cust_017942,2017-10-12,323,2,300.6,Loyal Customers
cust_001725,2016-10-25,675,1,300.41,Hibernating / Lost
cust_000576,2017-11-24,280,2,300.4,Loyal Customers
cust_002583,2017-08-14,382,2,300.34,At Risk (was frequent)
cust_018327,2016-12-05,634,1,300.28,At Risk (was frequent)
cust_018055,2017-03-03,546,1,300.01,At Risk (was frequent)
cust_012581,2016-05-02,851,1,299.71,Hibernating / Lost
cust_000215,2016-12-09,630,2,299.58,At Risk (was frequent)
cust_001602,2018-01-20,223,2,299.49,Loyal Customers
cust_016862,2016-08-17,744,2,299.31,At Risk (was frequent)
cust_017834,2017-10-29,306,1,299.25,Loyal Customers
cust_008471,2016-09-28,702,2,299.18,At Risk (was frequent)
cust_004771,2018-02-07,205,2,299.14,Loyal Customers
cust_008059,2016-09-29,701,2,299.07,At Risk (was frequent)
cust_007607,2016-02-02,941,1,299.02,Hibernating / Lost
cust_014734,2016-09-30,700,1,298.64,At Risk (was frequent)
cust_015491,2017-10-17,318,3,298.55,Loyal Customers
cust_008920,2017-11-27,277,1,298.5,Potential Loyalists
cust_017956,2017-04-03,515,2,298.45,At Risk (was frequent)
cust_002676,2017-11-26,278,2,298.41,Loyal Customers
cust_005146,2017-07-20,407,2,298.37,At Risk (was frequent)
cust_005559,2016-03-21,893,1,298.34,Hibernating / Lost
cust_013787,2016-04-27,856,1,298.29,Hibernating / Lost
cust_009438,2017-11-08,296,2,298.27,Loyal Customers
cust_007432,2017-11-18,286,2,298.27,Loyal Customers
cust_006252,2017-06-24,433,1,298.24,Hibernating / Lost
cust_009098,2017-11-01,303,1,297.49,Potential Loyalists
cust_013173,2018-01-21,222,2,297.43,Loyal Customers
cust_013823,2016-05-14,839,2,297.41,At Risk (was frequent)
cust_010688,2017-12-27,247,2,297.21,Loyal Customers
cust_008402,2017-02-16,561,3,297.14,At Risk (was frequent)
cust_002163,2017-03-31,518,2,297.1,At Risk (was frequent)
cust_006513,2016-07-15,777,1,297.08,Hibernating / Lost
cust_007379,2017-07-13,414,1,296.91,Hibernating / Lost
cust_001121,2018-03-03,181,2,296.76,Loyal Customers
cust_015834,2018-01-12,231,3,296.74,Loyal Customers
cust_005145,2017-07-19,408,1,296.63,Hibernating / Lost
cust_006529,2016-11-25,644,2,296.21,At Risk (was frequent)
cust_018819,2016-08-06,755,1,295.99,At Risk (was frequent)
cust_014226,2018-02-15,197,2,295.95,Loyal Customers
cust_018457,2017-04-24,494,1,295.63,At Risk (was frequent)
cust_017981,2017-12-21,253,2,295.51,Loyal Customers
cust_011080,2017-05-09,479,2,295.31,At Risk (was frequent)
cust_005903,2017-11-20,284,2,295.31,Loyal Customers
cust_001564,2016-03-10,904,1,295.3,Hibernating / Lost
cust_017824,2017-01-03,605,2,295.12,At Risk (was frequent)
cust_009813,2017-11-19,285,1,295.08,Potential Loyalists
cust_012598,2016-10-07,693,1,295.02,Hibernating / Lost
cust_018971,2017-11-21,283,1,294.98,Loyal Customers
cust_004655,2017-12-21,253,2,294.81,Loyal Customers
cust_007735,2018-01-15,228,2,294.7,Loyal Customers
cust_001227,2016-10-09,691,2,294.63,At Risk (was frequent)
cust_003365,2017-12-20,254,1,294.53,Potential Loyalists
cust_013073,2017-08-28,368,3,294.52,At Risk (was frequent)
cust_016889,2018-01-28,215,2,294.14,Loyal Customers
cust_011157,2017-08-16,380,2,294.11,At Risk (was frequent)
cust_013739,2017-02-07,570,3,293.95,At Risk (was frequent)
cust_005054,2017-08-24,372,1,293.73,Hibernating / Lost
cust_000041,2018-01-27,216,3,293.67,Loyal Customers
cust_001340,2017-10-02,333,1,293.47,Potential Loyalists
cust_018680,2016-07-13,779,1,293.46,At Risk (was frequent)
cust_003435,2016-07-16,776,1,293.28,Hibernating / Lost
cust_017621,2017-12-24,250,2,293.21,Loyal Customers
cust_005232,2017-10-22,313,1,293.06,Potential Loyalists
cust_002800,2017-04-23,495,2,292.81,At Risk (was frequent)
cust_013043,2017-06-21,436,2,292.81,At Risk (was frequent)
cust_005026,2017-05-09,479,2,292.29,At Risk (was frequent)
cust_004223,2017-04-22,496,1,291.93,Hibernating / Lost
cust_004026,2018-02-20,192,2,291.87,Loyal Customers
cust_006272,2017-12-26,248,2,291.75,Loyal Customers
cust_016423,2016-11-17,652,1,291.6,At Risk (was frequent)
cust_004239,2017-04-14,504,2,291.59,At Risk (was frequent)
cust_006608,2016-07-05,787,1,291.39,Hibernating / Lost
cust_000807,2017-11-02,302,2,291.29,Loyal Customers
cust_007040,2017-07-18,409,2,291.14,At Risk (was frequent)
cust_011995,2016-07-15,777,1,290.93,Hibernating / Lost
cust_011718,2016-06-26,796,2,290.78,At Risk (was frequent)
cust_015614,2017-10-01,334,2,290.36,Loyal Customers
cust_004981,2018-01-21,222,2,290.13,Loyal Customers
cust_011837,2016-09-23,707,2,290.05,At Risk (was frequent)
cust_005517,2016-03-09,905,1,290.02,Hibernating / Lost
cust_006396,2018-01-14,229,2,289.76,Loyal Customers
cust_005226,2017-09-30,335,2,289.61,Loyal Customers
cust_015880,2018-02-06,206,2,289.58,Loyal Customers
cust_003641,2017-12-17,257,2,289.54,Loyal Customers
cust_001630,2017-11-11,293,1,289.44,Potential Loyalists
cust_001605,2017-01-19,589,1,289.43,Hibernating / Lost
cust_012384,2016-03-07,907,1,289.3,Hibernating / Lost
cust_013068,2017-12-24,250,3,289.28,Loyal Customers
cust_008023,2016-11-25,644,2,289.09,At Risk (was frequent)
cust_017100,2016-10-30,670,1,288.87,At Risk (was frequent)
cust_012284,2017-09-21,344,2,288.78,At Risk (was frequent)
cust_016605,2017-12-06,268,1,288.74,Loyal Customers
cust_015623,2016-05-03,850,1,288.49,At Risk (was frequent)
cust_008500,2016-05-29,824,1,288.34,Hibernating / Lost
cust_010690,2016-06-18,804,2,288.28,At Risk (was frequent)
cust_018424,2017-03-04,545,3,288.14,At Risk (was frequent)
cust_018509,2017-03-10,539,1,288.11,At Risk (was frequent)
cust_005036,2017-08-28,368,2,288.03,At Risk (was frequent)
cust_016639,2017-01-24,584,3,287.82,At Risk (was frequent)
cust_018321,2016-12-03,636,2,287.8,At Risk (was frequent)
cust_010237,2017-11-09,295,3,287.75,Loyal Customers
cust_004838,2016-11-25,644,1,287.72,Hibernating / Lost
cust_014914,2017-12-15,259,3,287.7,Loyal Customers
cust_012326,2017-03-15,534,1,287.47,Hibernating / Lost
cust_005719,2017-04-17,501,4,287.46,At Risk (was frequent)
cust_008164,2017-08-18,378,3,287.45,At Risk (was frequent)
cust_017278,2016-03-07,907,1,287.39,At Risk (was frequent)
cust_017446,2017-10-07,328,2,287.38,Loyal Customers
cust_013126,2017-09-13,352,1,287.37,Hibernating / Lost
cust_018749,2017-09-12,353,2,287.36,At Risk (was frequent)
cust_002977,2017-08-13,383,3,287.31,At Risk (was frequent)
cust_000242,2017-10-20,315,1,287.19,Potential Loyalists
cust_007763,2016-07-03,789,1,287.15,Hibernating / Lost
cust_005073,2016-07-09,783,1,287.04,Hibernating / Lost
cust_001108,2017-11-15,289,1,286.82,Potential Loyalists
cust_012122,2017-04-12,506,3,286.76,At Risk (was frequent)
cust_011527,2016-12-01,638,2,286.69,At Risk (was frequent)
cust_011869,2017-07-07,420,1,286.67,Hibernating / Lost
cust_009289,2016-04-09,874,2,286.59,At Risk (was frequent)
cust_004467,2016-10-23,677,1,286.52,Hibernating / Lost
cust_008798,2017-06-06,451,2,286.48,At Risk (was frequent)
cust_004119,2016-09-13,717,1,286.42,Hibernating / Lost
cust_014317,2016-08-19,742,2,286.37,At Risk (was frequent)
cust_005395,2018-02-06,206,1,286.26,Potential Loyalists
cust_004179,2017-06-09,448,2,286.15,At Risk (was frequent)
cust_002139,2017-06-10,447,3,285.78,At Risk (was frequent)
cust_011104,2016-11-16,653,1,285.75,Hibernating / Lost
cust_010811,2016-06-13,809,1,285.6,Hibernating / Lost
cust_016152,2018-01-06,237,1,285.58,Loyal Customers
cust_007697,2018-02-09,203,2,285.46,Loyal Customers
cust_015924,2017-10-18,317,4,285.45,Loyal Customers
cust_011580,2016-12-21,618,2,285.37,At Risk (was frequent)
cust_009881,2017-12-15,259,2,285.27,Loyal Customers
cust_014111,2017-03-05,544,1,285.03,At Risk (was frequent)
cust_002126,2017-04-23,495,1,284.87,Hibernating / Lost
cust_012166,2016-11-08,661,1,284.68,Hibernating / Lost
cust_004278,2018-02-07,205,2,284.58,Loyal Customers
cust_005932,2017-04-09,509,3,284.57,At Risk (was frequent)
cust_014547,2018-02-25,187,2,284.57,Loyal Customers
cust_013027,2017-11-02,302,1,284.55,Potential Loyalists
cust_000664,2016-08-03,758,1,284.44,Hibernating / Lost
cust_015379,2016-12-23,616,1,284.25,At Risk (was frequent)
cust_017724,2017-11-20,284,1,284.03,Loyal Customers
cust_009587,2016-07-26,766,2,283.99,At Risk (was frequent)
cust_011811,2017-07-04,423,2,283.99,At Risk (was frequent)
cust_012136,2016-06-11,811,1,283.9,Hibernating / Lost
cust_008419,2016-08-20,741,1,283.85,Hibernating / Lost
cust_008725,2017-10-14,321,3,283.83,Loyal Customers
cust_012214,2018-02-26,186,3,283.75,Loyal Customers
cust_017017,2016-11-27,642,2,283.71,At Risk (was frequent)
cust_010184,2016-07-25,767,1,283.6,Hibernating / Lost
cust_006683,2017-11-15,289,2,283.45,Loyal Customers
cust_005360,2018-02-10,202,2,283.37,Loyal Customers
cust_007538,2017-09-27,338,2,283.24,Loyal Customers
cust_001351,2018-01-20,223,1,283.22,Potential Loyalists
cust_010612,2016-02-11,932,1,283.14,Hibernating / Lost
cust_005115,2017-12-31,243,2,283.12,Loyal Customers
cust_004984,2017-08-05,391,1,282.92,Hibernating / Lost
cust_015914,2017-10-03,332,3,282.89,Loyal Customers
cust_001379,2016-11-16,653,2,282.83,At Risk (was frequent)
cust_007847,2018-02-10,202,3,282.79,Loyal Customers
cust_007671,2017-02-03,574,2,282.62,At Risk (was frequent)
cust_004537,2016-11-26,643,2,282.61,At Risk (was frequent)
cust_008084,2017-11-17,287,2,282.49,Loyal Customers
cust_015282,2016-10-30,670,2,282.47,At Risk (was frequent)
cust_009267,2016-07-01,791,1,282.1,Hibernating / Lost
cust_008844,2017-05-24,464,1,282.01,Hibernating / Lost
cust_005514,2017-10-20,315,3,281.87,Loyal Customers
cust_003306,2017-08-27,369,2,281.77,At Risk (was frequent)
cust_017443,2017-06-28,429,2,281.69,At Risk (was frequent)
cust_018827,2017-08-05,391,2,281.64,At Risk (was frequent)
cust_012704,2016-01-28,946,1,281.63,Hibernating / Lost
cust_002117,2017-01-23,585,1,281.56,Hibernating / Lost
cust_018005,2017-11-09,295,2,281.28,Loyal Customers
cust_002501,2017-10-26,309,1,281.14,Potential Loyalists
cust_014736,2018-02-24,188,2,281.01,Loyal Customers
cust_010284,2017-04-12,506,2,281.01,At Risk (was frequent)
cust_015244,2017-05-07,481,1,281.0,At Risk (was frequent)
cust_017694,2016-08-12,749,2,280.97,At Risk (was frequent)
cust_007235,2017-11-28,276,1,280.79,Potential Loyalists
cust_014387,2016-12-05,634,1,280.71,At Risk (was frequent)
cust_009224,2017-11-12,292,2,280.62,Loyal Customers
cust_003228,2017-11-02,302,2,280.59,Loyal Customers
cust_008026,2017-07-13,414,2,280.58,At Risk (was frequent)
cust_009361,2018-02-23,189,2,280.53,Loyal Customers
cust_007938,2017-05-20,468,2,280.38,At Risk (was frequent)
cust_018458,2017-11-28,276,4,280.23,Loyal Customers
cust_017493,2017-12-15,259,2,280.21,Loyal Customers
cust_012923,2016-03-09,905,1,280.16,Hibernating / Lost
cust_012568,2017-02-17,560,2,280.11,At Risk (was frequent)
cust_008677,2018-01-16,227,1,280.09,Potential Loyalists
cust_017211,2017-10-01,334,2,280.03,Loyal Customers
cust_011205,2017-12-29,245,2,279.82,Loyal Customers
cust_012509,2017-04-17,501,2,279.81,At Risk (was frequent)
cust_014104,2016-05-01,852,1,279.66,At Risk (was frequent)
cust_004377,2017-04-09,509,3,279.56,At Risk (was frequent)
cust_008858,2018-01-14,229,2,279.54,Loyal Customers
cust_005542,2016-08-07,754,1,279.53,Hibernating / Lost
cust_007910,2017-08-10,386,1,279.48,Hibernating / Lost
cust_018944,2017-10-27,308,1,279.43,Loyal Customers
cust_005135,2018-01-07,236,2,279.41,Loyal Customers
cust_012390,2017-09-27,338,1,279.29,Potential Loyalists
cust_007707,2017-05-16,472,2,279.24,At Risk (was frequent)
cust_005596,2016-01-09,965,1,279.21,Hibernating / Lost
cust_005179,2018-02-24,188,3,279.01,Loyal Customers
cust_004511,2017-07-25,402,2,278.82,At Risk (was frequent)
cust_007185,2017-12-26,248,1,278.76,Potential Loyalists
cust_002395,2017-11-24,280,1,278.65,Potential Loyalists
cust_008324,2016-07-10,782,1,278.61,Hibernating / Lost
cust_000953,2017-12-17,257,2,278.51,Loyal Customers
cust_007142,2017-11-04,300,1,278.48,Potential Loyalists
cust_013391,2016-09-02,728,1,278.48,Hibernating / Lost
cust_008529,2016-12-06,633,1,278.39,Hibernating / Lost
cust_000990,2017-07-25,402,2,278.39,At Risk (was frequent)
cust_012113,2017-10-18,317,2,278.37,Loyal Customers
cust_016219,2016-05-01,852,2,278.32,At Risk (was frequent)
cust_015805,2017-08-14,382,2,278.15,At Risk (was frequent)
cust_016553,2016-09-28,702,2,278.15,At Risk (was frequent)
cust_016183,2016-07-24,768,1,278.06,At Risk (was frequent)
cust_006467,2016-09-28,702,1,278.0,Hibernating / Lost
cust_008096,2017-02-14,563,1,277.92,Hibernating / Lost
cust_014116,2017-11-01,303,1,277.87,Loyal Customers
cust_006835,2017-10-01,334,2,277.78,Loyal Customers
cust_018019,2018-02-06,206,2,277.49,Loyal Customers
cust_006899,2017-09-16,349,1,277.37,Hibernating / Lost
cust_003970,2017-04-21,497,3,277.22,At Risk (was frequent)
cust_008196,2017-11-10,294,2,277.07,Loyal Customers
cust_013843,2018-01-09,234,2,276.98,Loyal Customers
cust_001807,2017-11-17,287,2,276.91,Loyal Customers
cust_005281,2016-01-11,963,1,276.87,Hibernating / Lost
cust_002991,2017-04-11,507,1,276.71,Hibernating / Lost
cust_003712,2017-03-04,545,3,276.67,At Risk (was frequent)
cust_010042,2017-11-04,300,2,276.63,Loyal Customers
cust_006135,2018-01-31,212,2,276.55,Loyal Customers
cust_004887,2017-02-12,565,3,276.5,At Risk (was frequent)
cust_006937,2018-02-23,189,2,276.28,Loyal Customers
cust_012995,2017-02-26,551,1,276.27,Hibernating / Lost
cust_015061,2016-08-29,732,1,276.26,At Risk (was frequent)
cust_016006,2016-03-28,886,1,276.21,At Risk (was frequent)
cust_010149,2017-09-13,352,1,276.16,Hibernating / Lost
cust_009987,2017-09-28,337,1,276.13,Potential Loyalists
cust_011622,2016-12-31,608,2,276.12,At Risk (was frequent)
cust_003582,2016-05-23,830,1,276.08,Hibernating / Lost
cust_007082,2017-10-09,326,2,275.94,Loyal Customers
cust_008078,2016-10-10,690,1,275.81,Hibernating / Lost
cust_011747,2017-09-05,360,2,275.75,At Risk (was frequent)
cust_008635,2018-02-15,197,3,275.63,Loyal Customers
cust_004087,2017-12-06,268,2,275.58,Loyal Customers
cust_008048,2017-12-08,266,2,275.55,Loyal Customers
cust_010397,2017-02-10,567,1,275.47,Hibernating / Lost
cust_011130,2017-02-10,567,1,275.45,Hibernating / Lost
cust_013647,2016-07-08,784,1,275.43,Hibernating / Lost
cust_017182,2016-11-09,660,2,275.05,At Risk (was frequent)
cust_010537,2017-03-05,544,1,275.03,Hibernating / Lost
cust_010854,2017-09-11,354,1,275.01,Hibernating / Lost
cust_000628,2017-12-10,264,3,274.98,Loyal Customers
cust_009368,2016-11-07,662,2,274.88,At Risk (was frequent)
cust_003938,2017-08-17,379,2,274.87,At Risk (was frequent)
cust_008416,2017-10-04,331,1,274.72,Potential Loyalists
cust_001982,2017-08-25,371,1,274.7,Hibernating / Lost
cust_012807,2017-06-10,447,1,274.66,Hibernating / Lost
cust_005854,2017-09-02,363,1,274.63,Hibernating / Lost
cust_011717,2017-09-25,340,2,274.62,At Risk (was frequent)
cust_010535,2017-11-24,280,1,274.29,Potential Loyalists
cust_001067,2017-11-05,299,2,273.99,Loyal Customers
cust_010834,2017-11-25,279,1,273.97,Potential Loyalists
cust_016579,2017-12-08,266,2,273.88,Loyal Customers
cust_006795,2016-11-20,649,2,273.88,At Risk (was frequent)
cust_012243,2017-01-16,592,2,273.83,At Risk (was frequent)
cust_004587,2016-09-02,728,1,273.77,Hibernating / Lost
cust_010981,2017-03-25,524,3,273.73,At Risk (was frequent)
cust_015907,2016-09-01,729,1,273.63,At Risk (was frequent)
cust_014978,2018-02-22,190,2,273.62,Loyal Customers
cust_018480,2017-08-20,376,3,273.06,At Risk (was frequent)
cust_017059,2018-02-07,205,1,272.79,Loyal Customers
cust_001571,2016-12-08,631,2,272.67,At Risk (was frequent)
cust_004933,2018-02-24,188,3,272.55,Loyal Customers
cust_004208,2017-07-31,396,2,272.43,At Risk (was frequent)
cust_005598,2017-06-08,449,2,272.32,At Risk (was frequent)
cust_010770,2017-05-07,481,1,272.27,Hibernating / Lost
cust_007153,2016-07-12,780,2,272.23,At Risk (was frequent)
cust_009214,2016-11-10,659,2,272.16,At Risk (was frequent)
cust_015886,2016-07-13,779,1,272.13,At Risk (was frequent)
cust_011988,2017-11-19,285,1,271.88,Potential Loyalists
cust_015392,2017-11-19,285,2,271.77,Loyal Customers
cust_018439,2017-03-26,523,1,271.59,At Risk (was frequent)
cust_006864,2017-09-18,347,1,271.51,Hibernating / Lost
cust_016135,2017-07-07,420,3,271.46,At Risk (was frequent)
cust_018543,2016-09-10,720,2,271.41,At Risk (was frequent)
cust_008213,2017-01-02,606,2,271.37,At Risk (was frequent)
cust_012011,2017-04-11,507,1,271.31,Hibernating / Lost
cust_014930,2016-05-08,845,1,271.16,At Risk (was frequent)
cust_000593,2016-10-26,674,2,271.14,At Risk (was frequent)
cust_011351,2017-11-28,276,2,271.06,Loyal Customers
cust_004611,2017-09-12,353,1,271.05,Hibernating / Lost
cust_005680,2018-01-09,234,3,270.94,Loyal Customers
cust_011444,2017-11-21,283,2,270.88,Loyal Customers
cust_007326,2017-09-24,341,2,270.87,At Risk (was frequent)
cust_014349,2018-01-08,235,2,270.71,Loyal Customers
cust_015588,2016-12-10,629,2,270.69,At Risk (was frequent)
cust_011413,2018-01-28,215,2,270.56,Loyal Customers
cust_005452,2016-11-22,647,1,270.51,Hibernating / Lost
cust_018177,2016-04-25,858,2,270.48,At Risk (was frequent)
cust_005890,2016-03-14,900,1,270.38,Hibernating / Lost
cust_004925,2018-02-24,188,1,270.35,Potential Loyalists
cust_010928,2016-11-12,657,2,270.33,At Risk (was frequent)
cust_016687,2017-02-10,567,1,270.33,At Risk (was frequent)
cust_013311,2017-09-23,342,2,270.21,At Risk (was frequent)
cust_007859,2016-08-12,749,1,269.87,Hibernating / Lost
cust_014316,2016-07-03,789,2,269.86,At Risk (was frequent)
cust_003146,2017-03-04,545,2,269.75,At Risk (was frequent)
cust_006129,2016-07-25,767,1,269.31,Hibernating / Lost
cust_002216,2018-02-01,211,1,269.31,Potential Loyalists
cust_007269,2016-08-07,754,1,269.21,Hibernating / Lost
cust_006499,2017-12-22,252,2,269.14,Loyal Customers
cust_008507,2017-11-26,278,2,269.07,Loyal Customers
cust_003427,2016-04-26,857,1,268.88,Hibernating / Lost
cust_009363,2016-04-28,855,1,268.79,Hibernating / Lost
cust_002416,2017-12-30,244,2,268.76,Loyal Customers
cust_009434,2017-05-22,466,2,268.76,At Risk (was frequent)
cust_013218,2017-07-13,414,2,268.53,At Risk (was frequent)
cust_005662,2017-03-14,535,1,268.43,Hibernating / Lost
cust_007774,2017-11-07,297,2,268.4,Loyal Customers
cust_014874,2016-08-23,738,1,268.36,At Risk (was frequent)
cust_004344,2016-03-13,901,1,268.23,Hibernating / Lost
cust_003332,2018-02-07,205,2,268.1,Loyal Customers
cust_013183,2017-01-09,599,1,267.82,Hibernating / Lost
cust_002258,2016-09-30,700,1,267.69,Hibernating / Lost
cust_012654,2017-11-11,293,2,267.4,Loyal Customers
cust_015004,2016-11-15,654,1,267.16,At Risk (was frequent)
cust_010754,2016-10-09,691,2,267.06,At Risk (was frequent)
cust_010038,2017-04-05,513,1,267.02,Hibernating / Lost
cust_017916,2017-01-10,598,3,267.02,At Risk (was frequent)
cust_011528,2017-07-12,415,1,266.96,Hibernating / Lost
cust_008352,2017-11-18,286,2,266.94,Loyal Customers
cust_005690,2018-03-02,182,1,266.88,Potential Loyalists
cust_001179,2016-07-18,774,1,266.87,Hibernating / Lost
cust_000397,2018-02-08,204,1,266.86,Potential Loyalists
cust_001875,2016-06-04,818,1,266.86,Hibernating / Lost
cust_001506,2017-09-03,362,2,266.75,At Risk (was frequent)
cust_017161,2017-11-03,301,2,266.62,Loyal Customers
cust_015258,2016-09-26,704,2,266.37,At Risk (was frequent)
cust_016306,2017-04-30,488,1,266.21,At Risk (was frequent)
cust_017261,2017-08-02,394,3,266.15,At Risk (was frequent)
cust_018082,2017-11-06,298,2,266.08,Loyal Customers
cust_003799,2016-11-11,658,3,265.74,At Risk (was frequent)
cust_010809,2017-02-08,569,1,265.45,Hibernating / Lost
cust_002569,2016-02-26,917,2,265.43,At Risk (was frequent)
cust_004126,2017-02-01,576,1,265.43,Hibernating / Lost
cust_001103,2018-01-18,225,2,265.41,Loyal Customers
cust_008732,2016-04-29,854,1,265.28,Hibernating / Lost
cust_013229,2017-08-27,369,2,265.21,At Risk (was frequent)
cust_015636,2017-08-14,382,2,265.18,At Risk (was frequent)
cust_007615,2017-12-05,269,1,265.11,Potential Loyalists
cust_014463,2018-01-11,232,3,265.09,Loyal Customers
cust_001098,2017-02-01,576,2,264.88,At Risk (was frequent)
cust_016748,2017-07-06,421,1,264.86,At Risk (was frequent)
cust_008065,2017-11-18,286,2,264.77,Loyal Customers
cust_018402,2016-11-01,668,2,264.74,At Risk (was frequent)
cust_001523,2017-10-22,313,2,264.7,Loyal Customers
cust_008343,2016-12-22,617,2,264.68,At Risk (was frequent)
cust_014117,2017-11-22,282,2,264.62,Loyal Customers
cust_018916,2017-10-02,333,3,264.52,Loyal Customers
cust_013055,2017-02-04,573,3,264.51,At Risk (was frequent)
cust_015502,2016-11-30,639,3,264.44,At Risk (was frequent)
cust_003413,2016-11-14,655,2,264.35,At Risk (was frequent)
cust_005176,2017-11-21,283,2,264.26,Loyal Customers
cust_001962,2016-12-07,632,2,264.11,At Risk (was frequent)
cust_015613,2018-02-03,209,2,264.1,Loyal Customers
cust_004707,2017-12-15,259,1,264.1,Potential Loyalists
cust_013203,2017-10-10,325,1,264.02,Potential Loyalists
cust_006537,2017-09-20,345,2,264.01,At Risk (was frequent)
cust_000661,2017-07-05,422,2,263.98,At Risk (was frequent)
cust_017926,2018-01-10,233,1,263.96,Loyal Customers
cust_005806,2016-11-26,643,3,263.96,At Risk (was frequent)
cust_012114,2017-02-22,555,2,263.95,At Risk (was frequent)
cust_007066,2016-01-26,948,1,263.94,Hibernating / Lost
cust_003644,2017-12-22,252,2,263.7,Loyal Customers
cust_013017,2017-11-23,281,3,263.4,Loyal Customers
cust_007130,2018-01-15,228,1,263.31,Potential Loyalists
cust_004563,2018-02-19,193,3,263.26,Loyal Customers
cust_005032,2016-02-05,938,1,263.15,Hibernating / Lost
cust_013782,2017-06-17,440,2,263.08,At Risk (was frequent)
cust_003699,2017-09-17,348,2,263.08,At Risk (was frequent)
cust_015965,2016-07-03,789,1,263.07,At Risk (was frequent)
cust_016136,2017-09-02,363,2,263.0,At Risk (was frequent)
cust_006757,2017-12-05,269,3,262.55,Loyal Customers
cust_005192,2016-12-10,629,1,262.49,Hibernating / Lost
cust_010328,2016-09-13,717,1,262.37,Hibernating / Lost
cust_018446,2017-05-02,486,1,262.34,At Risk (was frequent)
cust_011968,2017-01-09,599,2,262.28,At Risk (was frequent)
cust_013334,2017-11-22,282,2,262.24,Loyal Customers
cust_017624,2018-01-05,238,1,262.01,Loyal Customers
cust_013419,2018-01-01,242,3,261.96,Loyal Customers
cust_010994,2018-01-15,228,3,261.66,Loyal Customers
cust_017210,2017-12-03,271,1,261.51,Loyal Customers
cust_002822,2016-01-16,958,1,261.37,Hibernating / Lost
cust_005333,2017-01-31,577,3,261.24,At Risk (was frequent)
cust_000930,2017-09-27,338,3,261.21,Loyal Customers
cust_001352,2017-05-03,485,2,261.16,At Risk (was frequent)
cust_017889,2017-08-11,385,3,260.98,At Risk (was frequent)
cust_008521,2016-04-23,860,1,260.65,Hibernating / Lost
cust_012873,2017-12-29,245,2,260.27,Loyal Customers
cust_018539,2016-07-01,791,1,260.25,At Risk (was frequent)
cust_013253,2016-10-29,671,2,260.21,At Risk (was frequent)
cust_018004,2016-07-08,784,1,260.21,At Risk (was frequent)
cust_002401,2016-06-20,802,1,260.2,Hibernating / Lost
cust_010912,2016-06-11,811,1,260.19,Hibernating / Lost
cust_000460,2017-11-28,276,3,260.19,Loyal Customers
cust_015771,2017-09-02,363,2,260.15,At Risk (was frequent)
cust_013065,2016-01-14,960,1,260.14,Hibernating / Lost
cust_003882,2017-11-11,293,1,260.07,Potential Loyalists
cust_013625,2016-03-11,903,1,259.89,Hibernating / Lost
cust_001988,2018-01-12,231,3,259.63,Loyal Customers
cust_016439,2016-08-23,738,2,259.62,At Risk (was frequent)
cust_010941,2017-10-20,315,2,259.41,Loyal Customers
cust_004079,2018-03-01,183,1,259.34,Potential Loyalists
cust_013275,2017-04-18,500,2,259.25,At Risk (was frequent)
cust_010646,2017-08-26,370,2,258.94,At Risk (was frequent)
cust_002595,2017-09-15,350,1,258.87,Hibernating / Lost
cust_017482,2017-02-06,571,2,258.8,At Risk (was frequent)
cust_001263,2016-11-04,665,1,258.79,Hibernating / Lost
cust_010568,2016-12-25,614,2,258.74,At Risk (was frequent)
cust_011370,2018-01-13,230,2,258.7,Loyal Customers
cust_018537,2016-06-02,820,1,258.46,At Risk (was frequent)
cust_002063,2016-10-21,679,2,258.16,At Risk (was frequent)
cust_000413,2018-01-05,238,2,258.15,Loyal Customers
cust_013234,2017-12-25,249,2,258.07,Loyal Customers
cust_016583,2017-11-03,301,2,258.05,Loyal Customers
cust_012373,2016-11-02,667,1,258.0,Hibernating / Lost
cust_004993,2017-06-20,437,2,257.81,At Risk (was frequent)
cust_013076,2018-02-10,202,1,257.55,Potential Loyalists
cust_010710,2017-09-05,360,1,257.42,Hibernating / Lost
cust_004195,2016-09-16,714,1,257.33,Hibernating / Lost
cust_004490,2016-07-31,761,1,257.31,Hibernating / Lost
cust_003533,2018-02-23,189,3,257.26,Loyal Customers
cust_005134,2017-08-11,385,3,257.19,At Risk (was frequent)
cust_004772,2017-09-03,362,1,257.09,Hibernating / Lost
cust_001348,2017-02-22,555,1,256.97,Hibernating / Lost
cust_003672,2017-10-02,333,1,256.91,Potential Loyalists
cust_015114,2017-11-20,284,2,256.58,Loyal Customers
cust_000224,2016-11-18,651,1,256.49,Hibernating / Lost
cust_003740,2017-12-11,263,3,256.48,Loyal Customers
cust_015325,2016-01-04,970,1,256.21,At Risk (was frequent)
cust_018492,2017-12-19,255,2,256.19,Loyal Customers
cust_017666,2017-11-25,279,3,256.14,Loyal Customers
cust_017652,2016-11-21,648,2,255.93,At Risk (was frequent)
cust_008102,2018-02-24,188,3,255.92,Loyal Customers
cust_014393,2017-01-15,593,1,255.86,At Risk (was frequent)
cust_000036,2017-03-25,524,2,255.69,At Risk (was frequent)
cust_006769,2017-11-12,292,1,255.65,Potential Loyalists
cust_005266,2017-06-22,435,3,255.57,At Risk (was frequent)
cust_001922,2017-05-16,472,2,255.56,At Risk (was frequent)
cust_006085,2016-11-19,650,1,255.52,Hibernating / Lost
cust_016861,2016-02-02,941,1,255.28,At Risk (was frequent)
cust_014745,2017-11-17,287,2,255.24,Loyal Customers
cust_012927,2016-07-29,763,2,255.01,At Risk (was frequent)
cust_003580,2017-12-21,253,2,254.7,Loyal Customers
cust_008337,2017-12-29,245,1,254.59,Potential Loyalists
cust_006808,2017-11-23,281,1,254.54,Potential Loyalists
cust_017510,2018-02-25,187,2,254.54,Loyal Customers
cust_003032,2017-09-27,338,1,254.41,Potential Loyalists
cust_014443,2017-10-13,322,1,254.39,Loyal Customers
cust_005180,2016-10-28,672,2,254.32,At Risk (was frequent)
cust_011146,2017-08-02,394,3,254.25,At Risk (was frequent)
cust_018516,2017-11-15,289,2,254.24,Loyal Customers
cust_010302,2017-09-08,357,3,254.2,At Risk (was frequent)
cust_013598,2017-08-24,372,2,254.11,At Risk (was frequent)
cust_012298,2016-07-03,789,1,253.94,Hibernating / Lost
cust_005819,2017-12-08,266,2,253.86,Loyal Customers
cust_001205,2017-12-29,245,3,253.73,Loyal Customers
cust_002954,2016-10-21,679,1,253.63,Hibernating / Lost
cust_010799,2017-10-31,304,2,253.5,Loyal Customers
cust_008996,2017-12-25,249,2,253.16,Loyal Customers
cust_009233,2018-02-26,186,2,253.1,Loyal Customers
cust_009673,2016-11-15,654,1,253.09,Hibernating / Lost
cust_017607,2017-02-05,572,1,252.76,At Risk (was frequent)
cust_017113,2017-02-25,552,2,252.74,At Risk (was frequent)
cust_010867,2017-12-29,245,2,252.48,Loyal Customers
cust_016300,2017-05-26,462,1,252.41,At Risk (was frequent)
cust_010955,2017-02-18,559,2,252.41,At Risk (was frequent)
cust_012604,2017-11-21,283,2,252.28,Loyal Customers
cust_002222,2017-08-26,370,2,252.01,At Risk (was frequent)
cust_007258,2018-01-23,220,4,251.99,Loyal Customers
cust_006208,2016-04-30,853,1,251.86,Hibernating / Lost
cust_004404,2017-11-18,286,1,251.8,Potential Loyalists
cust_004261,2017-05-07,481,2,251.38,At Risk (was frequent)
cust_008284,2016-01-31,943,1,251.35,Hibernating / Lost
cust_017436,2017-09-01,364,2,251.33,At Risk (was frequent)
cust_006581,2017-09-22,343,2,251.31,At Risk (was frequent)
cust_011674,2017-03-25,524,1,251.27,Hibernating / Lost
cust_000415,2017-01-24,584,1,251.07,Hibernating / Lost
cust_015274,2018-02-10,202,1,251.0,Loyal Customers
cust_009927,2017-02-05,572,2,250.9,At Risk (was frequent)
cust_007069,2017-11-23,281,2,250.84,Loyal Customers
cust_018125,2017-11-03,301,1,250.79,Loyal Customers
cust_001400,2018-01-16,227,2,250.65,Loyal Customers
cust_002981,2017-03-13,536,1,250.63,Hibernating / Lost
cust_001854,2016-12-09,630,3,250.56,At Risk (was frequent)
cust_004051,2016-12-12,627,2,250.53,At Risk (was frequent)
cust_014001,2017-10-30,305,1,250.5,Potential Loyalists
cust_004028,2017-12-11,263,1,250.47,Potential Loyalists
cust_010084,2017-12-22,252,2,250.44,Loyal Customers
cust_011134,2018-01-20,223,1,250.28,Potential Loyalists
cust_018649,2017-10-27,308,3,250.27,Loyal Customers
cust_004833,2016-11-10,659,2,250.24,At Risk (was frequent)
cust_000338,2017-11-14,290,1,250.06,Potential Loyalists
cust_013154,2017-12-06,268,1,249.96,Potential Loyalists
cust_010016,2017-05-01,487,1,249.96,Hibernating / Lost
cust_011071,2017-11-08,296,2,249.75,Loyal Customers
cust_016109,2017-04-11,507,1,249.52,At Risk (was frequent)
cust_017741,2017-07-11,416,2,249.51,At Risk (was frequent)
cust_001597,2017-03-20,529,2,249.51,At Risk (was frequent)
cust_017891,2017-01-10,598,2,249.22,At Risk (was frequent)
cust_012650,2017-03-29,520,2,249.15,At Risk (was frequent)
cust_003293,2018-02-04,208,2,249.12,Loyal Customers
cust_018666,2017-11-06,298,2,248.91,Loyal Customers
cust_008575,2016-12-21,618,1,248.88,Hibernating / Lost
cust_017769,2018-02-12,200,1,248.82,Loyal Customers
cust_018983,2016-10-10,690,1,248.72,At Risk (was frequent)
cust_014989,2017-11-10,294,3,248.43,Loyal Customers
cust_012408,2017-11-02,302,1,248.39,Potential Loyalists
cust_014279,2016-04-04,879,2,248.38,At Risk (was frequent)
cust_013893,2017-12-31,243,2,248.35,Loyal Customers
cust_009875,2016-03-16,898,1,248.29,Hibernating / Lost
cust_012783,2017-07-22,405,1,248.26,Hibernating / Lost
cust_003631,2017-09-23,342,2,248.19,At Risk (was frequent)
cust_005984,2018-01-16,227,1,248.14,Potential Loyalists
cust_000538,2017-12-22,252,2,248.09,Loyal Customers
cust_003601,2017-03-02,547,1,248.0,Hibernating / Lost
cust_000044,2016-10-27,673,2,247.98,At Risk (was frequent)
cust_005099,2018-02-04,208,2,247.97,Loyal Customers
cust_011456,2016-11-05,664,2,247.87,At Risk (was frequent)
cust_003347,2017-12-09,265,1,247.65,Potential Loyalists
cust_009166,2017-02-25,552,2,247.57,At Risk (was frequent)
cust_008572,2016-07-12,780,2,247.54,At Risk (was frequent)
cust_018172,2016-06-03,819,1,247.53,At Risk (was frequent)
cust_005218,2017-03-09,540,1,247.51,Hibernating / Lost
cust_015037,2017-06-17,440,1,247.35,At Risk (was frequent)
cust_003527,2017-06-05,452,4,247.27,At Risk (was frequent)
cust_002463,2016-09-11,719,1,247.16,Hibernating / Lost
cust_003040,2017-12-18,256,2,247.03,Loyal Customers
cust_014327,2017-12-15,259,1,246.76,Loyal Customers
cust_000828,2017-11-17,287,1,246.75,Potential Loyalists
cust_001633,2017-06-03,454,1,246.69,Hibernating / Lost
cust_001355,2016-03-03,911,1,246.66,Hibernating / Lost
cust_017469,2017-07-06,421,1,246.44,At Risk (was frequent)
cust_008535,2016-04-20,863,1,246.41,Hibernating / Lost
cust_003399,2017-09-13,352,1,246.41,Hibernating / Lost
cust_012695,2016-08-19,742,1,246.27,Hibernating / Lost
cust_004835,2017-12-23,251,2,246.1,Loyal Customers
cust_005369,2016-02-19,924,1,245.98,Hibernating / Lost
cust_003267,2017-06-12,445,1,245.94,Hibernating / Lost
cust_001232,2018-01-12,231,1,245.91,Potential Loyalists
cust_017056,2017-04-02,516,1,245.85,At Risk (was frequent)
cust_011295,2017-12-31,243,3,245.82,Loyal Customers
cust_013676,2018-01-30,213,1,245.75,Potential Loyalists
cust_015414,2016-12-04,635,1,245.74,At Risk (was frequent)
cust_017810,2016-07-18,774,1,245.62,At Risk (was frequent)
cust_004804,2016-11-01,668,1,245.58,Hibernating / Lost
cust_006268,2016-03-08,906,1,245.51,Hibernating / Lost
cust_001887,2016-04-13,870,1,245.28,Hibernating / Lost
cust_004021,2017-04-05,513,1,245.1,Hibernating / Lost
cust_010614,2017-04-13,505,2,245.07,At Risk (was frequent)
cust_007822,2016-07-21,771,1,244.98,Hibernating / Lost
cust_018592,2018-01-05,238,1,244.97,Loyal Customers
cust_009396,2018-02-13,199,2,244.95,Loyal Customers
cust_018131,2016-06-13,809,2,244.91,At Risk (was frequent)
cust_013674,2017-04-12,506,2,244.81,At Risk (was frequent)
cust_018694,2017-12-26,248,2,244.69,Loyal Customers
cust_000136,2016-07-30,762,2,244.54,At Risk (was frequent)
cust_012183,2017-04-01,517,2,244.52,At Risk (was frequent)
cust_003110,2017-11-01,303,1,244.42,Potential Loyalists
cust_007177,2017-04-25,493,3,244.28,At Risk (was frequent)
cust_016540,2017-01-16,592,1,244.17,At Risk (was frequent)
cust_015268,2017-09-12,353,2,244.15,At Risk (was frequent)
cust_003096,2018-01-02,241,3,244.11,Loyal Customers
cust_000589,2017-12-19,255,1,244.04,Potential Loyalists
cust_003706,2016-11-14,655,2,243.85,At Risk (was frequent)
cust_017659,2017-06-16,441,1,243.8,At Risk (was frequent)
cust_015198,2017-07-18,409,2,243.78,At Risk (was frequent)
cust_011204,2017-08-01,395,3,243.63,At Risk (was frequent)
cust_016419,2018-01-09,234,1,243.62,Loyal Customers
cust_003109,2016-11-21,648,1,243.54,Hibernating / Lost
cust_009450,2016-06-30,792,1,243.53,Hibernating / Lost
cust_001808,2016-11-05,664,1,243.47,Hibernating / Lost
cust_009678,2016-07-15,777,1,243.46,Hibernating / Lost
cust_003719,2017-09-12,353,2,243.36,At Risk (was frequent)
cust_011233,2016-07-02,790,1,243.28,Hibernating / Lost
cust_010134,2017-06-10,447,2,243.27,At Risk (was frequent)
cust_001766,2018-02-01,211,1,243.25,Potential Loyalists
cust_018974,2017-11-30,274,1,243.24,Loyal Customers
cust_008231,2017-11-04,300,2,243.17,Loyal Customers
cust_003645,2017-07-09,418,1,243.07,Hibernating / Lost
cust_015860,2017-12-06,268,2,243.04,Loyal Customers
cust_016282,2017-03-10,539,2,243.01,At Risk (was frequent)
cust_016430,2017-07-26,401,1,243.01,At Risk (was frequent)
cust_011394,2017-12-05,269,2,243.0,Loyal Customers
cust_012566,2016-10-02,698,1,242.92,Hibernating / Lost
cust_004913,2016-07-13,779,1,242.76,Hibernating / Lost
cust_005468,2017-09-12,353,2,242.72,At Risk (was frequent)
cust_006035,2017-05-12,476,1,242.56,Hibernating / Lost
cust_000266,2017-08-22,374,1,242.56,Hibernating / Lost
cust_018987,2017-06-10,447,2,242.43,At Risk (was frequent)
cust_000101,2017-03-16,533,1,242.36,Hibernating / Lost
cust_002655,2017-01-30,578,1,242.33,Hibernating / Lost
cust_009198,2017-08-08,388,2,242.31,At Risk (was frequent)
cust_014354,2018-01-14,229,3,242.18,Loyal Customers
cust_004112,2017-07-03,424,2,242.17,At Risk (was frequent)
cust_007753,2017-10-22,313,2,242.08,Loyal Customers
cust_008145,2017-04-04,514,1,241.95,Hibernating / Lost
cust_004247,2017-02-06,571,1,241.94,Hibernating / Lost
cust_018742,2017-11-22,282,2,241.94,Loyal Customers
cust_009976,2016-04-05,878,1,241.84,Hibernating / Lost
cust_018364,2017-02-03,574,1,241.61,At Risk (was frequent)
cust_011858,2017-06-11,446,1,241.54,Hibernating / Lost
cust_007709,2017-06-15,442,2,241.52,At Risk (was frequent)
cust_004147,2016-12-25,614,2,241.44,At Risk (was frequent)
cust_017556,2017-08-20,376,1,241.44,At Risk (was frequent)
cust_002807,2016-08-19,742,2,241.41,At Risk (was frequent)
cust_001784,2017-10-05,330,3,241.34,Loyal Customers
cust_002147,2016-11-14,655,1,241.33,Hibernating / Lost
cust_016190,2017-12-27,247,2,241.19,Loyal Customers
cust_015449,2017-12-29,245,2,241.19,Loyal Customers
cust_006361,2017-11-08,296,2,241.15,Loyal Customers
cust_015066,2017-04-23,495,3,241.09,At Risk (was frequent)
cust_015157,2017-09-22,343,1,241.05,At Risk (was frequent)
cust_011312,2016-11-17,652,2,241.03,At Risk (was frequent)
cust_005845,2017-09-03,362,2,240.99,At Risk (was frequent)
cust_000471,2016-04-30,853,1,240.98,Hibernating / Lost
cust_012201,2017-12-30,244,3,240.95,Loyal Customers
cust_016211,2017-01-14,594,1,240.87,At Risk (was frequent)
cust_007837,2017-10-08,327,1,240.74,Potential Loyalists
cust_002527,2017-05-22,466,2,240.67,At Risk (was frequent)
cust_003691,2017-12-11,263,4,240.6,Loyal Customers
cust_009263,2018-02-10,202,1,240.59,Potential Loyalists
cust_002524,2017-04-08,510,1,240.56,Hibernating / Lost
cust_015596,2017-12-31,243,3,240.56,Loyal Customers
cust_004336,2018-01-13,230,2,240.38,Loyal Customers
cust_013158,2016-02-27,916,1,240.31,Hibernating / Lost
cust_005329,2016-07-12,780,2,240.29,At Risk (was frequent)
cust_015460,2017-08-14,382,2,240.28,At Risk (was frequent)
cust_003965,2016-02-14,929,1,239.98,Hibernating / Lost
cust_009423,2016-09-03,727,1,239.96,Hibernating / Lost
cust_012699,2017-09-08,357,2,239.94,At Risk (was frequent)
cust_000609,2017-11-30,274,2,239.64,Loyal Customers
cust_015330,2017-04-28,490,2,239.55,At Risk (was frequent)
cust_015090,2017-12-18,256,2,239.44,Loyal Customers
cust_005529,2016-12-23,616,3,239.41,At Risk (was frequent)
cust_004914,2017-10-06,329,3,239.36,Loyal Customers
cust_011945,2017-11-23,281,1,239.15,Potential Loyalists
cust_010448,2016-08-09,752,2,239.13,At Risk (was frequent)
cust_004430,2018-01-16,227,1,239.1,Potential Loyalists
cust_018061,2017-03-26,523,1,238.93,At Risk (was frequent)
cust_004863,2017-09-05,360,1,238.85,Hibernating / Lost
cust_018903,2017-11-20,284,2,238.83,Loyal Customers
cust_003298,2017-12-01,273,1,238.56,Potential Loyalists
cust_012659,2016-04-09,874,1,238.47,Hibernating / Lost
cust_007622,2016-11-08,661,1,238.42,Hibernating / Lost
cust_014712,2016-03-05,909,1,238.41,At Risk (was frequent)
cust_013409,2017-12-15,259,2,238.32,Loyal Customers
cust_012984,2017-09-21,344,1,238.23,Hibernating / Lost
cust_018001,2017-01-10,598,1,238.23,At Risk (was frequent)
cust_015711,2016-08-11,750,1,238.23,At Risk (was frequent)
cust_005563,2017-08-23,373,2,238.03,At Risk (was frequent)
cust_016244,2017-06-26,431,1,237.98,At Risk (was frequent)
cust_010709,2017-12-21,253,2,237.97,Loyal Customers
cust_005341,2017-12-10,264,1,237.9,Potential Loyalists
cust_013075,2017-08-31,365,1,237.89,Hibernating / Lost
cust_012088,2016-10-16,684,2,237.88,At Risk (was frequent)
cust_013586,2016-06-01,821,1,237.86,Hibernating / Lost
cust_007927,2016-11-16,653,2,237.85,At Risk (was frequent)
cust_008379,2017-09-10,355,1,237.75,Hibernating / Lost
cust_009070,2017-06-12,445,2,237.74,At Risk (was frequent)
cust_007961,2018-02-23,189,2,237.71,Loyal Customers
cust_005429,2016-11-10,659,1,237.64,Hibernating / Lost
cust_000390,2016-11-08,661,1,237.64,Hibernating / Lost
cust_015887,2018-02-18,194,1,237.61,Loyal Customers
cust_012557,2016-09-22,708,1,237.51,Hibernating / Lost
cust_015215,2017-10-30,305,2,237.28,Loyal Customers
cust_015179,2017-08-24,372,3,237.28,At Risk (was frequent)
cust_002772,2017-09-23,342,1,237.28,Hibernating / Lost
cust_006693,2017-12-25,249,1,237.2,Potential Loyalists
cust_003352,2017-10-25,310,2,237.13,Loyal Customers
cust_010500,2016-08-15,746,1,236.82,Hibernating / Lost
cust_006958,2017-03-26,523,1,236.79,Hibernating / Lost
cust_010051,2016-08-31,730,1,236.77,Hibernating / Lost
cust_004581,2018-02-21,191,2,236.73,Loyal Customers
cust_008566,2016-11-15,654,1,236.67,Hibernating / Lost
cust_014298,2016-08-11,750,1,236.54,At Risk (was frequent)
cust_016129,2017-03-14,535,2,236.53,At Risk (was frequent)
cust_008137,2016-11-10,659,1,236.53,Hibernating / Lost
cust_005539,2017-08-11,385,1,236.52,Hibernating / Lost
cust_011316,2016-09-20,710,1,236.34,Hibernating / Lost
cust_010719,2017-05-07,481,1,236.33,Hibernating / Lost
cust_007612,2016-08-02,759,2,236.29,At Risk (was frequent)
cust_016031,2017-06-20,437,1,236.19,At Risk (was frequent)
cust_010235,2017-10-08,327,2,236.17,Loyal Customers
cust_017316,2017-06-23,434,2,236.06,At Risk (was frequent)
cust_007829,2017-08-27,369,2,236.01,At Risk (was frequent)
cust_013141,2017-06-03,454,1,235.99,Hibernating / Lost
cust_007495,2016-03-18,896,1,235.76,Hibernating / Lost
cust_003872,2016-06-01,821,1,235.65,Hibernating / Lost
cust_001223,2016-07-23,769,1,235.59,Hibernating / Lost
cust_011114,2017-06-17,440,2,235.52,At Risk (was frequent)
cust_002297,2017-12-31,243,1,235.47,Potential Loyalists
cust_012615,2017-09-16,349,2,235.34,At Risk (was frequent)
cust_003260,2017-10-13,322,2,235.13,Loyal Customers
cust_009062,2017-12-27,247,2,235.0,Loyal Customers
cust_007764,2017-11-30,274,1,234.97,Potential Loyalists
cust_014947,2016-10-23,677,1,234.84,At Risk (was frequent)
cust_012989,2017-12-27,247,2,234.69,Loyal Customers
cust_002958,2016-05-13,840,1,234.63,Hibernating / Lost
cust_006535,2016-10-15,685,2,234.61,At Risk (was frequent)
cust_008687,2018-02-24,188,3,234.24,Loyal Customers
cust_013665,2017-09-01,364,2,234.17,At Risk (was frequent)
cust_005258,2017-11-04,300,3,234.03,Loyal Customers
cust_006855,2017-08-19,377,1,234.03,Hibernating / Lost
cust_007786,2017-10-28,307,1,233.97,Potential Loyalists
cust_013444,2017-10-28,307,1,233.88,Potential Loyalists
cust_006123,2016-12-09,630,3,233.72,At Risk (was frequent)
cust_001996,2017-11-29,275,2,233.7,Loyal Customers
cust_010350,2017-10-03,332,2,233.68,Loyal Customers
cust_016672,2017-11-25,279,3,233.68,Loyal Customers
cust_009586,2017-05-15,473,2,233.66,At Risk (was frequent)
cust_014249,2017-06-19,438,1,233.61,At Risk (was frequent)
cust_016596,2017-03-27,522,2,233.42,At Risk (was frequent)
cust_003377,2016-06-07,815,2,233.41,At Risk (was frequent)
cust_013791,2016-10-03,697,1,233.29,Hibernating / Lost
cust_017248,2017-10-02,333,2,233.25,Loyal Customers
cust_014986,2017-11-11,293,3,233.11,Loyal Customers
cust_000875,2017-11-28,276,1,233.01,Potential Loyalists
cust_014554,2016-04-06,877,1,232.83,At Risk (was frequent)
cust_010341,2016-04-25,858,1,232.68,Hibernating / Lost
cust_000635,2016-08-19,742,2,232.63,At Risk (was frequent)
cust_008258,2016-10-21,679,2,232.59,At Risk (was frequent)
cust_006441,2017-11-13,291,1,232.57,Potential Loyalists
cust_002122,2017-10-19,316,2,232.53,Loyal Customers
cust_013292,2017-06-17,440,1,232.52,Hibernating / Lost
cust_011066,2017-04-24,494,2,232.51,At Risk (was frequent)
cust_004324,2016-09-15,715,1,232.19,Hibernating / Lost
cust_008736,2017-09-10,355,2,232.11,At Risk (was frequent)
cust_010269,2016-03-22,892,1,232.09,Hibernating / Lost
cust_013835,2016-09-05,725,1,232.08,Hibernating / Lost
cust_018002,2017-04-07,511,2,231.66,At Risk (was frequent)
cust_001672,2016-12-19,620,1,231.66,Hibernating / Lost
cust_002229,2017-01-07,601,1,231.65,Hibernating / Lost
cust_013454,2017-01-25,583,1,231.59,Hibernating / Lost
cust_001995,2017-11-13,291,2,231.48,Loyal Customers
cust_013745,2017-12-24,250,4,231.44,Loyal Customers
cust_005532,2017-06-23,434,2,231.44,At Risk (was frequent)
cust_008589,2016-01-11,963,1,231.38,Hibernating / Lost
cust_005835,2016-12-04,635,1,231.27,Hibernating / Lost
cust_015996,2018-02-07,205,2,231.22,Loyal Customers
cust_001924,2016-08-16,745,1,231.21,Hibernating / Lost
cust_006966,2016-05-26,827,2,231.2,At Risk (was frequent)
cust_016598,2017-11-07,297,2,231.16,Loyal Customers
cust_016358,2017-10-22,313,2,231.05,Loyal Customers
cust_012294,2016-04-09,874,1,231.03,Hibernating / Lost
cust_015095,2017-10-07,328,2,231.03,Loyal Customers
cust_004515,2017-12-23,251,2,231.0,Loyal Customers
cust_010301,2016-11-14,655,2,230.97,At Risk (was frequent)
cust_003092,2017-05-26,462,1,230.81,Hibernating / Lost
cust_013496,2016-10-09,691,1,230.65,Hibernating / Lost
cust_014254,2016-09-12,718,1,230.62,At Risk (was frequent)
cust_010037,2017-12-30,244,2,230.57,Loyal Customers
cust_009385,2017-10-18,317,2,230.46,Loyal Customers
cust_008295,2016-08-01,760,2,230.44,At Risk (was frequent)
cust_012588,2017-05-19,469,1,230.42,Hibernating / Lost
cust_011867,2018-02-02,210,3,230.36,Loyal Customers
cust_008189,2016-03-06,908,1,230.35,Hibernating / Lost
cust_008719,2017-12-08,266,1,230.31,Potential Loyalists
cust_001665,2016-08-28,733,1,230.07,Hibernating / Lost
cust_005347,2018-02-11,201,1,230.04,Potential Loyalists
cust_009275,2017-04-12,506,2,230.03,At Risk (was frequent)
cust_002193,2016-03-15,899,1,229.92,Hibernating / Lost
cust_010410,2017-04-15,503,2,229.74,At Risk (was frequent)
cust_005215,2017-02-12,565,1,229.49,Hibernating / Lost
cust_009029,2016-07-24,768,1,229.44,Hibernating / Lost
cust_002052,2016-10-10,690,1,229.42,Hibernating / Lost
cust_001936,2017-12-15,259,1,229.31,Potential Loyalists
cust_011113,2017-04-26,492,2,229.18,At Risk (was frequent)
cust_006488,2018-01-20,223,2,228.89,Loyal Customers
cust_008392,2017-03-10,539,2,228.85,At Risk (was frequent)
cust_014959,2017-11-08,296,1,228.83,Loyal Customers
cust_018962,2018-03-01,183,2,228.82,Loyal Customers
cust_005737,2017-11-20,284,1,228.78,Potential Loyalists
cust_000408,2017-11-21,283,2,228.72,Loyal Customers
cust_007006,2017-03-09,540,2,228.71,At Risk (was frequent)
cust_010991,2017-10-31,304,1,228.68,Potential Loyalists
cust_001491,2018-02-25,187,2,228.63,Loyal Customers
cust_001612,2016-09-22,708,1,228.58,Hibernating / Lost
cust_014281,2016-12-06,633,1,228.5,At Risk (was frequent)
cust_005425,2017-02-18,559,2,228.36,At Risk (was frequent)
cust_015184,2017-10-20,315,1,228.27,Loyal Customers
cust_003984,2017-06-27,430,1,228.25,Hibernating / Lost
cust_005904,2017-06-10,447,2,228.15,At Risk (was frequent)
cust_014268,2017-10-13,322,1,228.07,Loyal Customers
cust_008534,2017-03-09,540,1,227.99,Hibernating / Lost
cust_016866,2016-12-03,636,1,227.95,At Risk (was frequent)
cust_004729,2017-05-04,484,1,227.95,Hibernating / Lost
cust_010483,2017-07-31,396,2,227.88,At Risk (was frequent)
cust_015109,2017-11-10,294,2,227.82,Loyal Customers
cust_001478,2016-10-14,686,2,227.69,At Risk (was frequent)
cust_006194,2018-02-19,193,3,227.65,Loyal Customers
cust_018147,2016-03-03,911,1,227.56,At Risk (was frequent)
cust_017677,2017-11-23,281,2,227.56,Loyal Customers
cust_002850,2017-11-08,296,2,227.55,Loyal Customers
cust_004997,2016-12-17,622,1,227.52,Hibernating / Lost
cust_006191,2017-06-05,452,2,227.48,At Risk (was frequent)
cust_004845,2017-11-20,284,1,227.45,Potential Loyalists
cust_001614,2016-09-06,724,1,227.42,Hibernating / Lost
cust_013983,2018-02-07,205,2,227.42,Loyal Customers
cust_015107,2017-02-07,570,1,227.14,At Risk (was frequent)
cust_018385,2017-03-08,541,1,227.11,At Risk (was frequent)
cust_003150,2017-06-28,429,1,227.01,Hibernating / Lost
cust_005820,2017-10-21,314,1,227.0,Potential Loyalists
cust_007341,2017-07-23,404,3,226.97,At Risk (was frequent)
cust_011572,2017-03-11,538,2,226.89,At Risk (was frequent)
cust_018254,2017-12-18,256,2,226.88,Loyal Customers
cust_010456,2017-04-30,488,2,226.79,At Risk (was frequent)
cust_007390,2016-03-26,888,1,226.76,Hibernating / Lost
cust_010208,2017-04-11,507,2,226.74,At Risk (was frequent)
cust_008977,2017-10-24,311,1,226.66,Potential Loyalists
cust_004493,2016-12-10,629,1,226.64,Hibernating / Lost
cust_001083,2017-07-22,405,1,226.39,Hibernating / Lost
cust_016539,2016-03-01,913,2,226.24,At Risk (was frequent)
cust_012626,2018-01-29,214,1,226.24,Potential Loyalists
cust_009388,2016-10-28,672,1,226.23,Hibernating / Lost
cust_005605,2016-06-27,795,1,226.16,Hibernating / Lost
cust_009119,2016-11-02,667,1,226.13,Hibernating / Lost
cust_017180,2016-10-13,687,1,226.06,At Risk (was frequent)
cust_003017,2016-11-19,650,2,225.99,At Risk (was frequent)
cust_018454,2017-03-18,531,2,225.88,At Risk (was frequent)
cust_012720,2016-11-17,652,1,225.76,Hibernating / Lost
cust_001345,2017-11-15,289,1,225.69,Potential Loyalists
cust_010575,2017-08-19,377,1,225.69,Hibernating / Lost
cust_011393,2017-01-25,583,1,225.63,Hibernating / Lost
cust_000758,2017-12-14,260,1,225.58,Potential Loyalists
cust_014934,2017-04-19,499,3,225.57,At Risk (was frequent)
cust_018205,2017-04-29,489,1,225.54,At Risk (was frequent)
cust_002990,2017-10-03,332,1,225.43,Potential Loyalists
cust_014623,2017-04-01,517,1,225.17,At Risk (was frequent)
cust_017064,2016-10-15,685,1,225.06,At Risk (was frequent)
cust_002005,2017-12-06,268,1,225.06,Potential Loyalists
cust_007804,2017-03-11,538,2,225.05,At Risk (was frequent)
cust_000508,2016-08-09,752,1,225.04,Hibernating / Lost
cust_013241,2017-12-22,252,2,224.93,Loyal Customers
cust_005403,2017-10-08,327,2,224.9,Loyal Customers
cust_010492,2017-02-16,561,1,224.9,Hibernating / Lost
cust_006308,2017-06-19,438,1,224.88,Hibernating / Lost
cust_017540,2018-01-11,232,2,224.7,Loyal Customers
cust_013319,2018-02-17,195,3,224.65,Loyal Customers
cust_008377,2016-11-24,645,2,224.64,At Risk (was frequent)
cust_007371,2016-11-28,641,2,224.62,At Risk (was frequent)
cust_006260,2017-06-23,434,1,224.44,Hibernating / Lost
cust_009736,2017-09-10,355,1,224.16,Hibernating / Lost
cust_008184,2017-04-28,490,3,223.98,At Risk (was frequent)
cust_000987,2017-06-17,440,2,223.92,At Risk (was frequent)
cust_016891,2017-10-20,315,3,223.91,Loyal Customers
cust_010339,2018-02-13,199,2,223.89,Loyal Customers
cust_017274,2016-12-14,625,2,223.87,At Risk (was frequent)
cust_018039,2017-12-04,270,3,223.71,Loyal Customers
cust_004432,2017-07-26,401,1,223.59,Hibernating / Lost
cust_017732,2018-02-13,199,2,223.48,Loyal Customers
cust_005070,2017-03-13,536,1,223.47,Hibernating / Lost
cust_014174,2016-08-13,748,1,223.45,At Risk (was frequent)
cust_008661,2016-01-12,962,1,223.44,Hibernating / Lost
cust_005627,2018-02-06,206,1,223.39,Potential Loyalists
cust_014970,2017-12-30,244,2,223.17,Loyal Customers
cust_016091,2016-02-17,926,1,223.13,At Risk (was frequent)
cust_000765,2017-02-05,572,2,223.05,At Risk (was frequent)
cust_002271,2016-11-21,648,2,223.02,At Risk (was frequent)
cust_008787,2016-11-13,656,1,223.0,Hibernating / Lost
cust_001235,2017-08-23,373,1,222.99,Hibernating / Lost
cust_015827,2017-12-07,267,2,222.98,Loyal Customers
cust_008712,2016-06-18,804,1,222.79,Hibernating / Lost
cust_001785,2016-12-25,614,1,222.77,Hibernating / Lost
cust_016082,2016-04-15,868,1,222.64,At Risk (was frequent)
cust_010525,2017-07-10,417,2,222.62,At Risk (was frequent)
cust_003374,2016-09-07,723,1,222.6,Hibernating / Lost
cust_009521,2017-05-14,474,2,222.57,At Risk (was frequent)
cust_015936,2016-11-10,659,1,222.57,At Risk (was frequent)
cust_010990,2016-06-02,820,2,222.43,At Risk (was frequent)
cust_018654,2017-05-28,460,2,222.42,At Risk (was frequent)
cust_014400,2018-01-28,215,2,222.4,Loyal Customers
cust_004683,2016-11-09,660,3,222.3,At Risk (was frequent)
cust_014629,2017-05-31,457,2,222.25,At Risk (was frequent)
cust_002127,2017-04-15,503,1,222.23,Hibernating / Lost
cust_007429,2017-09-24,341,2,222.21,At Risk (was frequent)
cust_002412,2017-03-02,547,2,221.78,At Risk (was frequent)
cust_008466,2018-01-03,240,1,221.69,Potential Loyalists
cust_013061,2017-12-27,247,1,221.67,Potential Loyalists
cust_017631,2017-01-10,598,1,221.62,At Risk (was frequent)
cust_004050,2017-11-13,291,2,221.47,Loyal Customers
cust_004872,2016-12-25,614,1,221.38,Hibernating / Lost
cust_003906,2016-05-26,827,1,221.34,Hibernating / Lost
cust_010643,2017-11-27,277,2,221.34,Loyal Customers
cust_010518,2017-11-08,296,2,221.28,Loyal Customers
cust_016665,2016-02-21,922,1,221.21,At Risk (was frequent)
cust_011666,2016-11-18,651,1,221.09,Hibernating / Lost
cust_008981,2017-07-31,396,2,220.97,At Risk (was frequent)
cust_009794,2017-11-26,278,1,220.92,Potential Loyalists
cust_012232,2017-11-21,283,3,220.86,Loyal Customers
cust_015155,2017-08-05,391,1,220.85,At Risk (was frequent)
cust_018672,2017-04-25,493,1,220.71,At Risk (was frequent)
cust_000142,2017-03-06,543,1,220.53,Hibernating / Lost
cust_013973,2016-11-28,641,2,220.51,At Risk (was frequent)
cust_014948,2017-09-12,353,2,220.5,At Risk (was frequent)
cust_006394,2017-11-24,280,2,220.33,Loyal Customers
cust_016007,2016-12-26,613,2,220.32,At Risk (was frequent)
cust_009110,2016-05-19,834,2,220.26,At Risk (was frequent)
cust_004795,2017-11-26,278,2,220.09,Loyal Customers
cust_018422,2017-12-25,249,1,219.75,Loyal Customers
cust_012340,2017-11-20,284,3,219.75,Loyal Customers
cust_013903,2018-02-06,206,1,219.67,Potential Loyalists
cust_010648,2016-05-09,844,1,219.67,Hibernating / Lost
cust_012029,2017-04-21,497,2,219.63,At Risk (was frequent)
cust_011558,2017-05-13,475,2,219.62,At Risk (was frequent)
cust_009512,2017-01-13,595,1,219.54,Hibernating / Lost
cust_014888,2016-08-28,733,1,219.48,At Risk (was frequent)
cust_009901,2017-11-07,297,2,219.46,Loyal Customers
cust_015611,2016-02-10,933,1,219.36,At Risk (was frequent)
cust_007642,2017-05-13,475,2,219.2,At Risk (was frequent)
cust_009757,2017-02-28,549,1,219.2,Hibernating / Lost
cust_016277,2016-11-28,641,2,219.17,At Risk (was frequent)
cust_012422,2017-06-04,453,1,219.17,Hibernating / Lost
cust_018387,2017-12-21,253,1,219.11,Loyal Customers
cust_009075,2017-05-10,478,1,219.01,Hibernating / Lost
cust_013202,2017-09-23,342,1,218.98,Hibernating / Lost
cust_008038,2018-02-25,187,3,218.92,Loyal Customers
cust_012878,2017-11-05,299,2,218.89,Loyal Customers
cust_003295,2017-08-05,391,1,218.86,Hibernating / Lost
cust_014719,2016-03-09,905,1,218.82,At Risk (was frequent)
cust_018650,2017-09-20,345,1,218.8,At Risk (was frequent)
cust_002708,2016-11-27,642,1,218.8,Hibernating / Lost
cust_010368,2017-11-17,287,1,218.8,Potential Loyalists
cust_002100,2016-11-10,659,2,218.72,At Risk (was frequent)
cust_000067,2017-12-08,266,1,218.72,Potential Loyalists
cust_008579,2016-08-08,753,1,218.65,Hibernating / Lost
cust_002639,2017-03-19,530,2,218.64,At Risk (was frequent)
cust_005386,2017-12-20,254,1,218.61,Potential Loyalists
cust_001306,2017-11-06,298,2,218.6,Loyal Customers
cust_013636,2018-02-05,207,1,218.55,Potential Loyalists
cust_003475,2017-10-20,315,2,218.47,Loyal Customers
cust_018822,2016-04-16,867,1,218.47,At Risk (was frequent)
cust_002455,2016-06-03,819,1,218.47,Hibernating / Lost
cust_003762,2016-11-12,657,2,218.43,At Risk (was frequent)
cust_009336,2017-05-22,466,1,218.42,Hibernating / Lost
cust_015371,2017-08-29,367,2,218.4,At Risk (was frequent)
cust_002921,2016-09-23,707,1,218.31,Hibernating / Lost
cust_001312,2017-12-18,256,3,218.21,Loyal Customers
cust_018248,2016-06-21,801,1,218.09,At Risk (was frequent)
cust_007547,2016-12-13,626,1,217.9,Hibernating / Lost
cust_007410,2018-01-12,231,2,217.75,Loyal Customers
cust_000151,2017-12-06,268,3,217.75,Loyal Customers
cust_013099,2017-12-12,262,2,217.61,Loyal Customers
cust_002345,2018-01-19,224,2,217.58,Loyal Customers
cust_018245,2017-01-31,577,1,217.56,At Risk (was frequent)
cust_000102,2016-11-28,641,1,217.5,Hibernating / Lost
cust_007240,2018-01-18,225,2,217.35,Loyal Customers
cust_010520,2018-03-02,182,2,217.24,Loyal Customers
cust_006258,2017-08-09,387,3,217.23,At Risk (was frequent)
cust_018167,2017-11-29,275,1,217.23,Loyal Customers
cust_006860,2016-06-16,806,2,217.22,At Risk (was frequent)
cust_002681,2017-07-10,417,1,217.21,Hibernating / Lost
cust_018936,2018-01-02,241,2,217.11,Loyal Customers
cust_018263,2017-08-19,377,1,217.09,At Risk (was frequent)
cust_013430,2018-02-09,203,2,217.08,Loyal Customers
cust_009849,2017-03-22,527,2,216.96,At Risk (was frequent)
cust_006617,2017-08-01,395,2,216.93,At Risk (was frequent)
cust_013591,2017-05-12,476,2,216.74,At Risk (was frequent)
cust_010130,2017-10-04,331,2,216.67,Loyal Customers
cust_000546,2017-11-03,301,1,216.63,Potential Loyalists
cust_014686,2016-08-24,737,1,216.63,At Risk (was frequent)
cust_018832,2017-10-12,323,3,216.57,Loyal Customers
cust_014774,2018-02-14,198,2,216.44,Loyal Customers
cust_004104,2016-02-25,918,1,216.43,Hibernating / Lost
cust_002798,2017-06-12,445,1,216.32,Hibernating / Lost
cust_006277,2016-05-16,837,2,216.28,At Risk (was frequent)
cust_000491,2016-11-10,659,1,216.19,Hibernating / Lost
cust_013937,2018-01-18,225,1,216.16,Potential Loyalists
cust_002726,2017-08-30,366,2,216.16,At Risk (was frequent)
cust_016062,2016-04-10,873,1,216.14,At Risk (was frequent)
cust_006744,2017-05-02,486,2,216.07,At Risk (was frequent)
cust_003195,2017-05-13,475,1,216.03,Hibernating / Lost
cust_008288,2016-03-23,891,1,215.9,Hibernating / Lost
cust_016565,2016-11-22,647,2,215.9,At Risk (was frequent)
cust_004483,2016-09-04,726,1,215.88,Hibernating / Lost
cust_018924,2016-05-06,847,2,215.86,At Risk (was frequent)
cust_006124,2017-12-26,248,1,215.79,Potential Loyalists
cust_010385,2017-06-04,453,2,215.68,At Risk (was frequent)
cust_018242,2016-09-23,707,1,215.65,At Risk (was frequent)
cust_015382,2017-10-11,324,1,215.62,Loyal Customers
cust_007374,2016-01-10,964,1,215.59,Hibernating / Lost
cust_015632,2016-12-28,611,2,215.59,At Risk (was frequent)
cust_014072,2018-01-15,228,1,215.52,Loyal Customers
cust_012918,2017-10-11,324,3,215.2,Loyal Customers
cust_012334,2016-09-01,729,1,215.11,Hibernating / Lost
cust_005754,2017-10-07,328,2,215.1,Loyal Customers
cust_001671,2017-04-14,504,1,215.03,Hibernating / Lost
cust_005061,2017-11-30,274,1,215.03,Potential Loyalists
cust_003766,2017-07-28,399,1,214.81,Hibernating / Lost
cust_001304,2018-02-27,185,2,214.62,Loyal Customers
cust_003057,2016-03-07,907,1,214.59,Hibernating / Lost
cust_008759,2016-09-12,718,1,214.54,Hibernating / Lost
cust_006284,2017-09-11,354,1,214.45,Hibernating / Lost
cust_008849,2017-06-30,427,1,214.42,Hibernating / Lost
cust_006669,2016-09-22,708,1,214.41,Hibernating / Lost
cust_006360,2017-11-24,280,3,214.35,Loyal Customers
cust_001956,2016-01-20,954,1,214.32,Hibernating / Lost
cust_012240,2016-09-22,708,2,214.31,At Risk (was frequent)
cust_006682,2016-07-19,773,2,214.16,At Risk (was frequent)
cust_004556,2017-06-13,444,1,214.16,Hibernating / Lost
cust_010918,2017-04-05,513,2,214.08,At Risk (was frequent)
cust_011801,2017-10-21,314,2,214.05,Loyal Customers
cust_004699,2018-02-28,184,1,214.01,Potential Loyalists
cust_013402,2017-11-28,276,1,213.73,Potential Loyalists
cust_006917,2017-08-29,367,1,213.69,Hibernating / Lost
cust_001710,2016-03-01,913,1,213.66,Hibernating / Lost
cust_018598,2017-12-07,267,2,213.62,Loyal Customers
cust_013913,2017-06-23,434,1,213.53,Hibernating / Lost
cust_010720,2016-07-02,790,2,213.47,At Risk (was frequent)
cust_001000,2016-12-22,617,3,213.4,At Risk (was frequent)
cust_006349,2018-01-12,231,1,213.36,Potential Loyalists
cust_010722,2018-01-24,219,3,213.27,Loyal Customers
cust_017508,2016-11-20,649,2,213.24,At Risk (was frequent)
cust_015126,2017-08-28,368,2,213.21,At Risk (was frequent)
cust_010920,2016-02-18,925,1,213.07,Hibernating / Lost
cust_001431,2017-11-12,292,2,213.04,Loyal Customers
cust_004357,2016-10-28,672,1,213.02,Hibernating / Lost
cust_012585,2017-01-31,577,1,212.94,Hibernating / Lost
cust_014854,2017-09-08,357,1,212.79,At Risk (was frequent)
cust_010781,2017-07-22,405,2,212.78,At Risk (was frequent)
cust_010251,2017-12-10,264,2,212.69,Loyal Customers
cust_015493,2017-01-20,588,1,212.56,At Risk (was frequent)
cust_003854,2017-08-18,378,2,212.52,At Risk (was frequent)
cust_010230,2017-11-03,301,1,212.49,Potential Loyalists
cust_005562,2017-05-04,484,2,212.45,At Risk (was frequent)
cust_006460,2017-11-10,294,1,212.38,Potential Loyalists
cust_018560,2017-01-10,598,2,212.33,At Risk (was frequent)
cust_010825,2017-10-30,305,2,212.32,Loyal Customers
cust_009486,2017-08-01,395,1,212.29,Hibernating / Lost
cust_014362,2017-10-02,333,1,212.17,Loyal Customers
cust_003044,2017-11-10,294,1,212.12,Potential Loyalists
cust_006083,2017-07-01,426,1,212.1,Hibernating / Lost
cust_015558,2017-12-28,246,2,212.08,Loyal Customers
cust_000907,2017-02-27,550,1,212.08,Hibernating / Lost
cust_003376,2017-12-02,272,2,212.04,Loyal Customers
cust_006783,2018-01-17,226,2,211.93,Loyal Customers
cust_005137,2018-03-01,183,1,211.7,Potential Loyalists
cust_006530,2018-02-19,193,1,211.68,Potential Loyalists
cust_000051,2016-12-13,626,1,211.66,Hibernating / Lost
cust_001438,2017-09-17,348,3,211.62,At Risk (was frequent)
cust_013437,2018-02-15,197,1,211.55,Potential Loyalists
cust_014792,2017-08-15,381,1,211.54,At Risk (was frequent)
cust_017031,2017-10-28,307,1,211.39,Loyal Customers
cust_013639,2017-10-25,310,1,211.38,Potential Loyalists
cust_005173,2016-10-09,691,1,211.38,Hibernating / Lost
cust_012105,2017-07-14,413,1,211.34,Hibernating / Lost
cust_011999,2018-02-14,198,3,211.28,Loyal Customers
cust_004779,2017-03-14,535,3,211.2,At Risk (was frequent)
cust_015750,2016-12-19,620,1,211.2,At Risk (was frequent)
cust_005897,2016-12-17,622,1,211.18,Hibernating / Lost
cust_006728,2017-05-27,461,2,211.09,At Risk (was frequent)
cust_010053,2017-08-07,389,1,211.08,Hibernating / Lost
cust_018874,2016-03-21,893,1,211.02,At Risk (was frequent)
cust_018381,2016-11-08,661,3,211.0,At Risk (was frequent)
cust_010856,2017-11-04,300,1,211.0,Potential Loyalists
cust_005714,2018-03-02,182,1,210.98,Potential Loyalists
cust_013849,2016-10-12,688,1,210.94,Hibernating / Lost
cust_006565,2017-10-22,313,2,210.68,Loyal Customers
cust_006141,2017-10-20,315,1,210.68,Potential Loyalists
cust_013982,2018-02-15,197,2,210.49,Loyal Customers
cust_010218,2018-02-09,203,3,210.41,Loyal Customers
cust_017197,2017-08-19,377,1,210.35,At Risk (was frequent)
cust_002607,2017-09-12,353,3,210.32,At Risk (was frequent)
cust_017658,2017-06-11,446,2,210.32,At Risk (was frequent)
cust_005943,2017-04-25,493,2,210.28,At Risk (was frequent)
cust_007019,2016-05-10,843,1,210.27,Hibernating / Lost
cust_002120,2017-12-08,266,2,210.2,Loyal Customers
cust_008682,2017-08-24,372,2,209.91,At Risk (was frequent)
cust_004012,2017-02-12,565,2,209.9,At Risk (was frequent)
cust_004078,2017-09-19,346,2,209.9,At Risk (was frequent)
cust_003397,2017-12-04,270,2,209.78,Loyal Customers
cust_013440,2017-01-13,595,1,209.71,Hibernating / Lost
cust_004215,2017-12-31,243,2,209.71,Loyal Customers
cust_003423,2016-12-21,618,1,209.67,Hibernating / Lost
cust_013050,2018-02-28,184,2,209.55,Loyal Customers
cust_005213,2017-04-16,502,2,209.48,At Risk (was frequent)
cust_011538,2017-11-05,299,2,209.32,Loyal Customers
cust_009034,2017-05-11,477,1,209.12,Hibernating / Lost
cust_007402,2016-11-19,650,2,209.1,At Risk (was frequent)
cust_015363,2017-04-01,517,2,209.07,At Risk (was frequent)
cust_016233,2017-07-03,424,2,209.02,At Risk (was frequent)
cust_013080,2017-05-15,473,1,209.0,Hibernating / Lost
cust_018137,2016-12-22,617,1,208.98,At Risk (was frequent)
cust_009688,2016-04-10,873,1,208.94,Hibernating / Lost
cust_013315,2016-10-31,669,2,208.78,At Risk (was frequent)
cust_014728,2017-01-24,584,1,208.75,At Risk (was frequent)
cust_007299,2017-03-10,539,1,208.74,Hibernating / Lost
cust_014022,2016-09-05,725,1,208.56,At Risk (was frequent)
cust_004295,2017-05-28,460,2,208.45,At Risk (was frequent)
cust_013572,2017-06-10,447,2,208.32,At Risk (was frequent)
cust_009076,2017-12-24,250,3,208.2,Loyal Customers
cust_011723,2017-01-11,597,2,208.15,At Risk (was frequent)
cust_015165,2017-12-17,257,1,208.11,Loyal Customers
cust_012165,2018-02-22,190,2,207.99,Loyal Customers
cust_002832,2017-12-30,244,3,207.95,Loyal Customers
cust_010576,2017-08-29,367,2,207.94,At Risk (was frequent)
cust_006932,2016-11-10,659,1,207.93,Hibernating / Lost
cust_012903,2017-09-04,361,3,207.86,At Risk (was frequent)
cust_012845,2017-06-10,447,1,207.71,Hibernating / Lost
cust_006130,2018-02-26,186,1,207.68,Potential Loyalists
cust_004888,2018-01-12,231,3,207.57,Loyal Customers
cust_018750,2017-03-28,521,2,207.56,At Risk (was frequent)
cust_001026,2016-05-29,824,1,207.54,Hibernating / Lost
cust_003966,2017-11-09,295,3,207.52,Loyal Customers
cust_002553,2017-09-22,343,3,207.45,At Risk (was frequent)
cust_011112,2016-02-19,924,1,207.43,Hibernating / Lost
cust_011172,2017-10-17,318,2,207.41,Loyal Customers
cust_016155,2017-03-30,519,2,207.41,At Risk (was frequent)
cust_016683,2017-07-21,406,1,207.41,At Risk (was frequent)
cust_007416,2017-12-06,268,2,207.17,Loyal Customers
cust_003840,2017-05-14,474,1,206.98,Hibernating / Lost
cust_003812,2018-01-29,214,2,206.93,Loyal Customers
cust_018479,2017-11-16,288,1,206.88,Loyal Customers
cust_014530,2016-06-01,821,1,206.86,At Risk (was frequent)
cust_006299,2017-12-31,243,2,206.83,Loyal Customers
cust_004574,2017-06-22,435,1,206.82,Hibernating / Lost
cust_016373,2017-02-05,572,1,206.76,At Risk (was frequent)
cust_018150,2017-08-21,375,2,206.74,At Risk (was frequent)
cust_005383,2017-05-18,470,1,206.71,Hibernating / Lost
cust_009630,2018-02-11,201,2,206.62,Loyal Customers
cust_011072,2017-04-03,515,2,206.58,At Risk (was frequent)
cust_014412,2016-11-07,662,1,206.58,At Risk (was frequent)
cust_015566,2016-12-17,622,1,206.55,At Risk (was frequent)
cust_001832,2017-03-25,524,1,206.53,Hibernating / Lost
cust_005498,2017-02-12,565,1,206.48,Hibernating / Lost
cust_014202,2017-12-08,266,1,206.38,Loyal Customers
cust_009639,2018-02-12,200,2,206.31,Loyal Customers
cust_001415,2017-10-21,314,2,206.27,Loyal Customers
cust_010217,2017-09-26,339,1,206.23,Hibernating / Lost
cust_018211,2018-01-08,235,2,206.16,Loyal Customers
cust_011836,2017-04-09,509,2,206.09,At Risk (was frequent)
cust_014655,2017-08-30,366,1,205.96,At Risk (was frequent)
cust_009940,2016-01-27,947,1,205.94,Hibernating / Lost
cust_005324,2016-12-07,632,1,205.86,Hibernating / Lost
cust_001965,2018-02-05,207,2,205.82,Loyal Customers
cust_006040,2017-07-10,417,2,205.79,At Risk (was frequent)
cust_009071,2016-11-19,650,2,205.72,At Risk (was frequent)
cust_008638,2016-12-20,619,2,205.56,At Risk (was frequent)
cust_013014,2018-01-20,223,2,205.55,Loyal Customers
cust_004322,2017-07-02,425,1,205.55,Hibernating / Lost
cust_008514,2016-12-15,624,1,205.52,Hibernating / Lost
cust_013121,2017-07-12,415,1,205.52,Hibernating / Lost
cust_008173,2017-12-20,254,2,205.5,Loyal Customers
cust_004360,2018-01-05,238,1,205.5,Potential Loyalists
cust_002836,2017-11-03,301,1,205.47,Potential Loyalists
cust_017920,2017-10-19,316,1,205.46,Loyal Customers
cust_006661,2016-12-02,637,3,205.44,At Risk (was frequent)
cust_005071,2016-11-02,667,1,205.35,Hibernating / Lost
cust_014556,2017-08-14,382,3,205.35,At Risk (was frequent)
cust_002050,2017-02-25,552,1,205.26,Hibernating / Lost
cust_009823,2016-11-29,640,1,205.26,Hibernating / Lost
cust_007522,2017-08-23,373,1,205.21,Hibernating / Lost
cust_006337,2016-09-10,720,2,205.16,At Risk (was frequent)
cust_004400,2017-11-11,293,2,204.98,Loyal Customers
cust_009337,2018-01-12,231,2,204.95,Loyal Customers
cust_014524,2017-08-13,383,2,204.89,At Risk (was frequent)
cust_009687,2017-09-03,362,2,204.86,At Risk (was frequent)
cust_017688,2018-01-20,223,2,204.85,Loyal Customers
cust_014299,2016-12-10,629,1,204.85,At Risk (was frequent)
cust_005351,2017-11-03,301,2,204.83,Loyal Customers
cust_003003,2017-06-02,455,2,204.82,At Risk (was frequent)
cust_009683,2016-08-13,748,2,204.76,At Risk (was frequent)
cust_005277,2016-03-18,896,1,204.69,Hibernating / Lost
cust_009020,2017-08-29,367,2,204.68,At Risk (was frequent)
cust_006026,2017-06-23,434,2,204.67,At Risk (was frequent)
cust_013799,2016-11-18,651,1,204.61,Hibernating / Lost
cust_018134,2016-01-12,962,1,204.52,At Risk (was frequent)
cust_009930,2017-11-13,291,2,204.33,Loyal Customers
cust_011774,2016-04-25,858,1,204.28,Hibernating / Lost
cust_005186,2016-05-08,845,1,204.26,Hibernating / Lost
cust_015555,2017-05-02,486,1,204.26,At Risk (was frequent)
cust_004286,2017-10-25,310,2,204.2,Loyal Customers
cust_012277,2017-10-17,318,2,204.1,Loyal Customers
cust_000321,2016-06-11,811,1,204.08,Hibernating / Lost
cust_000715,2018-02-11,201,2,203.96,Loyal Customers
cust_003266,2017-04-12,506,1,203.92,Hibernating / Lost
cust_012244,2016-11-09,660,1,203.89,Hibernating / Lost
cust_000289,2017-12-21,253,2,203.71,Loyal Customers
cust_009135,2017-05-09,479,2,203.58,At Risk (was frequent)
cust_000606,2016-07-06,786,1,203.4,Hibernating / Lost
cust_001798,2017-11-28,276,1,203.29,Potential Loyalists
cust_014512,2016-12-17,622,1,203.28,At Risk (was frequent)
cust_008602,2016-05-03,850,1,203.28,Hibernating / Lost
cust_010787,2017-03-25,524,2,203.28,At Risk (was frequent)
cust_012295,2017-09-10,355,2,203.21,At Risk (was frequent)
cust_018285,2018-02-19,193,2,203.1,Loyal Customers
cust_014871,2017-05-22,466,3,203.03,At Risk (was frequent)
cust_016511,2017-07-18,409,2,202.93,At Risk (was frequent)
cust_002684,2017-12-05,269,2,202.89,Loyal Customers
cust_000944,2017-08-02,394,2,202.72,At Risk (was frequent)
cust_008115,2016-08-19,742,1,202.7,Hibernating / Lost
cust_008452,2017-02-17,560,1,202.64,Hibernating / Lost
cust_011395,2017-07-26,401,1,202.61,Hibernating / Lost
cust_016890,2017-03-22,527,1,202.58,At Risk (was frequent)
cust_013926,2017-12-11,263,1,202.49,Potential Loyalists
cust_009065,2018-02-14,198,2,202.49,Loyal Customers
cust_003341,2016-07-18,774,1,202.43,Hibernating / Lost
cust_010244,2017-12-23,251,2,202.34,Loyal Customers
cust_018194,2017-10-23,312,3,202.32,Loyal Customers
cust_016356,2017-07-23,404,1,202.22,At Risk (was frequent)
cust_011375,2018-02-26,186,2,202.19,Loyal Customers
cust_015840,2017-12-26,248,1,202.09,Loyal Customers
cust_009348,2017-07-12,415,2,202.07,At Risk (was frequent)
cust_000248,2016-02-05,938,1,202.05,Hibernating / Lost
cust_010086,2016-10-03,697,2,202.0,At Risk (was frequent)
cust_003867,2017-09-04,361,2,201.93,At Risk (was frequent)
cust_017817,2016-05-05,848,2,201.9,At Risk (was frequent)
cust_001407,2016-11-21,648,1,201.86,Hibernating / Lost
cust_001378,2017-09-17,348,1,201.86,Hibernating / Lost
cust_017148,2017-06-06,451,2,201.81,At Risk (was frequent)
cust_000265,2017-11-16,288,2,201.73,Loyal Customers
cust_004820,2016-10-08,692,1,201.69,Hibernating / Lost
cust_002756,2018-02-21,191,1,201.56,Potential Loyalists
cust_004484,2017-01-17,591,1,201.49,Hibernating / Lost
cust_003261,2016-06-04,818,1,201.46,Hibernating / Lost
cust_013094,2017-11-08,296,2,201.32,Loyal Customers
cust_001429,2017-11-17,287,1,201.31,Potential Loyalists
cust_018789,2016-12-21,618,1,201.29,At Risk (was frequent)
cust_017105,2017-04-29,489,1,201.28,At Risk (was frequent)
cust_010146,2018-02-17,195,1,201.26,Potential Loyalists
cust_007281,2017-03-22,527,2,201.13,At Risk (was frequent)
cust_016268,2017-12-27,247,1,201.03,Loyal Customers
cust_014076,2016-04-20,863,1,200.97,At Risk (was frequent)
cust_005209,2017-11-21,283,2,200.94,Loyal Customers
cust_006469,2017-09-01,364,2,200.89,At Risk (was frequent)
cust_011154,2017-11-07,297,1,200.75,Potential Loyalists
cust_006002,2017-05-16,472,1,200.7,Hibernating / Lost
cust_011758,2017-10-28,307,1,200.68,Potential Loyalists
cust_005067,2016-11-09,660,1,200.66,Hibernating / Lost
cust_012198,2017-06-13,444,1,200.56,Hibernating / Lost
cust_017476,2017-10-11,324,2,200.52,Loyal Customers
cust_015565,2016-09-12,718,1,200.5,At Risk (was frequent)
cust_009123,2017-10-26,309,1,200.46,Potential Loyalists
cust_002900,2016-09-06,724,1,200.46,Hibernating / Lost
cust_015670,2017-12-02,272,1,200.46,Loyal Customers
cust_008093,2017-05-25,463,1,200.45,Hibernating / Lost
cust_006956,2017-12-13,261,1,200.45,Potential Loyalists
cust_001334,2018-02-03,209,2,200.42,Loyal Customers
cust_017024,2016-05-17,836,1,200.37,At Risk (was frequent)
cust_004403,2016-11-23,646,1,200.37,Hibernating / Lost
cust_005229,2017-07-08,419,1,200.26,Hibernating / Lost
cust_015929,2017-12-28,246,2,200.23,Loyal Customers
cust_017026,2017-06-04,453,1,200.17,At Risk (was frequent)
cust_010142,2017-12-17,257,1,200.04,Potential Loyalists
cust_004631,2016-08-26,735,2,199.96,At Risk (was frequent)
cust_010756,2017-04-07,511,1,199.82,Hibernating / Lost
cust_007573,2017-09-03,362,3,199.75,At Risk (was frequent)
cust_005473,2017-09-15,350,3,199.74,At Risk (was frequent)
cust_017847,2016-12-17,622,1,199.74,At Risk (was frequent)
cust_009223,2016-03-22,892,1,199.72,Hibernating / Lost
cust_014755,2018-03-02,182,1,199.61,Loyal Customers
cust_006443,2017-01-22,586,2,199.6,At Risk (was frequent)
cust_006465,2016-12-19,620,1,199.59,Hibernating / Lost
cust_001905,2017-11-16,288,1,199.57,Potential Loyalists
cust_003372,2016-08-27,734,1,199.51,Hibernating / Lost
cust_016641,2016-10-08,692,2,199.48,At Risk (was frequent)
cust_018900,2016-07-01,791,2,199.43,At Risk (was frequent)
cust_012612,2017-12-11,263,2,199.4,Loyal Customers
cust_000989,2017-01-23,585,1,199.25,Hibernating / Lost
cust_008582,2017-07-01,426,1,199.24,Hibernating / Lost
cust_011989,2017-11-25,279,3,199.22,Loyal Customers
cust_008483,2017-04-16,502,1,199.08,Hibernating / Lost
cust_004572,2017-01-08,600,3,199.07,At Risk (was frequent)
cust_003916,2017-01-06,602,2,199.0,At Risk (was frequent)
cust_007032,2018-02-05,207,2,198.87,Loyal Customers
cust_012404,2017-11-20,284,2,198.82,Loyal Customers
cust_018591,2017-05-11,477,1,198.73,At Risk (was frequent)
cust_003614,2016-05-30,823,1,198.71,Hibernating / Lost
cust_009491,2017-11-02,302,1,198.67,Potential Loyalists
cust_000904,2016-11-23,646,1,198.66,Hibernating / Lost
cust_010944,2016-07-17,775,1,198.52,Hibernating / Lost
cust_005625,2017-06-15,442,2,198.51,At Risk (was frequent)
cust_011964,2016-12-05,634,1,198.35,Hibernating / Lost
cust_003793,2016-08-12,749,1,198.29,Hibernating / Lost
cust_008451,2017-01-19,589,2,198.27,At Risk (was frequent)
cust_007643,2018-02-23,189,2,198.22,Loyal Customers
cust_006583,2018-01-26,217,1,198.13,Potential Loyalists
cust_000738,2017-11-23,281,2,197.95,Loyal Customers
cust_010403,2018-01-09,234,2,197.88,Loyal Customers
cust_011399,2016-06-12,810,1,197.85,Hibernating / Lost
cust_008692,2016-11-01,668,1,197.79,Hibernating / Lost
cust_018181,2017-11-17,287,3,197.75,Loyal Customers
cust_009189,2016-12-08,631,1,197.66,Hibernating / Lost
cust_012724,2016-02-06,937,1,197.55,Hibernating / Lost
cust_007831,2016-10-21,679,2,197.55,At Risk (was frequent)
cust_011916,2017-06-23,434,1,197.53,Hibernating / Lost
cust_017991,2017-11-26,278,2,197.49,Loyal Customers
cust_006763,2016-05-08,845,1,197.45,Hibernating / Lost
cust_001664,2017-01-28,580,1,197.44,Hibernating / Lost
cust_000296,2017-04-20,498,1,197.42,Hibernating / Lost
cust_013317,2017-10-04,331,2,197.41,Loyal Customers
cust_003405,2016-01-15,959,1,197.32,Hibernating / Lost
cust_006228,2016-09-15,715,1,197.29,Hibernating / Lost
cust_016044,2016-08-21,740,1,197.25,At Risk (was frequent)
cust_004184,2016-05-21,832,1,197.23,Hibernating / Lost
cust_013459,2017-06-01,456,1,197.19,Hibernating / Lost
cust_011729,2017-05-24,464,2,197.18,At Risk (was frequent)
cust_017928,2016-08-07,754,2,197.13,At Risk (was frequent)
cust_015076,2016-11-12,657,1,197.07,At Risk (was frequent)
cust_009886,2017-08-07,389,1,197.02,Hibernating / Lost
cust_012416,2016-12-04,635,1,196.95,Hibernating / Lost
cust_007425,2017-05-24,464,2,196.92,At Risk (was frequent)
cust_007721,2017-11-05,299,2,196.92,Loyal Customers
cust_018898,2017-08-31,365,1,196.82,At Risk (was frequent)
cust_009279,2017-06-08,449,2,196.71,At Risk (was frequent)
cust_011736,2017-12-29,245,1,196.5,Potential Loyalists
cust_018309,2017-11-28,276,1,196.5,Loyal Customers
cust_000236,2016-10-25,675,1,196.5,Hibernating / Lost
cust_003182,2016-06-26,796,1,196.48,Hibernating / Lost
cust_000726,2016-12-04,635,1,196.47,Hibernating / Lost
cust_012458,2017-01-29,579,2,196.46,At Risk (was frequent)
cust_017978,2017-11-16,288,2,196.41,Loyal Customers
cust_017938,2016-11-23,646,1,196.35,At Risk (was frequent)
cust_007577,2016-02-17,926,2,196.24,At Risk (was frequent)
cust_009485,2017-12-11,263,2,196.22,Loyal Customers
cust_007114,2018-02-24,188,1,196.12,Potential Loyalists
cust_007568,2016-07-31,761,1,196.05,Hibernating / Lost
cust_014450,2016-11-18,651,2,195.95,At Risk (was frequent)
cust_003103,2016-05-16,837,1,195.89,Hibernating / Lost
cust_012841,2017-05-05,483,1,195.84,Hibernating / Lost
cust_011621,2016-12-24,615,2,195.83,At Risk (was frequent)
cust_016624,2017-11-18,286,2,195.8,Loyal Customers
cust_004197,2017-06-11,446,1,195.74,Hibernating / Lost
cust_002769,2017-09-22,343,1,195.7,Hibernating / Lost
cust_014849,2017-11-10,294,1,195.62,Loyal Customers
cust_003210,2017-04-27,491,1,195.58,Hibernating / Lost
cust_002539,2017-09-19,346,2,195.57,At Risk (was frequent)
cust_005482,2016-03-05,909,1,195.49,Hibernating / Lost
cust_017925,2018-01-09,234,1,195.38,Loyal Customers
cust_014041,2017-12-13,261,1,195.35,Loyal Customers
cust_007867,2016-04-29,854,1,195.34,Hibernating / Lost
cust_005250,2016-11-16,653,2,195.29,At Risk (was frequent)
cust_011838,2018-02-01,211,1,195.26,Potential Loyalists
cust_009040,2017-01-23,585,1,195.24,Hibernating / Lost
cust_014468,2016-05-29,824,1,195.19,At Risk (was frequent)
cust_004612,2017-02-18,559,1,195.19,Hibernating / Lost
cust_012821,2017-11-30,274,2,195.18,Loyal Customers
cust_000187,2016-10-12,688,1,195.11,Hibernating / Lost
cust_010220,2016-08-16,745,1,195.08,Hibernating / Lost
cust_002383,2017-11-02,302,1,195.05,Potential Loyalists
cust_013026,2017-02-19,558,1,194.83,Hibernating / Lost
cust_007239,2017-10-14,321,2,194.79,Loyal Customers
cust_008608,2016-12-04,635,2,194.75,At Risk (was frequent)
cust_015194,2017-07-18,409,1,194.66,At Risk (was frequent)
cust_014763,2018-02-24,188,2,194.65,Loyal Customers
cust_011288,2017-05-12,476,2,194.5,At Risk (was frequent)
cust_012469,2017-11-18,286,1,194.47,Potential Loyalists
cust_000534,2018-01-05,238,1,194.46,Potential Loyalists
cust_002700,2017-11-27,277,1,194.4,Potential Loyalists
cust_008344,2017-10-12,323,2,194.32,Loyal Customers
cust_006601,2017-06-27,430,2,194.31,At Risk (was frequent)
cust_012080,2016-10-09,691,1,194.2,Hibernating / Lost
cust_018642,2017-12-19,255,2,194.1,Loyal Customers
cust_003379,2018-01-23,220,3,194.07,Loyal Customers
cust_000888,2016-03-03,911,1,194.03,Hibernating / Lost
cust_010987,2017-12-11,263,2,193.89,Loyal Customers
cust_016035,2017-06-02,455,2,193.86,At Risk (was frequent)
cust_001194,2017-09-14,351,1,193.85,Hibernating / Lost
cust_006731,2016-01-25,949,1,193.85,Hibernating / Lost
cust_002121,2017-12-14,260,2,193.78,Loyal Customers
cust_011665,2017-03-28,521,1,193.77,Hibernating / Lost
cust_015858,2017-05-30,458,1,193.72,At Risk (was frequent)
cust_017569,2017-05-14,474,1,193.71,At Risk (was frequent)
cust_007027,2016-08-14,747,1,193.62,Hibernating / Lost
cust_012484,2016-11-02,667,2,193.55,At Risk (was frequent)
cust_003902,2016-06-18,804,2,193.54,At Risk (was frequent)
cust_015400,2016-01-20,954,1,193.53,At Risk (was frequent)
cust_004116,2017-02-26,551,1,193.52,Hibernating / Lost
cust_001487,2016-05-06,847,1,193.44,Hibernating / Lost
cust_014252,2016-06-11,811,1,193.4,At Risk (was frequent)
cust_009332,2017-12-31,243,1,193.38,Potential Loyalists
cust_018265,2017-03-03,546,1,193.35,At Risk (was frequent)
cust_017703,2017-12-19,255,2,193.34,Loyal Customers
cust_001145,2016-05-16,837,1,193.28,Hibernating / Lost
cust_001371,2018-01-24,219,1,193.23,Potential Loyalists
cust_008110,2017-09-04,361,2,193.17,At Risk (was frequent)
cust_010287,2017-03-11,538,1,193.13,Hibernating / Lost
cust_016772,2017-12-12,262,1,193.11,Loyal Customers
cust_001449,2017-12-21,253,3,193.08,Loyal Customers
cust_009147,2016-04-14,869,1,193.06,Hibernating / Lost
cust_008562,2017-06-18,439,2,193.06,At Risk (was frequent)
cust_002890,2017-10-26,309,2,192.99,Loyal Customers
cust_000335,2016-07-06,786,2,192.92,At Risk (was frequent)
cust_016022,2016-09-15,715,1,192.9,At Risk (was frequent)
cust_018681,2017-09-24,341,3,192.89,At Risk (was frequent)
cust_010201,2017-07-18,409,3,192.88,At Risk (was frequent)
cust_010730,2017-07-09,418,2,192.87,At Risk (was frequent)
cust_010030,2017-03-16,533,2,192.67,At Risk (was frequent)
cust_014994,2017-12-11,263,1,192.62,Loyal Customers
cust_002806,2016-11-14,655,1,192.58,Hibernating / Lost
cust_007328,2017-05-18,470,1,192.45,Hibernating / Lost
cust_007154,2016-11-16,653,1,192.43,Hibernating / Lost
cust_011682,2016-11-24,645,2,192.3,At Risk (was frequent)
cust_009599,2017-12-12,262,2,192.18,Loyal Customers
cust_003963,2017-12-18,256,2,192.14,Loyal Customers
cust_018037,2018-01-06,237,2,192.12,Loyal Customers
cust_016192,2016-11-09,660,3,192.07,At Risk (was frequent)
cust_016671,2016-05-25,828,1,192.0,At Risk (was frequent)
cust_016750,2017-08-23,373,1,191.97,At Risk (was frequent)
cust_016376,2017-05-21,467,1,191.91,At Risk (was frequent)
cust_010893,2017-08-23,373,3,191.85,At Risk (was frequent)
cust_013881,2016-03-07,907,1,191.83,Hibernating / Lost
cust_010865,2017-11-27,277,4,191.76,Loyal Customers
cust_011706,2016-08-05,756,1,191.73,Hibernating / Lost
cust_004185,2016-09-03,727,1,191.63,Hibernating / Lost
cust_017948,2017-05-21,467,1,191.58,At Risk (was frequent)
cust_007574,2017-06-15,442,2,191.55,At Risk (was frequent)
cust_001627,2017-05-22,466,2,191.52,At Risk (was frequent)
cust_014818,2017-07-17,410,2,191.46,At Risk (was frequent)
cust_001139,2017-10-02,333,1,191.39,Potential Loyalists
cust_004693,2018-02-21,191,2,191.38,Loyal Customers
cust_017744,2017-10-24,311,2,191.38,Loyal Customers
cust_015854,2017-11-27,277,2,191.3,Loyal Customers
cust_015695,2017-08-27,369,1,191.21,At Risk (was frequent)
cust_004800,2016-02-11,932,1,191.2,Hibernating / Lost
cust_011726,2016-09-29,701,1,191.14,Hibernating / Lost
cust_006928,2017-12-09,265,1,190.91,Potential Loyalists
cust_012411,2016-01-10,964,1,190.88,Hibernating / Lost
cust_012822,2017-08-16,380,1,190.81,Hibernating / Lost
cust_010177,2016-12-26,613,1,190.79,Hibernating / Lost
cust_017825,2016-08-04,757,1,190.74,At Risk (was frequent)
cust_014688,2017-05-27,461,1,190.73,At Risk (was frequent)
cust_018020,2017-11-30,274,1,190.65,Loyal Customers
cust_010596,2017-11-21,283,2,190.51,Loyal Customers
cust_013316,2017-12-18,256,4,190.43,Loyal Customers
cust_010416,2016-11-05,664,1,190.3,Hibernating / Lost
cust_018667,2017-12-02,272,2,190.27,Loyal Customers
cust_009968,2017-10-01,334,1,190.24,Potential Loyalists
cust_000817,2016-09-25,705,1,190.18,Hibernating / Lost
cust_017005,2016-06-05,817,1,190.03,At Risk (was frequent)
cust_015375,2017-04-28,490,1,189.96,At Risk (was frequent)
cust_003718,2017-06-03,454,1,189.89,Hibernating / Lost
cust_017189,2017-01-12,596,1,189.77,At Risk (was frequent)
cust_016718,2017-09-16,349,1,189.74,At Risk (was frequent)
cust_015767,2016-10-13,687,1,189.69,At Risk (was frequent)
cust_005836,2016-06-23,799,1,189.63,Hibernating / Lost
cust_001231,2016-06-24,798,1,189.54,Hibernating / Lost
cust_005402,2017-02-23,554,2,189.53,At Risk (was frequent)
cust_011907,2017-08-15,381,1,189.33,Hibernating / Lost
cust_000300,2017-03-22,527,1,189.28,Hibernating / Lost
cust_008941,2017-02-28,549,2,189.24,At Risk (was frequent)
cust_006771,2016-05-22,831,1,189.22,Hibernating / Lost
cust_002920,2017-12-29,245,2,189.11,Loyal Customers
cust_017110,2017-07-15,412,2,189.02,At Risk (was frequent)
cust_014884,2018-02-02,210,2,188.99,Loyal Customers
cust_006403,2017-09-12,353,1,188.98,Hibernating / Lost
cust_016648,2017-11-11,293,1,188.96,Loyal Customers
cust_018571,2016-08-18,743,1,188.93,At Risk (was frequent)
cust_004855,2018-02-15,197,3,188.91,Loyal Customers
cust_005309,2016-11-24,645,1,188.89,Hibernating / Lost
cust_005632,2016-05-13,840,1,188.88,Hibernating / Lost
cust_011960,2017-08-06,390,2,188.85,At Risk (was frequent)
cust_014094,2018-01-03,240,2,188.84,Loyal Customers
cust_011976,2016-02-27,916,1,188.81,Hibernating / Lost
cust_003093,2017-03-12,537,1,188.74,Hibernating / Lost
cust_014634,2017-11-20,284,2,188.66,Loyal Customers
cust_003560,2016-04-17,866,1,188.6,Hibernating / Lost
cust_013635,2016-11-14,655,2,188.51,At Risk (was frequent)
cust_010580,2017-12-30,244,2,188.44,Loyal Customers
cust_018670,2016-11-27,642,1,188.4,At Risk (was frequent)
cust_000121,2016-11-22,647,2,188.34,At Risk (was frequent)
cust_004953,2017-09-23,342,3,188.29,At Risk (was frequent)
cust_005840,2018-02-17,195,1,188.15,Potential Loyalists
cust_005512,2017-10-29,306,1,188.13,Potential Loyalists
cust_013618,2017-10-31,304,2,188.11,Loyal Customers
cust_017608,2016-12-08,631,2,188.1,At Risk (was frequent)
cust_011780,2016-10-16,684,1,188.06,Hibernating / Lost
cust_009783,2017-12-08,266,4,187.99,Loyal Customers
cust_008455,2017-11-25,279,1,187.96,Potential Loyalists
cust_011187,2018-01-07,236,3,187.92,Loyal Customers
cust_012556,2017-11-15,289,1,187.88,Potential Loyalists
cust_015233,2016-11-13,656,1,187.85,At Risk (was frequent)
cust_003079,2017-10-31,304,2,187.82,Loyal Customers
cust_004570,2017-01-12,596,1,187.78,Hibernating / Lost
cust_003536,2017-07-30,397,2,187.78,At Risk (was frequent)
cust_017079,2018-03-01,183,3,187.77,Loyal Customers
cust_015909,2017-12-06,268,2,187.76,Loyal Customers
cust_002796,2017-09-09,356,2,187.76,At Risk (was frequent)
cust_011712,2017-04-08,510,1,187.76,Hibernating / Lost
cust_000030,2017-02-19,558,2,187.66,At Risk (was frequent)
cust_003123,2016-10-15,685,1,187.64,Hibernating / Lost
cust_012245,2017-08-14,382,1,187.64,Hibernating / Lost
cust_004106,2017-08-08,388,3,187.64,At Risk (was frequent)
cust_001244,2016-12-30,609,1,187.55,Hibernating / Lost
cust_003732,2017-12-04,270,2,187.51,Loyal Customers
cust_017018,2017-03-02,547,2,187.5,At Risk (was frequent)
cust_000713,2017-12-03,271,2,187.45,Loyal Customers
cust_018552,2016-08-02,759,1,187.42,At Risk (was frequent)
cust_015718,2017-06-26,431,1,187.4,At Risk (was frequent)
cust_000800,2016-11-06,663,1,187.39,Hibernating / Lost
cust_001238,2017-04-09,509,1,187.34,Hibernating / Lost
cust_013722,2017-11-10,294,2,187.33,Loyal Customers
cust_016831,2017-10-04,331,1,187.24,Loyal Customers
cust_005100,2017-08-10,386,2,187.19,At Risk (was frequent)
cust_010657,2017-07-10,417,1,187.18,Hibernating / Lost
cust_000840,2017-06-11,446,1,187.16,Hibernating / Lost
cust_004617,2016-06-04,818,1,187.02,Hibernating / Lost
cust_009612,2018-01-08,235,2,186.98,Loyal Customers
cust_003339,2017-12-20,254,1,186.92,Potential Loyalists
cust_012499,2017-10-09,326,1,186.79,Potential Loyalists
cust_018766,2016-11-10,659,2,186.73,At Risk (was frequent)
cust_010160,2017-06-29,428,1,186.71,Hibernating / Lost
cust_016939,2017-11-18,286,2,186.7,Loyal Customers
cust_002882,2017-10-03,332,2,186.7,Loyal Customers
cust_016311,2016-04-02,881,1,186.68,At Risk (was frequent)
cust_010011,2018-01-17,226,1,186.67,Potential Loyalists
cust_017837,2017-11-26,278,2,186.56,Loyal Customers
cust_013361,2016-02-05,938,1,186.52,Hibernating / Lost
cust_003903,2016-11-22,647,2,186.51,At Risk (was frequent)
cust_014509,2016-06-05,817,1,186.5,At Risk (was frequent)
cust_004110,2017-08-09,387,1,186.49,Hibernating / Lost
cust_003662,2018-02-28,184,2,186.47,Loyal Customers
cust_008148,2017-11-10,294,2,186.46,Loyal Customers
cust_012471,2016-04-18,865,1,186.39,Hibernating / Lost
cust_001846,2017-06-27,430,1,186.21,Hibernating / Lost
cust_006036,2017-06-07,450,2,186.1,At Risk (was frequent)
cust_016480,2017-12-25,249,1,186.08,Loyal Customers
cust_004797,2017-05-07,481,1,186.04,Hibernating / Lost
cust_001800,2016-10-23,677,1,186.0,Hibernating / Lost
cust_000879,2016-12-02,637,1,185.98,Hibernating / Lost
cust_017391,2017-11-18,286,2,185.98,Loyal Customers
cust_000165,2016-11-28,641,2,185.97,At Risk (was frequent)
cust_006114,2018-02-11,201,2,185.96,Loyal Customers
cust_014646,2016-04-29,854,1,185.86,At Risk (was frequent)
cust_014497,2018-01-03,240,1,185.82,Loyal Customers
cust_018384,2016-09-11,719,2,185.81,At Risk (was frequent)
cust_017445,2017-12-16,258,1,185.76,Loyal Customers
cust_001621,2017-11-17,287,1,185.75,Potential Loyalists
cust_009406,2018-01-03,240,1,185.73,Potential Loyalists
cust_016987,2017-03-18,531,2,185.73,At Risk (was frequent)
cust_009735,2016-09-16,714,1,185.66,Hibernating / Lost
cust_001460,2017-06-01,456,1,185.49,Hibernating / Lost
cust_010963,2017-04-30,488,1,185.48,Hibernating / Lost
cust_017638,2017-09-16,349,2,185.44,At Risk (was frequent)
cust_005956,2016-07-21,771,1,185.42,Hibernating / Lost
cust_015148,2017-11-16,288,2,185.42,Loyal Customers
cust_013421,2017-12-01,273,1,185.39,Potential Loyalists
cust_004203,2016-11-24,645,1,185.39,Hibernating / Lost
cust_001920,2017-07-07,420,1,185.36,Hibernating / Lost
cust_002813,2017-11-11,293,1,185.2,Potential Loyalists
cust_004935,2016-07-24,768,1,185.08,Hibernating / Lost
cust_017697,2016-10-10,690,1,184.99,At Risk (was frequent)
cust_000872,2017-12-19,255,1,184.9,Potential Loyalists
cust_008656,2016-03-15,899,1,184.83,Hibernating / Lost
cust_015922,2016-07-19,773,1,184.79,At Risk (was frequent)
cust_009983,2016-01-19,955,1,184.78,Hibernating / Lost
cust_001828,2017-03-02,547,2,184.7,At Risk (was frequent)
cust_009145,2016-05-30,823,1,184.63,Hibernating / Lost
cust_001308,2016-11-22,647,2,184.57,At Risk (was frequent)
cust_015716,2016-02-28,915,1,184.55,At Risk (was frequent)
cust_017976,2017-05-24,464,2,184.52,At Risk (was frequent)
cust_006524,2016-08-02,759,1,184.43,Hibernating / Lost
cust_000634,2016-05-28,825,1,184.31,Hibernating / Lost
cust_005033,2018-02-15,197,3,184.26,Loyal Customers
cust_013673,2017-01-29,579,1,184.24,Hibernating / Lost
cust_012886,2016-05-13,840,1,184.2,Hibernating / Lost
cust_001498,2017-05-26,462,2,184.16,At Risk (was frequent)
cust_002717,2018-02-21,191,1,184.14,Potential Loyalists
cust_006770,2017-12-15,259,2,184.1,Loyal Customers
cust_018199,2017-10-16,319,1,184.06,Loyal Customers
cust_000462,2017-12-20,254,2,184.03,Loyal Customers
cust_017048,2016-01-26,948,1,183.99,At Risk (was frequent)
cust_017246,2017-03-30,519,1,183.97,At Risk (was frequent)
cust_004499,2017-12-23,251,2,183.93,Loyal Customers
cust_002953,2017-12-12,262,1,183.93,Potential Loyalists
cust_016933,2017-02-16,561,2,183.79,At Risk (was frequent)
cust_006660,2018-02-09,203,2,183.76,Loyal Customers
cust_016259,2017-09-24,341,2,183.64,At Risk (was frequent)
cust_011779,2016-11-10,659,1,183.62,Hibernating / Lost
cust_012403,2017-03-16,533,2,183.59,At Risk (was frequent)
cust_015713,2017-05-15,473,1,183.57,At Risk (was frequent)
cust_014826,2016-07-07,785,2,183.48,At Risk (was frequent)
cust_013108,2016-08-17,744,1,183.45,Hibernating / Lost
cust_010686,2016-09-25,705,1,183.33,Hibernating / Lost
cust_005377,2017-11-23,281,2,183.24,Loyal Customers
cust_002316,2017-11-07,297,2,183.21,Loyal Customers
cust_008223,2016-06-04,818,1,183.06,Hibernating / Lost
cust_001592,2017-04-17,501,3,183.03,At Risk (was frequent)
cust_017467,2016-04-24,859,1,182.86,At Risk (was frequent)
cust_017060,2016-10-13,687,2,182.84,At Risk (was frequent)
cust_000220,2017-09-24,341,3,182.81,At Risk (was frequent)
cust_003343,2017-12-08,266,2,182.66,Loyal Customers
cust_015878,2017-07-29,398,2,182.64,At Risk (was frequent)
cust_000766,2016-01-18,956,1,182.58,Hibernating / Lost
cust_005378,2016-11-06,663,1,182.58,Hibernating / Lost
cust_000196,2016-06-29,793,2,182.58,At Risk (was frequent)
cust_013276,2017-01-10,598,2,182.53,At Risk (was frequent)
cust_008559,2016-08-24,737,1,182.53,Hibernating / Lost
cust_016429,2016-11-30,639,2,182.44,At Risk (was frequent)
cust_008769,2016-09-15,715,1,182.43,Hibernating / Lost
cust_014309,2017-02-17,560,1,182.35,At Risk (was frequent)
cust_015976,2016-12-04,635,1,182.34,At Risk (was frequent)
cust_011382,2017-09-18,347,1,182.32,Hibernating / Lost
cust_009714,2018-01-15,228,2,182.15,Loyal Customers
cust_003483,2018-02-12,200,2,182.12,Loyal Customers
cust_000405,2017-09-16,349,1,181.98,Hibernating / Lost
cust_012691,2017-01-17,591,1,181.83,Hibernating / Lost
cust_005974,2016-12-08,631,1,181.67,Hibernating / Lost
cust_012158,2017-11-02,302,1,181.67,Potential Loyalists
cust_014822,2016-10-19,681,1,181.65,At Risk (was frequent)
cust_004071,2017-12-03,271,1,181.62,Potential Loyalists
cust_015689,2017-12-17,257,2,181.59,Loyal Customers
cust_016380,2016-04-18,865,1,181.58,At Risk (was frequent)
cust_003256,2016-11-10,659,1,181.57,Hibernating / Lost
cust_017486,2018-02-20,192,2,181.48,Loyal Customers
cust_009759,2017-09-19,346,1,181.47,Hibernating / Lost
cust_014969,2017-12-25,249,1,181.45,Loyal Customers
cust_010432,2017-06-29,428,1,181.45,Hibernating / Lost
cust_013804,2017-11-09,295,2,181.44,Loyal Customers
cust_014912,2017-07-06,421,2,181.44,At Risk (was frequent)
cust_001542,2017-05-18,470,1,181.43,Hibernating / Lost
cust_012047,2017-04-04,514,2,181.32,At Risk (was frequent)
cust_001833,2017-05-17,471,2,181.23,At Risk (was frequent)
cust_002320,2018-01-07,236,2,181.21,Loyal Customers
cust_000616,2017-03-22,527,1,181.19,Hibernating / Lost
cust_003739,2017-04-15,503,3,181.14,At Risk (was frequent)
cust_016382,2017-12-08,266,2,181.11,Loyal Customers
cust_004440,2016-11-28,641,2,181.07,At Risk (was frequent)
cust_008242,2016-09-08,722,2,181.05,At Risk (was frequent)
cust_002996,2017-11-05,299,1,181.04,Potential Loyalists
cust_015939,2017-08-03,393,1,181.04,At Risk (was frequent)
cust_017362,2017-11-10,294,1,181.03,Loyal Customers
cust_007527,2016-06-16,806,1,180.94,Hibernating / Lost
cust_005299,2017-11-13,291,1,180.88,Potential Loyalists
cust_000792,2016-09-22,708,2,180.87,At Risk (was frequent)
cust_015638,2017-03-10,539,1,180.86,At Risk (was frequent)
cust_001804,2017-11-30,274,2,180.86,Loyal Customers
cust_012729,2016-11-28,641,1,180.79,Hibernating / Lost
cust_018233,2016-04-09,874,1,180.78,At Risk (was frequent)
cust_003357,2018-03-01,183,2,180.71,Loyal Customers
cust_005934,2017-11-12,292,2,180.71,Loyal Customers
cust_010915,2017-07-28,399,2,180.7,At Risk (was frequent)
cust_009902,2016-11-20,649,1,180.58,Hibernating / Lost
cust_005779,2017-06-27,430,2,180.57,At Risk (was frequent)
cust_014869,2017-03-08,541,1,180.54,At Risk (was frequent)
cust_001851,2017-11-08,296,2,180.43,Loyal Customers
cust_010727,2017-11-02,302,2,180.26,Loyal Customers
cust_000966,2017-09-03,362,1,180.23,Hibernating / Lost
cust_006389,2017-05-30,458,1,180.17,Hibernating / Lost
cust_000244,2016-12-26,613,1,180.14,Hibernating / Lost
cust_012014,2017-09-17,348,3,180.07,At Risk (was frequent)
cust_001342,2017-04-26,492,1,179.94,Hibernating / Lost
cust_016157,2017-08-08,388,2,179.85,At Risk (was frequent)
cust_007959,2018-01-05,238,1,179.85,Potential Loyalists
cust_003311,2017-11-12,292,1,179.84,Potential Loyalists
cust_012048,2018-01-29,214,1,179.83,Potential Loyalists
cust_009655,2017-02-22,555,1,179.81,Hibernating / Lost
cust_010405,2016-10-06,694,2,179.72,At Risk (was frequent)
cust_007704,2017-11-17,287,2,179.61,Loyal Customers
cust_009834,2016-11-12,657,2,179.48,At Risk (was frequent)
cust_014907,2016-12-19,620,1,179.45,At Risk (was frequent)
cust_003759,2016-05-19,834,1,179.43,Hibernating / Lost
cust_011057,2016-08-01,760,1,179.31,Hibernating / Lost
cust_013412,2016-06-14,808,1,179.29,Hibernating / Lost
cust_015348,2017-10-20,315,2,179.29,Loyal Customers
cust_004472,2017-05-25,463,1,179.28,Hibernating / Lost
cust_013566,2017-12-30,244,1,179.28,Potential Loyalists
cust_015011,2017-05-24,464,2,179.24,At Risk (was frequent)
cust_000139,2017-10-23,312,1,179.24,Potential Loyalists
cust_000934,2017-09-03,362,2,179.09,At Risk (was frequent)
cust_008824,2016-11-15,654,2,179.08,At Risk (was frequent)
cust_006005,2016-04-28,855,1,179.02,Hibernating / Lost
cust_014886,2017-12-15,259,2,179.02,Loyal Customers
cust_003156,2017-06-29,428,1,178.92,Hibernating / Lost
cust_009843,2016-11-12,657,1,178.91,Hibernating / Lost
cust_006987,2016-10-17,683,1,178.88,Hibernating / Lost
cust_006939,2017-05-11,477,1,178.84,Hibernating / Lost
cust_003658,2017-08-31,365,2,178.67,At Risk (was frequent)
cust_010812,2018-02-27,185,1,178.64,Potential Loyalists
cust_001584,2017-09-07,358,2,178.57,At Risk (was frequent)
cust_006934,2016-11-14,655,2,178.57,At Risk (was frequent)
cust_003729,2016-12-29,610,2,178.46,At Risk (was frequent)
cust_015631,2017-05-25,463,1,178.43,At Risk (was frequent)
cust_004325,2016-01-01,973,1,178.4,Hibernating / Lost
cust_004519,2017-12-13,261,1,178.39,Potential Loyalists
cust_011079,2017-01-08,600,1,178.36,Hibernating / Lost
cust_002235,2016-10-19,681,1,178.35,Hibernating / Lost
cust_000191,2017-02-25,552,1,178.3,Hibernating / Lost
cust_010926,2017-11-03,301,1,178.24,Potential Loyalists
cust_014161,2016-10-02,698,1,178.16,At Risk (was frequent)
cust_010823,2017-11-21,283,2,178.08,Loyal Customers
cust_015334,2016-10-04,696,2,178.03,At Risk (was frequent)
cust_012888,2016-11-16,653,1,178.0,Hibernating / Lost
cust_012746,2017-03-16,533,1,177.87,Hibernating / Lost
cust_003731,2017-03-27,522,1,177.85,Hibernating / Lost
cust_010139,2017-08-06,390,1,177.84,Hibernating / Lost
cust_011618,2017-11-10,294,1,177.64,Potential Loyalists
cust_002620,2016-01-25,949,1,177.54,Hibernating / Lost
cust_010658,2018-01-10,233,2,177.44,Loyal Customers
cust_010779,2016-09-06,724,2,177.36,At Risk (was frequent)
cust_012559,2017-03-27,522,1,177.35,Hibernating / Lost
cust_009443,2017-08-08,388,2,177.34,At Risk (was frequent)
cust_007592,2017-12-12,262,2,177.31,Loyal Customers
cust_010507,2016-07-25,767,1,177.23,Hibernating / Lost
cust_005350,2016-06-29,793,1,177.23,Hibernating / Lost
cust_003098,2016-09-10,720,2,177.22,At Risk (was frequent)
cust_001958,2017-06-05,452,1,177.19,Hibernating / Lost
cust_013537,2018-02-17,195,2,177.09,Loyal Customers
cust_007611,2017-04-02,516,1,177.03,Hibernating / Lost
cust_007169,2017-11-27,277,2,177.01,Loyal Customers
cust_017145,2016-03-24,890,1,177.0,At Risk (was frequent)
cust_006600,2016-03-09,905,1,176.75,Hibernating / Lost
cust_001606,2017-12-03,271,2,176.67,Loyal Customers
cust_018229,2016-03-18,896,1,176.65,At Risk (was frequent)
cust_013550,2017-05-20,468,1,176.65,Hibernating / Lost
cust_001413,2016-10-29,671,1,176.62,Hibernating / Lost
cust_000710,2016-04-18,865,1,176.6,Hibernating / Lost
cust_016604,2017-11-02,302,1,176.55,Loyal Customers
cust_008476,2016-02-20,923,2,176.47,At Risk (was frequent)
cust_005117,2017-07-20,407,2,176.47,At Risk (was frequent)
cust_009087,2016-05-09,844,1,176.43,Hibernating / Lost
cust_015812,2017-08-27,369,2,176.43,At Risk (was frequent)
cust_009904,2017-09-25,340,2,176.31,At Risk (was frequent)
cust_002355,2016-07-28,764,1,176.27,Hibernating / Lost
cust_012625,2016-08-06,755,1,176.23,Hibernating / Lost
cust_017502,2018-02-21,191,2,176.2,Loyal Customers
cust_012302,2018-01-24,219,2,176.06,Loyal Customers
cust_009201,2016-11-21,648,2,176.0,At Risk (was frequent)
cust_007312,2017-07-29,398,2,175.96,At Risk (was frequent)
cust_007276,2017-01-17,591,2,175.89,At Risk (was frequent)
cust_003455,2017-10-20,315,3,175.81,Loyal Customers
cust_014482,2017-01-14,594,1,175.78,At Risk (was frequent)
cust_010213,2017-06-10,447,1,175.76,Hibernating / Lost
cust_006829,2016-11-12,657,1,175.73,Hibernating / Lost
cust_005914,2017-04-06,512,1,175.72,Hibernating / Lost
cust_013111,2018-01-01,242,1,175.61,Potential Loyalists
cust_006739,2017-01-27,581,1,175.55,Hibernating / Lost
cust_007870,2016-04-29,854,1,175.51,Hibernating / Lost
cust_018891,2017-11-13,291,2,175.51,Loyal Customers
cust_006429,2018-02-03,209,1,175.47,Potential Loyalists
cust_011819,2016-06-21,801,1,175.28,Hibernating / Lost
cust_015409,2016-03-31,883,1,175.15,At Risk (was frequent)
cust_018768,2017-12-28,246,2,175.13,Loyal Customers
cust_001724,2017-03-14,535,1,175.09,Hibernating / Lost
cust_012517,2016-12-14,625,1,175.06,Hibernating / Lost
cust_008462,2016-06-21,801,1,175.01,Hibernating / Lost
cust_002809,2017-07-17,410,2,175.0,At Risk (was frequent)
cust_000579,2016-07-25,767,1,174.97,Hibernating / Lost
cust_014130,2018-02-20,192,3,174.95,Loyal Customers
cust_013323,2018-02-12,200,2,174.94,Loyal Customers
cust_000724,2017-11-14,290,2,174.94,Loyal Customers
cust_014540,2016-01-19,955,1,174.89,At Risk (was frequent)
cust_014351,2018-02-25,187,2,174.84,Loyal Customers
cust_003842,2017-11-04,300,1,174.84,Potential Loyalists
cust_014120,2017-01-19,589,1,174.84,At Risk (was frequent)
cust_009501,2016-10-28,672,1,174.8,Hibernating / Lost
cust_018079,2016-08-12,749,1,174.78,At Risk (was frequent)
cust_011860,2017-03-14,535,1,174.67,Hibernating / Lost
cust_013415,2017-01-30,578,1,174.54,Hibernating / Lost
cust_004388,2018-02-05,207,3,174.44,Loyal Customers
cust_014028,2016-10-16,684,1,174.42,At Risk (was frequent)
cust_007934,2017-11-11,293,2,174.41,Loyal Customers
cust_015642,2018-01-28,215,2,174.36,Loyal Customers
cust_003851,2016-05-11,842,1,174.33,Hibernating / Lost
cust_001234,2016-11-02,667,1,174.27,Hibernating / Lost
cust_005285,2017-01-11,597,1,174.19,Hibernating / Lost
cust_001229,2018-03-02,182,1,174.14,Potential Loyalists
cust_006221,2017-02-27,550,1,174.1,Hibernating / Lost
cust_016530,2017-03-25,524,1,174.09,At Risk (was frequent)
cust_014270,2017-11-27,277,1,174.08,Loyal Customers
cust_010790,2017-04-10,508,1,174.03,Hibernating / Lost
cust_004204,2017-12-14,260,2,173.92,Loyal Customers
cust_017181,2016-02-12,931,1,173.8,At Risk (was frequent)
cust_000320,2016-11-18,651,2,173.78,At Risk (was frequent)
cust_018559,2017-05-13,475,2,173.76,At Risk (was frequent)
cust_000123,2017-03-17,532,1,173.72,Hibernating / Lost
cust_001545,2016-04-23,860,1,173.68,Hibernating / Lost
cust_006245,2018-01-13,230,1,173.63,Potential Loyalists
cust_007703,2017-10-26,309,1,173.58,Potential Loyalists
cust_005264,2017-06-06,451,2,173.55,At Risk (was frequent)
cust_006483,2016-08-17,744,1,173.46,Hibernating / Lost
cust_017514,2017-11-02,302,1,173.45,Loyal Customers
cust_014137,2016-07-10,782,2,173.42,At Risk (was frequent)
cust_017796,2016-05-23,830,1,173.42,At Risk (was frequent)
cust_006909,2016-10-01,699,1,173.29,Hibernating / Lost
cust_015309,2016-02-09,934,1,173.29,At Risk (was frequent)
cust_014312,2018-01-14,229,1,173.22,Loyal Customers
cust_010704,2017-01-18,590,1,173.16,Hibernating / Lost
cust_017190,2017-11-22,282,2,173.16,Loyal Customers
cust_002741,2017-08-08,388,1,173.06,Hibernating / Lost
cust_010732,2017-12-23,251,2,173.05,Loyal Customers
cust_005920,2017-08-31,365,2,173.04,At Risk (was frequent)
cust_016721,2017-12-17,257,2,173.03,Loyal Customers
cust_005233,2017-04-30,488,1,172.94,Hibernating / Lost
cust_001657,2017-06-26,431,2,172.83,At Risk (was frequent)
cust_002745,2017-07-18,409,1,172.72,Hibernating / Lost
cust_006021,2017-08-13,383,2,172.62,At Risk (was frequent)
cust_005034,2017-05-21,467,2,172.62,At Risk (was frequent)
cust_001990,2017-09-28,337,2,172.59,Loyal Customers
cust_000624,2018-02-23,189,1,172.58,Potential Loyalists
cust_009741,2017-09-22,343,3,172.56,At Risk (was frequent)
cust_012293,2017-03-28,521,2,172.53,At Risk (was frequent)
cust_006078,2017-12-03,271,1,172.51,Potential Loyalists
cust_012095,2017-09-27,338,2,172.5,Loyal Customers
cust_010063,2016-08-18,743,1,172.48,Hibernating / Lost
cust_017648,2017-04-25,493,2,172.46,At Risk (was frequent)
cust_002491,2017-01-25,583,1,172.39,Hibernating / Lost
cust_004615,2017-11-25,279,1,172.39,Potential Loyalists
cust_012816,2016-10-11,689,1,172.38,Hibernating / Lost
cust_016713,2017-02-15,562,2,172.36,At Risk (was frequent)
cust_005565,2017-11-04,300,1,172.35,Potential Loyalists
cust_000599,2016-03-06,908,1,172.31,Hibernating / Lost
cust_014323,2018-01-05,238,2,172.25,Loyal Customers
cust_016231,2016-02-18,925,1,172.25,At Risk (was frequent)
cust_017760,2017-01-17,591,2,172.24,At Risk (was frequent)
cust_011635,2017-04-20,498,1,172.2,Hibernating / Lost
cust_006890,2016-03-03,911,1,172.16,Hibernating / Lost
cust_017908,2016-05-29,824,1,172.12,At Risk (was frequent)
cust_004044,2017-08-03,393,1,172.11,Hibernating / Lost
cust_015212,2017-12-21,253,2,172.1,Loyal Customers
cust_008701,2016-06-30,792,1,172.08,Hibernating / Lost
cust_018676,2017-05-03,485,2,172.0,At Risk (was frequent)
cust_011129,2016-12-01,638,1,171.97,Hibernating / Lost
cust_001726,2017-12-10,264,2,171.93,Loyal Customers
cust_016263,2017-09-26,339,2,171.82,Loyal Customers
cust_018570,2017-06-28,429,2,171.77,At Risk (was frequent)
cust_002984,2017-05-10,478,1,171.72,Hibernating / Lost
cust_000029,2017-07-13,414,1,171.62,Hibernating / Lost
cust_009433,2016-11-26,643,1,171.62,Hibernating / Lost
cust_003138,2017-02-11,566,2,171.62,At Risk (was frequent)
cust_012793,2016-05-10,843,1,171.49,Hibernating / Lost
cust_011875,2017-12-20,254,2,171.42,Loyal Customers
cust_016319,2016-07-19,773,1,171.37,At Risk (was frequent)
cust_005917,2017-12-04,270,2,171.37,Loyal Customers
cust_008367,2017-09-13,352,1,171.32,Hibernating / Lost
cust_017114,2016-12-22,617,1,171.28,At Risk (was frequent)
cust_007433,2016-12-15,624,1,171.25,Hibernating / Lost
cust_012838,2016-04-24,859,2,171.19,At Risk (was frequent)
cust_008380,2017-11-17,287,1,171.13,Potential Loyalists
cust_012495,2017-07-28,399,1,171.08,Hibernating / Lost
cust_007906,2017-12-19,255,2,171.05,Loyal Customers
cust_001134,2017-05-23,465,1,170.94,Hibernating / Lost
cust_003825,2016-08-03,758,2,170.9,At Risk (was frequent)
cust_018371,2017-10-28,307,1,170.82,Loyal Customers
cust_006471,2017-05-29,459,2,170.82,At Risk (was frequent)
cust_018675,2016-11-21,648,2,170.8,At Risk (was frequent)
cust_015757,2017-05-23,465,2,170.8,At Risk (was frequent)
cust_015649,2016-10-31,669,2,170.8,At Risk (was frequent)
cust_012049,2017-10-20,315,2,170.78,Loyal Customers
cust_018294,2017-08-08,388,1,170.71,At Risk (was frequent)
cust_007490,2017-01-11,597,1,170.71,Hibernating / Lost
cust_013940,2018-02-26,186,2,170.69,Loyal Customers
cust_000058,2017-05-01,487,3,170.66,At Risk (was frequent)
cust_010231,2016-07-17,775,2,170.62,At Risk (was frequent)
cust_003471,2017-01-25,583,2,170.62,At Risk (was frequent)
cust_009959,2017-12-16,258,1,170.61,Potential Loyalists
cust_008720,2017-08-08,388,2,170.49,At Risk (was frequent)
cust_002716,2017-08-10,386,2,170.49,At Risk (was frequent)
cust_011004,2016-11-11,658,1,170.48,Hibernating / Lost
cust_018587,2016-08-25,736,1,170.47,At Risk (was frequent)
cust_007665,2017-07-31,396,2,170.42,At Risk (was frequent)
cust_011596,2017-10-13,322,2,170.35,Loyal Customers
cust_017275,2017-03-28,521,2,170.33,At Risk (was frequent)
cust_017647,2017-09-24,341,2,170.21,At Risk (was frequent)
cust_018044,2016-11-27,642,1,170.12,At Risk (was frequent)
cust_013500,2016-06-25,797,1,170.08,Hibernating / Lost
cust_015687,2017-01-24,584,3,170.03,At Risk (was frequent)
cust_003111,2017-08-11,385,1,169.99,Hibernating / Lost
cust_001078,2017-07-09,418,1,169.99,Hibernating / Lost
cust_012241,2016-09-28,702,1,169.96,Hibernating / Lost
cust_015359,2016-12-30,609,2,169.89,At Risk (was frequent)
cust_005955,2017-04-05,513,2,169.86,At Risk (was frequent)
cust_009955,2016-11-06,663,1,169.85,Hibernating / Lost
cust_018153,2016-08-08,753,1,169.81,At Risk (was frequent)
cust_014510,2017-01-30,578,2,169.78,At Risk (was frequent)
cust_003346,2016-06-01,821,1,169.73,Hibernating / Lost
cust_011436,2017-12-21,253,2,169.72,Loyal Customers
cust_014751,2016-12-02,637,1,169.6,At Risk (was frequent)
cust_017800,2017-12-19,255,1,169.59,Loyal Customers
cust_017529,2016-04-15,868,1,169.57,At Risk (was frequent)
cust_007387,2017-12-16,258,1,169.42,Potential Loyalists
cust_013908,2017-03-13,536,2,169.33,At Risk (was frequent)
cust_010476,2017-02-23,554,2,169.3,At Risk (was frequent)
cust_005727,2017-11-28,276,2,169.3,Loyal Customers
cust_016815,2016-03-06,908,1,169.23,At Risk (was frequent)
cust_015067,2017-05-12,476,2,169.23,At Risk (was frequent)
cust_017679,2016-10-03,697,1,169.18,At Risk (was frequent)
cust_000480,2018-01-04,239,3,169.14,Loyal Customers
cust_002138,2017-12-17,257,1,169.1,Potential Loyalists
cust_016594,2017-10-21,314,1,168.95,Loyal Customers
cust_000739,2017-11-21,283,2,168.88,Loyal Customers
cust_007199,2017-04-21,497,2,168.85,At Risk (was frequent)
cust_008439,2017-11-30,274,1,168.83,Potential Loyalists
cust_018281,2017-08-18,378,2,168.79,At Risk (was frequent)
cust_012033,2017-04-25,493,2,168.69,At Risk (was frequent)
cust_001732,2016-11-05,664,1,168.66,Hibernating / Lost
cust_012099,2017-12-03,271,1,168.65,Potential Loyalists
cust_008748,2016-10-07,693,1,168.63,Hibernating / Lost
cust_011463,2018-01-16,227,1,168.55,Potential Loyalists
cust_016479,2017-07-03,424,1,168.54,At Risk (was frequent)
cust_001072,2018-01-16,227,2,168.53,Loyal Customers
cust_014193,2016-04-05,878,1,168.49,At Risk (was frequent)
cust_015021,2017-11-21,283,1,168.48,Loyal Customers
cust_000160,2016-05-03,850,1,168.39,Hibernating / Lost
cust_010008,2017-09-25,340,2,168.35,At Risk (was frequent)
cust_016661,2017-03-21,528,2,168.29,At Risk (was frequent)
cust_002986,2016-01-01,973,1,168.27,Hibernating / Lost
cust_003542,2016-07-20,772,1,168.26,Hibernating / Lost
cust_006896,2017-03-21,528,1,168.23,Hibernating / Lost
cust_007237,2017-12-14,260,2,168.14,Loyal Customers
cust_015468,2017-03-09,540,1,168.11,At Risk (was frequent)
cust_007358,2017-12-11,263,1,168.11,Potential Loyalists
cust_000530,2017-05-09,479,1,168.09,Hibernating / Lost
cust_009873,2016-02-16,927,1,168.08,Hibernating / Lost
cust_017503,2017-09-13,352,1,168.02,At Risk (was frequent)
cust_016205,2018-01-22,221,1,168.01,Loyal Customers
cust_002532,2017-08-30,366,1,167.97,Hibernating / Lost
cust_007238,2017-02-03,574,1,167.95,Hibernating / Lost
cust_000806,2016-12-21,618,2,167.91,At Risk (was frequent)
cust_018300,2017-12-18,256,1,167.86,Loyal Customers
cust_005892,2016-05-06,847,1,167.79,Hibernating / Lost
cust_008724,2018-02-02,210,2,167.77,Loyal Customers
cust_010624,2017-04-04,514,1,167.67,Hibernating / Lost
cust_018763,2016-12-16,623,2,167.64,At Risk (was frequent)
cust_005899,2017-04-24,494,1,167.59,Hibernating / Lost
cust_009864,2016-11-28,641,1,167.57,Hibernating / Lost
cust_004582,2017-02-07,570,1,167.55,Hibernating / Lost
cust_001820,2017-05-05,483,2,167.53,At Risk (was frequent)
cust_014789,2016-09-17,713,1,167.49,At Risk (was frequent)
cust_013640,2017-06-28,429,1,167.48,Hibernating / Lost
cust_014040,2017-10-15,320,2,167.44,Loyal Customers
cust_005718,2017-08-10,386,1,167.42,Hibernating / Lost
cust_008353,2016-08-04,757,2,167.38,At Risk (was frequent)
cust_014274,2017-03-16,533,2,167.33,At Risk (was frequent)
cust_007245,2017-04-05,513,1,167.3,Hibernating / Lost
cust_013898,2017-10-07,328,1,167.29,Potential Loyalists
cust_012569,2017-03-15,534,2,167.27,At Risk (was frequent)
cust_016923,2017-09-19,346,1,167.13,At Risk (was frequent)
cust_013990,2017-07-20,407,1,167.09,Hibernating / Lost
cust_003289,2017-08-17,379,2,167.08,At Risk (was frequent)
cust_018696,2018-01-24,219,1,167.05,Loyal Customers
cust_015101,2016-04-04,879,1,167.04,At Risk (was frequent)
cust_003248,2017-06-05,452,1,166.96,Hibernating / Lost
cust_009541,2017-10-01,334,2,166.95,Loyal Customers
cust_015727,2017-06-19,438,2,166.95,At Risk (was frequent)
cust_014770,2017-12-12,262,1,166.88,Loyal Customers
cust_006434,2017-09-15,350,1,166.87,Hibernating / Lost
cust_009786,2018-02-16,196,2,166.83,Loyal Customers
cust_016323,2018-01-28,215,2,166.81,Loyal Customers
cust_010289,2016-09-10,720,1,166.75,Hibernating / Lost
cust_017165,2017-10-20,315,1,166.74,Loyal Customers
cust_009874,2018-01-24,219,1,166.69,Potential Loyalists
cust_014775,2017-03-22,527,1,166.64,At Risk (was frequent)
cust_017192,2017-04-20,498,1,166.61,At Risk (was frequent)
cust_008666,2017-09-05,360,1,166.6,Hibernating / Lost
cust_010162,2017-07-15,412,1,166.57,Hibernating / Lost
cust_004497,2017-01-24,584,1,166.54,Hibernating / Lost
cust_002603,2017-05-18,470,1,166.45,Hibernating / Lost
cust_018729,2016-02-11,932,1,166.42,At Risk (was frequent)
cust_003857,2016-08-17,744,1,166.41,Hibernating / Lost
cust_007364,2018-02-20,192,1,166.37,Potential Loyalists
cust_012441,2016-04-05,878,1,166.29,Hibernating / Lost
cust_004525,2016-11-29,640,1,166.15,Hibernating / Lost
cust_016947,2016-12-28,611,1,166.14,At Risk (was frequent)
cust_004189,2017-06-07,450,1,166.14,Hibernating / Lost
cust_014727,2017-08-03,393,2,166.14,At Risk (was frequent)
cust_010210,2016-12-04,635,1,166.12,Hibernating / Lost
cust_007964,2016-10-16,684,1,166.0,Hibernating / Lost
cust_001001,2017-04-25,493,1,165.91,Hibernating / Lost
cust_016610,2017-03-17,532,1,165.86,At Risk (was frequent)
cust_018639,2017-01-12,596,2,165.75,At Risk (was frequent)
cust_011217,2016-12-02,637,1,165.35,Hibernating / Lost
cust_000318,2017-10-27,308,2,165.32,Loyal Customers
cust_001829,2018-01-19,224,1,165.31,Potential Loyalists
cust_013761,2016-07-29,763,1,165.29,Hibernating / Lost
cust_002881,2016-05-27,826,1,165.17,Hibernating / Lost
cust_004836,2017-06-12,445,1,165.16,Hibernating / Lost
cust_013490,2016-12-30,609,1,165.13,Hibernating / Lost
cust_017748,2018-02-01,211,1,164.88,Loyal Customers
cust_014784,2017-11-19,285,1,164.77,Loyal Customers
cust_013689,2017-11-28,276,2,164.75,Loyal Customers
cust_008658,2016-11-08,661,2,164.7,At Risk (was frequent)
cust_005158,2017-09-07,358,2,164.67,At Risk (was frequent)
cust_005703,2016-08-21,740,1,164.66,Hibernating / Lost
cust_012101,2017-10-05,330,2,164.66,Loyal Customers
cust_012511,2017-10-17,318,1,164.65,Potential Loyalists
cust_012948,2017-01-16,592,1,164.65,Hibernating / Lost
cust_012928,2017-05-01,487,1,164.52,Hibernating / Lost
cust_003646,2016-10-22,678,2,164.49,At Risk (was frequent)
cust_006440,2017-12-18,256,2,164.48,Loyal Customers
cust_013712,2016-04-01,882,1,164.44,Hibernating / Lost
cust_007041,2016-05-29,824,2,164.41,At Risk (was frequent)
cust_008953,2017-09-08,357,1,164.4,Hibernating / Lost
cust_014870,2017-09-30,335,2,164.38,Loyal Customers
cust_006754,2017-06-27,430,1,164.35,Hibernating / Lost
cust_012813,2017-04-11,507,1,164.28,Hibernating / Lost
cust_003120,2017-01-29,579,1,164.24,Hibernating / Lost
cust_015955,2017-10-17,318,1,164.22,Loyal Customers
cust_014812,2016-12-07,632,2,164.21,At Risk (was frequent)
cust_017074,2016-04-21,862,1,164.18,At Risk (was frequent)
cust_006199,2016-06-26,796,1,164.15,Hibernating / Lost
cust_015981,2016-06-29,793,2,164.08,At Risk (was frequent)
cust_000349,2017-11-05,299,1,164.04,Potential Loyalists
cust_008959,2016-05-14,839,1,164.02,Hibernating / Lost
cust_001535,2016-11-01,668,1,164.02,Hibernating / Lost
cust_017684,2017-11-06,298,1,163.93,Loyal Customers
cust_014780,2016-06-01,821,3,163.91,At Risk (was frequent)
cust_018238,2016-11-11,658,2,163.64,At Risk (was frequent)
cust_016344,2017-08-13,383,1,163.55,At Risk (was frequent)
cust_017912,2018-01-16,227,1,163.53,Loyal Customers
cust_001954,2017-11-20,284,2,163.47,Loyal Customers
cust_017208,2016-11-13,656,2,163.45,At Risk (was frequent)
cust_013595,2017-09-20,345,2,163.4,At Risk (was frequent)
cust_010731,2016-07-25,767,1,163.37,Hibernating / Lost
cust_002973,2017-05-11,477,1,163.29,Hibernating / Lost
cust_010170,2016-09-07,723,1,163.14,Hibernating / Lost
cust_016510,2017-08-06,390,1,163.12,At Risk (was frequent)
cust_015881,2016-11-07,662,1,163.12,At Risk (was frequent)
cust_009489,2017-11-26,278,1,163.11,Potential Loyalists
cust_005950,2017-11-18,286,2,163.09,Loyal Customers
cust_002378,2018-01-23,220,2,163.09,Loyal Customers
cust_013658,2017-08-11,385,2,163.03,At Risk (was frequent)
cust_012780,2017-08-11,385,1,163.0,Hibernating / Lost
cust_009922,2018-02-19,193,2,162.99,Loyal Customers
cust_018566,2017-01-11,597,1,162.95,At Risk (was frequent)
cust_005812,2017-04-29,489,2,162.88,At Risk (was frequent)
cust_008842,2017-05-10,478,1,162.85,Hibernating / Lost
cust_000155,2017-07-03,424,2,162.8,At Risk (was frequent)
cust_001662,2016-10-29,671,2,162.79,At Risk (was frequent)
cust_005040,2016-08-05,756,1,162.74,Hibernating / Lost
cust_000456,2017-05-20,468,1,162.73,Hibernating / Lost
cust_007940,2017-08-16,380,1,162.66,Hibernating / Lost
cust_018739,2016-01-11,963,1,162.63,At Risk (was frequent)
cust_010506,2017-06-15,442,1,162.57,Hibernating / Lost
cust_004695,2016-08-29,732,1,162.56,Hibernating / Lost
cust_015328,2017-08-14,382,1,162.55,At Risk (was frequent)
cust_003390,2017-06-16,441,1,162.53,Hibernating / Lost
cust_007909,2016-08-14,747,1,162.52,Hibernating / Lost
cust_001458,2016-01-10,964,1,162.51,Hibernating / Lost
cust_009845,2017-04-04,514,1,162.5,Hibernating / Lost
cust_011300,2017-03-27,522,2,162.46,At Risk (was frequent)
cust_003112,2018-02-05,207,2,162.33,Loyal Customers
cust_016365,2017-07-24,403,1,162.3,At Risk (was frequent)
cust_011797,2017-11-04,300,2,162.27,Loyal Customers
cust_001686,2016-11-27,642,2,162.21,At Risk (was frequent)
cust_001096,2016-01-08,966,1,162.19,Hibernating / Lost
cust_002269,2017-04-28,490,1,162.15,Hibernating / Lost
cust_004053,2017-02-10,567,1,162.14,Hibernating / Lost
cust_010073,2018-02-23,189,2,162.1,Loyal Customers
cust_004743,2017-03-17,532,1,162.09,Hibernating / Lost
cust_017898,2017-08-24,372,1,162.09,At Risk (was frequent)
cust_011515,2017-07-03,424,1,162.05,Hibernating / Lost
cust_004224,2017-11-14,290,1,162.03,Potential Loyalists
cust_011842,2016-04-03,880,1,161.93,Hibernating / Lost
cust_012565,2017-10-19,316,1,161.87,Potential Loyalists
cust_005830,2017-11-25,279,1,161.84,Potential Loyalists
cust_000230,2017-09-17,348,1,161.81,Hibernating / Lost
cust_001357,2017-11-21,283,1,161.78,Potential Loyalists
cust_002231,2016-08-10,751,1,161.78,Hibernating / Lost
cust_001380,2016-12-30,609,1,161.68,Hibernating / Lost
cust_004398,2016-09-10,720,1,161.68,Hibernating / Lost
cust_015870,2017-04-01,517,2,161.61,At Risk (was frequent)
cust_001618,2017-12-07,267,1,161.59,Potential Loyalists
cust_003008,2016-09-11,719,1,161.57,Hibernating / Lost
cust_015831,2017-06-15,442,2,161.57,At Risk (was frequent)
cust_005979,2017-07-06,421,1,161.45,Hibernating / Lost
cust_018948,2018-01-29,214,2,161.39,Loyal Customers
cust_009694,2017-04-27,491,1,161.29,Hibernating / Lost
cust_012737,2016-12-21,618,1,161.26,Hibernating / Lost
cust_010771,2017-05-27,461,3,161.24,At Risk (was frequent)
cust_000435,2018-02-23,189,2,161.15,Loyal Customers
cust_005815,2016-07-15,777,1,161.14,Hibernating / Lost
cust_009941,2017-06-18,439,2,161.13,At Risk (was frequent)
cust_010600,2016-05-30,823,1,161.12,Hibernating / Lost
cust_001638,2017-10-12,323,1,161.11,Potential Loyalists
cust_005370,2017-05-30,458,2,161.06,At Risk (was frequent)
cust_009660,2016-04-03,880,1,161.03,Hibernating / Lost
cust_007288,2017-01-11,597,1,161.02,Hibernating / Lost
cust_015515,2017-12-07,267,1,161.0,Loyal Customers
cust_003403,2017-12-02,272,2,160.99,Loyal Customers
cust_011628,2016-06-29,793,1,160.98,Hibernating / Lost
cust_006602,2016-05-10,843,1,160.95,Hibernating / Lost
cust_014528,2017-04-19,499,1,160.89,At Risk (was frequent)
cust_015564,2016-11-24,645,2,160.87,At Risk (was frequent)
cust_010685,2017-09-15,350,1,160.86,Hibernating / Lost
cust_012696,2017-06-12,445,2,160.72,At Risk (was frequent)
cust_011924,2017-04-11,507,2,160.61,At Risk (was frequent)
cust_015402,2017-07-06,421,1,160.6,At Risk (was frequent)
cust_001035,2017-12-02,272,1,160.58,Potential Loyalists
cust_003883,2017-05-20,468,2,160.56,At Risk (was frequent)
cust_005004,2017-11-30,274,2,160.53,Loyal Customers
cust_007015,2017-12-18,256,1,160.48,Potential Loyalists
cust_015845,2017-06-18,439,1,160.46,At Risk (was frequent)
cust_013547,2017-12-06,268,2,160.39,Loyal Customers
cust_011437,2017-11-24,280,1,160.28,Potential Loyalists
cust_004165,2016-11-02,667,1,160.26,Hibernating / Lost
cust_012949,2017-01-26,582,2,160.25,At Risk (was frequent)
cust_008299,2017-11-30,274,2,160.25,Loyal Customers
cust_003838,2017-07-18,409,2,160.24,At Risk (was frequent)
cust_006687,2017-07-15,412,1,160.19,Hibernating / Lost
cust_005139,2017-05-06,482,1,160.14,Hibernating / Lost
cust_002429,2016-05-03,850,1,160.14,Hibernating / Lost
cust_002571,2016-11-13,656,1,160.08,Hibernating / Lost
cust_014181,2016-12-24,615,1,160.07,At Risk (was frequent)
cust_006596,2017-11-15,289,2,160.06,Loyal Customers
cust_010958,2017-11-27,277,1,160.0,Potential Loyalists
cust_006456,2016-09-05,725,1,159.98,Hibernating / Lost
cust_018873,2016-05-28,825,1,159.94,At Risk (was frequent)
cust_007806,2016-11-22,647,3,159.9,At Risk (was frequent)
cust_015635,2016-11-09,660,1,159.83,At Risk (was frequent)
cust_018241,2018-01-16,227,2,159.76,Loyal Customers
cust_016340,2016-06-04,818,2,159.69,At Risk (was frequent)
cust_008235,2017-11-12,292,2,159.68,Loyal Customers
cust_005052,2017-05-29,459,1,159.61,Hibernating / Lost
cust_003547,2016-03-24,890,1,159.56,Hibernating / Lost
cust_002566,2018-02-09,203,3,159.42,Loyal Customers
cust_005535,2017-07-06,421,1,159.41,Hibernating / Lost
cust_006515,2017-12-30,244,3,159.38,Loyal Customers
cust_015283,2017-06-14,443,1,159.35,At Risk (was frequent)
cust_012153,2018-01-07,236,2,159.32,Loyal Customers
cust_011219,2017-06-03,454,2,159.22,At Risk (was frequent)
cust_003036,2016-11-06,663,1,159.19,Hibernating / Lost
cust_004082,2016-01-31,943,1,159.18,Hibernating / Lost
cust_003229,2017-05-14,474,1,159.13,Hibernating / Lost
cust_001773,2017-05-20,468,2,159.12,At Risk (was frequent)
cust_013611,2018-01-10,233,1,159.08,Potential Loyalists
cust_011005,2017-10-02,333,1,159.06,Potential Loyalists
cust_008003,2016-07-31,761,1,159.06,Hibernating / Lost
cust_017010,2016-11-20,649,1,159.02,At Risk (was frequent)
cust_016000,2017-11-30,274,1,158.95,Loyal Customers
cust_007092,2017-09-19,346,3,158.93,At Risk (was frequent)
cust_010902,2018-01-18,225,1,158.92,Potential Loyalists
cust_016659,2016-07-05,787,2,158.91,At Risk (was frequent)
cust_005438,2017-09-19,346,2,158.9,At Risk (was frequent)
cust_012920,2017-11-20,284,2,158.73,Loyal Customers
cust_009395,2016-11-19,650,1,158.72,Hibernating / Lost
cust_011139,2016-08-17,744,1,158.67,Hibernating / Lost
cust_014078,2018-01-16,227,1,158.62,Loyal Customers
cust_018195,2017-01-02,606,1,158.61,At Risk (was frequent)
cust_006579,2017-03-28,521,2,158.41,At Risk (was frequent)
cust_006511,2018-02-12,200,2,158.4,Loyal Customers
cust_008346,2016-05-30,823,1,158.37,Hibernating / Lost
cust_016195,2017-08-05,391,1,158.27,At Risk (was frequent)
cust_007470,2017-05-31,457,1,158.25,Hibernating / Lost
cust_018102,2016-11-24,645,2,158.21,At Risk (was frequent)
cust_000848,2018-02-20,192,2,158.16,Loyal Customers
cust_015988,2017-08-17,379,1,158.13,At Risk (was frequent)
cust_011065,2017-12-20,254,1,158.01,Potential Loyalists
cust_016952,2018-02-27,185,2,157.99,Loyal Customers
cust_006275,2017-10-13,322,1,157.89,Potential Loyalists
cust_005619,2017-11-03,301,1,157.83,Potential Loyalists
cust_016984,2016-12-20,619,2,157.81,At Risk (was frequent)
cust_013738,2017-05-25,463,1,157.81,Hibernating / Lost
cust_010645,2017-11-27,277,1,157.73,Potential Loyalists
cust_008729,2017-07-28,399,2,157.62,At Risk (was frequent)
cust_013166,2016-05-27,826,1,157.56,Hibernating / Lost
cust_008750,2017-12-24,250,1,157.55,Potential Loyalists
cust_014201,2017-09-05,360,2,157.53,At Risk (was frequent)
cust_013681,2016-10-10,690,1,157.5,Hibernating / Lost
cust_011691,2017-12-27,247,1,157.46,Potential Loyalists
cust_000319,2017-07-26,401,1,157.45,Hibernating / Lost
cust_018438,2017-03-09,540,1,157.44,At Risk (was frequent)
cust_014807,2017-09-20,345,2,157.44,At Risk (was frequent)
cust_011161,2016-11-03,666,1,157.41,Hibernating / Lost
cust_005814,2018-02-14,198,1,157.37,Potential Loyalists
cust_003630,2017-10-08,327,2,157.23,Loyal Customers
cust_014695,2017-08-28,368,1,157.19,At Risk (was frequent)
cust_001761,2017-04-06,512,1,157.15,Hibernating / Lost
cust_015932,2017-05-06,482,2,157.12,At Risk (was frequent)
cust_011234,2017-07-05,422,1,157.11,Hibernating / Lost
cust_007705,2016-12-11,628,3,156.97,At Risk (was frequent)
cust_010424,2017-12-08,266,1,156.89,Potential Loyalists
cust_016869,2016-04-04,879,1,156.79,At Risk (was frequent)
cust_013954,2017-11-26,278,1,156.76,Potential Loyalists
cust_012994,2017-11-09,295,2,156.68,Loyal Customers
cust_013144,2017-01-27,581,1,156.66,Hibernating / Lost
cust_012968,2017-06-13,444,1,156.63,Hibernating / Lost
cust_001152,2017-10-06,329,1,156.61,Potential Loyalists
cust_006157,2017-11-06,298,1,156.6,Potential Loyalists
cust_010255,2016-05-22,831,1,156.59,Hibernating / Lost
cust_016929,2017-11-30,274,1,156.59,Loyal Customers
cust_009647,2017-03-09,540,1,156.55,Hibernating / Lost
cust_015902,2018-02-22,190,2,156.52,Loyal Customers
cust_007584,2016-11-04,665,1,156.51,Hibernating / Lost
cust_007670,2016-08-01,760,2,156.48,At Risk (was frequent)
cust_005109,2017-02-18,559,1,156.44,Hibernating / Lost
cust_006391,2016-05-11,842,1,156.44,Hibernating / Lost
cust_004971,2017-08-09,387,2,156.41,At Risk (was frequent)
cust_010398,2017-11-04,300,2,156.41,Loyal Customers
cust_016067,2017-12-22,252,2,156.39,Loyal Customers
cust_013859,2016-03-16,898,1,156.29,Hibernating / Lost
cust_007167,2017-12-11,263,2,156.25,Loyal Customers
cust_005191,2016-01-08,966,1,156.19,Hibernating / Lost
cust_003005,2017-10-31,304,1,156.19,Potential Loyalists
cust_013172,2016-01-15,959,1,156.07,Hibernating / Lost
cust_013927,2017-01-08,600,1,156.0,Hibernating / Lost
cust_016805,2017-08-16,380,2,155.97,At Risk (was frequent)
cust_004213,2017-03-10,539,1,155.97,Hibernating / Lost
cust_005941,2017-08-18,378,2,155.96,At Risk (was frequent)
cust_007233,2016-08-04,757,2,155.93,At Risk (was frequent)
cust_006355,2016-08-17,744,1,155.86,Hibernating / Lost
cust_001207,2016-09-05,725,1,155.84,Hibernating / Lost
cust_002032,2018-01-14,229,1,155.81,Potential Loyalists
cust_003728,2017-04-12,506,1,155.81,Hibernating / Lost
cust_005169,2016-06-29,793,1,155.8,Hibernating / Lost
cust_011617,2017-06-26,431,1,155.75,Hibernating / Lost
cust_015580,2017-02-21,556,1,155.74,At Risk (was frequent)
cust_018179,2017-05-16,472,1,155.58,At Risk (was frequent)
cust_000485,2017-12-31,243,1,155.49,Potential Loyalists
cust_009124,2016-02-13,930,1,155.41,Hibernating / Lost
cust_015305,2017-10-13,322,1,155.39,Loyal Customers
cust_016394,2016-04-30,853,1,155.34,At Risk (was frequent)
cust_012339,2016-08-25,736,1,155.29,Hibernating / Lost
cust_009045,2017-03-16,533,1,155.29,Hibernating / Lost
cust_005348,2016-06-20,802,1,155.27,Hibernating / Lost
cust_010909,2018-02-12,200,3,155.25,Loyal Customers
cust_007928,2017-06-10,447,2,155.24,At Risk (was frequent)
cust_013193,2017-12-10,264,2,155.2,Loyal Customers
cust_014039,2016-12-25,614,2,155.16,At Risk (was frequent)
cust_012858,2018-01-10,233,2,155.12,Loyal Customers
cust_004547,2017-11-19,285,1,155.1,Potential Loyalists
cust_005601,2018-02-04,208,1,155.1,Potential Loyalists
cust_016120,2017-02-20,557,2,155.09,At Risk (was frequent)
cust_008304,2018-02-17,195,1,155.04,Potential Loyalists
cust_013306,2017-11-24,280,1,155.03,Potential Loyalists
cust_008187,2017-01-27,581,1,155.0,Hibernating / Lost
cust_003918,2016-11-10,659,1,154.92,Hibernating / Lost
cust_007311,2016-05-20,833,1,154.9,Hibernating / Lost
cust_015800,2017-11-13,291,1,154.9,Loyal Customers
cust_017869,2017-09-06,359,2,154.89,At Risk (was frequent)
cust_017272,2017-11-08,296,1,154.89,Loyal Customers
cust_013918,2016-03-06,908,1,154.85,Hibernating / Lost
cust_013282,2016-12-13,626,2,154.85,At Risk (was frequent)
cust_015226,2016-08-23,738,1,154.84,At Risk (was frequent)
cust_004007,2016-06-19,803,1,154.82,Hibernating / Lost
cust_008812,2018-02-05,207,2,154.76,Loyal Customers
cust_001186,2017-11-10,294,3,154.74,Loyal Customers
cust_018660,2017-04-10,508,2,154.73,At Risk (was frequent)
cust_017279,2016-09-11,719,1,154.73,At Risk (was frequent)
cust_006310,2016-11-03,666,1,154.69,Hibernating / Lost
cust_001762,2016-10-09,691,1,154.69,Hibernating / Lost
cust_018498,2018-02-07,205,2,154.66,Loyal Customers
cust_018758,2017-06-07,450,1,154.56,At Risk (was frequent)
cust_008238,2017-03-22,527,2,154.53,At Risk (was frequent)
cust_015326,2017-11-01,303,2,154.47,Loyal Customers
cust_008444,2017-01-24,584,1,154.46,Hibernating / Lost
cust_017522,2016-07-17,775,1,154.4,At Risk (was frequent)
cust_009319,2016-11-07,662,1,154.36,Hibernating / Lost
cust_010002,2017-08-06,390,1,154.35,Hibernating / Lost
cust_010438,2017-05-12,476,1,154.22,Hibernating / Lost
cust_007220,2016-09-21,709,1,154.2,Hibernating / Lost
cust_004534,2017-07-25,402,2,154.2,At Risk (was frequent)
cust_013790,2017-11-19,285,3,154.17,Loyal Customers
cust_016308,2016-12-28,611,2,154.05,At Risk (was frequent)
cust_008310,2017-12-25,249,2,153.95,Loyal Customers
cust_010110,2017-07-09,418,1,153.9,Hibernating / Lost
cust_013397,2018-01-17,226,1,153.9,Potential Loyalists
cust_015723,2017-07-30,397,1,153.88,At Risk (was frequent)
cust_018426,2017-12-14,260,2,153.83,Loyal Customers
cust_016949,2016-11-24,645,1,153.81,At Risk (was frequent)
cust_009254,2017-04-12,506,1,153.79,Hibernating / Lost
cust_009390,2018-02-01,211,2,153.79,Loyal Customers
cust_007506,2017-07-22,405,1,153.75,Hibernating / Lost
cust_014729,2018-01-11,232,1,153.72,Loyal Customers
cust_004307,2016-08-28,733,1,153.66,Hibernating / Lost
cust_008551,2016-06-25,797,1,153.55,Hibernating / Lost
cust_014611,2018-01-17,226,3,153.5,Loyal Customers
cust_014937,2017-05-10,478,2,153.48,At Risk (was frequent)
cust_003458,2017-11-11,293,1,153.46,Potential Loyalists
cust_002140,2017-08-30,366,1,153.44,Hibernating / Lost
cust_009565,2016-09-28,702,1,153.32,Hibernating / Lost
cust_007089,2017-05-25,463,1,153.28,Hibernating / Lost
cust_010277,2016-11-21,648,1,153.28,Hibernating / Lost
cust_007526,2017-12-18,256,2,153.21,Loyal Customers
cust_012082,2017-07-19,408,1,153.16,Hibernating / Lost
cust_017862,2016-09-05,725,1,153.15,At Risk (was frequent)
cust_006593,2016-02-20,923,1,153.08,Hibernating / Lost
cust_014465,2016-03-18,896,1,153.07,At Risk (was frequent)
cust_003596,2017-10-26,309,2,152.96,Loyal Customers
cust_001930,2017-12-07,267,1,152.91,Potential Loyalists
cust_008923,2016-11-18,651,1,152.9,Hibernating / Lost
cust_002615,2017-11-11,293,1,152.89,Potential Loyalists
cust_002925,2016-11-21,648,2,152.84,At Risk (was frequent)
cust_017019,2017-12-11,263,1,152.75,Loyal Customers
cust_000089,2017-02-02,575,1,152.73,Hibernating / Lost
cust_017993,2016-07-14,778,1,152.52,At Risk (was frequent)
cust_013942,2016-08-17,744,1,152.49,Hibernating / Lost
cust_000858,2016-10-27,673,2,152.44,At Risk (was frequent)
cust_008058,2017-05-24,464,1,152.44,Hibernating / Lost
cust_012686,2016-03-09,905,1,152.38,Hibernating / Lost
cust_011840,2017-10-29,306,1,152.37,Potential Loyalists
cust_006251,2017-05-27,461,4,152.36,At Risk (was frequent)
cust_007146,2017-02-16,561,1,152.36,Hibernating / Lost
cust_018932,2017-11-08,296,1,152.35,Loyal Customers
cust_015533,2017-03-31,518,1,152.29,At Risk (was frequent)
cust_002288,2017-12-21,253,2,152.28,Loyal Customers
cust_005590,2017-09-29,336,2,152.05,Loyal Customers
cust_004860,2018-02-11,201,1,152.0,Potential Loyalists
cust_003696,2017-04-13,505,2,151.86,At Risk (was frequent)
cust_010120,2017-05-14,474,1,151.83,Hibernating / Lost
cust_006599,2017-04-13,505,1,151.82,Hibernating / Lost
cust_005276,2016-07-03,789,2,151.78,At Risk (was frequent)
cust_016879,2018-03-03,181,1,151.75,Loyal Customers
cust_009562,2016-08-01,760,2,151.75,At Risk (was frequent)
cust_000838,2016-09-24,706,1,151.7,Hibernating / Lost
cust_012983,2018-02-02,210,1,151.7,Potential Loyalists
cust_014397,2017-04-14,504,1,151.68,At Risk (was frequent)
cust_010285,2017-12-21,253,1,151.68,Potential Loyalists
cust_008459,2016-12-02,637,1,151.66,Hibernating / Lost
cust_013482,2018-01-07,236,1,151.62,Potential Loyalists
cust_018640,2017-12-11,263,2,151.61,Loyal Customers
cust_005770,2017-11-22,282,2,151.56,Loyal Customers
cust_014579,2016-11-06,663,1,151.46,At Risk (was frequent)
cust_017187,2018-01-21,222,1,151.46,Loyal Customers
cust_009170,2017-08-11,385,2,151.33,At Risk (was frequent)
cust_012107,2018-01-19,224,2,151.33,Loyal Customers
cust_015877,2017-01-03,605,1,151.33,At Risk (was frequent)
cust_006165,2017-11-02,302,2,151.31,Loyal Customers
cust_013260,2017-04-25,493,2,151.28,At Risk (was frequent)
cust_014665,2016-12-23,616,1,151.22,At Risk (was frequent)
cust_006755,2016-12-28,611,1,151.2,Hibernating / Lost
cust_014562,2017-08-14,382,2,151.15,At Risk (was frequent)
cust_006073,2017-09-06,359,2,151.15,At Risk (was frequent)
cust_013177,2017-04-13,505,1,151.1,Hibernating / Lost
cust_001628,2017-07-25,402,2,151.1,At Risk (was frequent)
cust_001815,2017-10-21,314,2,151.08,Loyal Customers
cust_006619,2017-10-25,310,1,151.08,Potential Loyalists
cust_007179,2017-01-09,599,1,151.05,Hibernating / Lost
cust_004518,2017-11-03,301,1,151.05,Potential Loyalists
cust_011246,2017-11-23,281,1,150.94,Potential Loyalists
cust_004294,2017-12-11,263,1,150.94,Potential Loyalists
cust_012572,2017-03-07,542,1,150.93,Hibernating / Lost
cust_014097,2017-11-08,296,1,150.75,Loyal Customers
cust_004504,2017-04-30,488,2,150.67,At Risk (was frequent)
cust_014480,2017-04-04,514,1,150.67,At Risk (was frequent)
cust_006236,2017-09-01,364,1,150.63,Hibernating / Lost
cust_004056,2016-03-23,891,1,150.6,Hibernating / Lost
cust_001563,2016-04-19,864,1,150.56,Hibernating / Lost
cust_015103,2017-12-12,262,2,150.46,Loyal Customers
cust_001150,2017-09-20,345,1,150.4,Hibernating / Lost
cust_016124,2017-02-10,567,2,150.37,At Risk (was frequent)
cust_002240,2016-12-27,612,2,150.3,At Risk (was frequent)
cust_017008,2017-04-26,492,1,150.3,At Risk (was frequent)
cust_016355,2016-04-25,858,2,150.29,At Risk (was frequent)
cust_012713,2016-04-26,857,1,150.28,Hibernating / Lost
cust_016452,2018-02-05,207,2,150.26,Loyal Customers
cust_011147,2016-07-19,773,1,150.23,Hibernating / Lost
cust_018870,2017-05-15,473,1,150.22,At Risk (was frequent)
cust_001353,2017-12-12,262,2,150.2,Loyal Customers
cust_002124,2017-04-03,515,2,150.14,At Risk (was frequent)
cust_011439,2017-09-03,362,1,150.13,Hibernating / Lost
cust_003891,2016-12-27,612,1,150.1,Hibernating / Lost
cust_016374,2016-11-08,661,2,150.0,At Risk (was frequent)
cust_002758,2016-11-19,650,2,149.98,At Risk (was frequent)
cust_012078,2017-03-04,545,1,149.97,Hibernating / Lost
cust_018405,2017-05-16,472,1,149.95,At Risk (was frequent)
cust_016556,2017-08-21,375,1,149.9,At Risk (was frequent)
cust_004827,2017-12-15,259,2,149.89,Loyal Customers
cust_013874,2017-09-16,349,2,149.89,At Risk (was frequent)
cust_001354,2017-03-29,520,1,149.89,Hibernating / Lost
cust_007423,2017-07-11,416,2,149.84,At Risk (was frequent)
cust_008936,2016-06-23,799,1,149.8,Hibernating / Lost
cust_004846,2018-01-01,242,2,149.79,Loyal Customers
cust_003442,2016-08-17,744,1,149.68,Hibernating / Lost
cust_003137,2017-05-19,469,1,149.62,Hibernating / Lost
cust_016336,2017-09-01,364,1,149.39,At Risk (was frequent)
cust_015086,2017-07-22,405,1,149.38,At Risk (was frequent)
cust_012976,2016-01-28,946,1,149.38,Hibernating / Lost
cust_016448,2016-08-13,748,1,149.35,At Risk (was frequent)
cust_010181,2017-03-02,547,1,149.34,Hibernating / Lost
cust_010340,2016-05-31,822,1,149.24,Hibernating / Lost
cust_002405,2017-05-25,463,2,149.24,At Risk (was frequent)
cust_014216,2017-05-15,473,1,149.21,At Risk (was frequent)
cust_007048,2016-04-06,877,1,149.21,Hibernating / Lost
cust_002827,2017-04-18,500,1,149.17,Hibernating / Lost
cust_005699,2017-12-26,248,2,149.16,Loyal Customers
cust_011159,2018-01-11,232,2,149.1,Loyal Customers
cust_010760,2017-11-24,280,1,149.05,Potential Loyalists
cust_013828,2016-08-26,735,1,149.02,Hibernating / Lost
cust_012839,2016-12-16,623,1,149.02,Hibernating / Lost
cust_002433,2017-03-01,548,1,149.01,Hibernating / Lost
cust_013102,2017-09-26,339,2,148.88,Loyal Customers
cust_008989,2016-09-20,710,1,148.86,Hibernating / Lost
cust_018854,2018-01-07,236,1,148.79,Loyal Customers
cust_018072,2017-09-13,352,1,148.68,At Risk (was frequent)
cust_009047,2018-02-07,205,2,148.66,Loyal Customers
cust_003406,2016-08-19,742,2,148.61,At Risk (was frequent)
cust_007400,2017-06-11,446,2,148.54,At Risk (was frequent)
cust_001884,2017-12-04,270,1,148.52,Potential Loyalists
cust_015742,2017-12-03,271,2,148.49,Loyal Customers
cust_014704,2018-01-19,224,1,148.48,Loyal Customers
cust_004475,2016-12-26,613,1,148.47,Hibernating / Lost
cust_017581,2017-05-06,482,1,148.46,At Risk (was frequent)
cust_007395,2017-06-20,437,1,148.4,Hibernating / Lost
cust_012752,2017-10-19,316,2,148.35,Loyal Customers
cust_007427,2017-01-13,595,1,148.28,Hibernating / Lost
cust_011451,2017-10-06,329,1,148.27,Potential Loyalists
cust_012947,2016-11-17,652,1,148.25,Hibernating / Lost
cust_000632,2016-11-11,658,1,148.23,Hibernating / Lost
cust_003487,2017-05-04,484,2,148.18,At Risk (was frequent)
cust_002462,2017-06-05,452,1,148.12,Hibernating / Lost
cust_010308,2018-02-24,188,1,148.1,Potential Loyalists
cust_017619,2017-05-07,481,2,148.04,At Risk (was frequent)
cust_011688,2017-09-24,341,3,148.02,At Risk (was frequent)
cust_011737,2016-04-20,863,1,147.98,Hibernating / Lost
cust_007418,2016-05-19,834,1,147.89,Hibernating / Lost
cust_000892,2017-10-25,310,2,147.81,Loyal Customers
cust_003885,2018-01-18,225,1,147.8,Potential Loyalists
cust_008667,2017-06-08,449,1,147.79,Hibernating / Lost
cust_006103,2017-12-06,268,2,147.77,Loyal Customers
cust_007636,2017-10-02,333,1,147.74,Potential Loyalists
cust_018784,2016-03-19,895,1,147.64,At Risk (was frequent)
cust_018574,2017-11-08,296,1,147.64,Loyal Customers
cust_017602,2016-03-11,903,1,147.61,At Risk (was frequent)
cust_001721,2017-06-14,443,2,147.56,At Risk (was frequent)
cust_002543,2017-10-12,323,2,147.54,Loyal Customers
cust_008958,2016-01-12,962,1,147.41,Hibernating / Lost
cust_006479,2016-05-10,843,1,147.37,Hibernating / Lost
cust_012896,2017-08-01,395,1,147.32,Hibernating / Lost
cust_004459,2016-08-12,749,1,147.23,Hibernating / Lost
cust_002496,2017-08-14,382,1,147.11,Hibernating / Lost
cust_012385,2018-02-19,193,2,147.08,Loyal Customers
cust_016904,2018-02-22,190,1,147.04,Loyal Customers
cust_001763,2016-08-26,735,1,147.01,Hibernating / Lost
cust_008151,2016-10-29,671,1,146.97,Hibernating / Lost
cust_002435,2016-11-05,664,2,146.96,At Risk (was frequent)
cust_008881,2017-11-10,294,1,146.95,Potential Loyalists
cust_010504,2017-08-14,382,1,146.9,Hibernating / Lost
cust_012775,2017-10-31,304,1,146.88,Potential Loyalists
cust_005640,2017-11-22,282,2,146.85,Loyal Customers
cust_004595,2017-11-09,295,1,146.84,Potential Loyalists
cust_013132,2016-10-09,691,1,146.81,Hibernating / Lost
cust_018063,2017-02-24,553,1,146.75,At Risk (was frequent)
cust_002227,2017-09-01,364,2,146.72,At Risk (was frequent)
cust_009041,2017-12-16,258,2,146.69,Loyal Customers
cust_013330,2018-01-13,230,1,146.68,Potential Loyalists
cust_010259,2016-03-21,893,1,146.54,Hibernating / Lost
cust_000936,2017-10-13,322,1,146.5,Potential Loyalists
cust_000926,2017-04-22,496,1,146.5,Hibernating / Lost
cust_003450,2017-11-08,296,1,146.49,Potential Loyalists
cust_015071,2016-10-23,677,1,146.48,At Risk (was frequent)
cust_015508,2018-01-08,235,2,146.48,Loyal Customers
cust_017573,2016-02-24,919,1,146.46,At Risk (was frequent)
cust_009519,2017-05-05,483,1,146.42,Hibernating / Lost
cust_007935,2017-03-02,547,1,146.35,Hibernating / Lost
cust_015560,2017-11-21,283,1,146.23,Loyal Customers
cust_007609,2017-07-30,397,1,146.18,Hibernating / Lost
cust_000725,2018-01-27,216,1,146.13,Potential Loyalists
cust_003711,2016-04-28,855,2,146.13,At Risk (was frequent)
cust_013641,2017-08-05,391,1,146.12,Hibernating / Lost
cust_009324,2017-11-11,293,2,146.12,Loyal Customers
cust_000162,2017-12-11,263,1,146.0,Potential Loyalists
cust_009305,2017-03-31,518,1,145.98,Hibernating / Lost
cust_003027,2018-02-08,204,1,145.96,Potential Loyalists
cust_000921,2017-06-23,434,1,145.88,Hibernating / Lost
cust_013899,2017-07-17,410,1,145.75,Hibernating / Lost
cust_007253,2017-11-25,279,2,145.72,Loyal Customers
cust_012163,2018-02-02,210,3,145.67,Loyal Customers
cust_003931,2016-01-19,955,1,145.67,Hibernating / Lost
cust_005616,2017-03-14,535,1,145.65,Hibernating / Lost
cust_007523,2018-01-11,232,2,145.62,Loyal Customers
cust_005206,2017-06-21,436,2,145.61,At Risk (was frequent)
cust_012231,2018-03-03,181,2,145.56,Loyal Customers
cust_008438,2017-05-25,463,1,145.53,Hibernating / Lost
cust_013198,2016-12-16,623,1,145.49,Hibernating / Lost
cust_017712,2016-11-01,668,2,145.44,At Risk (was frequent)
cust_011835,2017-12-17,257,2,145.4,Loyal Customers
cust_001474,2017-03-24,525,1,145.36,Hibernating / Lost
cust_016692,2017-09-07,358,1,145.32,At Risk (was frequent)
cust_007790,2018-01-21,222,2,145.15,Loyal Customers
cust_013254,2016-01-01,973,1,145.13,Hibernating / Lost
cust_002936,2018-02-03,209,2,145.04,Loyal Customers
cust_000189,2017-11-14,290,1,145.02,Potential Loyalists
cust_000536,2017-07-08,419,1,145.01,Hibernating / Lost
cust_012151,2016-12-30,609,1,145.01,Hibernating / Lost
cust_003113,2017-11-25,279,1,144.99,Potential Loyalists
cust_001188,2018-02-25,187,3,144.97,Loyal Customers
cust_001775,2016-03-26,888,1,144.97,Hibernating / Lost
cust_002303,2016-10-13,687,2,144.94,At Risk (was frequent)
cust_017764,2018-01-07,236,1,144.93,Loyal Customers
cust_011465,2017-08-24,372,1,144.89,Hibernating / Lost
cust_004924,2017-07-14,413,2,144.89,At Risk (was frequent)
cust_010382,2017-02-25,552,1,144.84,Hibernating / Lost
cust_015866,2016-11-10,659,1,144.82,At Risk (was frequent)
cust_006034,2016-12-24,615,1,144.8,Hibernating / Lost
cust_014831,2016-08-06,755,1,144.79,At Risk (was frequent)
cust_008029,2017-07-04,423,2,144.77,At Risk (was frequent)
cust_003869,2016-04-12,871,1,144.75,Hibernating / Lost
cust_012091,2017-08-17,379,2,144.75,At Risk (was frequent)
cust_005424,2016-08-30,731,1,144.71,Hibernating / Lost
cust_014182,2018-01-29,214,2,144.71,Loyal Customers
cust_009049,2016-05-14,839,2,144.67,At Risk (was frequent)
cust_011911,2016-11-21,648,1,144.6,Hibernating / Lost
cust_012535,2016-06-05,817,1,144.54,Hibernating / Lost
cust_018247,2018-01-12,231,1,144.53,Loyal Customers
cust_010571,2017-11-22,282,2,144.37,Loyal Customers
cust_012922,2017-09-04,361,1,144.25,Hibernating / Lost
cust_018276,2017-03-21,528,2,144.23,At Risk (was frequent)
cust_014286,2016-08-30,731,1,144.14,At Risk (was frequent)
cust_004334,2017-05-26,462,1,144.13,Hibernating / Lost
cust_017886,2018-01-03,240,1,144.1,Loyal Customers
cust_015140,2018-01-15,228,1,144.02,Loyal Customers
cust_010498,2017-03-05,544,2,144.01,At Risk (was frequent)
cust_004883,2017-09-13,352,2,143.99,At Risk (was frequent)
cust_015766,2016-08-18,743,1,143.95,At Risk (was frequent)
cust_011641,2016-10-04,696,1,143.94,Hibernating / Lost
cust_013113,2016-02-24,919,1,143.94,Hibernating / Lost
cust_006716,2017-11-24,280,2,143.86,Loyal Customers
cust_016197,2017-12-24,250,1,143.82,Loyal Customers
cust_010014,2017-07-04,423,2,143.8,At Risk (was frequent)
cust_015634,2017-10-22,313,1,143.79,Loyal Customers
cust_013117,2018-01-13,230,1,143.75,Potential Loyalists
cust_007107,2016-07-23,769,1,143.72,Hibernating / Lost
cust_008594,2017-05-11,477,1,143.71,Hibernating / Lost
cust_000657,2017-03-01,548,1,143.51,Hibernating / Lost
cust_003482,2017-02-13,564,1,143.5,Hibernating / Lost
cust_017102,2016-07-11,781,1,143.47,At Risk (was frequent)
cust_007060,2017-01-31,577,1,143.45,Hibernating / Lost
cust_006563,2017-10-13,322,1,143.44,Potential Loyalists
cust_013414,2017-09-13,352,1,143.41,Hibernating / Lost
cust_003890,2016-11-15,654,2,143.34,At Risk (was frequent)
cust_004882,2017-01-12,596,1,143.26,Hibernating / Lost
cust_006815,2017-08-14,382,1,143.19,Hibernating / Lost
cust_002098,2016-11-25,644,1,143.16,Hibernating / Lost
cust_017537,2017-07-26,401,2,143.1,At Risk (was frequent)
cust_001256,2018-02-19,193,2,143.1,Loyal Customers
cust_013390,2017-02-23,554,2,143.09,At Risk (was frequent)
cust_013389,2016-09-18,712,1,143.04,Hibernating / Lost
cust_009078,2017-07-23,404,2,143.02,At Risk (was frequent)
cust_006645,2017-12-31,243,2,142.99,Loyal Customers
cust_005355,2017-10-26,309,2,142.98,Loyal Customers
cust_009729,2016-05-16,837,1,142.94,Hibernating / Lost
cust_005296,2017-08-16,380,1,142.9,Hibernating / Lost
cust_000345,2016-02-02,941,1,142.88,Hibernating / Lost
cust_018464,2016-08-17,744,2,142.85,At Risk (was frequent)
cust_002080,2016-03-23,891,1,142.85,Hibernating / Lost
cust_006732,2017-08-13,383,1,142.75,Hibernating / Lost
cust_011813,2016-06-15,807,1,142.62,Hibernating / Lost
cust_009564,2017-11-29,275,2,142.6,Loyal Customers
cust_004634,2018-02-07,205,1,142.6,Potential Loyalists
cust_017253,2017-08-04,392,1,142.54,At Risk (was frequent)
cust_006666,2017-03-31,518,1,142.51,Hibernating / Lost
cust_016389,2016-03-28,886,1,142.48,At Risk (was frequent)
cust_011733,2017-11-18,286,1,142.43,Potential Loyalists
cust_006270,2016-03-31,883,1,142.38,Hibernating / Lost
cust_013134,2017-08-31,365,1,142.37,Hibernating / Lost
cust_015078,2017-08-17,379,2,142.33,At Risk (was frequent)
cust_001909,2017-12-07,267,2,142.25,Loyal Customers
cust_012463,2017-10-19,316,1,142.24,Potential Loyalists
cust_008636,2017-06-28,429,1,142.23,Hibernating / Lost
cust_012784,2017-09-12,353,1,142.2,Hibernating / Lost
cust_014635,2017-01-29,579,1,142.19,At Risk (was frequent)
cust_003323,2017-03-31,518,2,142.18,At Risk (was frequent)
cust_016158,2017-11-15,289,2,142.15,Loyal Customers
cust_013668,2017-11-30,274,1,142.13,Potential Loyalists
cust_003456,2017-12-23,251,1,142.1,Potential Loyalists
cust_012973,2016-11-14,655,1,142.1,Hibernating / Lost
cust_004043,2017-11-23,281,1,142.08,Potential Loyalists
cust_013443,2017-06-08,449,1,142.06,Hibernating / Lost
cust_010239,2018-02-09,203,2,142.03,Loyal Customers
cust_013468,2016-05-27,826,1,142.02,Hibernating / Lost
cust_013767,2017-04-07,511,2,142.0,At Risk (was frequent)
cust_014355,2017-10-26,309,1,141.99,Loyal Customers
cust_012889,2016-04-05,878,1,141.97,Hibernating / Lost
cust_013829,2018-01-20,223,2,141.85,Loyal Customers
cust_000874,2017-10-15,320,1,141.82,Potential Loyalists
cust_005205,2017-03-04,545,1,141.82,Hibernating / Lost
cust_015954,2017-11-21,283,1,141.75,Loyal Customers
cust_005551,2017-03-26,523,3,141.72,At Risk (was frequent)
cust_002490,2016-04-04,879,1,141.69,Hibernating / Lost
cust_004609,2016-03-09,905,1,141.68,Hibernating / Lost
cust_006998,2017-10-05,330,1,141.65,Potential Loyalists
cust_016095,2016-11-13,656,1,141.62,At Risk (was frequent)
cust_018954,2017-12-26,248,1,141.6,Loyal Customers
cust_015471,2017-03-28,521,2,141.57,At Risk (was frequent)
cust_000902,2016-10-06,694,1,141.51,Hibernating / Lost
cust_003281,2016-11-24,645,1,141.49,Hibernating / Lost
cust_011387,2017-01-20,588,1,141.48,Hibernating / Lost
cust_016867,2016-11-13,656,1,141.36,At Risk (was frequent)
cust_000482,2017-06-28,429,2,141.31,At Risk (was frequent)
cust_002033,2016-12-24,615,2,141.12,At Risk (was frequent)
cust_014748,2017-05-11,477,2,141.07,At Risk (was frequent)
cust_016400,2017-10-03,332,1,141.05,Loyal Customers
cust_014517,2017-11-22,282,2,141.03,Loyal Customers
cust_000377,2016-10-14,686,1,140.97,Hibernating / Lost
cust_012040,2017-11-18,286,2,140.94,Loyal Customers
cust_007508,2016-03-03,911,1,140.94,Hibernating / Lost
cust_008136,2018-01-31,212,2,140.9,Loyal Customers
cust_012086,2017-10-25,310,2,140.89,Loyal Customers
cust_015821,2017-09-26,339,1,140.87,Loyal Customers
cust_005821,2017-05-16,472,1,140.87,Hibernating / Lost
cust_001159,2017-11-22,282,2,140.83,Loyal Customers
cust_000093,2016-07-10,782,1,140.82,Hibernating / Lost
cust_013792,2016-06-13,809,2,140.77,At Risk (was frequent)
cust_012174,2017-12-21,253,1,140.75,Potential Loyalists
cust_010802,2017-04-18,500,1,140.74,Hibernating / Lost
cust_016856,2016-12-29,610,2,140.72,At Risk (was frequent)
cust_010324,2016-03-06,908,1,140.7,Hibernating / Lost
cust_005047,2017-10-19,316,2,140.68,Loyal Customers
cust_002941,2017-11-02,302,1,140.66,Potential Loyalists
cust_002171,2017-08-23,373,1,140.62,Hibernating / Lost
cust_007581,2016-02-03,940,1,140.61,Hibernating / Lost
cust_012162,2017-05-18,470,1,140.55,Hibernating / Lost
cust_006992,2017-07-11,416,1,140.51,Hibernating / Lost
cust_009870,2017-06-03,454,1,140.5,Hibernating / Lost
cust_001525,2018-02-06,206,1,140.48,Potential Loyalists
cust_003690,2018-02-28,184,2,140.48,Loyal Customers
cust_010298,2018-01-30,213,2,140.45,Loyal Customers
cust_017352,2016-02-16,927,1,140.45,At Risk (was frequent)
cust_004762,2016-11-09,660,1,140.41,Hibernating / Lost
cust_011625,2016-11-04,665,1,140.37,Hibernating / Lost
cust_000494,2016-09-01,729,1,140.33,Hibernating / Lost
cust_010455,2016-06-15,807,1,140.33,Hibernating / Lost
cust_014518,2017-03-31,518,1,140.29,At Risk (was frequent)
cust_018736,2016-11-09,660,1,140.28,At Risk (was frequent)
cust_010098,2017-11-16,288,1,140.22,Potential Loyalists
cust_007124,2017-08-30,366,2,140.18,At Risk (was frequent)
cust_015377,2017-01-04,604,1,140.15,At Risk (was frequent)
cust_001580,2017-04-23,495,2,140.08,At Risk (was frequent)
cust_009090,2016-12-10,629,1,140.0,Hibernating / Lost
cust_002477,2017-01-26,582,2,139.99,At Risk (was frequent)
cust_012109,2016-08-05,756,1,139.95,Hibernating / Lost
cust_012627,2016-12-05,634,2,139.94,At Risk (was frequent)
cust_008028,2016-04-05,878,2,139.91,At Risk (was frequent)
cust_009591,2017-12-21,253,1,139.89,Potential Loyalists
cust_018779,2016-10-31,669,1,139.81,At Risk (was frequent)
cust_003333,2017-12-11,263,1,139.76,Potential Loyalists
cust_001651,2017-12-10,264,3,139.76,Loyal Customers
cust_009168,2017-09-24,341,1,139.71,Hibernating / Lost
cust_001288,2017-06-26,431,1,139.71,Hibernating / Lost
cust_000610,2017-06-08,449,1,139.64,Hibernating / Lost
cust_000393,2017-11-09,295,1,139.61,Potential Loyalists
cust_017753,2017-06-19,438,2,139.61,At Risk (was frequent)
cust_012316,2018-02-27,185,2,139.59,Loyal Customers
cust_016600,2017-09-22,343,1,139.52,At Risk (was frequent)
cust_015422,2016-04-18,865,1,139.51,At Risk (was frequent)
cust_013542,2016-06-05,817,1,139.39,Hibernating / Lost
cust_004157,2017-06-23,434,1,139.38,Hibernating / Lost
cust_000010,2016-07-04,788,1,139.34,Hibernating / Lost
cust_001675,2017-07-06,421,1,139.29,Hibernating / Lost
cust_016875,2016-10-04,696,1,139.21,At Risk (was frequent)
cust_000861,2017-07-15,412,1,139.18,Hibernating / Lost
cust_000170,2017-11-18,286,1,139.16,Potential Loyalists
cust_003985,2017-03-09,540,1,139.16,Hibernating / Lost
cust_013131,2017-04-24,494,1,139.14,Hibernating / Lost
cust_000857,2018-01-17,226,1,139.08,Potential Loyalists
cust_015519,2016-04-09,874,1,139.01,At Risk (was frequent)
cust_009965,2017-10-13,322,2,138.94,Loyal Customers
cust_010964,2017-12-07,267,2,138.94,Loyal Customers
cust_010499,2016-12-03,636,1,138.93,Hibernating / Lost
cust_007561,2017-02-13,564,2,138.92,At Risk (was frequent)
cust_008490,2016-11-09,660,1,138.88,Hibernating / Lost
cust_002432,2016-03-25,889,1,138.87,Hibernating / Lost
cust_017162,2017-03-09,540,1,138.83,At Risk (was frequent)
cust_008963,2018-01-27,216,2,138.76,Loyal Customers
cust_017509,2016-08-17,744,2,138.75,At Risk (was frequent)
cust_008177,2016-11-02,667,1,138.73,Hibernating / Lost
cust_004293,2018-01-29,214,1,138.72,Potential Loyalists
cust_002407,2016-02-07,936,1,138.72,Hibernating / Lost
cust_008628,2018-01-10,233,1,138.69,Potential Loyalists
cust_016684,2017-01-15,593,1,138.68,At Risk (was frequent)
cust_000510,2017-05-20,468,2,138.65,At Risk (was frequent)
cust_010526,2016-09-26,704,1,138.64,Hibernating / Lost
cust_007513,2016-11-02,667,1,138.59,Hibernating / Lost
cust_018606,2017-12-31,243,2,138.57,Loyal Customers
cust_012733,2017-08-26,370,1,138.56,Hibernating / Lost
cust_016147,2016-03-06,908,1,138.49,At Risk (was frequent)
cust_004890,2016-12-16,623,2,138.48,At Risk (was frequent)
cust_011491,2017-07-06,421,1,138.41,Hibernating / Lost
cust_007099,2017-09-09,356,1,138.4,Hibernating / Lost
cust_005239,2017-08-11,385,1,138.35,Hibernating / Lost
cust_015925,2016-05-05,848,1,138.28,At Risk (was frequent)
cust_010515,2017-04-18,500,2,138.27,At Risk (was frequent)
cust_009803,2017-06-07,450,1,138.25,Hibernating / Lost
cust_009218,2016-08-04,757,1,138.16,Hibernating / Lost
cust_003705,2016-11-12,657,1,138.07,Hibernating / Lost
cust_016248,2016-06-03,819,1,138.02,At Risk (was frequent)
cust_015404,2017-07-08,419,1,137.97,At Risk (was frequent)
cust_010477,2016-06-14,808,1,137.93,Hibernating / Lost
cust_003751,2018-01-18,225,1,137.9,Potential Loyalists
cust_000997,2017-08-17,379,1,137.89,Hibernating / Lost
cust_015141,2017-03-14,535,1,137.84,At Risk (was frequent)
cust_003127,2017-10-13,322,1,137.74,Potential Loyalists
cust_011922,2017-09-01,364,1,137.71,Hibernating / Lost
cust_009180,2016-12-12,627,2,137.67,At Risk (was frequent)
cust_018776,2016-11-29,640,1,137.67,At Risk (was frequent)
cust_004526,2017-08-02,394,1,137.66,Hibernating / Lost
cust_003465,2017-03-24,525,1,137.64,Hibernating / Lost
cust_002877,2016-12-06,633,1,137.55,Hibernating / Lost
cust_002206,2016-07-10,782,1,137.53,Hibernating / Lost
cust_017115,2016-12-24,615,1,137.52,At Risk (was frequent)
cust_017055,2016-11-05,664,1,137.51,At Risk (was frequent)
cust_017473,2017-09-01,364,1,137.5,At Risk (was frequent)
cust_007931,2016-12-04,635,1,137.49,Hibernating / Lost
cust_000533,2017-02-18,559,2,137.48,At Risk (was frequent)
cust_017413,2016-11-10,659,2,137.47,At Risk (was frequent)
cust_008375,2017-05-26,462,2,137.46,At Risk (was frequent)
cust_018996,2018-02-03,209,1,137.45,Loyal Customers
cust_010413,2018-02-14,198,3,137.38,Loyal Customers
cust_000362,2016-09-19,711,1,137.26,Hibernating / Lost
cust_001488,2016-06-24,798,1,137.26,Hibernating / Lost
cust_001942,2016-05-14,839,1,137.23,Hibernating / Lost
cust_005147,2017-09-25,340,1,137.22,Hibernating / Lost
cust_013974,2016-10-30,670,2,137.19,At Risk (was frequent)
cust_000184,2017-05-09,479,1,137.19,Hibernating / Lost
cust_011582,2016-06-10,812,1,137.17,Hibernating / Lost
cust_010386,2016-11-08,661,2,137.11,At Risk (was frequent)
cust_018546,2017-05-26,462,1,137.09,At Risk (was frequent)
cust_001302,2016-08-13,748,1,137.05,Hibernating / Lost
cust_002248,2017-09-26,339,2,137.05,At Risk (was frequent)
cust_012281,2016-03-08,906,1,136.94,Hibernating / Lost
cust_004508,2016-11-04,665,1,136.93,Hibernating / Lost
cust_001082,2018-02-17,195,1,136.9,Potential Loyalists
cust_007322,2017-01-23,585,2,136.87,At Risk (was frequent)
cust_004594,2016-12-29,610,2,136.87,At Risk (was frequent)
cust_007331,2016-08-27,734,1,136.82,Hibernating / Lost
cust_004788,2018-01-20,223,1,136.7,Potential Loyalists
cust_009914,2016-12-11,628,1,136.64,Hibernating / Lost
cust_007111,2016-11-23,646,1,136.57,Hibernating / Lost
cust_015534,2017-11-03,301,2,136.56,Loyal Customers
cust_013608,2018-02-07,205,2,136.5,Loyal Customers
cust_003095,2016-03-07,907,1,136.49,Hibernating / Lost
cust_006503,2016-05-05,848,1,136.44,Hibernating / Lost
cust_002773,2017-05-13,475,1,136.44,Hibernating / Lost
cust_012657,2017-09-21,344,2,136.44,At Risk (was frequent)
cust_007108,2017-12-12,262,1,136.38,Potential Loyalists
cust_011200,2017-11-30,274,1,136.37,Potential Loyalists
cust_017910,2017-06-14,443,1,136.26,At Risk (was frequent)
cust_008994,2017-12-03,271,1,136.26,Potential Loyalists
cust_010837,2017-09-20,345,1,136.25,Hibernating / Lost
cust_005371,2016-02-06,937,1,136.24,Hibernating / Lost
cust_011069,2017-12-18,256,2,136.22,Loyal Customers
cust_006327,2016-12-16,623,1,136.21,Hibernating / Lost
cust_014893,2016-11-27,642,1,136.16,At Risk (was frequent)
cust_002483,2016-08-31,730,1,136.16,Hibernating / Lost
cust_016034,2018-02-01,211,1,136.15,Loyal Customers
cust_001879,2016-11-02,667,1,136.09,Hibernating / Lost
cust_010096,2016-12-14,625,1,136.07,Hibernating / Lost
cust_018477,2018-03-02,182,1,136.05,Loyal Customers
cust_018456,2016-11-10,659,1,136.01,At Risk (was frequent)
cust_003804,2016-11-09,660,2,135.99,At Risk (was frequent)
cust_002795,2018-01-19,224,1,135.95,Potential Loyalists
cust_014339,2017-03-11,538,2,135.95,At Risk (was frequent)
cust_006851,2017-08-05,391,2,135.94,At Risk (was frequent)
cust_018340,2016-07-19,773,1,135.93,At Risk (was frequent)
cust_007170,2017-11-14,290,1,135.92,Potential Loyalists
cust_012167,2017-11-04,300,1,135.91,Potential Loyalists
cust_013493,2017-05-14,474,1,135.87,Hibernating / Lost
cust_009719,2016-12-03,636,2,135.86,At Risk (was frequent)
cust_002282,2017-10-31,304,2,135.82,Loyal Customers
cust_013735,2017-06-28,429,2,135.8,At Risk (was frequent)
cust_002568,2016-10-21,679,2,135.78,At Risk (was frequent)
cust_013632,2017-08-31,365,2,135.71,At Risk (was frequent)
cust_016182,2017-11-14,290,2,135.64,Loyal Customers
cust_010659,2016-02-27,916,1,135.58,Hibernating / Lost
cust_014860,2016-08-02,759,1,135.52,At Risk (was frequent)
cust_000251,2016-11-24,645,1,135.45,Hibernating / Lost
cust_005344,2017-01-16,592,1,135.39,Hibernating / Lost
cust_009072,2017-09-16,349,1,135.38,Hibernating / Lost
cust_013135,2016-04-16,867,1,135.37,Hibernating / Lost
cust_001765,2017-08-31,365,1,135.26,Hibernating / Lost
cust_009299,2017-10-10,325,1,135.25,Potential Loyalists
cust_017235,2017-08-13,383,2,135.1,At Risk (was frequent)
cust_003787,2017-10-19,316,2,135.1,Loyal Customers
cust_016502,2017-04-01,517,2,135.07,At Risk (was frequent)
cust_012337,2017-09-01,364,2,135.02,At Risk (was frequent)
cust_013104,2017-09-28,337,1,135.01,Potential Loyalists
cust_015705,2017-08-03,393,1,134.99,At Risk (was frequent)
cust_007820,2016-10-05,695,1,134.97,Hibernating / Lost
cust_009782,2016-09-09,721,1,134.92,Hibernating / Lost
cust_000856,2016-05-13,840,1,134.91,Hibernating / Lost
cust_007958,2017-08-02,394,1,134.79,Hibernating / Lost
cust_005790,2017-07-08,419,2,134.77,At Risk (was frequent)
cust_013359,2017-11-12,292,1,134.75,Potential Loyalists
cust_003354,2016-03-22,892,1,134.67,Hibernating / Lost
cust_006350,2018-02-08,204,2,134.6,Loyal Customers
cust_010925,2017-11-20,284,2,134.59,Loyal Customers
cust_016335,2016-11-13,656,2,134.53,At Risk (was frequent)
cust_007832,2016-11-13,656,1,134.5,Hibernating / Lost
cust_000324,2016-02-28,915,1,134.49,Hibernating / Lost
cust_000785,2017-12-30,244,1,134.43,Potential Loyalists
cust_005486,2018-01-23,220,1,134.41,Potential Loyalists
cust_002165,2017-12-20,254,2,134.41,Loyal Customers
cust_015997,2017-06-13,444,1,134.34,At Risk (was frequent)
cust_006512,2016-10-17,683,1,134.28,Hibernating / Lost
cust_018802,2016-11-05,664,1,134.26,At Risk (was frequent)
cust_008215,2017-10-11,324,2,134.25,Loyal Customers
cust_016132,2017-03-10,539,1,134.21,At Risk (was frequent)
cust_016853,2017-07-09,418,2,134.1,At Risk (was frequent)
cust_004944,2016-07-02,790,1,134.08,Hibernating / Lost
cust_006458,2017-10-19,316,1,134.05,Potential Loyalists
cust_017932,2016-06-19,803,1,134.0,At Risk (was frequent)
cust_003232,2017-05-11,477,2,133.99,At Risk (was frequent)
cust_000152,2016-11-24,645,1,133.94,Hibernating / Lost
cust_015693,2016-06-08,814,1,133.94,At Risk (was frequent)
cust_014559,2017-10-09,326,1,133.87,Loyal Customers
cust_014321,2016-05-24,829,1,133.86,At Risk (was frequent)
cust_016215,2016-09-09,721,1,133.83,At Risk (was frequent)
cust_004080,2017-06-10,447,1,133.79,Hibernating / Lost
cust_014294,2017-11-21,283,1,133.63,Loyal Customers
cust_003007,2016-02-17,926,1,133.61,Hibernating / Lost
cust_012594,2017-04-06,512,1,133.55,Hibernating / Lost
cust_009907,2017-01-04,604,1,133.53,Hibernating / Lost
cust_015096,2017-12-04,270,2,133.51,Loyal Customers
cust_015656,2017-05-17,471,1,133.43,At Risk (was frequent)
cust_013887,2016-12-07,632,1,133.41,Hibernating / Lost
cust_000264,2017-12-04,270,3,133.36,Loyal Customers
cust_005476,2018-01-14,229,2,133.34,Loyal Customers
cust_016561,2016-09-15,715,1,133.29,At Risk (was frequent)
cust_000022,2018-02-04,208,1,133.28,Potential Loyalists
cust_009767,2017-11-07,297,2,133.21,Loyal Customers
cust_010677,2017-06-23,434,2,133.21,At Risk (was frequent)
cust_003605,2017-12-08,266,1,133.19,Potential Loyalists
cust_000622,2017-09-23,342,1,133.19,Hibernating / Lost
cust_001283,2017-07-28,399,1,133.07,Hibernating / Lost
cust_015097,2016-03-30,884,1,132.97,At Risk (was frequent)
cust_015678,2017-03-31,518,1,132.96,At Risk (was frequent)
cust_017228,2017-09-30,335,2,132.96,Loyal Customers
cust_005863,2017-10-27,308,1,132.95,Potential Loyalists
cust_007562,2016-11-18,651,2,132.93,At Risk (was frequent)
cust_007748,2017-05-01,487,2,132.9,At Risk (was frequent)
cust_005380,2017-08-19,377,1,132.89,Hibernating / Lost
cust_007760,2017-11-22,282,1,132.89,Potential Loyalists
cust_012999,2017-10-24,311,1,132.89,Potential Loyalists
cust_015271,2017-05-26,462,1,132.87,At Risk (was frequent)
cust_013004,2017-07-22,405,1,132.86,Hibernating / Lost
cust_004718,2016-11-10,659,2,132.83,At Risk (was frequent)
cust_017417,2018-01-01,242,1,132.75,Loyal Customers
cust_014671,2017-09-13,352,1,132.71,At Risk (was frequent)
cust_001693,2016-11-16,653,1,132.67,Hibernating / Lost
cust_015171,2016-04-16,867,1,132.66,At Risk (was frequent)
cust_013505,2016-11-12,657,1,132.65,Hibernating / Lost
cust_009222,2017-02-24,553,1,132.56,Hibernating / Lost
cust_014341,2016-10-06,694,1,132.54,At Risk (was frequent)
cust_006430,2017-05-12,476,1,132.49,Hibernating / Lost
cust_011996,2017-10-21,314,3,132.42,Loyal Customers
cust_015875,2017-04-12,506,1,132.4,At Risk (was frequent)
cust_010296,2017-04-19,499,1,132.37,Hibernating / Lost
cust_011408,2016-01-15,959,1,132.36,Hibernating / Lost
cust_001395,2016-11-30,639,2,132.22,At Risk (was frequent)
cust_002309,2017-03-16,533,2,132.11,At Risk (was frequent)
cust_013646,2016-02-20,923,2,132.06,At Risk (was frequent)
cust_002651,2017-10-27,308,1,132.03,Potential Loyalists
cust_007251,2017-11-28,276,1,131.98,Potential Loyalists
cust_018084,2017-05-22,466,1,131.97,At Risk (was frequent)
cust_018113,2016-10-11,689,1,131.9,At Risk (was frequent)
cust_004315,2016-09-27,703,1,131.87,Hibernating / Lost
cust_005018,2017-05-27,461,1,131.85,Hibernating / Lost
cust_003102,2017-12-31,243,2,131.81,Loyal Customers
cust_000641,2016-03-04,910,1,131.76,Hibernating / Lost
cust_003360,2017-09-18,347,1,131.75,Hibernating / Lost
cust_014065,2017-12-07,267,2,131.69,Loyal Customers
cust_002472,2017-07-14,413,1,131.67,Hibernating / Lost
cust_008911,2017-08-29,367,1,131.63,Hibernating / Lost
cust_003188,2017-06-05,452,1,131.6,Hibernating / Lost
cust_002679,2016-02-06,937,1,131.58,Hibernating / Lost
cust_016681,2017-06-01,456,1,131.5,At Risk (was frequent)
cust_003806,2016-07-23,769,2,131.5,At Risk (was frequent)
cust_015669,2016-01-21,953,1,131.42,At Risk (was frequent)
cust_016213,2018-01-13,230,2,131.41,Loyal Customers
cust_000513,2017-11-01,303,1,131.37,Potential Loyalists
cust_007018,2018-02-16,196,3,131.37,Loyal Customers
cust_001811,2017-12-25,249,1,131.36,Potential Loyalists
cust_000799,2016-01-31,943,1,131.33,Hibernating / Lost
cust_006285,2018-01-12,231,2,131.31,Loyal Customers
cust_003634,2016-08-13,748,1,131.23,Hibernating / Lost
cust_002244,2017-11-21,283,1,131.23,Potential Loyalists
cust_013613,2017-03-30,519,1,131.22,Hibernating / Lost
cust_002870,2016-08-24,737,1,131.22,Hibernating / Lost
cust_011986,2017-09-23,342,2,131.19,At Risk (was frequent)
cust_011943,2017-08-03,393,2,131.12,At Risk (was frequent)
cust_008063,2018-01-20,223,1,131.09,Potential Loyalists
cust_010885,2017-12-23,251,1,131.07,Potential Loyalists
cust_014213,2016-12-15,624,1,130.99,At Risk (was frequent)
cust_014440,2017-01-18,590,1,130.97,At Risk (was frequent)
cust_010906,2017-03-31,518,1,130.97,Hibernating / Lost
cust_005406,2018-02-19,193,1,130.96,Potential Loyalists
cust_005268,2017-06-20,437,1,130.95,Hibernating / Lost
cust_016737,2017-11-18,286,1,130.95,Loyal Customers
cust_005087,2016-09-14,716,1,130.95,Hibernating / Lost
cust_008708,2017-12-12,262,2,130.93,Loyal Customers
cust_014277,2018-02-10,202,2,130.86,Loyal Customers
cust_007147,2017-03-11,538,1,130.86,Hibernating / Lost
cust_015390,2016-09-27,703,1,130.73,At Risk (was frequent)
cust_001772,2016-09-01,729,1,130.66,Hibernating / Lost
cust_008036,2017-12-04,270,2,130.64,Loyal Customers
cust_002755,2016-05-23,830,2,130.61,At Risk (was frequent)
cust_009306,2016-08-22,739,1,130.56,Hibernating / Lost
cust_009355,2017-01-26,582,2,130.54,At Risk (was frequent)
cust_001792,2017-05-28,460,1,130.52,Hibernating / Lost
cust_013127,2017-12-03,271,2,130.5,Loyal Customers
cust_007827,2018-01-11,232,3,130.49,Loyal Customers
cust_014842,2017-07-29,398,1,130.45,At Risk (was frequent)
cust_012473,2016-03-29,885,1,130.42,Hibernating / Lost
cust_018818,2016-07-21,771,1,130.33,At Risk (was frequent)
cust_018930,2017-01-01,607,1,130.32,At Risk (was frequent)
cust_010010,2017-09-29,336,3,130.23,Loyal Customers
cust_018317,2016-01-03,971,1,130.21,At Risk (was frequent)
cust_005497,2017-11-17,287,2,130.18,Loyal Customers
cust_014752,2016-11-12,657,2,130.17,At Risk (was frequent)
cust_009774,2017-03-14,535,1,130.16,Hibernating / Lost
cust_004766,2017-10-24,311,1,130.13,Potential Loyalists
cust_011991,2017-05-01,487,1,130.13,Hibernating / Lost
cust_014612,2017-02-18,559,1,130.13,At Risk (was frequent)
cust_012228,2017-07-11,416,1,130.09,Hibernating / Lost
cust_011249,2016-04-17,866,1,130.05,Hibernating / Lost
cust_012436,2017-06-17,440,1,130.04,Hibernating / Lost
cust_016223,2017-04-26,492,2,130.03,At Risk (was frequent)
cust_018688,2018-02-12,200,1,130.03,Loyal Customers
cust_011309,2017-06-30,427,2,129.96,At Risk (was frequent)
cust_001821,2016-10-09,691,1,129.94,Hibernating / Lost
cust_006378,2016-07-22,770,1,129.9,Hibernating / Lost
cust_008887,2017-04-06,512,1,129.89,Hibernating / Lost
cust_017144,2017-11-29,275,2,129.88,Loyal Customers
cust_008269,2017-09-05,360,1,129.87,Hibernating / Lost
cust_008227,2018-02-19,193,1,129.86,Potential Loyalists
cust_003000,2017-11-04,300,1,129.81,Potential Loyalists
cust_005178,2016-12-26,613,3,129.79,At Risk (was frequent)
cust_018690,2016-06-02,820,1,129.72,At Risk (was frequent)
cust_005062,2017-10-09,326,2,129.72,Loyal Customers
cust_016792,2017-11-28,276,1,129.71,Loyal Customers
cust_010979,2016-10-14,686,1,129.7,Hibernating / Lost
cust_005939,2016-08-18,743,1,129.66,Hibernating / Lost
cust_009548,2018-01-09,234,1,129.65,Potential Loyalists
cust_010426,2018-01-03,240,1,129.64,Potential Loyalists
cust_007937,2016-05-22,831,3,129.64,At Risk (was frequent)
cust_012349,2017-11-22,282,2,129.63,Loyal Customers
cust_007750,2017-11-10,294,1,129.52,Potential Loyalists
cust_005253,2017-11-16,288,1,129.48,Potential Loyalists
cust_007249,2017-06-18,439,1,129.42,Hibernating / Lost
cust_009287,2017-07-06,421,1,129.41,Hibernating / Lost
cust_003410,2017-11-30,274,1,129.4,Potential Loyalists
cust_011761,2017-05-22,466,1,129.37,Hibernating / Lost
cust_005480,2017-12-27,247,1,129.36,Potential Loyalists
cust_018869,2016-08-14,747,1,129.34,At Risk (was frequent)
cust_003680,2017-11-25,279,1,129.32,Potential Loyalists
cust_012819,2016-07-13,779,1,129.3,Hibernating / Lost
cust_007852,2017-09-30,335,1,129.3,Potential Loyalists
cust_002504,2017-01-17,591,2,129.27,At Risk (was frequent)
cust_016956,2017-10-24,311,1,129.24,Loyal Customers
cust_014696,2016-04-09,874,1,129.23,At Risk (was frequent)
cust_013833,2016-12-23,616,1,129.22,Hibernating / Lost
cust_008691,2017-07-30,397,1,129.21,Hibernating / Lost
cust_004006,2017-01-26,582,3,129.12,At Risk (was frequent)
cust_005851,2017-11-08,296,1,129.09,Potential Loyalists
cust_012646,2017-12-19,255,2,129.06,Loyal Customers
cust_005959,2017-02-13,564,2,129.02,At Risk (was frequent)
cust_006053,2017-09-17,348,1,128.99,Hibernating / Lost
cust_004503,2018-02-01,211,1,128.95,Potential Loyalists
cust_011895,2017-03-21,528,1,128.93,Hibernating / Lost
cust_009916,2017-08-24,372,1,128.9,Hibernating / Lost
cust_014460,2017-06-07,450,1,128.89,At Risk (was frequent)
cust_010365,2016-07-31,761,1,128.85,Hibernating / Lost
cust_016318,2017-07-07,420,1,128.82,At Risk (was frequent)
cust_003087,2017-05-08,480,1,128.79,Hibernating / Lost
cust_002919,2017-10-10,325,2,128.74,Loyal Customers
cust_007593,2017-12-27,247,1,128.72,Potential Loyalists
cust_013577,2016-11-20,649,1,128.7,Hibernating / Lost
cust_008538,2016-12-28,611,1,128.66,Hibernating / Lost
cust_006098,2016-11-13,656,1,128.65,Hibernating / Lost
cust_007271,2017-10-26,309,1,128.57,Potential Loyalists
cust_004137,2016-08-01,760,1,128.56,Hibernating / Lost
cust_014589,2016-04-19,864,1,128.55,At Risk (was frequent)
cust_007803,2017-06-06,451,2,128.42,At Risk (was frequent)
cust_003161,2017-05-22,466,2,128.37,At Risk (was frequent)
cust_017560,2017-06-26,431,2,128.36,At Risk (was frequent)
cust_006075,2016-11-07,662,1,128.34,Hibernating / Lost
cust_003100,2017-04-09,509,2,128.31,At Risk (was frequent)
cust_004040,2016-02-01,942,1,128.29,Hibernating / Lost
cust_005090,2017-11-07,297,2,128.27,Loyal Customers
cust_012149,2016-12-16,623,1,128.26,Hibernating / Lost
cust_006137,2017-08-17,379,1,128.25,Hibernating / Lost
cust_003106,2016-03-20,894,1,128.21,Hibernating / Lost
cust_015465,2017-07-04,423,2,128.18,At Risk (was frequent)
cust_005298,2017-05-11,477,1,128.17,Hibernating / Lost
cust_010822,2018-02-24,188,1,128.17,Potential Loyalists
cust_015161,2017-11-17,287,2,128.11,Loyal Customers
cust_006468,2016-11-26,643,2,128.08,At Risk (was frequent)
cust_008094,2016-02-16,927,1,128.04,Hibernating / Lost
cust_008960,2017-10-27,308,1,128.02,Potential Loyalists
cust_003901,2016-04-12,871,1,127.99,Hibernating / Lost
cust_016937,2017-04-20,498,2,127.96,At Risk (was frequent)
cust_009797,2016-01-11,963,1,127.93,Hibernating / Lost
cust_000194,2017-09-12,353,2,127.92,At Risk (was frequent)
cust_012222,2018-01-30,213,1,127.91,Potential Loyalists
cust_003833,2017-10-28,307,2,127.88,Loyal Customers
cust_008358,2016-08-05,756,1,127.86,Hibernating / Lost
cust_001831,2016-10-15,685,2,127.82,At Risk (was frequent)
cust_002593,2018-01-12,231,1,127.82,Potential Loyalists
cust_009646,2016-04-30,853,1,127.8,Hibernating / Lost
cust_006353,2016-11-19,650,1,127.8,Hibernating / Lost
cust_003400,2017-12-17,257,2,127.75,Loyal Customers
cust_003383,2016-11-03,666,1,127.74,Hibernating / Lost
cust_006510,2017-02-19,558,1,127.7,Hibernating / Lost
cust_006399,2017-03-20,529,1,127.69,Hibernating / Lost
cust_008655,2016-01-05,969,1,127.66,Hibernating / Lost
cust_002656,2017-03-30,519,1,127.64,Hibernating / Lost
cust_016593,2017-03-26,523,1,127.61,At Risk (was frequent)
cust_009257,2018-01-26,217,1,127.54,Potential Loyalists
cust_013046,2016-11-23,646,1,127.53,Hibernating / Lost
cust_005081,2016-03-03,911,1,127.52,Hibernating / Lost
cust_018469,2017-11-15,289,1,127.5,Loyal Customers
cust_005793,2017-03-13,536,1,127.49,Hibernating / Lost
cust_005731,2017-05-27,461,2,127.46,At Risk (was frequent)
cust_003481,2016-02-19,924,1,127.41,Hibernating / Lost
cust_013036,2016-12-18,621,1,127.38,Hibernating / Lost
cust_006046,2017-10-24,311,3,127.33,Loyal Customers
cust_004361,2018-01-27,216,2,127.33,Loyal Customers
cust_015448,2016-11-11,658,2,127.22,At Risk (was frequent)
cust_008289,2016-06-09,813,1,127.19,Hibernating / Lost
cust_009697,2016-07-24,768,1,127.19,Hibernating / Lost
cust_004339,2018-01-25,218,1,127.18,Potential Loyalists
cust_000746,2016-09-04,726,1,127.18,Hibernating / Lost
cust_018638,2017-07-19,408,1,127.17,At Risk (was frequent)
cust_015243,2017-11-08,296,2,127.15,Loyal Customers
cust_006840,2017-07-08,419,1,127.13,Hibernating / Lost
cust_018911,2017-10-26,309,1,127.12,Loyal Customers
cust_015755,2016-09-21,709,1,127.09,At Risk (was frequent)
cust_003886,2016-09-23,707,1,127.08,Hibernating / Lost
cust_009654,2017-11-24,280,1,127.08,Potential Loyalists
cust_012579,2018-02-17,195,1,127.02,Potential Loyalists
cust_002285,2016-11-02,667,2,126.95,At Risk (was frequent)
cust_009303,2017-02-12,565,1,126.88,Hibernating / Lost
cust_006330,2017-12-29,245,1,126.85,Potential Loyalists
cust_009272,2018-02-05,207,2,126.83,Loyal Customers
cust_008980,2016-12-16,623,1,126.82,Hibernating / Lost
cust_017050,2017-08-31,365,2,126.81,At Risk (was frequent)
cust_007196,2017-11-18,286,2,126.75,Loyal Customers
cust_004366,2018-02-18,194,1,126.75,Potential Loyalists
cust_015043,2017-04-22,496,1,126.72,At Risk (was frequent)
cust_017040,2018-01-08,235,1,126.71,Loyal Customers
cust_013588,2017-01-24,584,1,126.68,Hibernating / Lost
cust_008506,2016-12-07,632,1,126.66,Hibernating / Lost
cust_008181,2017-06-29,428,2,126.56,At Risk (was frequent)
cust_018320,2016-05-02,851,1,126.54,At Risk (was frequent)
cust_017772,2017-08-10,386,1,126.51,At Risk (was frequent)
cust_010517,2018-02-09,203,1,126.51,Potential Loyalists
cust_012536,2017-05-02,486,3,126.42,At Risk (was frequent)
cust_006974,2017-05-13,475,1,126.37,Hibernating / Lost
cust_017093,2017-11-22,282,1,126.35,Loyal Customers
cust_010375,2017-08-11,385,1,126.33,Hibernating / Lost
cust_010892,2017-08-01,395,1,126.28,Hibernating / Lost
cust_009199,2017-08-20,376,2,126.25,At Risk (was frequent)
cust_008795,2016-12-14,625,1,126.25,Hibernating / Lost
cust_003049,2016-10-09,691,1,126.14,Hibernating / Lost
cust_001434,2016-04-18,865,2,126.13,At Risk (was frequent)
cust_005120,2017-04-29,489,1,126.1,Hibernating / Lost
cust_002260,2016-08-31,730,1,126.09,Hibernating / Lost
cust_002818,2017-07-15,412,1,126.08,Hibernating / Lost
cust_011485,2017-09-27,338,3,126.07,Loyal Customers
cust_012035,2016-05-02,851,1,126.07,Hibernating / Lost
cust_016498,2017-12-01,273,2,126.01,Loyal Customers
cust_009195,2017-01-31,577,2,125.98,At Risk (was frequent)
cust_003083,2017-10-16,319,1,125.97,Potential Loyalists
cust_007864,2016-03-03,911,1,125.97,Hibernating / Lost
cust_016541,2017-11-10,294,1,125.95,Loyal Customers
cust_008917,2016-04-02,881,1,125.95,Hibernating / Lost
cust_014231,2017-03-03,546,1,125.93,At Risk (was frequent)
cust_007722,2018-01-26,217,1,125.84,Potential Loyalists
cust_015889,2016-06-12,810,2,125.81,At Risk (was frequent)
cust_012856,2017-11-06,298,1,125.8,Potential Loyalists
cust_016485,2017-07-22,405,1,125.76,At Risk (was frequent)
cust_000711,2017-04-11,507,1,125.75,Hibernating / Lost
cust_016460,2017-10-15,320,1,125.71,Loyal Customers
cust_006288,2016-10-04,696,1,125.63,Hibernating / Lost
cust_017873,2016-01-16,958,1,125.5,At Risk (was frequent)
cust_006250,2016-03-18,896,1,125.5,Hibernating / Lost
cust_014017,2017-12-31,243,2,125.48,Loyal Customers
cust_003897,2016-06-21,801,1,125.44,Hibernating / Lost
cust_006751,2016-12-23,616,1,125.42,Hibernating / Lost
cust_007083,2017-04-02,516,1,125.33,Hibernating / Lost
cust_013921,2016-01-08,966,1,125.26,Hibernating / Lost
cust_010808,2017-03-26,523,1,125.25,Hibernating / Lost
cust_009972,2017-06-23,434,1,125.25,Hibernating / Lost
cust_009725,2017-11-01,303,1,125.2,Potential Loyalists
cust_015665,2017-10-04,331,1,125.18,Loyal Customers
cust_010107,2018-02-01,211,2,125.1,Loyal Customers
cust_012176,2016-12-08,631,1,125.03,Hibernating / Lost
cust_011768,2016-04-28,855,1,124.98,Hibernating / Lost
cust_007492,2018-01-19,224,2,124.94,Loyal Customers
cust_004649,2017-11-02,302,2,124.92,Loyal Customers
cust_012760,2016-11-28,641,1,124.88,Hibernating / Lost
cust_006497,2017-02-23,554,1,124.85,Hibernating / Lost
cust_001004,2017-07-31,396,2,124.81,At Risk (was frequent)
cust_016473,2017-11-21,283,2,124.77,Loyal Customers
cust_001025,2016-05-18,835,1,124.74,Hibernating / Lost
cust_008740,2016-10-03,697,1,124.73,Hibernating / Lost
cust_018080,2016-02-19,924,1,124.73,At Risk (was frequent)
cust_016716,2017-09-10,355,1,124.71,At Risk (was frequent)
cust_004671,2016-04-12,871,1,124.68,Hibernating / Lost
cust_015556,2016-10-18,682,2,124.54,At Risk (was frequent)
cust_000226,2016-11-18,651,1,124.52,Hibernating / Lost
cust_015391,2017-02-05,572,1,124.5,At Risk (was frequent)
cust_006741,2017-06-21,436,1,124.4,Hibernating / Lost
cust_003702,2017-02-06,571,1,124.4,Hibernating / Lost
cust_013672,2017-04-08,510,2,124.37,At Risk (was frequent)
cust_002411,2018-02-27,185,1,124.37,Potential Loyalists
cust_009430,2016-11-18,651,1,124.28,Hibernating / Lost
cust_010478,2016-05-01,852,1,124.21,Hibernating / Lost
cust_011765,2017-12-07,267,1,124.18,Potential Loyalists
cust_010203,2017-11-03,301,2,124.15,Loyal Customers
cust_018400,2016-02-16,927,1,124.12,At Risk (was frequent)
cust_003030,2016-06-05,817,1,124.11,Hibernating / Lost
cust_016126,2018-02-12,200,2,124.03,Loyal Customers
cust_005401,2017-11-09,295,2,123.99,Loyal Customers
cust_015289,2018-02-23,189,1,123.99,Loyal Customers
cust_003814,2016-02-08,935,1,123.98,Hibernating / Lost
cust_009415,2017-06-30,427,2,123.91,At Risk (was frequent)
cust_015290,2016-05-27,826,1,123.89,At Risk (was frequent)
cust_009514,2017-12-29,245,1,123.85,Potential Loyalists
cust_010564,2016-09-19,711,1,123.83,Hibernating / Lost
cust_017630,2017-11-18,286,1,123.83,Loyal Customers
cust_013920,2017-12-12,262,1,123.76,Potential Loyalists
cust_014618,2016-06-22,800,1,123.76,At Risk (was frequent)
cust_002230,2017-11-08,296,2,123.75,Loyal Customers
cust_008142,2016-12-25,614,1,123.74,Hibernating / Lost
cust_005712,2016-08-14,747,1,123.55,Hibernating / Lost
cust_015297,2016-05-03,850,2,123.53,At Risk (was frequent)
cust_007200,2016-03-10,904,1,123.49,Hibernating / Lost
cust_017083,2018-01-31,212,1,123.48,Loyal Customers
cust_018482,2016-08-10,751,1,123.44,At Risk (was frequent)
cust_018887,2017-05-18,470,1,123.43,At Risk (was frequent)
cust_010897,2017-01-05,603,1,123.41,Hibernating / Lost
cust_003290,2016-10-03,697,1,123.4,Hibernating / Lost
cust_008511,2017-09-13,352,1,123.4,Hibernating / Lost
cust_015759,2016-05-31,822,1,123.35,At Risk (was frequent)
cust_012676,2016-02-11,932,1,123.35,Hibernating / Lost
cust_018952,2017-04-26,492,2,123.31,At Risk (was frequent)
cust_006419,2017-05-30,458,1,123.26,Hibernating / Lost
cust_013478,2016-07-25,767,1,123.26,Hibernating / Lost
cust_002295,2017-05-04,484,1,123.24,Hibernating / Lost
cust_007409,2017-05-26,462,2,123.2,At Risk (was frequent)
cust_008275,2017-08-04,392,2,123.19,At Risk (was frequent)
cust_016453,2018-02-03,209,1,123.13,Loyal Customers
cust_005777,2017-12-04,270,1,123.06,Potential Loyalists
cust_018653,2016-08-22,739,3,123.05,At Risk (was frequent)
cust_013655,2017-08-18,378,1,123.03,Hibernating / Lost
cust_011368,2017-04-01,517,1,122.99,Hibernating / Lost
cust_002237,2016-12-14,625,1,122.96,Hibernating / Lost
cust_007223,2016-02-17,926,1,122.91,Hibernating / Lost
cust_008901,2016-04-26,857,1,122.9,Hibernating / Lost
cust_008216,2016-12-20,619,1,122.87,Hibernating / Lost
cust_004399,2017-12-20,254,2,122.85,Loyal Customers
cust_017418,2017-08-16,380,1,122.84,At Risk (was frequent)
cust_014946,2017-05-02,486,2,122.76,At Risk (was frequent)
cust_003983,2017-12-05,269,1,122.74,Potential Loyalists
cust_010572,2018-01-23,220,1,122.73,Potential Loyalists
cust_003454,2016-09-27,703,1,122.71,Hibernating / Lost
cust_000780,2017-01-31,577,1,122.68,Hibernating / Lost
cust_012982,2016-08-10,751,1,122.67,Hibernating / Lost
cust_007535,2016-10-05,695,1,122.65,Hibernating / Lost
cust_016850,2017-07-20,407,1,122.64,At Risk (was frequent)
cust_000129,2017-10-06,329,1,122.63,Potential Loyalists
cust_004431,2017-06-25,432,1,122.54,Hibernating / Lost
cust_014797,2017-11-29,275,1,122.53,Loyal Customers
cust_003503,2018-01-26,217,1,122.5,Potential Loyalists
cust_014049,2017-10-08,327,1,122.32,Loyal Customers
cust_016379,2016-11-29,640,2,122.29,At Risk (was frequent)
cust_002829,2017-12-09,265,1,122.21,Potential Loyalists
cust_007246,2016-03-28,886,1,122.2,Hibernating / Lost
cust_008249,2018-01-23,220,2,122.11,Loyal Customers
cust_005621,2016-08-30,731,2,122.1,At Risk (was frequent)
cust_004826,2016-11-15,654,1,122.1,Hibernating / Lost
cust_002733,2017-10-26,309,1,122.09,Potential Loyalists
cust_014550,2017-12-08,266,1,122.03,Loyal Customers
cust_004125,2018-02-22,190,2,122.02,Loyal Customers
cust_006210,2017-09-12,353,1,122.02,Hibernating / Lost
cust_009107,2016-05-15,838,1,121.94,Hibernating / Lost
cust_001424,2016-06-02,820,1,121.94,Hibernating / Lost
cust_006177,2016-04-06,877,1,121.93,Hibernating / Lost
cust_011153,2017-11-29,275,1,121.91,Potential Loyalists
cust_012015,2017-10-21,314,1,121.86,Potential Loyalists
cust_007007,2016-04-14,869,1,121.83,Hibernating / Lost
cust_003226,2016-06-04,818,1,121.82,Hibernating / Lost
cust_017580,2017-03-21,528,2,121.76,At Risk (was frequent)
cust_005002,2016-07-06,786,1,121.75,Hibernating / Lost
cust_015509,2018-02-23,189,1,121.75,Loyal Customers
cust_010358,2016-12-05,634,1,121.74,Hibernating / Lost
cust_013946,2017-08-06,390,1,121.74,Hibernating / Lost
cust_013280,2017-11-10,294,2,121.68,Loyal Customers
cust_012851,2016-11-30,639,2,121.67,At Risk (was frequent)
cust_016490,2018-03-02,182,2,121.53,Loyal Customers
cust_010428,2017-12-30,244,2,121.5,Loyal Customers
cust_015478,2016-12-29,610,1,121.47,At Risk (was frequent)
cust_014061,2016-11-07,662,2,121.46,At Risk (was frequent)
cust_004287,2017-05-19,469,1,121.35,Hibernating / Lost
cust_012291,2017-02-18,559,2,121.32,At Risk (was frequent)
cust_016402,2017-07-21,406,1,121.2,At Risk (was frequent)
cust_005885,2017-04-10,508,1,121.19,Hibernating / Lost
cust_003342,2017-04-01,517,1,121.09,Hibernating / Lost
cust_013466,2018-03-01,183,1,121.03,Potential Loyalists
cust_007756,2018-01-15,228,1,120.98,Potential Loyalists
cust_002636,2018-01-18,225,3,120.98,Loyal Customers
cust_018734,2016-10-24,676,1,120.98,At Risk (was frequent)
cust_010391,2017-01-27,581,3,120.95,At Risk (was frequent)
cust_016679,2016-02-11,932,1,120.94,At Risk (was frequent)
cust_001598,2017-11-30,274,1,120.94,Potential Loyalists
cust_008662,2016-06-27,795,1,120.94,Hibernating / Lost
cust_017506,2017-11-05,299,1,120.93,Loyal Customers
cust_004862,2016-07-25,767,2,120.9,At Risk (was frequent)
cust_014079,2017-09-21,344,2,120.89,At Risk (was frequent)
cust_008587,2017-06-28,429,2,120.88,At Risk (was frequent)
cust_010829,2016-10-16,684,1,120.85,Hibernating / Lost
cust_014253,2017-07-07,420,1,120.77,At Risk (was frequent)
cust_014015,2017-09-18,347,2,120.77,At Risk (was frequent)
cust_016623,2017-11-11,293,1,120.76,Loyal Customers
cust_002445,2017-11-19,285,1,120.73,Potential Loyalists
cust_007911,2017-03-13,536,1,120.67,Hibernating / Lost
cust_018416,2016-05-29,824,1,120.64,At Risk (was frequent)
cust_017336,2018-02-21,191,1,120.62,Loyal Customers
cust_008823,2016-05-23,830,1,120.59,Hibernating / Lost
cust_014381,2018-01-08,235,1,120.58,Loyal Customers
cust_007317,2016-09-15,715,1,120.54,Hibernating / Lost
cust_000270,2017-12-03,271,1,120.51,Potential Loyalists
cust_017584,2017-02-14,563,2,120.47,At Risk (was frequent)
cust_005326,2017-05-20,468,1,120.43,Hibernating / Lost
cust_017430,2016-03-17,897,1,120.39,At Risk (was frequent)
cust_008829,2018-01-21,222,2,120.39,Loyal Customers
cust_012662,2016-04-30,853,1,120.38,Hibernating / Lost
cust_003108,2017-05-15,473,1,120.36,Hibernating / Lost
cust_000839,2017-11-23,281,1,120.36,Potential Loyalists
cust_008615,2017-09-28,337,1,120.35,Potential Loyalists
cust_006719,2016-08-22,739,1,120.34,Hibernating / Lost
cust_014227,2017-09-04,361,2,120.33,At Risk (was frequent)
cust_017073,2016-05-10,843,1,120.23,At Risk (was frequent)
cust_011254,2016-11-05,664,1,120.2,Hibernating / Lost
cust_006313,2017-04-28,490,1,120.2,Hibernating / Lost
cust_004758,2017-03-04,545,1,120.2,Hibernating / Lost
cust_006173,2017-04-06,512,1,120.18,Hibernating / Lost
cust_004304,2017-11-27,277,3,120.17,Loyal Customers
cust_009241,2017-10-10,325,1,120.16,Potential Loyalists
cust_013965,2017-12-21,253,2,120.14,Loyal Customers
cust_009356,2017-03-31,518,1,120.13,Hibernating / Lost
cust_003402,2017-12-14,260,1,120.13,Potential Loyalists
cust_000614,2016-01-09,965,1,120.11,Hibernating / Lost
cust_003758,2017-11-26,278,1,120.09,Potential Loyalists
cust_018934,2017-01-29,579,1,120.09,At Risk (was frequent)
cust_001385,2016-11-14,655,1,120.09,Hibernating / Lost
cust_004283,2017-07-25,402,2,120.06,At Risk (was frequent)
cust_008046,2016-10-24,676,1,120.03,Hibernating / Lost
cust_010227,2016-10-20,680,1,119.99,Hibernating / Lost
cust_006009,2016-04-29,854,1,119.97,Hibernating / Lost
cust_002443,2016-06-26,796,1,119.94,Hibernating / Lost
cust_010349,2016-10-19,681,2,119.94,At Risk (was frequent)
cust_004535,2016-06-28,794,1,119.94,Hibernating / Lost
cust_009538,2016-05-02,851,1,119.91,Hibernating / Lost
cust_018235,2017-10-22,313,1,119.9,Loyal Customers
cust_009248,2017-07-25,402,1,119.89,Hibernating / Lost
cust_016030,2016-06-13,809,2,119.82,At Risk (was frequent)
cust_000092,2016-08-15,746,1,119.69,Hibernating / Lost
cust_015352,2016-03-26,888,1,119.67,At Risk (was frequent)
cust_007398,2017-12-04,270,1,119.65,Potential Loyalists
cust_015616,2017-11-30,274,2,119.6,Loyal Customers
cust_014808,2017-04-25,493,2,119.59,At Risk (was frequent)
cust_002159,2017-06-26,431,2,119.58,At Risk (was frequent)
cust_008497,2016-11-17,652,1,119.58,Hibernating / Lost
cust_015774,2016-09-15,715,1,119.58,At Risk (was frequent)
cust_000038,2016-02-24,919,1,119.53,Hibernating / Lost
cust_006269,2017-04-02,516,1,119.51,Hibernating / Lost
cust_006720,2017-09-30,335,1,119.5,Potential Loyalists
cust_001154,2016-09-03,727,1,119.48,Hibernating / Lost
cust_016216,2016-08-18,743,1,119.42,At Risk (was frequent)
cust_018687,2016-09-02,728,1,119.34,At Risk (was frequent)
cust_011140,2016-07-20,772,1,119.33,Hibernating / Lost
cust_005016,2017-07-26,401,1,119.32,Hibernating / Lost
cust_017612,2017-06-11,446,1,119.31,At Risk (was frequent)
cust_006242,2017-07-19,408,2,119.29,At Risk (was frequent)
cust_002714,2017-07-19,408,1,119.29,Hibernating / Lost
cust_005431,2017-12-31,243,1,119.27,Potential Loyalists
cust_015131,2016-11-18,651,1,119.21,At Risk (was frequent)
cust_008892,2017-07-25,402,1,119.18,Hibernating / Lost
cust_009802,2017-12-16,258,1,119.18,Potential Loyalists
cust_000156,2016-12-09,630,1,119.16,Hibernating / Lost
cust_001527,2017-10-31,304,1,119.13,Potential Loyalists
cust_016166,2016-03-04,910,1,119.12,At Risk (was frequent)
cust_013868,2017-03-04,545,1,119.12,Hibernating / Lost
cust_017654,2017-06-25,432,2,119.11,At Risk (was frequent)
cust_008816,2017-08-01,395,3,119.1,At Risk (was frequent)
cust_012267,2016-06-20,802,1,119.02,Hibernating / Lost
cust_006996,2016-11-21,648,1,119.0,Hibernating / Lost
cust_011244,2017-09-29,336,1,119.0,Potential Loyalists
cust_005038,2017-03-08,541,1,118.99,Hibernating / Lost
cust_006883,2017-06-20,437,1,118.89,Hibernating / Lost
cust_018908,2016-08-10,751,1,118.88,At Risk (was frequent)
cust_014027,2016-10-10,690,1,118.82,At Risk (was frequent)
cust_015367,2016-10-04,696,1,118.82,At Risk (was frequent)
cust_000737,2016-08-04,757,1,118.8,Hibernating / Lost
cust_017078,2016-04-20,863,1,118.78,At Risk (was frequent)
cust_005782,2016-11-05,664,1,118.74,Hibernating / Lost
cust_013107,2016-05-21,832,1,118.73,Hibernating / Lost
cust_014495,2017-11-10,294,2,118.71,Loyal Customers
cust_007206,2016-08-08,753,2,118.71,At Risk (was frequent)
cust_010078,2017-09-27,338,1,118.71,Potential Loyalists
cust_014713,2016-05-20,833,1,118.7,At Risk (was frequent)
cust_016469,2017-12-18,256,1,118.68,Loyal Customers
cust_003974,2016-10-28,672,2,118.61,At Risk (was frequent)
cust_015847,2018-02-10,202,1,118.57,Loyal Customers
cust_009505,2017-11-04,300,2,118.53,Loyal Customers
cust_001091,2017-11-13,291,1,118.45,Potential Loyalists
cust_003033,2016-12-27,612,1,118.41,Hibernating / Lost
cust_012071,2017-02-27,550,1,118.41,Hibernating / Lost
cust_010737,2017-12-18,256,1,118.39,Potential Loyalists
cust_002275,2016-01-04,970,1,118.39,Hibernating / Lost
cust_002590,2018-01-27,216,2,118.39,Loyal Customers
cust_016351,2016-10-17,683,2,118.35,At Risk (was frequent)
cust_000884,2017-04-02,516,1,118.32,Hibernating / Lost
cust_007321,2017-12-28,246,1,118.28,Potential Loyalists
cust_001711,2017-07-04,423,1,118.27,Hibernating / Lost
cust_007626,2017-12-15,259,1,118.22,Potential Loyalists
cust_010589,2016-10-14,686,1,118.17,Hibernating / Lost
cust_009539,2017-11-27,277,1,118.17,Potential Loyalists
cust_014878,2016-08-04,757,1,118.16,At Risk (was frequent)
cust_014494,2016-11-25,644,1,118.15,At Risk (was frequent)
cust_002325,2017-07-23,404,2,118.0,At Risk (was frequent)
cust_003031,2017-12-26,248,1,117.99,Potential Loyalists
cust_011374,2016-08-28,733,2,117.96,At Risk (was frequent)
cust_007782,2016-09-26,704,1,117.94,Hibernating / Lost
cust_012574,2017-09-10,355,2,117.92,At Risk (was frequent)
cust_007131,2017-08-02,394,1,117.82,Hibernating / Lost
cust_018016,2017-12-06,268,1,117.82,Loyal Customers
cust_001446,2016-12-05,634,1,117.8,Hibernating / Lost
cust_014876,2017-08-26,370,1,117.75,At Risk (was frequent)
cust_004799,2016-03-15,899,1,117.69,Hibernating / Lost
cust_013601,2018-03-01,183,2,117.67,Loyal Customers
cust_013343,2017-07-29,398,1,117.63,Hibernating / Lost
cust_006481,2017-10-20,315,1,117.6,Potential Loyalists
cust_009856,2017-07-07,420,2,117.59,At Risk (was frequent)
cust_001674,2016-11-02,667,1,117.56,Hibernating / Lost
cust_018049,2017-09-04,361,1,117.54,At Risk (was frequent)
cust_014532,2016-03-22,892,1,117.53,At Risk (was frequent)
cust_006622,2017-10-26,309,2,117.5,Loyal Customers
cust_007421,2017-10-08,327,1,117.5,Potential Loyalists
cust_011160,2016-08-31,730,1,117.45,Hibernating / Lost
cust_000674,2017-10-26,309,2,117.45,Loyal Customers
cust_003807,2016-02-19,924,2,117.43,At Risk (was frequent)
cust_003038,2016-03-24,890,1,117.4,Hibernating / Lost
cust_016895,2017-09-10,355,2,117.36,At Risk (was frequent)
cust_003452,2017-05-22,466,2,117.32,At Risk (was frequent)
cust_006319,2016-05-07,846,1,117.26,Hibernating / Lost
cust_015035,2017-09-13,352,1,117.24,At Risk (was frequent)
cust_003639,2017-11-15,289,1,117.21,Potential Loyalists
cust_013429,2017-08-05,391,2,117.2,At Risk (was frequent)
cust_003526,2016-03-20,894,1,117.2,Hibernating / Lost
cust_003484,2017-10-19,316,1,117.14,Potential Loyalists
cust_016421,2016-11-20,649,1,117.13,At Risk (was frequent)
cust_016999,2016-11-24,645,2,117.1,At Risk (was frequent)
cust_016673,2016-07-18,774,1,117.07,At Risk (was frequent)
cust_014409,2016-08-21,740,2,117.06,At Risk (was frequent)
cust_007635,2016-02-15,928,1,117.05,Hibernating / Lost
cust_010932,2017-05-10,478,1,117.04,Hibernating / Lost
cust_016852,2017-07-11,416,2,117.0,At Risk (was frequent)
cust_018243,2018-03-01,183,3,117.0,Loyal Customers
cust_002148,2017-07-20,407,1,116.9,Hibernating / Lost
cust_012548,2016-04-04,879,1,116.88,Hibernating / Lost
cust_015182,2018-01-31,212,1,116.87,Loyal Customers
cust_009127,2017-01-15,593,1,116.86,Hibernating / Lost
cust_011027,2017-04-12,506,1,116.86,Hibernating / Lost
cust_011759,2016-08-26,735,1,116.84,Hibernating / Lost
cust_008423,2016-01-06,968,1,116.83,Hibernating / Lost
cust_002567,2017-11-22,282,1,116.83,Potential Loyalists
cust_000644,2016-05-08,845,1,116.81,Hibernating / Lost
cust_009961,2017-11-16,288,1,116.78,Potential Loyalists
cust_018561,2017-09-28,337,2,116.75,Loyal Customers
cust_002234,2017-01-25,583,2,116.75,At Risk (was frequent)
cust_016237,2018-02-05,207,2,116.68,Loyal Customers
cust_000197,2017-11-04,300,1,116.67,Potential Loyalists
cust_005053,2016-12-17,622,2,116.65,At Risk (was frequent)
cust_004249,2016-10-09,691,2,116.61,At Risk (was frequent)
cust_009799,2018-01-13,230,1,116.6,Potential Loyalists
cust_007988,2016-11-29,640,1,116.59,Hibernating / Lost
cust_009830,2017-05-01,487,1,116.57,Hibernating / Lost
cust_002458,2017-12-31,243,2,116.52,Loyal Customers
cust_007386,2017-06-04,453,2,116.51,At Risk (was frequent)
cust_008248,2017-09-09,356,1,116.49,Hibernating / Lost
cust_018923,2017-12-11,263,2,116.47,Loyal Customers
cust_002573,2016-05-13,840,1,116.46,Hibernating / Lost
cust_012024,2016-04-28,855,1,116.45,Hibernating / Lost
cust_007993,2017-07-09,418,1,116.43,Hibernating / Lost
cust_010429,2017-12-17,257,2,116.41,Loyal Customers
cust_008764,2017-10-31,304,2,116.38,Loyal Customers
cust_013693,2017-11-07,297,1,116.35,Potential Loyalists
cust_002137,2016-10-23,677,2,116.35,At Risk (was frequent)
cust_005391,2017-12-19,255,1,116.34,Potential Loyalists
cust_017797,2017-10-28,307,1,116.33,Loyal Customers
cust_002403,2016-02-19,924,1,116.32,Hibernating / Lost
cust_001092,2017-08-03,393,1,116.31,Hibernating / Lost
cust_002123,2017-03-02,547,2,116.29,At Risk (was frequent)
cust_017107,2018-02-27,185,1,116.27,Loyal Customers
cust_016771,2016-05-21,832,1,116.25,At Risk (was frequent)
cust_017217,2018-02-05,207,1,116.25,Loyal Customers
cust_008485,2016-11-28,641,1,116.22,Hibernating / Lost
cust_006804,2016-08-13,748,1,116.22,Hibernating / Lost
cust_018474,2016-11-18,651,1,116.19,At Risk (was frequent)
cust_012762,2017-10-18,317,1,116.19,Potential Loyalists
cust_017770,2017-10-28,307,1,116.17,Loyal Customers
cust_010638,2018-02-19,193,1,116.1,Potential Loyalists
cust_014720,2017-01-10,598,1,116.04,At Risk (was frequent)
cust_002751,2016-07-11,781,1,116.03,Hibernating / Lost
cust_010740,2016-04-26,857,1,116.02,Hibernating / Lost
cust_007255,2016-12-23,616,1,115.98,Hibernating / Lost
cust_018251,2016-11-13,656,1,115.96,At Risk (was frequent)
cust_007924,2017-05-22,466,1,115.95,Hibernating / Lost
cust_003650,2017-09-18,347,1,115.9,Hibernating / Lost
cust_009037,2017-11-13,291,1,115.87,Potential Loyalists
cust_000003,2017-06-04,453,2,115.86,At Risk (was frequent)
cust_014984,2018-02-03,209,2,115.84,Loyal Customers
cust_017792,2017-09-27,338,1,115.83,Loyal Customers
cust_001214,2017-05-21,467,1,115.82,Hibernating / Lost
cust_012104,2016-03-15,899,1,115.8,Hibernating / Lost
cust_002020,2017-07-07,420,2,115.75,At Risk (was frequent)
cust_015823,2017-08-29,367,1,115.74,At Risk (was frequent)
cust_010868,2017-01-14,594,1,115.74,Hibernating / Lost
cust_017562,2017-06-21,436,1,115.73,At Risk (was frequent)
cust_002678,2017-07-29,398,1,115.71,Hibernating / Lost
cust_006897,2016-01-08,966,1,115.6,Hibernating / Lost
cust_004633,2016-12-25,614,1,115.55,Hibernating / Lost
cust_004464,2017-12-24,250,1,115.53,Potential Loyalists
cust_010376,2017-08-08,388,2,115.5,At Risk (was frequent)
cust_003200,2016-08-28,733,1,115.48,Hibernating / Lost
cust_017371,2017-12-21,253,1,115.47,Loyal Customers
cust_003488,2017-02-22,555,1,115.46,Hibernating / Lost
cust_009698,2016-06-17,805,1,115.44,Hibernating / Lost
cust_013474,2016-07-18,774,2,115.41,At Risk (was frequent)
cust_002457,2017-07-12,415,1,115.36,Hibernating / Lost
cust_016847,2017-06-27,430,2,115.35,At Risk (was frequent)
cust_014418,2017-06-26,431,1,115.34,At Risk (was frequent)
cust_002528,2016-03-06,908,1,115.25,Hibernating / Lost
cust_007583,2016-01-12,962,1,115.2,Hibernating / Lost
cust_015956,2016-08-29,732,1,115.17,At Risk (was frequent)
cust_011152,2017-08-19,377,2,115.09,At Risk (was frequent)
cust_012711,2017-11-07,297,1,115.08,Potential Loyalists
cust_015817,2017-09-18,347,1,115.04,At Risk (was frequent)
cust_005161,2016-04-24,859,1,115.03,Hibernating / Lost
cust_011003,2016-10-02,698,1,114.99,Hibernating / Lost
cust_004590,2016-11-17,652,1,114.96,Hibernating / Lost
cust_016911,2017-11-24,280,1,114.96,Loyal Customers
cust_001790,2016-08-12,749,1,114.88,Hibernating / Lost
cust_002534,2018-02-21,191,2,114.87,Loyal Customers
cust_004859,2017-05-29,459,2,114.86,At Risk (was frequent)
cust_011531,2016-04-12,871,1,114.83,Hibernating / Lost
cust_011993,2017-05-13,475,1,114.78,Hibernating / Lost
cust_004686,2016-05-21,832,1,114.76,Hibernating / Lost
cust_016015,2016-11-29,640,1,114.75,At Risk (was frequent)
cust_002799,2017-08-28,368,2,114.74,At Risk (was frequent)
cust_003856,2017-07-24,403,1,114.74,Hibernating / Lost
cust_014106,2017-08-30,366,2,114.74,At Risk (was frequent)
cust_003314,2017-11-21,283,1,114.72,Potential Loyalists
cust_009822,2018-01-26,217,1,114.66,Potential Loyalists
cust_017346,2016-11-18,651,1,114.64,At Risk (was frequent)
cust_013533,2017-11-08,296,1,114.63,Potential Loyalists
cust_001522,2017-11-03,301,1,114.59,Potential Loyalists
cust_002044,2017-07-24,403,1,114.58,Hibernating / Lost
cust_005367,2016-11-11,658,1,114.57,Hibernating / Lost
cust_009943,2017-09-08,357,2,114.56,At Risk (was frequent)
cust_018998,2016-10-09,691,1,114.55,At Risk (was frequent)
cust_004373,2017-12-28,246,1,114.51,Potential Loyalists
cust_008035,2017-11-21,283,1,114.46,Potential Loyalists
cust_011672,2017-09-22,343,1,114.43,Hibernating / Lost
cust_000071,2016-10-26,674,2,114.4,At Risk (was frequent)
cust_015973,2016-04-03,880,1,114.39,At Risk (was frequent)
cust_016542,2017-10-19,316,2,114.32,Loyal Customers
cust_000646,2016-09-03,727,1,114.31,Hibernating / Lost
cust_003060,2016-10-31,669,1,114.28,Hibernating / Lost
cust_016619,2016-11-10,659,1,114.27,At Risk (was frequent)
cust_005042,2017-07-18,409,1,114.23,Hibernating / Lost
cust_006449,2017-09-16,349,1,114.21,Hibernating / Lost
cust_003196,2017-12-12,262,1,114.16,Potential Loyalists
cust_017378,2016-12-11,628,1,114.14,At Risk (was frequent)
cust_000343,2016-11-24,645,1,114.08,Hibernating / Lost
cust_006837,2017-08-08,388,1,114.07,Hibernating / Lost
cust_009200,2017-08-14,382,1,114.06,Hibernating / Lost
cust_018034,2017-07-13,414,1,114.04,At Risk (was frequent)
cust_000537,2016-11-09,660,1,114.04,Hibernating / Lost
cust_009650,2017-02-14,563,1,114.02,Hibernating / Lost
cust_002811,2017-12-05,269,2,114.0,Loyal Customers
cust_006207,2017-11-05,299,2,113.99,Loyal Customers
cust_008773,2016-11-14,655,1,113.97,Hibernating / Lost
cust_008669,2016-03-09,905,1,113.96,Hibernating / Lost
cust_000855,2016-09-30,700,1,113.95,Hibernating / Lost
cust_013259,2017-11-15,289,2,113.95,Loyal Customers
cust_006405,2016-09-09,721,2,113.94,At Risk (was frequent)
cust_005441,2017-09-22,343,2,113.92,At Risk (was frequent)
cust_014162,2018-01-25,218,1,113.86,Loyal Customers
cust_004060,2016-06-20,802,1,113.86,Hibernating / Lost
cust_013309,2017-08-20,376,2,113.85,At Risk (was frequent)
cust_007457,2017-10-17,318,2,113.81,Loyal Customers
cust_001814,2016-02-04,939,1,113.81,Hibernating / Lost
cust_009465,2016-05-27,826,1,113.8,Hibernating / Lost
cust_012895,2017-11-05,299,1,113.78,Potential Loyalists
cust_007944,2017-09-28,337,2,113.77,Loyal Customers
cust_007140,2016-06-27,795,1,113.76,Hibernating / Lost
cust_018517,2018-01-23,220,1,113.74,Loyal Customers
cust_000787,2017-12-19,255,1,113.72,Potential Loyalists
cust_002712,2017-10-15,320,2,113.71,Loyal Customers
cust_006740,2017-04-10,508,1,113.68,Hibernating / Lost
cust_007963,2017-08-30,366,1,113.62,Hibernating / Lost
cust_001073,2016-05-16,837,1,113.62,Hibernating / Lost
cust_013088,2017-11-20,284,1,113.58,Potential Loyalists
cust_009945,2017-10-27,308,1,113.57,Potential Loyalists
cust_016309,2017-12-06,268,1,113.55,Loyal Customers
cust_002273,2018-03-01,183,1,113.55,Potential Loyalists
cust_016026,2017-09-06,359,2,113.53,At Risk (was frequent)
cust_012290,2016-04-11,872,1,113.5,Hibernating / Lost
cust_010245,2016-04-14,869,1,113.5,Hibernating / Lost
cust_006679,2017-04-29,489,1,113.43,Hibernating / Lost
cust_004579,2017-07-04,423,2,113.38,At Risk (was frequent)
cust_008211,2016-12-22,617,2,113.37,At Risk (was frequent)
cust_013378,2018-02-24,188,1,113.33,Potential Loyalists
cust_001502,2017-11-01,303,1,113.33,Potential Loyalists
cust_006625,2017-07-24,403,2,113.31,At Risk (was frequent)
cust_016666,2016-05-17,836,1,113.27,At Risk (was frequent)
cust_013089,2016-10-29,671,2,113.2,At Risk (was frequent)
cust_018352,2016-11-04,665,1,113.19,At Risk (was frequent)
cust_004550,2017-06-18,439,2,113.18,At Risk (was frequent)
cust_012189,2017-09-13,352,1,113.16,Hibernating / Lost
cust_008550,2017-03-08,541,1,113.15,Hibernating / Lost
cust_003843,2016-11-19,650,1,113.13,Hibernating / Lost
cust_006652,2017-05-20,468,2,113.11,At Risk (was frequent)
cust_014485,2017-09-14,351,2,113.06,At Risk (was frequent)
cust_004005,2016-04-27,856,2,113.06,At Risk (was frequent)
cust_004444,2017-09-12,353,1,112.84,Hibernating / Lost
cust_000659,2016-03-20,894,1,112.81,Hibernating / Lost
cust_010265,2017-08-30,366,2,112.75,At Risk (was frequent)
cust_006790,2017-10-02,333,2,112.72,Loyal Customers
cust_007744,2016-07-09,783,1,112.72,Hibernating / Lost
cust_015208,2017-11-22,282,2,112.71,Loyal Customers
cust_009024,2017-11-29,275,2,112.7,Loyal Customers
cust_006767,2017-12-31,243,2,112.69,Loyal Customers
cust_007962,2018-02-22,190,1,112.66,Potential Loyalists
cust_017156,2018-01-15,228,1,112.59,Loyal Customers
cust_010904,2017-02-17,560,1,112.56,Hibernating / Lost
cust_014949,2017-04-06,512,1,112.54,At Risk (was frequent)
cust_001055,2017-10-25,310,1,112.54,Potential Loyalists
cust_009431,2017-08-01,395,2,112.47,At Risk (was frequent)
cust_011156,2016-01-03,971,1,112.45,Hibernating / Lost
cust_009603,2017-10-09,326,1,112.45,Potential Loyalists
cust_000596,2017-09-01,364,1,112.41,Hibernating / Lost
cust_013003,2018-01-21,222,2,112.35,Loyal Customers
cust_007088,2016-08-05,756,2,112.35,At Risk (was frequent)
cust_001764,2017-12-20,254,1,112.32,Potential Loyalists
cust_001818,2017-11-26,278,2,112.3,Loyal Customers
cust_007209,2016-05-11,842,1,112.26,Hibernating / Lost
cust_001023,2017-07-13,414,1,112.26,Hibernating / Lost
cust_010378,2017-05-07,481,1,112.26,Hibernating / Lost
cust_008279,2016-12-05,634,1,112.15,Hibernating / Lost
cust_011549,2017-11-05,299,1,112.11,Potential Loyalists
cust_009713,2017-03-25,524,1,112.11,Hibernating / Lost
cust_006528,2016-04-03,880,1,112.09,Hibernating / Lost
cust_004593,2017-11-07,297,2,112.07,Loyal Customers
cust_006181,2016-11-20,649,1,112.06,Hibernating / Lost
cust_007953,2017-05-06,482,1,112.01,Hibernating / Lost
cust_010578,2017-08-30,366,1,112.01,Hibernating / Lost
cust_001885,2018-01-19,224,1,111.88,Potential Loyalists
cust_005874,2017-02-12,565,1,111.87,Hibernating / Lost
cust_004950,2017-11-13,291,1,111.85,Potential Loyalists
cust_012651,2016-05-13,840,1,111.85,Hibernating / Lost
cust_003748,2017-05-06,482,1,111.83,Hibernating / Lost
cust_004656,2017-11-27,277,2,111.79,Loyal Customers
cust_017213,2018-02-17,195,1,111.76,Loyal Customers
cust_015958,2017-11-12,292,2,111.75,Loyal Customers
cust_014330,2016-11-07,662,1,111.73,At Risk (was frequent)
cust_012370,2017-07-04,423,1,111.68,Hibernating / Lost
cust_008927,2016-09-07,723,1,111.67,Hibernating / Lost
cust_008236,2017-12-20,254,2,111.67,Loyal Customers
cust_005725,2017-02-08,569,1,111.63,Hibernating / Lost
cust_007248,2017-06-21,436,1,111.62,Hibernating / Lost
cust_008088,2016-07-27,765,1,111.58,Hibernating / Lost
cust_006011,2017-08-05,391,1,111.54,Hibernating / Lost
cust_015342,2017-10-29,306,1,111.54,Loyal Customers
cust_003330,2017-09-15,350,1,111.53,Hibernating / Lost
cust_011108,2017-09-14,351,1,111.48,Hibernating / Lost
cust_002356,2017-06-05,452,2,111.48,At Risk (was frequent)
cust_016752,2017-10-17,318,1,111.45,Loyal Customers
cust_011470,2017-10-11,324,2,111.42,Loyal Customers
cust_013779,2017-11-22,282,1,111.42,Potential Loyalists
cust_012748,2017-09-21,344,2,111.39,At Risk (was frequent)
cust_006963,2017-08-10,386,2,111.36,At Risk (was frequent)
cust_008804,2016-01-04,970,1,111.36,Hibernating / Lost
cust_002088,2016-09-30,700,1,111.33,Hibernating / Lost
cust_017160,2016-12-21,618,1,111.32,At Risk (was frequent)
cust_011230,2016-04-17,866,1,111.31,Hibernating / Lost
cust_001494,2017-08-19,377,1,111.31,Hibernating / Lost
cust_010127,2017-12-18,256,2,111.29,Loyal Customers
cust_002857,2016-05-03,850,1,111.27,Hibernating / Lost
cust_011276,2016-08-01,760,1,111.26,Hibernating / Lost
cust_013510,2016-04-30,853,1,111.26,Hibernating / Lost
cust_018792,2016-11-23,646,1,111.2,At Risk (was frequent)
cust_007881,2017-11-16,288,1,111.14,Potential Loyalists
cust_005630,2018-01-16,227,1,111.05,Potential Loyalists
cust_014594,2016-06-25,797,2,111.05,At Risk (was frequent)
cust_000946,2017-08-16,380,1,111.05,Hibernating / Lost
cust_015322,2017-11-12,292,1,111.03,Loyal Customers
cust_002083,2017-11-15,289,1,111.03,Potential Loyalists
cust_014410,2016-06-05,817,1,111.02,At Risk (was frequent)
cust_002324,2017-07-15,412,1,110.97,Hibernating / Lost
cust_016357,2016-06-13,809,1,110.95,At Risk (was frequent)
cust_015841,2017-09-25,340,1,110.95,At Risk (was frequent)
cust_015901,2017-11-05,299,2,110.92,Loyal Customers
cust_002646,2017-06-18,439,1,110.91,Hibernating / Lost
cust_010080,2017-09-29,336,1,110.83,Potential Loyalists
cust_018778,2016-11-22,647,1,110.83,At Risk (was frequent)
cust_005572,2017-03-31,518,1,110.83,Hibernating / Lost
cust_015063,2016-06-29,793,1,110.83,At Risk (was frequent)
cust_005898,2017-12-30,244,2,110.8,Loyal Customers
cust_008652,2017-07-14,413,1,110.77,Hibernating / Lost
cust_010176,2017-11-13,291,1,110.76,Potential Loyalists
cust_013742,2017-12-31,243,2,110.73,Loyal Customers
cust_015118,2017-01-08,600,1,110.72,At Risk (was frequent)
cust_011689,2017-08-26,370,1,110.71,Hibernating / Lost
cust_007355,2016-05-13,840,1,110.68,Hibernating / Lost
cust_001907,2017-06-18,439,1,110.64,Hibernating / Lost
cust_015415,2017-11-16,288,1,110.64,Loyal Customers
cust_011319,2017-09-21,344,2,110.63,At Risk (was frequent)
cust_006259,2016-05-31,822,1,110.62,Hibernating / Lost
cust_013549,2017-03-23,526,1,110.6,Hibernating / Lost
cust_003213,2016-11-07,662,2,110.56,At Risk (was frequent)
cust_011825,2016-10-31,669,1,110.51,Hibernating / Lost
cust_014813,2016-05-16,837,1,110.49,At Risk (was frequent)
cust_008474,2016-03-21,893,1,110.47,Hibernating / Lost
cust_002113,2016-08-23,738,1,110.46,Hibernating / Lost
cust_001939,2017-07-30,397,1,110.43,Hibernating / Lost
cust_010505,2018-02-26,186,2,110.36,Loyal Customers
cust_016020,2017-06-30,427,1,110.36,At Risk (was frequent)
cust_000014,2017-11-29,275,3,110.33,Loyal Customers
cust_011023,2018-02-09,203,1,110.32,Potential Loyalists
cust_011239,2016-06-16,806,1,110.32,Hibernating / Lost
cust_010814,2017-03-06,543,1,110.31,Hibernating / Lost
cust_001679,2017-11-03,301,2,110.3,Loyal Customers
cust_012539,2018-02-22,190,1,110.29,Potential Loyalists
cust_008939,2017-01-26,582,2,110.2,At Risk (was frequent)
cust_010366,2018-02-19,193,2,110.18,Loyal Customers
cust_005138,2018-02-11,201,1,110.15,Potential Loyalists
cust_014526,2016-10-21,679,1,110.15,At Risk (was frequent)
cust_006055,2017-06-05,452,1,110.13,Hibernating / Lost
cust_005319,2016-12-13,626,1,110.07,Hibernating / Lost
cust_014476,2017-09-22,343,1,110.05,At Risk (was frequent)
cust_009397,2016-07-22,770,1,110.03,Hibernating / Lost
cust_007787,2016-09-13,717,1,110.0,Hibernating / Lost
cust_012660,2017-11-22,282,2,109.97,Loyal Customers
cust_012169,2016-05-25,828,1,109.95,Hibernating / Lost
cust_004648,2016-07-14,778,1,109.94,Hibernating / Lost
cust_009424,2017-04-29,489,2,109.87,At Risk (was frequent)
cust_004600,2016-12-06,633,2,109.86,At Risk (was frequent)
cust_004745,2016-12-31,608,1,109.86,Hibernating / Lost
cust_015836,2017-11-03,301,1,109.82,Loyal Customers
cust_001192,2017-10-27,308,2,109.79,Loyal Customers
cust_009672,2018-01-30,213,2,109.77,Loyal Customers
cust_016686,2018-02-20,192,2,109.73,Loyal Customers
cust_001060,2017-07-27,400,1,109.7,Hibernating / Lost
cust_010138,2016-04-19,864,1,109.68,Hibernating / Lost
cust_003425,2017-08-04,392,2,109.64,At Risk (was frequent)
cust_005267,2017-09-28,337,1,109.58,Potential Loyalists
cust_015967,2016-11-29,640,1,109.53,At Risk (was frequent)
cust_001156,2017-06-03,454,1,109.52,Hibernating / Lost
cust_012171,2017-04-16,502,2,109.51,At Risk (was frequent)
cust_007531,2017-05-30,458,1,109.49,Hibernating / Lost
cust_009176,2018-02-09,203,2,109.49,Loyal Customers
cust_003075,2017-06-15,442,1,109.47,Hibernating / Lost
cust_013524,2017-11-04,300,2,109.42,Loyal Customers
cust_006294,2017-03-20,529,1,109.39,Hibernating / Lost
cust_017663,2017-01-09,599,1,109.38,At Risk (was frequent)
cust_005720,2017-08-18,378,1,109.36,Hibernating / Lost
cust_008256,2017-10-23,312,1,109.28,Potential Loyalists
cust_002145,2017-04-04,514,1,109.28,Hibernating / Lost
cust_009731,2017-06-28,429,2,109.27,At Risk (was frequent)
cust_013785,2017-05-27,461,1,109.26,Hibernating / Lost
cust_003051,2016-11-22,647,1,109.18,Hibernating / Lost
cust_000971,2018-01-14,229,1,109.17,Potential Loyalists
cust_018447,2017-07-17,410,1,109.14,At Risk (was frequent)
cust_000835,2017-12-25,249,2,109.12,Loyal Customers
cust_007776,2016-12-29,610,1,109.11,Hibernating / Lost
cust_015972,2018-01-08,235,1,109.1,Loyal Customers
cust_013925,2017-02-10,567,1,109.04,Hibernating / Lost
cust_011953,2018-02-10,202,2,109.02,Loyal Customers
cust_018915,2016-12-28,611,1,109.0,At Risk (was frequent)
cust_013819,2016-10-14,686,1,108.97,Hibernating / Lost
cust_018110,2017-11-26,278,1,108.94,Loyal Customers
cust_001973,2016-09-18,712,1,108.93,Hibernating / Lost
cust_008221,2016-01-30,944,1,108.91,Hibernating / Lost
cust_010670,2016-04-24,859,1,108.86,Hibernating / Lost
cust_018088,2017-11-18,286,1,108.86,Loyal Customers
cust_012768,2016-12-06,633,1,108.77,Hibernating / Lost
cust_017068,2016-08-03,758,1,108.76,At Risk (was frequent)
cust_004099,2016-11-29,640,1,108.74,Hibernating / Lost
cust_001168,2017-12-10,264,1,108.72,Potential Loyalists
cust_012678,2017-01-30,578,1,108.7,Hibernating / Lost
cust_011283,2017-11-11,293,1,108.68,Potential Loyalists
cust_002082,2016-11-15,654,1,108.68,Hibernating / Lost
cust_011415,2016-12-15,624,1,108.67,Hibernating / Lost
cust_011568,2016-01-29,945,1,108.63,Hibernating / Lost
cust_012042,2016-11-23,646,1,108.62,Hibernating / Lost
cust_011544,2017-10-28,307,1,108.61,Potential Loyalists
cust_004237,2017-10-26,309,1,108.58,Potential Loyalists
cust_008560,2017-10-19,316,1,108.58,Potential Loyalists
cust_014672,2016-06-07,815,1,108.58,At Risk (was frequent)
cust_004154,2016-12-25,614,1,108.57,Hibernating / Lost
cust_010373,2017-07-17,410,2,108.53,At Risk (was frequent)
cust_011001,2017-10-28,307,1,108.48,Potential Loyalists
cust_008218,2017-08-05,391,1,108.46,Hibernating / Lost
cust_000621,2016-08-04,757,1,108.44,Hibernating / Lost
cust_011586,2016-10-04,696,1,108.44,Hibernating / Lost
cust_004134,2017-06-10,447,1,108.36,Hibernating / Lost
cust_011412,2017-02-28,549,1,108.36,Hibernating / Lost
cust_000099,2017-06-27,430,2,108.35,At Risk (was frequent)
cust_001268,2017-07-22,405,2,108.33,At Risk (was frequent)
cust_015579,2016-11-05,664,1,108.25,At Risk (was frequent)
cust_017805,2016-03-07,907,1,108.25,At Risk (was frequent)
cust_011122,2016-10-29,671,1,108.23,Hibernating / Lost
cust_016153,2018-02-10,202,1,108.23,Loyal Customers
cust_012996,2017-03-25,524,1,108.16,Hibernating / Lost
cust_000607,2017-12-21,253,1,108.05,Potential Loyalists
cust_012825,2016-11-29,640,1,108.03,Hibernating / Lost
cust_002221,2016-07-09,783,1,108.02,Hibernating / Lost
cust_005111,2016-11-01,668,2,108.01,At Risk (was frequent)
cust_001847,2016-02-20,923,1,107.94,Hibernating / Lost
cust_014678,2017-09-29,336,3,107.93,Loyal Customers
cust_017198,2017-04-27,491,1,107.93,At Risk (was frequent)
cust_011421,2017-09-14,351,1,107.92,Hibernating / Lost
cust_014224,2016-01-26,948,1,107.91,At Risk (was frequent)
cust_011338,2017-07-17,410,2,107.9,At Risk (was frequent)
cust_003517,2017-03-14,535,1,107.88,Hibernating / Lost
cust_006536,2018-03-02,182,1,107.88,Potential Loyalists
cust_015401,2017-06-13,444,2,107.86,At Risk (was frequent)
cust_016492,2018-03-02,182,1,107.83,Loyal Customers
cust_006765,2017-10-29,306,1,107.79,Potential Loyalists
cust_015134,2016-07-11,781,1,107.79,At Risk (was frequent)
cust_016001,2016-05-30,823,1,107.76,At Risk (was frequent)
cust_013069,2017-02-10,567,1,107.74,Hibernating / Lost
cust_001247,2017-11-23,281,1,107.71,Potential Loyalists
cust_008882,2017-08-09,387,1,107.68,Hibernating / Lost
cust_002542,2017-01-15,593,1,107.67,Hibernating / Lost
cust_009103,2018-01-30,213,1,107.66,Potential Loyalists
cust_015710,2017-03-21,528,2,107.64,At Risk (was frequent)
cust_004952,2016-12-20,619,2,107.63,At Risk (was frequent)
cust_005349,2016-05-15,838,1,107.63,Hibernating / Lost
cust_017284,2016-09-23,707,1,107.63,At Risk (was frequent)
cust_014382,2017-11-29,275,1,107.62,Loyal Customers
cust_002249,2018-01-23,220,1,107.61,Potential Loyalists
cust_005801,2017-06-02,455,1,107.56,Hibernating / Lost
cust_006502,2017-12-12,262,2,107.54,Loyal Customers
cust_007856,2016-09-20,710,2,107.47,At Risk (was frequent)
cust_000124,2017-02-06,571,1,107.47,Hibernating / Lost
cust_017071,2016-09-19,711,1,107.42,At Risk (was frequent)
cust_003065,2017-09-29,336,1,107.4,Potential Loyalists
cust_006121,2016-07-20,772,1,107.37,Hibernating / Lost
cust_002523,2016-12-31,608,2,107.37,At Risk (was frequent)
cust_000783,2016-11-26,643,2,107.34,At Risk (was frequent)
cust_016011,2017-12-05,269,2,107.32,Loyal Customers
cust_011280,2017-03-28,521,1,107.3,Hibernating / Lost
cust_002624,2017-08-08,388,1,107.26,Hibernating / Lost
cust_004553,2016-02-11,932,1,107.25,Hibernating / Lost
cust_014741,2016-11-15,654,1,107.17,At Risk (was frequent)
cust_008230,2017-04-12,506,2,107.16,At Risk (was frequent)
cust_013413,2016-07-19,773,1,107.09,Hibernating / Lost
cust_004264,2017-03-25,524,2,107.08,At Risk (was frequent)
cust_002788,2018-02-09,203,2,107.07,Loyal Customers
cust_003233,2016-09-02,728,1,107.06,Hibernating / Lost
cust_007681,2017-06-14,443,1,107.02,Hibernating / Lost
cust_003864,2018-02-16,196,2,107.01,Loyal Customers
cust_014295,2016-12-03,636,1,107.01,At Risk (was frequent)
cust_001632,2017-04-18,500,2,106.96,At Risk (was frequent)
cust_016560,2018-02-24,188,1,106.95,Loyal Customers
cust_013857,2017-07-18,409,1,106.95,Hibernating / Lost
cust_000195,2016-03-06,908,1,106.92,Hibernating / Lost
cust_010007,2017-05-30,458,1,106.91,Hibernating / Lost
cust_010561,2016-11-29,640,1,106.9,Hibernating / Lost
cust_004416,2017-07-31,396,1,106.89,Hibernating / Lost
cust_008206,2017-09-20,345,1,106.88,Hibernating / Lost
cust_005414,2018-02-09,203,1,106.86,Potential Loyalists
cust_011912,2018-03-02,182,1,106.82,Potential Loyalists
cust_011086,2016-09-13,717,1,106.81,Hibernating / Lost
cust_014846,2016-02-26,917,1,106.81,At Risk (was frequent)
cust_011563,2016-06-29,793,1,106.8,Hibernating / Lost
cust_001044,2017-05-17,471,1,106.75,Hibernating / Lost
cust_001893,2016-04-13,870,1,106.73,Hibernating / Lost
cust_001552,2017-12-07,267,1,106.67,Potential Loyalists
cust_014932,2017-08-31,365,1,106.67,At Risk (was frequent)
cust_012508,2017-02-06,571,1,106.67,Hibernating / Lost
cust_018033,2017-12-16,258,2,106.66,Loyal Customers
cust_010766,2017-08-07,389,1,106.64,Hibernating / Lost
cust_014302,2016-02-28,915,1,106.64,At Risk (was frequent)
cust_009093,2017-02-08,569,1,106.61,Hibernating / Lost
cust_012938,2017-10-14,321,2,106.59,Loyal Customers
cust_017370,2017-11-09,295,1,106.57,Loyal Customers
cust_014301,2016-03-08,906,1,106.53,At Risk (was frequent)
cust_018159,2017-03-22,527,1,106.49,At Risk (was frequent)
cust_013715,2017-07-08,419,1,106.48,Hibernating / Lost
cust_009262,2017-10-04,331,2,106.44,Loyal Customers
cust_004131,2017-01-02,606,1,106.42,Hibernating / Lost
cust_016097,2017-11-06,298,1,106.41,Loyal Customers
cust_012645,2016-11-21,648,1,106.36,Hibernating / Lost
cust_005758,2018-02-22,190,1,106.35,Potential Loyalists
cust_017634,2016-06-20,802,1,106.35,At Risk (was frequent)
cust_003444,2016-08-07,754,1,106.32,Hibernating / Lost
cust_002897,2017-03-31,518,1,106.31,Hibernating / Lost
cust_001734,2018-02-10,202,1,106.3,Potential Loyalists
cust_006214,2017-05-28,460,1,106.26,Hibernating / Lost
cust_003439,2016-02-24,919,1,106.25,Hibernating / Lost
cust_010294,2017-08-16,380,1,106.25,Hibernating / Lost
cust_001164,2017-11-02,302,1,106.23,Potential Loyalists
cust_001319,2016-12-20,619,2,106.13,At Risk (was frequent)
cust_013239,2016-12-31,608,1,106.12,Hibernating / Lost
cust_010076,2016-12-28,611,1,106.1,Hibernating / Lost
cust_006072,2017-12-08,266,2,106.1,Loyal Customers
cust_010982,2016-10-08,692,1,106.08,Hibernating / Lost
cust_011131,2017-03-27,522,1,106.06,Hibernating / Lost
cust_009915,2017-05-11,477,2,106.06,At Risk (was frequent)
cust_009737,2017-09-21,344,2,106.04,At Risk (was frequent)
cust_009031,2017-10-04,331,1,106.03,Potential Loyalists
cust_008957,2017-11-20,284,2,106.02,Loyal Customers
cust_014237,2017-11-13,291,1,105.99,Loyal Customers
cust_000520,2016-05-14,839,1,105.96,Hibernating / Lost
cust_010460,2016-11-25,644,1,105.91,Hibernating / Lost
cust_002645,2016-11-10,659,1,105.9,Hibernating / Lost
cust_017705,2017-06-06,451,1,105.9,At Risk (was frequent)
cust_000450,2016-03-28,886,1,105.87,Hibernating / Lost
cust_000898,2016-07-31,761,2,105.85,At Risk (was frequent)
cust_002978,2017-09-17,348,1,105.79,Hibernating / Lost
cust_012182,2017-09-18,347,2,105.79,At Risk (was frequent)
cust_017497,2016-09-17,713,2,105.76,At Risk (was frequent)
cust_011921,2017-10-13,322,1,105.76,Potential Loyalists
cust_002384,2016-05-20,833,1,105.74,Hibernating / Lost
cust_003250,2016-11-07,662,2,105.71,At Risk (was frequent)
cust_007732,2016-07-11,781,1,105.71,Hibernating / Lost
cust_016117,2018-01-28,215,1,105.68,Loyal Customers
cust_008624,2017-03-13,536,2,105.68,At Risk (was frequent)
cust_004305,2017-07-05,422,1,105.66,Hibernating / Lost
cust_018757,2016-05-30,823,1,105.63,At Risk (was frequent)
cust_017709,2017-11-07,297,2,105.61,Loyal Customers
cust_004246,2016-11-06,663,2,105.61,At Risk (was frequent)
cust_011790,2017-10-21,314,2,105.59,Loyal Customers
cust_013338,2016-07-26,766,1,105.58,Hibernating / Lost
cust_006169,2016-09-03,727,1,105.58,Hibernating / Lost
cust_011902,2017-05-20,468,1,105.53,Hibernating / Lost
cust_014503,2017-11-09,295,2,105.53,Loyal Customers
cust_018609,2016-12-21,618,1,105.51,At Risk (was frequent)
cust_017931,2016-09-08,722,1,105.44,At Risk (was frequent)
cust_016100,2018-01-31,212,1,105.43,Loyal Customers
cust_017644,2017-11-29,275,1,105.4,Loyal Customers
cust_003428,2016-07-05,787,1,105.32,Hibernating / Lost
cust_010041,2017-01-01,607,1,105.31,Hibernating / Lost
cust_000263,2017-08-07,389,1,105.3,Hibernating / Lost
cust_010621,2017-05-07,481,1,105.3,Hibernating / Lost
cust_012930,2017-02-23,554,1,105.29,Hibernating / Lost
cust_013760,2017-07-08,419,1,105.28,Hibernating / Lost
cust_018929,2016-11-16,653,2,105.24,At Risk (was frequent)
cust_000259,2017-05-22,466,1,105.21,Hibernating / Lost
cust_012420,2016-11-14,655,1,105.21,Hibernating / Lost
cust_001457,2016-10-19,681,1,105.19,Hibernating / Lost
cust_015600,2017-06-28,429,1,105.17,At Risk (was frequent)
cust_018594,2017-03-05,544,1,105.15,At Risk (was frequent)
cust_010381,2017-07-08,419,2,105.07,At Risk (was frequent)
cust_003834,2016-04-28,855,1,105.04,Hibernating / Lost
cust_007619,2017-01-07,601,2,105.01,At Risk (was frequent)
cust_010747,2017-06-09,448,1,105.01,Hibernating / Lost
cust_003868,2016-03-25,889,1,105.01,Hibernating / Lost
cust_017913,2016-07-13,779,1,104.98,At Risk (was frequent)
cust_011429,2017-01-28,580,1,104.95,Hibernating / Lost
cust_001534,2017-09-01,364,1,104.92,Hibernating / Lost
cust_002239,2017-02-05,572,1,104.91,Hibernating / Lost
cust_016562,2017-05-04,484,1,104.88,At Risk (was frequent)
cust_015801,2016-09-07,723,1,104.83,At Risk (was frequent)
cust_001617,2017-12-12,262,1,104.83,Potential Loyalists
cust_006989,2017-07-09,418,1,104.82,Hibernating / Lost
cust_013142,2017-05-06,482,1,104.79,Hibernating / Lost
cust_011933,2016-02-19,924,1,104.76,Hibernating / Lost
cust_006656,2016-06-09,813,1,104.68,Hibernating / Lost
cust_005463,2017-11-02,302,2,104.67,Loyal Customers
cust_015910,2018-03-01,183,1,104.64,Loyal Customers
cust_009333,2017-11-06,298,2,104.55,Loyal Customers
cust_016635,2017-01-13,595,1,104.5,At Risk (was frequent)
cust_011271,2017-07-12,415,1,104.49,Hibernating / Lost
cust_018333,2016-11-25,644,1,104.49,At Risk (was frequent)
cust_003325,2016-07-30,762,1,104.46,Hibernating / Lost
cust_018905,2017-01-20,588,1,104.45,At Risk (was frequent)
cust_014179,2017-12-15,259,1,104.43,Loyal Customers
cust_002207,2017-07-05,422,1,104.42,Hibernating / Lost
cust_004701,2016-09-06,724,2,104.42,At Risk (was frequent)
cust_014442,2017-12-19,255,1,104.41,Loyal Customers
cust_005248,2017-03-06,543,2,104.39,At Risk (was frequent)
cust_009055,2017-10-21,314,1,104.37,Potential Loyalists
cust_000734,2016-09-07,723,1,104.36,Hibernating / Lost
cust_017312,2018-02-24,188,1,104.34,Loyal Customers
cust_018065,2016-03-03,911,1,104.34,At Risk (was frequent)
cust_011291,2017-12-15,259,1,104.33,Potential Loyalists
cust_017236,2016-10-28,672,1,104.33,At Risk (was frequent)
cust_014042,2017-09-28,337,2,104.31,Loyal Customers
cust_001608,2016-07-30,762,1,104.24,Hibernating / Lost
cust_016315,2016-08-15,746,1,104.23,At Risk (was frequent)
cust_005094,2018-02-12,200,2,104.22,Loyal Customers
cust_018138,2017-07-28,399,1,104.21,At Risk (was frequent)
cust_011212,2016-05-06,847,1,104.2,Hibernating / Lost
cust_000827,2017-06-09,448,1,104.18,Hibernating / Lost
cust_008233,2017-03-12,537,2,104.17,At Risk (was frequent)
cust_008914,2017-05-25,463,1,104.17,Hibernating / Lost
cust_008217,2016-01-31,943,1,104.16,Hibernating / Lost
cust_000209,2017-02-27,550,1,104.16,Hibernating / Lost
cust_015523,2016-12-12,627,1,104.16,At Risk (was frequent)
cust_017779,2017-12-27,247,2,104.16,Loyal Customers
cust_009221,2016-02-26,917,1,104.14,Hibernating / Lost
cust_001289,2016-06-07,815,1,104.14,Hibernating / Lost
cust_017662,2016-03-30,884,1,104.12,At Risk (was frequent)
cust_016317,2018-02-15,197,1,104.09,Loyal Customers
cust_005297,2017-02-10,567,1,104.07,Hibernating / Lost
cust_001269,2016-05-20,833,1,104.06,Hibernating / Lost
cust_015045,2017-08-02,394,1,104.06,At Risk (was frequent)
cust_005083,2017-10-06,329,2,104.05,Loyal Customers
cust_011565,2016-11-30,639,1,104.02,Hibernating / Lost
cust_009772,2017-03-28,521,2,103.99,At Risk (was frequent)
cust_011273,2017-09-25,340,1,103.92,Hibernating / Lost
cust_003153,2017-11-13,291,1,103.92,Potential Loyalists
cust_013048,2016-10-23,677,1,103.89,Hibernating / Lost
cust_015895,2017-09-24,341,2,103.88,At Risk (was frequent)
cust_008698,2017-12-14,260,1,103.87,Potential Loyalists
cust_012309,2017-02-14,563,2,103.86,At Risk (was frequent)
cust_016113,2016-01-18,956,1,103.84,At Risk (was frequent)
cust_001856,2017-01-03,605,1,103.81,Hibernating / Lost
cust_011317,2016-07-31,761,1,103.77,Hibernating / Lost
cust_016663,2017-06-20,437,1,103.77,At Risk (was frequent)
cust_007567,2016-03-27,887,1,103.77,Hibernating / Lost
cust_011033,2016-11-30,639,1,103.69,Hibernating / Lost
cust_010105,2017-10-24,311,1,103.66,Potential Loyalists
cust_008673,2017-06-16,441,1,103.6,Hibernating / Lost
cust_007483,2017-04-14,504,1,103.6,Hibernating / Lost
cust_000273,2017-07-02,425,1,103.59,Hibernating / Lost
cust_008114,2016-01-17,957,1,103.58,Hibernating / Lost
cust_012486,2017-09-08,357,1,103.54,Hibernating / Lost
cust_008004,2016-09-06,724,2,103.53,At Risk (was frequent)
cust_005021,2017-03-03,546,1,103.51,Hibernating / Lost
cust_015185,2016-01-19,955,1,103.5,At Risk (was frequent)
cust_012106,2016-04-20,863,1,103.45,Hibernating / Lost
cust_014229,2017-05-27,461,2,103.44,At Risk (was frequent)
cust_016707,2016-07-31,761,1,103.39,At Risk (was frequent)
cust_016046,2016-08-09,752,1,103.38,At Risk (was frequent)
cust_016367,2016-04-15,868,1,103.38,At Risk (was frequent)
cust_006824,2017-04-19,499,2,103.3,At Risk (was frequent)
cust_015278,2017-04-20,498,1,103.28,At Risk (was frequent)
cust_007074,2017-10-05,330,1,103.24,Potential Loyalists
cust_004975,2017-10-16,319,2,103.24,Loyal Customers
cust_009308,2017-01-16,592,1,103.22,Hibernating / Lost
cust_014143,2016-08-15,746,1,103.22,At Risk (was frequent)
cust_018633,2017-02-07,570,1,103.18,At Risk (was frequent)
cust_002725,2017-03-10,539,1,103.16,Hibernating / Lost
cust_014177,2017-07-12,415,1,103.13,At Risk (was frequent)
cust_017374,2017-10-28,307,1,103.13,Loyal Customers
cust_017025,2017-12-01,273,2,103.12,Loyal Customers
cust_004463,2016-02-29,914,1,103.09,Hibernating / Lost
cust_001585,2017-04-04,514,2,103.07,At Risk (was frequent)
cust_006240,2017-07-18,409,1,103.06,Hibernating / Lost
cust_002753,2016-03-05,909,1,103.03,Hibernating / Lost
cust_009776,2016-06-06,816,1,103.02,Hibernating / Lost
cust_011174,2016-05-20,833,1,103.01,Hibernating / Lost
cust_017311,2017-11-03,301,2,103.01,Loyal Customers
cust_011093,2016-06-08,814,1,102.97,Hibernating / Lost
cust_015661,2017-07-19,408,1,102.96,At Risk (was frequent)
cust_002043,2017-04-07,511,1,102.95,Hibernating / Lost
cust_001904,2017-01-09,599,2,102.95,At Risk (was frequent)
cust_015432,2016-11-03,666,2,102.86,At Risk (was frequent)
cust_003277,2016-04-08,875,1,102.82,Hibernating / Lost
cust_006869,2016-08-06,755,1,102.81,Hibernating / Lost
cust_002330,2016-10-25,675,1,102.79,Hibernating / Lost
cust_013399,2017-07-18,409,2,102.78,At Risk (was frequent)
cust_015482,2017-12-20,254,1,102.75,Loyal Customers
cust_006914,2016-04-26,857,1,102.74,Hibernating / Lost
cust_010775,2017-09-17,348,1,102.62,Hibernating / Lost
cust_005465,2016-11-30,639,1,102.58,Hibernating / Lost
cust_014187,2016-01-19,955,1,102.54,At Risk (was frequent)
cust_000754,2018-01-12,231,1,102.51,Potential Loyalists
cust_000612,2018-02-01,211,2,102.5,Loyal Customers
cust_016172,2017-11-07,297,2,102.48,Loyal Customers
cust_000257,2016-12-01,638,1,102.47,Hibernating / Lost
cust_002436,2016-09-08,722,1,102.47,Hibernating / Lost
cust_002661,2017-07-15,412,1,102.46,Hibernating / Lost
cust_014196,2016-05-16,837,1,102.4,At Risk (was frequent)
cust_017429,2016-11-06,663,1,102.4,At Risk (was frequent)
cust_011575,2017-09-14,351,1,102.38,Hibernating / Lost
cust_009638,2016-11-20,649,2,102.37,At Risk (was frequent)
cust_011659,2016-12-22,617,1,102.36,Hibernating / Lost
cust_008590,2017-05-07,481,1,102.35,Hibernating / Lost
cust_007308,2016-01-30,944,1,102.34,Hibernating / Lost
cust_000666,2016-03-09,905,1,102.3,Hibernating / Lost
cust_000507,2018-01-22,221,2,102.27,Loyal Customers
cust_010591,2016-12-20,619,1,102.26,Hibernating / Lost
cust_001350,2016-09-20,710,1,102.26,Hibernating / Lost
cust_017992,2016-05-22,831,1,102.25,At Risk (was frequent)
cust_015994,2016-11-02,667,1,102.25,At Risk (was frequent)
cust_010724,2017-10-08,327,2,102.23,Loyal Customers
cust_018221,2016-12-04,635,1,102.12,At Risk (was frequent)
cust_013557,2017-08-31,365,1,102.09,Hibernating / Lost
cust_013633,2017-06-02,455,2,102.09,At Risk (was frequent)
cust_000308,2017-08-26,370,1,102.09,Hibernating / Lost
cust_007597,2016-06-30,792,1,102.08,Hibernating / Lost
cust_004160,2016-03-25,889,1,102.05,Hibernating / Lost
cust_000952,2016-06-11,811,1,102.04,Hibernating / Lost
cust_005097,2016-12-12,627,1,101.97,Hibernating / Lost
cust_010458,2016-01-25,949,1,101.91,Hibernating / Lost
cust_004228,2017-04-21,497,1,101.88,Hibernating / Lost
cust_007901,2017-04-29,489,1,101.86,Hibernating / Lost
cust_006383,2017-01-16,592,2,101.84,At Risk (was frequent)
cust_009765,2017-04-26,492,1,101.8,Hibernating / Lost
cust_014306,2016-01-28,946,1,101.72,At Risk (was frequent)
cust_000363,2016-11-03,666,1,101.67,Hibernating / Lost
cust_006439,2017-11-09,295,2,101.66,Loyal Customers
cust_014625,2016-04-16,867,1,101.66,At Risk (was frequent)
cust_001191,2016-11-07,662,1,101.66,Hibernating / Lost
cust_003556,2017-03-24,525,1,101.63,Hibernating / Lost
cust_000996,2018-01-30,213,1,101.56,Potential Loyalists
cust_011591,2017-01-15,593,1,101.53,Hibernating / Lost
cust_015957,2017-04-05,513,1,101.5,At Risk (was frequent)
cust_002173,2016-07-18,774,1,101.5,Hibernating / Lost
cust_018963,2017-08-03,393,1,101.5,At Risk (was frequent)
cust_013349,2016-07-24,768,1,101.48,Hibernating / Lost
cust_016682,2018-02-02,210,2,101.45,Loyal Customers
cust_006253,2017-05-22,466,1,101.44,Hibernating / Lost
cust_005663,2017-04-08,510,1,101.42,Hibernating / Lost
cust_008033,2017-04-12,506,1,101.42,Hibernating / Lost
cust_009004,2018-02-28,184,2,101.42,Loyal Customers
cust_001537,2017-11-24,280,1,101.41,Potential Loyalists
cust_011585,2016-11-02,667,1,101.39,Hibernating / Lost
cust_004601,2017-09-06,359,1,101.36,Hibernating / Lost
cust_004555,2016-12-09,630,1,101.36,Hibernating / Lost
cust_001728,2016-06-12,810,1,101.36,Hibernating / Lost
cust_011998,2018-01-16,227,1,101.35,Potential Loyalists
cust_014210,2016-02-11,932,1,101.33,At Risk (was frequent)
cust_015445,2016-11-27,642,1,101.31,At Risk (was frequent)
cust_008553,2016-11-10,659,1,101.28,Hibernating / Lost
cust_012953,2017-12-15,259,2,101.26,Loyal Customers
cust_013617,2017-03-20,529,2,101.24,At Risk (was frequent)
cust_018434,2016-12-11,628,1,101.18,At Risk (was frequent)
cust_016392,2016-10-03,697,1,101.17,At Risk (was frequent)
cust_005204,2018-03-01,183,2,101.15,Loyal Customers
cust_005642,2016-05-21,832,1,101.15,Hibernating / Lost
cust_007267,2017-09-09,356,2,101.15,At Risk (was frequent)
cust_004420,2017-09-11,354,1,101.14,Hibernating / Lost
cust_000587,2017-12-29,245,2,101.14,Loyal Customers
cust_002856,2017-12-26,248,1,101.14,Potential Loyalists
cust_003754,2017-05-07,481,1,101.12,Hibernating / Lost
cust_004879,2017-11-14,290,1,101.09,Potential Loyalists
cust_016286,2017-04-15,503,2,101.09,At Risk (was frequent)
cust_001470,2017-04-27,491,2,101.07,At Risk (was frequent)
cust_006507,2016-11-02,667,1,101.07,Hibernating / Lost
cust_013521,2016-06-28,794,1,101.04,Hibernating / Lost
cust_003404,2017-08-14,382,2,101.02,At Risk (was frequent)
cust_012844,2017-11-14,290,1,101.01,Potential Loyalists
cust_015946,2017-03-18,531,1,101.0,At Risk (was frequent)
cust_008799,2017-10-31,304,1,100.98,Potential Loyalists
cust_015255,2016-11-17,652,1,100.94,At Risk (was frequent)
cust_015969,2016-10-22,678,1,100.93,At Risk (was frequent)
cust_000175,2016-08-19,742,1,100.93,Hibernating / Lost
cust_007649,2017-06-01,456,1,100.92,Hibernating / Lost
cust_003091,2018-02-26,186,1,100.91,Potential Loyalists
cust_017365,2017-09-05,360,1,100.91,At Risk (was frequent)
cust_016284,2016-04-22,861,1,100.89,At Risk (was frequent)
cust_015303,2017-09-28,337,1,100.89,Loyal Customers
cust_013090,2016-05-08,845,1,100.88,Hibernating / Lost
cust_003871,2016-08-06,755,1,100.84,Hibernating / Lost
cust_007426,2016-03-22,892,1,100.8,Hibernating / Lost
cust_005409,2016-02-05,938,1,100.76,Hibernating / Lost
cust_001591,2016-12-23,616,1,100.71,Hibernating / Lost
cust_004606,2016-03-08,906,1,100.62,Hibernating / Lost
cust_014119,2017-05-07,481,2,100.61,At Risk (was frequent)
cust_011293,2016-09-15,715,1,100.61,Hibernating / Lost
cust_008165,2016-03-29,885,1,100.59,Hibernating / Lost
cust_006845,2017-05-28,460,1,100.57,Hibernating / Lost
cust_009435,2016-01-31,943,1,100.55,Hibernating / Lost
cust_016921,2016-12-05,634,1,100.52,At Risk (was frequent)
cust_002555,2017-05-15,473,1,100.47,Hibernating / Lost
cust_018370,2017-12-06,268,3,100.43,Loyal Customers
cust_015734,2016-02-26,917,1,100.38,At Risk (was frequent)
cust_014353,2017-10-29,306,1,100.38,Loyal Customers
cust_010703,2016-08-01,760,1,100.37,Hibernating / Lost
cust_005246,2017-05-29,459,1,100.35,Hibernating / Lost
cust_001363,2016-02-16,927,1,100.35,Hibernating / Lost
cust_014002,2016-07-10,782,1,100.35,At Risk (was frequent)
cust_012905,2016-01-31,943,1,100.28,Hibernating / Lost
cust_007452,2017-05-14,474,1,100.26,Hibernating / Lost
cust_014436,2017-03-17,532,2,100.15,At Risk (was frequent)
cust_010888,2016-12-07,632,2,100.12,At Risk (was frequent)
cust_014127,2016-02-01,942,1,100.11,At Risk (was frequent)
cust_012371,2017-07-21,406,1,100.08,Hibernating / Lost
cust_013156,2016-11-07,662,1,100.07,Hibernating / Lost
cust_013583,2016-07-21,771,1,100.06,Hibernating / Lost
cust_015603,2016-09-05,725,1,100.06,At Risk (was frequent)
cust_013062,2017-11-14,290,2,100.05,Loyal Customers
cust_016988,2017-11-20,284,2,100.05,Loyal Customers
cust_011974,2016-12-29,610,1,100.01,Hibernating / Lost
cust_002226,2016-01-13,961,1,99.99,Hibernating / Lost
cust_007765,2016-07-19,773,1,99.97,Hibernating / Lost
cust_000883,2016-10-24,676,1,99.94,Hibernating / Lost
cust_000916,2017-03-02,547,1,99.94,Hibernating / Lost
cust_018313,2018-01-09,234,2,99.91,Loyal Customers
cust_005649,2017-09-29,336,1,99.9,Potential Loyalists
cust_008069,2017-12-08,266,1,99.89,Potential Loyalists
cust_007497,2018-01-19,224,1,99.86,Potential Loyalists
cust_014377,2016-06-26,796,1,99.79,At Risk (was frequent)
cust_010673,2017-08-04,392,1,99.77,Hibernating / Lost
cust_012648,2016-10-08,692,1,99.71,Hibernating / Lost
cust_017968,2016-10-06,694,2,99.69,At Risk (was frequent)
cust_011783,2017-12-29,245,1,99.67,Potential Loyalists
cust_016631,2017-09-24,341,1,99.66,At Risk (was frequent)
cust_004881,2017-08-21,375,2,99.65,At Risk (was frequent)
cust_000963,2016-10-07,693,1,99.62,Hibernating / Lost
cust_002520,2017-08-10,386,1,99.57,Hibernating / Lost
cust_015463,2017-09-08,357,1,99.56,At Risk (was frequent)
cust_008791,2017-12-24,250,1,99.48,Potential Loyalists
cust_003726,2017-05-21,467,1,99.47,Hibernating / Lost
cust_008536,2017-06-24,433,1,99.44,Hibernating / Lost
cust_007692,2016-11-05,664,1,99.44,Hibernating / Lost
cust_002839,2017-07-23,404,2,99.43,At Risk (was frequent)
cust_010801,2016-11-30,639,2,99.4,At Risk (was frequent)
cust_012904,2017-06-04,453,1,99.39,Hibernating / Lost
cust_015005,2017-10-18,317,2,99.38,Loyal Customers
cust_006470,2017-10-28,307,1,99.33,Potential Loyalists
cust_015079,2017-12-23,251,1,99.3,Loyal Customers
cust_000922,2017-03-29,520,1,99.25,Hibernating / Lost
cust_000073,2016-06-24,798,1,99.24,Hibernating / Lost
cust_012675,2017-08-24,372,1,99.24,Hibernating / Lost
cust_016760,2016-09-28,702,1,99.22,At Risk (was frequent)
cust_010816,2017-03-27,522,1,99.21,Hibernating / Lost
cust_011064,2016-12-19,620,2,99.21,At Risk (was frequent)
cust_011222,2016-09-03,727,1,99.2,Hibernating / Lost
cust_004008,2017-05-02,486,1,99.2,Hibernating / Lost
cust_004514,2017-03-03,546,1,99.19,Hibernating / Lost
cust_002109,2016-11-25,644,1,99.19,Hibernating / Lost
cust_002161,2017-08-10,386,1,99.18,Hibernating / Lost
cust_000200,2016-05-30,823,1,99.18,Hibernating / Lost
cust_013160,2017-11-29,275,2,99.18,Loyal Customers
cust_005923,2018-01-01,242,1,99.16,Potential Loyalists
cust_006152,2018-02-25,187,1,99.13,Potential Loyalists
cust_012547,2017-08-10,386,1,99.11,Hibernating / Lost
cust_012961,2017-07-01,426,1,99.09,Hibernating / Lost
cust_006533,2016-09-25,705,1,99.05,Hibernating / Lost
cust_010240,2016-08-12,749,1,99.03,Hibernating / Lost
cust_011951,2018-02-13,199,1,99.03,Potential Loyalists
cust_012173,2016-01-26,948,1,99.03,Hibernating / Lost
cust_017401,2016-12-11,628,1,99.02,At Risk (was frequent)
cust_009210,2016-02-23,920,1,99.01,Hibernating / Lost
cust_008558,2016-11-15,654,1,98.99,Hibernating / Lost
cust_008872,2016-10-09,691,2,98.97,At Risk (was frequent)
cust_008961,2016-12-20,619,1,98.97,Hibernating / Lost
cust_003225,2016-04-02,881,1,98.95,Hibernating / Lost
cust_010853,2017-05-03,485,1,98.93,Hibernating / Lost
cust_015049,2017-06-13,444,1,98.91,At Risk (was frequent)
cust_006054,2016-09-22,708,1,98.9,Hibernating / Lost
cust_003704,2017-03-06,543,1,98.87,Hibernating / Lost
cust_016508,2017-04-16,502,1,98.86,At Risk (was frequent)
cust_006922,2016-08-16,745,1,98.83,Hibernating / Lost
cust_009178,2016-11-08,661,1,98.82,Hibernating / Lost
cust_000302,2017-01-09,599,1,98.76,Hibernating / Lost
cust_012003,2016-09-30,700,1,98.74,Hibernating / Lost
cust_016051,2016-06-04,818,1,98.74,At Risk (was frequent)
cust_018848,2016-07-26,766,1,98.73,At Risk (was frequent)
cust_013403,2016-12-13,626,1,98.72,Hibernating / Lost
cust_010767,2017-03-08,541,1,98.71,Hibernating / Lost
cust_015081,2017-10-07,328,1,98.69,Loyal Customers
cust_005217,2017-12-02,272,1,98.69,Potential Loyalists
cust_014337,2017-07-16,411,2,98.68,At Risk (was frequent)
cust_001935,2016-12-26,613,1,98.68,Hibernating / Lost
cust_014995,2016-09-18,712,1,98.66,At Risk (was frequent)
cust_001989,2017-07-16,411,1,98.66,Hibernating / Lost
cust_003558,2018-01-19,224,1,98.65,Potential Loyalists
cust_004066,2018-02-06,206,1,98.62,Potential Loyalists
cust_002707,2017-10-09,326,1,98.6,Potential Loyalists
cust_004920,2017-08-12,384,1,98.59,Hibernating / Lost
cust_002802,2017-02-28,549,1,98.56,Hibernating / Lost
cust_009499,2017-04-12,506,1,98.54,Hibernating / Lost
cust_018782,2016-11-06,663,1,98.51,At Risk (was frequent)
cust_012146,2016-04-30,853,1,98.49,Hibernating / Lost
cust_016338,2016-07-07,785,1,98.49,At Risk (was frequent)
cust_012907,2016-09-03,727,1,98.46,Hibernating / Lost
cust_004764,2017-01-17,591,1,98.46,Hibernating / Lost
cust_001171,2017-07-11,416,1,98.43,Hibernating / Lost
cust_006935,2017-02-04,573,1,98.43,Hibernating / Lost
cust_014369,2017-12-29,245,2,98.41,Loyal Customers
cust_004752,2016-02-03,940,1,98.41,Hibernating / Lost
cust_000064,2017-01-14,594,1,98.39,Hibernating / Lost
cust_006715,2017-10-12,323,1,98.38,Potential Loyalists
cust_011957,2018-01-31,212,1,98.37,Potential Loyalists
cust_008166,2017-03-26,523,1,98.34,Hibernating / Lost
cust_009921,2018-01-28,215,2,98.28,Loyal Customers
cust_013945,2017-06-23,434,1,98.28,Hibernating / Lost
cust_015971,2018-02-27,185,1,98.26,Loyal Customers
cust_014467,2016-11-13,656,1,98.19,At Risk (was frequent)
cust_015938,2017-06-22,435,1,98.19,At Risk (was frequent)
cust_003815,2017-05-10,478,1,98.17,Hibernating / Lost
cust_016832,2017-10-09,326,1,98.15,Loyal Customers
cust_009572,2017-01-12,596,1,98.13,Hibernating / Lost
cust_008876,2016-02-10,933,1,97.99,Hibernating / Lost
cust_008771,2016-08-24,737,1,97.99,Hibernating / Lost
cust_000167,2016-02-28,915,1,97.98,Hibernating / Lost
cust_012098,2017-09-13,352,2,97.98,At Risk (was frequent)
cust_002024,2017-06-07,450,1,97.89,Hibernating / Lost
cust_004722,2016-01-01,973,1,97.87,Hibernating / Lost
cust_011643,2017-12-15,259,1,97.87,Potential Loyalists
cust_012637,2017-07-26,401,1,97.86,Hibernating / Lost
cust_013450,2018-02-09,203,1,97.86,Potential Loyalists
cust_003934,2017-09-25,340,1,97.82,Hibernating / Lost
cust_001069,2016-11-28,641,1,97.8,Hibernating / Lost
cust_013554,2016-10-30,670,1,97.79,Hibernating / Lost
cust_001295,2017-11-11,293,1,97.77,Potential Loyalists
cust_012074,2017-12-17,257,1,97.73,Potential Loyalists
cust_014638,2016-06-19,803,1,97.71,At Risk (was frequent)
cust_002960,2017-04-25,493,1,97.57,Hibernating / Lost
cust_004837,2017-07-11,416,1,97.57,Hibernating / Lost
cust_002859,2016-08-07,754,1,97.51,Hibernating / Lost
cust_012008,2017-04-04,514,1,97.5,Hibernating / Lost
cust_003940,2016-09-16,714,1,97.49,Hibernating / Lost
cust_000751,2017-08-19,377,1,97.49,Hibernating / Lost
cust_018050,2017-11-13,291,1,97.47,Loyal Customers
cust_012123,2016-04-10,873,1,97.45,Hibernating / Lost
cust_001968,2018-01-17,226,2,97.43,Loyal Customers
cust_002637,2018-01-11,232,1,97.39,Potential Loyalists
cust_006749,2016-09-08,722,1,97.35,Hibernating / Lost
cust_005745,2017-05-17,471,2,97.33,At Risk (was frequent)
cust_008411,2017-12-14,260,1,97.27,Potential Loyalists
cust_009137,2016-08-16,745,1,97.26,Hibernating / Lost
cust_000890,2016-10-14,686,1,97.25,Hibernating / Lost
cust_005050,2017-12-02,272,1,97.23,Potential Loyalists
cust_002928,2016-08-18,743,1,97.22,Hibernating / Lost
cust_004089,2017-12-28,246,2,97.22,Loyal Customers
cust_002710,2016-10-14,686,1,97.19,Hibernating / Lost
cust_007809,2017-06-07,450,1,97.18,Hibernating / Lost
cust_001482,2016-02-23,920,1,97.17,Hibernating / Lost
cust_015838,2018-02-02,210,2,97.16,Loyal Customers
cust_000649,2017-10-28,307,1,97.13,Potential Loyalists
cust_015098,2018-02-03,209,2,97.11,Loyal Customers
cust_010292,2016-12-22,617,1,97.06,Hibernating / Lost
cust_003264,2016-09-01,729,1,97.05,Hibernating / Lost
cust_006582,2018-01-19,224,1,97.04,Potential Loyalists
cust_016993,2016-09-15,715,2,96.99,At Risk (was frequent)
cust_007388,2016-05-02,851,1,96.98,Hibernating / Lost
cust_016446,2016-10-28,672,1,96.97,At Risk (was frequent)
cust_005749,2017-10-20,315,1,96.96,Potential Loyalists
cust_016739,2017-12-05,269,2,96.96,Loyal Customers
cust_015487,2017-11-27,277,1,96.93,Loyal Customers
cust_012238,2017-07-24,403,1,96.93,Hibernating / Lost
cust_015302,2016-03-06,908,1,96.92,At Risk (was frequent)
cust_008449,2017-06-10,447,1,96.89,Hibernating / Lost
cust_010527,2016-12-07,632,1,96.89,Hibernating / Lost
cust_007780,2017-05-28,460,2,96.87,At Risk (was frequent)
cust_003592,2016-06-21,801,1,96.86,Hibernating / Lost
cust_018928,2016-11-01,668,1,96.84,At Risk (was frequent)
cust_013517,2016-01-16,958,1,96.81,Hibernating / Lost
cust_009470,2016-08-30,731,1,96.79,Hibernating / Lost
cust_010927,2016-06-14,808,1,96.79,Hibernating / Lost
cust_015088,2017-07-26,401,1,96.75,At Risk (was frequent)
cust_012694,2016-01-31,943,1,96.72,Hibernating / Lost
cust_017843,2017-03-30,519,1,96.69,At Risk (was frequent)
cust_016618,2017-12-20,254,1,96.65,Loyal Customers
cust_016128,2017-07-16,411,1,96.59,At Risk (was frequent)
cust_012967,2016-10-26,674,1,96.59,Hibernating / Lost
cust_000703,2017-04-13,505,1,96.57,Hibernating / Lost
cust_014894,2017-04-07,511,1,96.56,At Risk (was frequent)
cust_014883,2016-02-11,932,1,96.46,At Risk (was frequent)
cust_004290,2017-08-10,386,1,96.45,Hibernating / Lost
cust_013911,2017-06-16,441,1,96.43,Hibernating / Lost
cust_007957,2017-11-04,300,1,96.43,Potential Loyalists
cust_018343,2017-12-14,260,2,96.42,Loyal Customers
cust_010980,2017-01-14,594,1,96.41,Hibernating / Lost
cust_018473,2016-02-26,917,1,96.33,At Risk (was frequent)
cust_008570,2017-05-21,467,1,96.32,Hibernating / Lost
cust_015684,2016-09-11,719,1,96.32,At Risk (was frequent)
cust_000735,2017-08-04,392,2,96.29,At Risk (was frequent)
cust_014053,2018-02-14,198,2,96.25,Loyal Customers
cust_008699,2017-12-08,266,1,96.24,Potential Loyalists
cust_005705,2018-02-10,202,2,96.23,Loyal Customers
cust_000279,2017-02-05,572,1,96.22,Hibernating / Lost
cust_016123,2017-09-01,364,1,96.19,At Risk (was frequent)
cust_014921,2017-06-27,430,1,96.19,At Risk (was frequent)
cust_007439,2017-10-22,313,2,96.18,Loyal Customers
cust_010680,2017-09-05,360,1,96.14,Hibernating / Lost
cust_003424,2017-10-11,324,2,96.14,Loyal Customers
cust_000330,2017-06-17,440,1,96.06,Hibernating / Lost
cust_000793,2017-08-04,392,1,96.03,Hibernating / Lost
cust_006154,2018-01-10,233,1,96.01,Potential Loyalists
cust_016212,2017-12-17,257,1,95.96,Loyal Customers
cust_002446,2017-12-12,262,2,95.91,Loyal Customers
cust_004003,2017-09-05,360,1,95.91,Hibernating / Lost
cust_011581,2017-05-23,465,1,95.89,Hibernating / Lost
cust_014407,2016-10-12,688,1,95.87,At Risk (was frequent)
cust_000723,2017-01-29,579,1,95.87,Hibernating / Lost
cust_013458,2017-04-08,510,1,95.83,Hibernating / Lost
cust_003895,2017-12-26,248,2,95.82,Loyal Customers
cust_016088,2017-07-20,407,1,95.82,At Risk (was frequent)
cust_006225,2016-04-20,863,2,95.81,At Risk (was frequent)
cust_004903,2017-04-12,506,1,95.8,Hibernating / Lost
cust_010567,2016-11-03,666,1,95.8,Hibernating / Lost
cust_008422,2016-07-22,770,1,95.78,Hibernating / Lost
cust_009611,2017-06-11,446,1,95.72,Hibernating / Lost
cust_004236,2017-05-28,460,1,95.72,Hibernating / Lost
cust_002102,2018-02-24,188,1,95.68,Potential Loyalists
cust_014384,2017-03-06,543,1,95.66,At Risk (was frequent)
cust_000954,2016-10-13,687,1,95.61,Hibernating / Lost
cust_006854,2017-10-05,330,1,95.54,Potential Loyalists
cust_010905,2016-05-01,852,1,95.52,Hibernating / Lost
cust_003078,2016-09-09,721,1,95.5,Hibernating / Lost
cust_006727,2017-01-19,589,1,95.49,Hibernating / Lost
cust_007488,2017-05-20,468,1,95.45,Hibernating / Lost
cust_002558,2017-12-31,243,1,95.41,Potential Loyalists
cust_004193,2016-08-24,737,1,95.39,Hibernating / Lost
cust_018959,2018-01-27,216,1,95.34,Loyal Customers
cust_001882,2016-06-02,820,1,95.32,Hibernating / Lost
cust_002617,2017-10-21,314,1,95.3,Potential Loyalists
cust_008347,2017-04-16,502,1,95.29,Hibernating / Lost
cust_006100,2017-07-19,408,2,95.21,At Risk (was frequent)
cust_008116,2016-07-29,763,1,95.2,Hibernating / Lost
cust_012190,2016-01-24,950,1,95.2,Hibernating / Lost
cust_008481,2016-02-25,918,1,95.18,Hibernating / Lost
cust_002830,2016-06-22,800,1,95.17,Hibernating / Lost
cust_002851,2017-11-07,297,1,95.16,Potential Loyalists
cust_017787,2016-11-13,656,1,95.12,At Risk (was frequent)
cust_012360,2017-02-16,561,1,95.12,Hibernating / Lost
cust_014875,2017-08-16,380,1,95.1,At Risk (was frequent)
cust_008734,2017-10-21,314,1,95.1,Potential Loyalists
cust_009243,2016-12-02,637,1,95.06,Hibernating / Lost
cust_005991,2017-09-10,355,1,94.98,Hibernating / Lost
cust_004425,2017-02-07,570,1,94.98,Hibernating / Lost
cust_008219,2017-04-18,500,2,94.98,At Risk (was frequent)
cust_010442,2017-04-11,507,1,94.97,Hibernating / Lost
cust_005552,2017-06-11,446,1,94.97,Hibernating / Lost
cust_017579,2017-09-05,360,1,94.96,At Risk (was frequent)
cust_004181,2017-12-26,248,1,94.9,Potential Loyalists
cust_005307,2017-11-15,289,2,94.9,Loyal Customers
cust_015349,2017-11-30,274,2,94.88,Loyal Customers
cust_012590,2017-11-25,279,1,94.88,Potential Loyalists
cust_006128,2016-11-30,639,1,94.82,Hibernating / Lost
cust_010009,2017-11-17,287,2,94.81,Loyal Customers
cust_012849,2016-04-15,868,1,94.77,Hibernating / Lost
cust_007283,2016-05-08,845,1,94.74,Hibernating / Lost
cust_013497,2017-06-05,452,1,94.72,Hibernating / Lost
cust_016410,2016-05-03,850,1,94.72,At Risk (was frequent)
cust_004735,2016-05-16,837,1,94.69,Hibernating / Lost
cust_015062,2017-11-17,287,1,94.68,Loyal Customers
cust_009621,2016-01-02,972,1,94.65,Hibernating / Lost
cust_018311,2017-05-06,482,1,94.63,At Risk (was frequent)
cust_003656,2016-05-05,848,1,94.61,Hibernating / Lost
cust_018935,2018-01-29,214,1,94.6,Loyal Customers
cust_000673,2018-01-27,216,1,94.58,Potential Loyalists
cust_006695,2016-09-07,723,1,94.56,Hibernating / Lost
cust_006219,2016-05-25,828,1,94.55,Hibernating / Lost
cust_011848,2017-07-29,398,1,94.53,Hibernating / Lost
cust_014915,2017-01-07,601,1,94.52,At Risk (was frequent)
cust_015802,2017-09-13,352,1,94.51,At Risk (was frequent)
cust_002854,2017-02-15,562,1,94.5,Hibernating / Lost
cust_008191,2017-09-23,342,2,94.5,At Risk (was frequent)
cust_015013,2016-11-02,667,1,94.46,At Risk (was frequent)
cust_016339,2017-09-28,337,1,94.43,Loyal Customers
cust_013247,2018-01-28,215,1,94.41,Potential Loyalists
cust_007516,2017-09-18,347,1,94.38,Hibernating / Lost
cust_007102,2016-06-20,802,2,94.37,At Risk (was frequent)
cust_018988,2017-09-06,359,1,94.33,At Risk (was frequent)
cust_010869,2017-07-13,414,2,94.32,At Risk (was frequent)
cust_002329,2016-12-04,635,2,94.32,At Risk (was frequent)
cust_005230,2017-12-01,273,1,94.31,Potential Loyalists
cust_004156,2017-12-14,260,1,94.3,Potential Loyalists
cust_015083,2017-11-04,300,1,94.3,Loyal Customers
cust_010087,2017-11-13,291,2,94.28,Loyal Customers
cust_008494,2016-05-29,824,1,94.28,Hibernating / Lost
cust_008978,2017-03-07,542,1,94.23,Hibernating / Lost
cust_009138,2017-09-10,355,1,94.22,Hibernating / Lost
cust_009013,2017-07-09,418,1,94.2,Hibernating / Lost
cust_012177,2016-11-26,643,1,94.17,Hibernating / Lost
cust_013387,2016-11-25,644,1,94.17,Hibernating / Lost
cust_001781,2017-11-09,295,1,94.15,Potential Loyalists
cust_008316,2018-01-30,213,2,94.11,Loyal Customers
cust_005210,2017-10-26,309,2,94.1,Loyal Customers
cust_005368,2018-01-01,242,2,94.08,Loyal Customers
cust_016289,2017-07-11,416,1,94.07,At Risk (was frequent)
cust_006500,2016-09-05,725,1,94.05,Hibernating / Lost
cust_008700,2017-01-25,583,1,94.01,Hibernating / Lost
cust_006116,2016-09-16,714,1,94.0,Hibernating / Lost
cust_015993,2017-12-01,273,1,93.96,Loyal Customers
cust_013488,2016-11-03,666,1,93.93,Hibernating / Lost
cust_013214,2017-11-04,300,1,93.92,Potential Loyalists
cust_012779,2016-05-02,851,1,93.9,Hibernating / Lost
cust_012830,2017-06-05,452,1,93.89,Hibernating / Lost
cust_016651,2017-05-28,460,1,93.88,At Risk (was frequent)
cust_016499,2016-11-08,661,1,93.85,At Risk (was frequent)
cust_001696,2017-05-17,471,1,93.84,Hibernating / Lost
cust_003502,2018-02-21,191,1,93.81,Potential Loyalists
cust_015557,2017-07-20,407,1,93.8,At Risk (was frequent)
cust_007266,2017-03-30,519,2,93.77,At Risk (was frequent)
cust_007143,2017-06-04,453,1,93.76,Hibernating / Lost
cust_009122,2017-07-08,419,1,93.73,Hibernating / Lost
cust_017881,2017-11-10,294,2,93.68,Loyal Customers
cust_007739,2017-12-01,273,1,93.67,Potential Loyalists
cust_009451,2016-07-25,767,1,93.64,Hibernating / Lost
cust_016471,2016-11-01,668,1,93.6,At Risk (was frequent)
cust_008495,2017-12-23,251,1,93.59,Potential Loyalists
cust_011587,2017-07-20,407,1,93.57,Hibernating / Lost
cust_007791,2016-05-19,834,1,93.53,Hibernating / Lost
cust_001153,2016-08-04,757,1,93.53,Hibernating / Lost
cust_004382,2016-02-28,915,1,93.5,Hibernating / Lost
cust_002434,2018-01-20,223,1,93.47,Potential Loyalists
cust_017077,2017-12-21,253,1,93.47,Loyal Customers
cust_003800,2018-02-16,196,2,93.47,Loyal Customers
cust_016710,2016-05-27,826,1,93.45,At Risk (was frequent)
cust_016823,2018-02-19,193,1,93.44,Loyal Customers
cust_017884,2016-04-22,861,1,93.44,At Risk (was frequent)
cust_010628,2016-02-21,922,1,93.43,Hibernating / Lost
cust_011197,2017-01-23,585,3,93.43,At Risk (was frequent)
cust_013469,2016-03-30,884,1,93.4,Hibernating / Lost
cust_008806,2016-08-14,747,1,93.37,Hibernating / Lost
cust_011683,2017-04-07,511,1,93.34,Hibernating / Lost
cust_009162,2017-12-07,267,1,93.34,Potential Loyalists
cust_007998,2016-09-26,704,2,93.3,At Risk (was frequent)
cust_006830,2016-01-19,955,1,93.3,Hibernating / Lost
cust_005938,2017-06-29,428,1,93.29,Hibernating / Lost
cust_016954,2016-06-10,812,1,93.28,At Risk (was frequent)
cust_018358,2016-06-18,804,1,93.28,At Risk (was frequent)
cust_018897,2017-09-27,338,1,93.25,Loyal Customers
cust_011184,2016-10-17,683,1,93.24,Hibernating / Lost
cust_015777,2016-09-05,725,1,93.22,At Risk (was frequent)
cust_002464,2016-11-28,641,1,93.19,Hibernating / Lost
cust_018992,2016-12-07,632,1,93.19,At Risk (was frequent)
cust_014011,2016-10-29,671,1,93.18,At Risk (was frequent)
cust_002011,2017-06-07,450,1,93.18,Hibernating / Lost
cust_007035,2017-04-25,493,1,93.13,Hibernating / Lost
cust_004477,2018-01-21,222,1,93.13,Potential Loyalists
cust_001183,2018-02-14,198,1,93.13,Potential Loyalists
cust_003304,2016-10-07,693,1,93.12,Hibernating / Lost
cust_012564,2017-03-28,521,1,93.12,Hibernating / Lost
cust_012193,2017-08-29,367,1,93.07,Hibernating / Lost
cust_006802,2018-02-08,204,1,93.02,Potential Loyalists
cust_016038,2017-10-10,325,1,92.98,Loyal Customers
cust_004811,2017-12-07,267,1,92.98,Potential Loyalists
cust_005278,2016-12-23,616,1,92.97,Hibernating / Lost
cust_002284,2016-06-01,821,1,92.96,Hibernating / Lost
cust_011839,2017-08-15,381,1,92.95,Hibernating / Lost
cust_014371,2017-08-16,380,1,92.94,At Risk (was frequent)
cust_009723,2017-01-30,578,2,92.91,At Risk (was frequent)
cust_004346,2018-01-27,216,1,92.91,Potential Loyalists
cust_007552,2016-10-04,696,1,92.89,Hibernating / Lost
cust_016806,2017-01-09,599,1,92.88,At Risk (was frequent)
cust_017575,2017-07-28,399,1,92.74,At Risk (was frequent)
cust_017389,2018-01-24,219,1,92.71,Loyal Customers
cust_010126,2016-12-27,612,1,92.7,Hibernating / Lost
cust_004241,2016-11-15,654,1,92.69,Hibernating / Lost
cust_008456,2016-11-20,649,1,92.69,Hibernating / Lost
cust_012970,2016-01-10,964,1,92.69,Hibernating / Lost
cust_008564,2017-04-02,516,1,92.69,Hibernating / Lost
cust_005009,2017-06-02,455,2,92.62,At Risk (was frequent)
cust_015203,2018-01-25,218,2,92.62,Loyal Customers
cust_008031,2017-10-27,308,2,92.6,Loyal Customers
cust_007484,2016-03-21,893,1,92.6,Hibernating / Lost
cust_014724,2017-05-31,457,1,92.59,At Risk (was frequent)
cust_011709,2016-05-20,833,1,92.58,Hibernating / Lost
cust_007164,2016-08-02,759,1,92.55,Hibernating / Lost
cust_011818,2017-06-03,454,1,92.51,Hibernating / Lost
cust_010664,2017-07-02,425,1,92.51,Hibernating / Lost
cust_001548,2017-11-23,281,2,92.5,Loyal Customers
cust_015998,2017-09-17,348,1,92.5,At Risk (was frequent)
cust_008530,2016-11-13,656,1,92.48,Hibernating / Lost
cust_003048,2017-10-07,328,1,92.41,Potential Loyalists
cust_005587,2017-06-02,455,1,92.38,Hibernating / Lost
cust_015395,2017-06-25,432,1,92.38,At Risk (was frequent)
cust_005207,2017-09-28,337,1,92.35,Potential Loyalists
cust_010552,2017-07-31,396,2,92.34,At Risk (was frequent)
cust_016045,2017-12-24,250,1,92.32,Loyal Customers
cust_008964,2017-12-03,271,1,92.3,Potential Loyalists
cust_006464,2016-04-20,863,1,92.3,Hibernating / Lost
cust_013313,2018-01-16,227,1,92.29,Potential Loyalists
cust_004124,2018-02-05,207,2,92.29,Loyal Customers
cust_010931,2017-12-10,264,1,92.29,Potential Loyalists
cust_017257,2016-08-04,757,1,92.27,At Risk (was frequent)
cust_002096,2017-08-02,394,1,92.24,Hibernating / Lost
cust_010125,2016-08-08,753,2,92.23,At Risk (was frequent)
cust_000684,2016-07-14,778,1,92.19,Hibernating / Lost
cust_008618,2017-07-22,405,1,92.18,Hibernating / Lost
cust_007182,2017-01-26,582,1,92.15,Hibernating / Lost
cust_017725,2017-03-30,519,1,92.15,At Risk (was frequent)
cust_008338,2017-11-12,292,2,92.13,Loyal Customers
cust_016751,2017-12-30,244,1,92.11,Loyal Customers
cust_006895,2016-08-29,732,1,92.1,Hibernating / Lost
cust_017321,2017-05-06,482,1,92.06,At Risk (was frequent)
cust_009420,2017-12-08,266,2,92.06,Loyal Customers
cust_007485,2017-07-24,403,2,92.04,At Risk (was frequent)
cust_003506,2016-07-14,778,1,92.03,Hibernating / Lost
cust_005688,2016-08-07,754,2,92.02,At Risk (was frequent)
cust_005585,2017-12-24,250,2,92.01,Loyal Customers
cust_005152,2016-08-31,730,1,91.98,Hibernating / Lost
cust_014453,2017-01-26,582,1,91.98,At Risk (was frequent)
cust_017356,2017-11-29,275,1,91.95,Loyal Customers
cust_013418,2016-09-07,723,1,91.95,Hibernating / Lost
cust_006167,2017-08-30,366,1,91.93,Hibernating / Lost
cust_013879,2016-03-02,912,1,91.93,Hibernating / Lost
cust_010962,2017-12-22,252,1,91.92,Potential Loyalists
cust_010876,2017-04-06,512,1,91.89,Hibernating / Lost
cust_001678,2017-10-28,307,1,91.82,Potential Loyalists
cust_000881,2016-04-14,869,1,91.81,Hibernating / Lost
cust_009436,2017-07-29,398,2,91.76,At Risk (was frequent)
cust_006168,2016-03-16,898,1,91.75,Hibernating / Lost
cust_013066,2016-02-05,938,1,91.67,Hibernating / Lost
cust_002609,2017-09-17,348,1,91.66,Hibernating / Lost
cust_002060,2017-03-02,547,1,91.66,Hibernating / Lost
cust_004584,2016-12-19,620,2,91.66,At Risk (was frequent)
cust_001654,2016-08-04,757,1,91.65,Hibernating / Lost
cust_017915,2016-03-05,909,1,91.65,At Risk (was frequent)
cust_014648,2017-08-26,370,1,91.65,At Risk (was frequent)
cust_017304,2018-02-20,192,2,91.64,Loyal Customers
cust_005945,2017-04-24,494,1,91.64,Hibernating / Lost
cust_003538,2017-09-19,346,2,91.63,At Risk (was frequent)
cust_004268,2017-04-04,514,1,91.63,Hibernating / Lost
cust_009232,2017-04-29,489,1,91.62,Hibernating / Lost
cust_003999,2016-07-23,769,1,91.6,Hibernating / Lost
cust_008743,2017-12-28,246,1,91.57,Potential Loyalists
cust_015553,2016-11-04,665,1,91.53,At Risk (was frequent)
cust_013346,2016-04-28,855,1,91.52,Hibernating / Lost
cust_007250,2018-02-24,188,2,91.51,Loyal Customers
cust_017224,2017-03-16,533,2,91.5,At Risk (was frequent)
cust_007599,2016-10-15,685,1,91.46,Hibernating / Lost
cust_006106,2016-05-17,836,1,91.46,Hibernating / Lost
cust_016821,2017-01-09,599,1,91.45,At Risk (was frequent)
cust_012577,2018-01-05,238,1,91.44,Potential Loyalists
cust_018089,2017-12-07,267,1,91.4,Loyal Customers
cust_011282,2017-08-02,394,1,91.4,Hibernating / Lost
cust_002187,2016-06-01,821,1,91.4,Hibernating / Lost
cust_015476,2018-02-06,206,1,91.37,Loyal Customers
cust_000495,2018-02-08,204,1,91.36,Potential Loyalists
cust_004988,2017-11-01,303,2,91.36,Loyal Customers
cust_013670,2017-09-14,351,1,91.34,Hibernating / Lost
cust_004470,2017-03-04,545,1,91.33,Hibernating / Lost
cust_000313,2017-01-14,594,1,91.31,Hibernating / Lost
cust_004726,2017-12-31,243,1,91.29,Potential Loyalists
cust_001979,2017-02-26,551,1,91.21,Hibernating / Lost
cust_001173,2016-05-22,831,1,91.18,Hibernating / Lost
cust_005060,2017-11-27,277,1,91.18,Potential Loyalists
cust_006359,2016-11-13,656,1,91.17,Hibernating / Lost
cust_004723,2018-02-17,195,1,91.13,Potential Loyalists
cust_001604,2017-03-15,534,1,91.12,Hibernating / Lost
cust_012028,2017-09-19,346,1,91.12,Hibernating / Lost
cust_018535,2017-04-06,512,1,91.12,At Risk (was frequent)
cust_010279,2017-10-27,308,1,91.11,Potential Loyalists
cust_008853,2016-03-27,887,1,91.07,Hibernating / Lost
cust_008929,2017-08-28,368,1,91.07,Hibernating / Lost
cust_000098,2017-10-12,323,2,91.05,Loyal Customers
cust_011711,2017-11-28,276,2,91.02,Loyal Customers
cust_004017,2016-04-12,871,1,91.01,Hibernating / Lost
cust_003184,2017-09-17,348,1,90.93,Hibernating / Lost
cust_006527,2016-09-23,707,2,90.9,At Risk (was frequent)
cust_002963,2017-01-11,597,1,90.77,Hibernating / Lost
cust_001906,2018-01-19,224,1,90.75,Potential Loyalists
cust_009700,2017-10-12,323,1,90.75,Potential Loyalists
cust_008702,2017-01-31,577,1,90.72,Hibernating / Lost
cust_001717,2018-02-22,190,1,90.72,Potential Loyalists
cust_004253,2017-06-25,432,1,90.71,Hibernating / Lost
cust_011598,2017-10-15,320,2,90.68,Loyal Customers
cust_009473,2017-12-11,263,1,90.68,Potential Loyalists
cust_008499,2017-07-08,419,1,90.67,Hibernating / Lost
cust_016496,2017-12-17,257,1,90.62,Loyal Customers
cust_017867,2017-01-03,605,2,90.6,At Risk (was frequent)
cust_017186,2017-05-29,459,1,90.6,At Risk (was frequent)
cust_011354,2016-06-24,798,1,90.59,Hibernating / Lost
cust_013967,2017-04-09,509,1,90.59,Hibernating / Lost
cust_008075,2017-10-22,313,1,90.55,Potential Loyalists
cust_000617,2016-12-06,633,1,90.54,Hibernating / Lost
cust_002724,2017-05-24,464,1,90.49,Hibernating / Lost
cust_008951,2016-08-05,756,1,90.49,Hibernating / Lost
cust_017701,2017-03-28,521,2,90.48,At Risk (was frequent)
cust_015947,2018-02-19,193,1,90.46,Loyal Customers
cust_015331,2017-11-09,295,1,90.43,Loyal Customers
cust_013457,2016-11-10,659,1,90.38,Hibernating / Lost
cust_007932,2017-06-20,437,1,90.35,Hibernating / Lost
cust_017366,2017-07-08,419,1,90.34,At Risk (was frequent)
cust_017830,2016-05-21,832,1,90.31,At Risk (was frequent)
cust_014313,2017-10-28,307,1,90.28,Loyal Customers
cust_018401,2016-11-04,665,1,90.27,At Risk (was frequent)
cust_008612,2016-01-08,966,1,90.23,Hibernating / Lost
cust_013509,2017-11-12,292,2,90.2,Loyal Customers
cust_014136,2016-07-24,768,1,90.17,At Risk (was frequent)
cust_015539,2018-01-16,227,3,90.11,Loyal Customers
cust_005284,2016-02-22,921,1,90.09,Hibernating / Lost
cust_003258,2017-01-20,588,1,90.07,Hibernating / Lost
cust_008268,2017-08-03,393,2,90.05,At Risk (was frequent)
cust_001870,2017-12-12,262,1,90.02,Potential Loyalists
cust_000958,2016-08-07,754,2,89.99,At Risk (was frequent)
cust_017307,2017-02-09,568,1,89.99,At Risk (was frequent)
cust_016278,2017-02-21,556,1,89.93,At Risk (was frequent)
cust_005653,2017-06-27,430,1,89.92,Hibernating / Lost
cust_011533,2016-04-10,873,1,89.9,Hibernating / Lost
cust_008193,2016-11-26,643,1,89.89,Hibernating / Lost
cust_004318,2016-07-09,783,1,89.88,Hibernating / Lost
cust_017622,2016-12-22,617,1,89.86,At Risk (was frequent)
cust_013923,2017-12-20,254,1,89.86,Potential Loyalists
cust_009951,2016-06-27,795,1,89.86,Hibernating / Lost
cust_008979,2016-04-01,882,2,89.81,At Risk (was frequent)
cust_012318,2017-12-06,268,1,89.77,Potential Loyalists
cust_004983,2017-01-02,606,2,89.73,At Risk (was frequent)
cust_002499,2016-01-19,955,1,89.69,Hibernating / Lost
cust_012513,2017-01-09,599,1,89.68,Hibernating / Lost
cust_009270,2017-02-20,557,1,89.68,Hibernating / Lost
cust_016102,2016-08-11,750,1,89.67,At Risk (was frequent)
cust_015160,2016-12-18,621,1,89.64,At Risk (was frequent)
cust_017118,2016-07-21,771,1,89.64,At Risk (was frequent)
cust_016455,2017-03-25,524,2,89.64,At Risk (was frequent)
cust_002864,2016-07-13,779,1,89.62,Hibernating / Lost
cust_011503,2017-08-01,395,1,89.6,Hibernating / Lost
cust_000662,2017-08-19,377,1,89.58,Hibernating / Lost
cust_011910,2016-08-22,739,1,89.56,Hibernating / Lost
cust_009563,2016-11-16,653,1,89.55,Hibernating / Lost
cust_006900,2016-04-28,855,1,89.54,Hibernating / Lost
cust_005105,2016-06-08,814,1,89.54,Hibernating / Lost
cust_013304,2017-08-06,390,1,89.54,Hibernating / Lost
cust_017642,2017-02-17,560,2,89.54,At Risk (was frequent)
cust_012412,2017-04-26,492,1,89.51,Hibernating / Lost
cust_013570,2016-08-28,733,1,89.49,Hibernating / Lost
cust_013483,2016-03-08,906,1,89.49,Hibernating / Lost
cust_001447,2017-01-11,597,1,89.49,Hibernating / Lost
cust_008057,2016-12-17,622,1,89.48,Hibernating / Lost
cust_010495,2018-02-27,185,2,89.48,Loyal Customers
cust_003337,2018-01-06,237,1,89.46,Potential Loyalists
cust_010936,2017-03-30,519,2,89.43,At Risk (was frequent)
cust_016089,2016-06-10,812,1,89.42,At Risk (was frequent)
cust_012061,2017-12-14,260,1,89.41,Potential Loyalists
cust_010221,2016-09-14,716,1,89.41,Hibernating / Lost
cust_000648,2017-11-07,297,2,89.41,Loyal Customers
cust_012156,2017-10-03,332,1,89.4,Potential Loyalists
cust_011340,2017-05-02,486,1,89.38,Hibernating / Lost
cust_010216,2016-06-04,818,1,89.37,Hibernating / Lost
cust_007926,2017-10-13,322,1,89.37,Potential Loyalists
cust_017726,2016-01-27,947,1,89.37,At Risk (was frequent)
cust_006043,2017-12-01,273,2,89.31,Loyal Customers
cust_002341,2017-08-08,388,1,89.31,Hibernating / Lost
cust_000818,2017-08-03,393,1,89.28,Hibernating / Lost
cust_018972,2018-02-19,193,1,89.26,Loyal Customers
cust_016973,2017-06-09,448,1,89.26,At Risk (was frequent)
cust_008000,2017-09-15,350,2,89.24,At Risk (was frequent)
cust_007501,2017-04-06,512,1,89.23,Hibernating / Lost
cust_012634,2017-01-21,587,1,89.21,Hibernating / Lost
cust_008374,2017-08-17,379,1,89.2,Hibernating / Lost
cust_017239,2018-02-03,209,1,89.17,Loyal Customers
cust_013795,2016-07-10,782,1,89.16,Hibernating / Lost
cust_006774,2017-12-17,257,1,89.16,Potential Loyalists
cust_012457,2017-09-01,364,1,89.15,Hibernating / Lost
cust_017633,2017-08-30,366,2,89.13,At Risk (was frequent)
cust_010463,2017-09-21,344,1,89.12,Hibernating / Lost
cust_006081,2017-12-19,255,1,89.09,Potential Loyalists
cust_013692,2016-10-20,680,1,89.04,Hibernating / Lost
cust_011237,2018-02-09,203,2,89.01,Loyal Customers
cust_014167,2017-05-27,461,1,89.0,At Risk (was frequent)
cust_004736,2018-01-30,213,1,88.99,Potential Loyalists
cust_003922,2017-07-20,407,1,88.97,Hibernating / Lost
cust_007044,2016-07-31,761,1,88.97,Hibernating / Lost
cust_011901,2017-09-12,353,2,88.94,At Risk (was frequent)
cust_011303,2016-04-24,859,1,88.93,Hibernating / Lost
cust_016514,2016-12-14,625,2,88.92,At Risk (was frequent)
cust_010293,2017-03-15,534,1,88.89,Hibernating / Lost
cust_009871,2017-08-21,375,2,88.84,At Risk (was frequent)
cust_015479,2016-11-03,666,1,88.83,At Risk (was frequent)
cust_005113,2016-03-16,898,1,88.8,Hibernating / Lost
cust_018958,2017-04-01,517,2,88.79,At Risk (was frequent)
cust_015610,2016-02-23,920,1,88.78,At Risk (was frequent)
cust_001382,2018-01-03,240,1,88.78,Potential Loyalists
cust_018629,2016-08-11,750,1,88.77,At Risk (was frequent)
cust_012567,2017-12-18,256,1,88.75,Potential Loyalists
cust_003130,2017-08-17,379,1,88.71,Hibernating / Lost
cust_017458,2017-01-15,593,1,88.66,At Risk (was frequent)
cust_010997,2017-12-08,266,2,88.65,Loyal Customers
cust_011060,2016-11-13,656,1,88.57,Hibernating / Lost
cust_017969,2016-07-31,761,1,88.57,At Risk (was frequent)
cust_017849,2018-02-28,184,1,88.57,Loyal Customers
cust_012443,2016-04-25,858,1,88.56,Hibernating / Lost
cust_016408,2016-02-25,918,2,88.54,At Risk (was frequent)
cust_000623,2017-09-06,359,3,88.53,At Risk (was frequent)
cust_010835,2016-09-16,714,1,88.5,Hibernating / Lost
cust_000147,2016-03-12,902,1,88.48,Hibernating / Lost
cust_003046,2016-11-15,654,1,88.48,Hibernating / Lost
cust_003050,2017-08-06,390,1,88.47,Hibernating / Lost
cust_006264,2017-05-16,472,1,88.46,Hibernating / Lost
cust_000164,2017-09-09,356,1,88.45,Hibernating / Lost
cust_002112,2018-02-26,186,1,88.43,Potential Loyalists
cust_012969,2016-04-20,863,1,88.43,Hibernating / Lost
cust_015129,2018-02-14,198,1,88.39,Loyal Customers
cust_010128,2016-05-25,828,1,88.36,Hibernating / Lost
cust_007264,2018-01-31,212,1,88.33,Potential Loyalists
cust_010623,2016-09-25,705,1,88.32,Hibernating / Lost
cust_005136,2016-07-01,791,1,88.31,Hibernating / Lost
cust_012100,2017-08-07,389,1,88.31,Hibernating / Lost
cust_000341,2017-01-23,585,1,88.27,Hibernating / Lost
cust_015595,2016-06-08,814,1,88.27,At Risk (was frequent)
cust_014652,2018-01-02,241,1,88.26,Loyal Customers
cust_015813,2018-01-02,241,1,88.25,Loyal Customers
cust_005678,2016-06-11,811,1,88.23,Hibernating / Lost
cust_015174,2016-07-09,783,1,88.21,At Risk (was frequent)
cust_004001,2017-08-09,387,1,88.2,Hibernating / Lost
cust_006846,2017-09-28,337,2,88.2,Loyal Customers
cust_018715,2016-08-17,744,1,88.19,At Risk (was frequent)
cust_012121,2018-01-01,242,1,88.16,Potential Loyalists
cust_017325,2017-09-03,362,2,88.11,At Risk (was frequent)
cust_000544,2016-08-22,739,1,88.06,Hibernating / Lost
cust_005356,2016-12-30,609,1,88.03,Hibernating / Lost
cust_016250,2016-11-27,642,1,88.0,At Risk (was frequent)
cust_000685,2017-04-05,513,1,87.99,Hibernating / Lost
cust_003136,2016-04-26,857,1,87.98,Hibernating / Lost
cust_016680,2018-03-03,181,1,87.98,Loyal Customers
cust_017364,2017-11-07,297,2,87.96,Loyal Customers
cust_013995,2018-02-15,197,2,87.96,Loyal Customers
cust_001687,2017-02-21,556,1,87.95,Hibernating / Lost
cust_018843,2017-11-17,287,2,87.95,Loyal Customers
cust_015306,2016-10-27,673,1,87.93,At Risk (was frequent)
cust_018703,2016-11-28,641,1,87.92,At Risk (was frequent)
cust_008642,2016-02-17,926,1,87.91,Hibernating / Lost
cust_005252,2016-03-30,884,1,87.91,Hibernating / Lost
cust_000219,2016-11-12,657,1,87.89,Hibernating / Lost
cust_012138,2016-01-26,948,1,87.89,Hibernating / Lost
cust_001273,2017-06-21,436,1,87.87,Hibernating / Lost
cust_001344,2017-11-02,302,2,87.86,Loyal Customers
cust_005944,2017-08-25,371,1,87.86,Hibernating / Lost
cust_011880,2017-08-25,371,2,87.83,At Risk (was frequent)
cust_005973,2016-06-06,816,1,87.81,Hibernating / Lost
cust_001362,2017-11-19,285,1,87.81,Potential Loyalists
cust_012204,2016-12-04,635,1,87.78,Hibernating / Lost
cust_005673,2016-12-10,629,1,87.77,Hibernating / Lost
cust_001364,2016-04-16,867,1,87.77,Hibernating / Lost
cust_010524,2016-02-16,927,1,87.71,Hibernating / Lost
cust_007306,2017-05-06,482,1,87.69,Hibernating / Lost
cust_016279,2017-08-03,393,1,87.67,At Risk (was frequent)
cust_015819,2016-02-20,923,1,87.64,At Risk (was frequent)
cust_007071,2017-02-11,566,1,87.62,Hibernating / Lost
cust_011599,2016-12-02,637,1,87.55,Hibernating / Lost
cust_014280,2017-05-30,458,1,87.54,At Risk (was frequent)
cust_008107,2017-09-22,343,1,87.49,Hibernating / Lost
cust_011099,2016-08-29,732,1,87.48,Hibernating / Lost
cust_001071,2016-09-18,712,2,87.45,At Risk (was frequent)
cust_006052,2017-08-07,389,1,87.45,Hibernating / Lost
cust_005469,2016-11-01,668,1,87.45,Hibernating / Lost
cust_007841,2017-02-10,567,1,87.43,Hibernating / Lost
cust_006569,2016-07-22,770,1,87.42,Hibernating / Lost
cust_008954,2016-08-06,755,1,87.42,Hibernating / Lost
cust_011361,2016-05-24,829,1,87.41,Hibernating / Lost
cust_018028,2017-08-18,378,1,87.4,At Risk (was frequent)
cust_003772,2017-11-06,298,1,87.38,Potential Loyalists
cust_017582,2017-07-01,426,1,87.38,At Risk (was frequent)
cust_014225,2017-03-30,519,1,87.36,At Risk (was frequent)
cust_006415,2016-10-25,675,1,87.36,Hibernating / Lost
cust_000291,2016-03-07,907,1,87.31,Hibernating / Lost
cust_005933,2017-07-31,396,1,87.3,Hibernating / Lost
cust_012311,2017-02-03,574,2,87.27,At Risk (was frequent)
cust_002650,2016-09-23,707,1,87.25,Hibernating / Lost
cust_017172,2017-02-01,576,1,87.23,At Risk (was frequent)
cust_009418,2017-02-03,574,1,87.22,Hibernating / Lost
cust_015455,2016-08-22,739,1,87.2,At Risk (was frequent)
cust_010491,2018-03-03,181,2,87.18,Loyal Customers
cust_003407,2016-07-27,765,1,87.14,Hibernating / Lost
cust_008420,2017-01-18,590,1,87.1,Hibernating / Lost
cust_014674,2016-11-10,659,1,87.08,At Risk (was frequent)
cust_017000,2016-05-15,838,1,87.0,At Risk (was frequent)
cust_010415,2017-12-12,262,1,86.97,Potential Loyalists
cust_018725,2017-11-23,281,1,86.92,Loyal Customers
cust_008292,2017-06-09,448,1,86.92,Hibernating / Lost
cust_015456,2017-10-15,320,1,86.91,Loyal Customers
cust_014416,2016-07-29,763,1,86.87,At Risk (was frequent)
cust_015606,2018-02-06,206,2,86.86,Loyal Customers
cust_007278,2016-12-16,623,1,86.83,Hibernating / Lost
cust_001249,2018-02-18,194,2,86.74,Loyal Customers
cust_003215,2018-01-13,230,1,86.72,Potential Loyalists
cust_005361,2017-07-13,414,1,86.72,Hibernating / Lost
cust_005000,2017-12-12,262,1,86.7,Potential Loyalists
cust_007023,2017-02-11,566,1,86.7,Hibernating / Lost
cust_018615,2017-08-23,373,1,86.67,At Risk (was frequent)
cust_002658,2016-06-30,792,1,86.67,Hibernating / Lost
cust_005547,2017-09-14,351,1,86.65,Hibernating / Lost
cust_018092,2017-06-27,430,1,86.64,At Risk (was frequent)
cust_005084,2017-12-14,260,1,86.63,Potential Loyalists
cust_012168,2017-05-04,484,2,86.62,At Risk (was frequent)
cust_008012,2017-03-15,534,1,86.62,Hibernating / Lost
cust_013664,2017-11-08,296,1,86.6,Potential Loyalists
cust_001526,2016-12-24,615,1,86.58,Hibernating / Lost
cust_017457,2017-06-09,448,1,86.54,At Risk (was frequent)
cust_008686,2017-01-12,596,1,86.52,Hibernating / Lost
cust_003714,2016-03-12,902,1,86.51,Hibernating / Lost
cust_001368,2016-08-20,741,1,86.38,Hibernating / Lost
cust_017001,2017-12-04,270,1,86.38,Loyal Customers
cust_007444,2016-11-11,658,1,86.35,Hibernating / Lost
cust_003451,2017-03-03,546,2,86.35,At Risk (was frequent)
cust_013016,2016-12-11,628,1,86.34,Hibernating / Lost
cust_015308,2017-12-04,270,1,86.33,Loyal Customers
cust_016779,2016-11-19,650,1,86.32,At Risk (was frequent)
cust_007149,2016-11-15,654,1,86.31,Hibernating / Lost
cust_013178,2017-12-15,259,2,86.25,Loyal Customers
cust_008067,2017-03-11,538,1,86.24,Hibernating / Lost
cust_009656,2017-10-18,317,1,86.23,Potential Loyalists
cust_016017,2016-12-26,613,1,86.23,At Risk (was frequent)
cust_018775,2016-03-26,888,1,86.19,At Risk (was frequent)
cust_005195,2016-12-29,610,1,86.17,Hibernating / Lost
cust_001065,2016-10-07,693,1,86.14,Hibernating / Lost
cust_001615,2016-03-03,911,1,86.13,Hibernating / Lost
cust_007337,2018-02-11,201,1,86.12,Potential Loyalists
cust_004635,2016-08-04,757,1,86.11,Hibernating / Lost
cust_008158,2017-07-09,418,1,86.08,Hibernating / Lost
cust_011853,2017-02-24,553,2,86.08,At Risk (was frequent)
cust_016824,2016-06-12,810,1,86.07,At Risk (was frequent)
cust_017789,2016-07-07,785,1,86.05,At Risk (was frequent)
cust_010031,2016-12-08,631,1,86.04,Hibernating / Lost
cust_003880,2017-09-23,342,1,86.02,Hibernating / Lost
cust_017150,2017-04-25,493,2,86.01,At Risk (was frequent)
cust_001258,2017-07-30,397,2,85.99,At Risk (was frequent)
cust_004698,2016-11-23,646,1,85.94,Hibernating / Lost
cust_012301,2016-06-08,814,1,85.93,Hibernating / Lost
cust_010764,2017-03-31,518,1,85.91,Hibernating / Lost
cust_008648,2017-07-24,403,2,85.9,At Risk (was frequent)
cust_005912,2017-10-06,329,1,85.89,Potential Loyalists
cust_009209,2017-05-04,484,1,85.89,Hibernating / Lost
cust_010857,2017-01-27,581,1,85.88,Hibernating / Lost
cust_013699,2016-09-10,720,1,85.87,Hibernating / Lost
cust_017432,2016-08-26,735,1,85.81,At Risk (was frequent)
cust_005289,2016-12-29,610,2,85.79,At Risk (was frequent)
cust_001443,2016-12-31,608,1,85.79,Hibernating / Lost
cust_006658,2016-10-12,688,1,85.77,Hibernating / Lost
cust_010712,2016-10-24,676,1,85.76,Hibernating / Lost
cust_000143,2016-06-09,813,1,85.75,Hibernating / Lost
cust_008884,2017-12-19,255,1,85.75,Potential Loyalists
cust_002241,2016-12-28,611,2,85.73,At Risk (was frequent)
cust_013944,2017-07-26,401,1,85.69,Hibernating / Lost
cust_005561,2016-01-13,961,1,85.69,Hibernating / Lost
cust_003205,2016-03-03,911,1,85.67,Hibernating / Lost
cust_006889,2017-05-04,484,1,85.62,Hibernating / Lost
cust_001418,2017-05-22,466,1,85.61,Hibernating / Lost
cust_013751,2017-03-04,545,1,85.61,Hibernating / Lost
cust_001451,2016-06-04,818,1,85.6,Hibernating / Lost
cust_005029,2017-01-14,594,1,85.56,Hibernating / Lost
cust_004629,2018-02-24,188,1,85.54,Potential Loyalists
cust_016642,2017-05-04,484,1,85.49,At Risk (was frequent)
cust_002104,2017-05-04,484,1,85.48,Hibernating / Lost
cust_016474,2016-04-21,862,1,85.46,At Risk (was frequent)
cust_005853,2016-09-06,724,1,85.45,Hibernating / Lost
cust_007193,2018-01-09,234,2,85.45,Loyal Customers
cust_013195,2016-08-15,746,1,85.41,Hibernating / Lost
cust_011698,2017-12-27,247,1,85.4,Potential Loyalists
cust_006997,2016-12-31,608,1,85.36,Hibernating / Lost
cust_011266,2017-07-25,402,1,85.35,Hibernating / Lost
cust_017946,2017-07-20,407,1,85.34,At Risk (was frequent)
cust_009969,2016-12-17,622,1,85.3,Hibernating / Lost
cust_007987,2016-05-14,839,1,85.28,Hibernating / Lost
cust_000718,2016-08-13,748,1,85.24,Hibernating / Lost
cust_006340,2018-01-23,220,1,85.24,Potential Loyalists
cust_003788,2016-09-21,709,1,85.21,Hibernating / Lost
cust_014730,2016-11-23,646,1,85.19,At Risk (was frequent)
cust_011051,2017-04-30,488,1,85.18,Hibernating / Lost
cust_015980,2017-07-01,426,1,85.15,At Risk (was frequent)
cust_011870,2017-05-27,461,1,85.14,Hibernating / Lost
cust_008709,2016-01-29,945,1,85.11,Hibernating / Lost
cust_012353,2017-10-15,320,1,85.03,Potential Loyalists
cust_014088,2017-03-31,518,1,85.02,At Risk (was frequent)
cust_000497,2017-07-18,409,1,85.02,Hibernating / Lost
cust_015057,2017-12-17,257,1,85.02,Loyal Customers
cust_004544,2017-11-02,302,1,85.01,Potential Loyalists
cust_009825,2018-02-19,193,2,85.0,Loyal Customers
cust_007468,2017-04-24,494,1,84.99,Hibernating / Lost
cust_014616,2017-09-29,336,2,84.93,Loyal Customers
cust_005669,2017-10-26,309,1,84.93,Potential Loyalists
cust_004716,2016-09-05,725,1,84.91,Hibernating / Lost
cust_008174,2018-01-08,235,2,84.91,Loyal Customers
cust_014165,2018-02-07,205,1,84.89,Loyal Customers
cust_011053,2017-04-13,505,1,84.85,Hibernating / Lost
cust_016677,2017-11-22,282,1,84.82,Loyal Customers
cust_013627,2017-11-22,282,2,84.82,Loyal Customers
cust_016165,2017-06-14,443,1,84.8,At Risk (was frequent)
cust_018886,2016-11-17,652,1,84.78,At Risk (was frequent)
cust_001483,2016-07-13,779,1,84.76,Hibernating / Lost
cust_004841,2016-12-07,632,1,84.7,Hibernating / Lost
cust_008109,2017-12-17,257,1,84.69,Potential Loyalists
cust_018040,2016-03-22,892,1,84.69,At Risk (was frequent)
cust_010942,2017-12-06,268,1,84.68,Potential Loyalists
cust_005894,2016-11-14,655,1,84.67,Hibernating / Lost
cust_008113,2017-02-05,572,1,84.65,Hibernating / Lost
cust_008371,2017-11-10,294,1,84.64,Potential Loyalists
cust_004328,2016-09-04,726,1,84.63,Hibernating / Lost
cust_001272,2016-01-19,955,1,84.63,Hibernating / Lost
cust_007695,2016-07-06,786,1,84.62,Hibernating / Lost
cust_005786,2017-12-20,254,2,84.61,Loyal Customers
cust_013669,2017-07-16,411,1,84.59,Hibernating / Lost
cust_006778,2016-05-10,843,1,84.55,Hibernating / Lost
cust_007096,2016-03-11,903,1,84.53,Hibernating / Lost
cust_000889,2017-09-17,348,1,84.52,Hibernating / Lost
cust_003961,2016-11-20,649,1,84.52,Hibernating / Lost
cust_004884,2016-01-15,959,1,84.51,Hibernating / Lost
cust_012212,2018-02-10,202,2,84.41,Loyal Customers
cust_017472,2016-01-18,956,1,84.4,At Risk (was frequent)
cust_010399,2017-11-25,279,1,84.36,Potential Loyalists
cust_005114,2017-03-05,544,1,84.35,Hibernating / Lost
cust_007895,2017-08-29,367,1,84.35,Hibernating / Lost
cust_003478,2017-11-13,291,1,84.33,Potential Loyalists
cust_017736,2017-09-16,349,1,84.32,At Risk (was frequent)
cust_009478,2017-08-29,367,2,84.31,At Risk (was frequent)
cust_003494,2017-11-02,302,1,84.3,Potential Loyalists
cust_011216,2017-11-03,301,1,84.27,Potential Loyalists
cust_002531,2017-11-17,287,1,84.27,Potential Loyalists
cust_018363,2017-11-21,283,1,84.23,Loyal Customers
cust_018228,2016-11-13,656,1,84.19,At Risk (was frequent)
cust_015317,2017-01-04,604,1,84.18,At Risk (was frequent)
cust_006335,2016-11-28,641,1,84.14,Hibernating / Lost
cust_017219,2017-01-28,580,1,84.13,At Risk (was frequent)
cust_012570,2016-02-03,940,1,84.13,Hibernating / Lost
cust_016274,2017-06-13,444,1,84.12,At Risk (was frequent)
cust_006432,2016-03-18,896,1,84.12,Hibernating / Lost
cust_012870,2016-12-04,635,1,84.11,Hibernating / Lost
cust_001840,2016-04-27,856,1,84.08,Hibernating / Lost
cust_016840,2017-11-30,274,1,84.06,Loyal Customers
cust_017032,2016-05-23,830,1,84.06,At Risk (was frequent)
cust_018163,2017-12-20,254,1,84.01,Loyal Customers
cust_012911,2017-03-29,520,1,83.98,Hibernating / Lost
cust_013816,2016-05-29,824,2,83.94,At Risk (was frequent)
cust_006827,2016-10-07,693,1,83.86,Hibernating / Lost
cust_014134,2016-10-26,674,1,83.84,At Risk (was frequent)
cust_014954,2017-02-27,550,1,83.83,At Risk (was frequent)
cust_013215,2016-12-16,623,1,83.83,Hibernating / Lost
cust_007903,2017-05-28,460,1,83.8,Hibernating / Lost
cust_000382,2017-06-11,446,1,83.79,Hibernating / Lost
cust_002190,2016-02-06,937,1,83.77,Hibernating / Lost
cust_015749,2017-01-20,588,1,83.74,At Risk (was frequent)
cust_016787,2016-12-08,631,1,83.71,At Risk (was frequent)
cust_001626,2017-12-01,273,2,83.71,Loyal Customers
cust_018345,2016-01-24,950,1,83.69,At Risk (was frequent)
cust_008556,2016-11-02,667,1,83.67,Hibernating / Lost
cust_010953,2016-10-14,686,1,83.64,Hibernating / Lost
cust_008134,2017-05-09,479,1,83.61,Hibernating / Lost
cust_002344,2017-01-07,601,1,83.61,Hibernating / Lost
cust_005515,2018-03-03,181,1,83.6,Potential Loyalists
cust_014145,2017-03-07,542,1,83.59,At Risk (was frequent)
cust_003497,2017-05-19,469,1,83.58,Hibernating / Lost
cust_008254,2017-05-08,480,1,83.55,Hibernating / Lost
cust_009812,2017-07-18,409,1,83.54,Hibernating / Lost
cust_004457,2017-12-25,249,1,83.52,Potential Loyalists
cust_001898,2016-12-17,622,1,83.5,Hibernating / Lost
cust_018751,2017-08-29,367,1,83.5,At Risk (was frequent)
cust_012053,2016-11-27,642,1,83.44,Hibernating / Lost
cust_014360,2016-11-18,651,1,83.43,At Risk (was frequent)
cust_012641,2017-11-13,291,1,83.38,Potential Loyalists
cust_007674,2016-12-15,624,1,83.37,Hibernating / Lost
cust_010364,2017-08-16,380,1,83.32,Hibernating / Lost
cust_011070,2017-08-21,375,1,83.32,Hibernating / Lost
cust_000853,2016-02-05,938,1,83.3,Hibernating / Lost
cust_006663,2016-11-22,647,1,83.27,Hibernating / Lost
cust_009321,2017-10-16,319,2,83.25,Loyal Customers
cust_009421,2017-11-28,276,1,83.24,Potential Loyalists
cust_000852,2017-10-24,311,1,83.19,Potential Loyalists
cust_001511,2016-02-13,930,1,83.18,Hibernating / Lost
cust_014429,2016-01-10,964,1,83.18,At Risk (was frequent)
cust_014266,2016-04-30,853,1,83.16,At Risk (was frequent)
cust_002697,2017-10-12,323,2,83.15,Loyal Customers
cust_018508,2016-04-09,874,1,83.15,At Risk (was frequent)
cust_013448,2016-10-02,698,1,83.08,Hibernating / Lost
cust_017623,2017-07-19,408,2,83.08,At Risk (was frequent)
cust_015032,2017-03-20,529,1,83.07,At Risk (was frequent)
cust_018745,2016-06-05,817,1,83.06,At Risk (was frequent)
cust_015758,2017-01-14,594,1,83.0,At Risk (was frequent)
cust_004865,2017-05-10,478,2,82.95,At Risk (was frequent)
cust_000133,2016-05-28,825,1,82.94,Hibernating / Lost
cust_013907,2017-10-16,319,1,82.89,Potential Loyalists
cust_017492,2017-01-08,600,1,82.88,At Risk (was frequent)
cust_015100,2016-11-30,639,1,82.82,At Risk (was frequent)
cust_008651,2017-08-15,381,1,82.81,Hibernating / Lost
cust_002375,2016-11-03,666,1,82.81,Hibernating / Lost
cust_008027,2016-11-23,646,1,82.76,Hibernating / Lost
cust_008294,2016-06-03,819,1,82.76,Hibernating / Lost
cust_013002,2016-06-20,802,1,82.73,Hibernating / Lost
cust_017267,2016-12-07,632,2,82.71,At Risk (was frequent)
cust_003344,2018-01-21,222,3,82.71,Loyal Customers
cust_004928,2016-12-24,615,1,82.7,Hibernating / Lost
cust_017313,2016-11-08,661,1,82.69,At Risk (was frequent)
cust_003782,2018-01-02,241,1,82.66,Potential Loyalists
cust_016143,2016-02-18,925,1,82.6,At Risk (was frequent)
cust_001819,2017-11-06,298,2,82.58,Loyal Customers
cust_004313,2017-12-16,258,1,82.57,Potential Loyalists
cust_016709,2017-12-18,256,1,82.57,Loyal Customers
cust_018074,2017-11-02,302,1,82.56,Loyal Customers
cust_017232,2018-02-05,207,1,82.54,Loyal Customers
cust_009121,2017-10-05,330,1,82.53,Potential Loyalists
cust_004466,2017-11-21,283,1,82.53,Potential Loyalists
cust_013846,2016-06-03,819,1,82.53,Hibernating / Lost
cust_003893,2017-10-14,321,1,82.52,Potential Loyalists
cust_002887,2016-12-26,613,1,82.5,Hibernating / Lost
cust_006697,2017-11-01,303,1,82.44,Potential Loyalists
cust_001895,2017-05-12,476,2,82.43,At Risk (was frequent)
cust_004861,2017-06-12,445,1,82.43,Hibernating / Lost
cust_016291,2016-08-31,730,1,82.39,At Risk (was frequent)
cust_017479,2017-10-29,306,2,82.38,Loyal Customers
cust_008212,2017-11-11,293,1,82.36,Potential Loyalists
cust_014089,2017-10-29,306,1,82.36,Loyal Customers
cust_003070,2017-10-14,321,2,82.34,Loyal Customers
cust_003331,2017-06-06,451,1,82.34,Hibernating / Lost
cust_005194,2016-04-10,873,1,82.31,Hibernating / Lost
cust_007588,2016-02-10,933,1,82.31,Hibernating / Lost
cust_005650,2016-05-28,825,1,82.29,Hibernating / Lost
cust_010027,2017-05-03,485,1,82.27,Hibernating / Lost
cust_009402,2016-07-29,763,1,82.27,Hibernating / Lost
cust_006042,2016-08-19,742,1,82.26,Hibernating / Lost
cust_012155,2017-12-29,245,1,82.26,Potential Loyalists
cust_015651,2016-11-09,660,1,82.21,At Risk (was frequent)
cust_000950,2017-09-24,341,1,82.18,Hibernating / Lost
cust_008813,2016-06-24,798,1,82.17,Hibernating / Lost
cust_001432,2016-12-27,612,1,82.17,Hibernating / Lost
cust_018441,2017-11-21,283,1,82.14,Loyal Customers
cust_012684,2017-08-12,384,1,82.11,Hibernating / Lost
cust_014685,2017-03-14,535,1,82.07,At Risk (was frequent)
cust_015275,2017-02-20,557,1,82.05,At Risk (was frequent)
cust_006609,2017-10-12,323,1,82.04,Potential Loyalists
cust_017918,2017-11-12,292,2,82.02,Loyal Customers
cust_018773,2017-10-22,313,1,82.02,Loyal Customers
cust_002519,2016-06-23,799,1,82.0,Hibernating / Lost
cust_008453,2017-02-23,554,1,82.0,Hibernating / Lost
cust_014046,2017-03-01,548,2,81.99,At Risk (was frequent)
cust_017427,2016-11-12,657,1,81.93,At Risk (was frequent)
cust_011950,2017-08-24,372,2,81.93,At Risk (was frequent)
cust_001822,2017-09-14,351,1,81.92,Hibernating / Lost
cust_009025,2018-02-04,208,1,81.91,Potential Loyalists
cust_005442,2016-09-11,719,1,81.9,Hibernating / Lost
cust_016833,2018-01-28,215,1,81.86,Loyal Customers
cust_016142,2017-04-08,510,1,81.85,At Risk (was frequent)
cust_000917,2017-08-17,379,1,81.85,Hibernating / Lost
cust_014235,2017-09-12,353,1,81.82,At Risk (was frequent)
cust_008735,2018-02-01,211,1,81.81,Potential Loyalists
cust_011290,2017-03-14,535,1,81.8,Hibernating / Lost
cust_014990,2017-10-11,324,1,81.79,Loyal Customers
cust_001010,2018-01-19,224,1,81.78,Potential Loyalists
cust_005670,2016-11-17,652,1,81.78,Hibernating / Lost
cust_000896,2017-11-09,295,1,81.77,Potential Loyalists
cust_011332,2017-11-13,291,1,81.77,Potential Loyalists
cust_014324,2016-06-18,804,1,81.76,At Risk (was frequent)
cust_007766,2017-12-28,246,2,81.72,Loyal Customers
cust_013092,2017-10-23,312,1,81.72,Potential Loyalists
cust_001978,2017-11-12,292,1,81.72,Potential Loyalists
cust_007981,2016-06-01,821,2,81.72,At Risk (was frequent)
cust_011741,2016-03-07,907,1,81.7,Hibernating / Lost
cust_001541,2016-11-22,647,2,81.58,At Risk (was frequent)
cust_018298,2017-10-28,307,1,81.56,Loyal Customers
cust_004803,2017-05-28,460,2,81.54,At Risk (was frequent)
cust_016332,2017-03-23,526,1,81.51,At Risk (was frequent)
cust_004252,2016-08-30,731,2,81.51,At Risk (was frequent)
cust_012479,2017-08-24,372,2,81.49,At Risk (was frequent)
cust_011606,2016-06-09,813,1,81.47,Hibernating / Lost
cust_014293,2017-11-09,295,1,81.47,Loyal Customers
cust_018893,2016-06-11,811,1,81.45,At Risk (was frequent)
cust_018970,2016-11-14,655,1,81.44,At Risk (was frequent)
cust_004541,2017-10-17,318,1,81.39,Potential Loyalists
cust_002966,2018-01-16,227,1,81.39,Potential Loyalists
cust_010312,2016-06-26,796,1,81.39,Hibernating / Lost
cust_014056,2017-03-15,534,1,81.37,At Risk (was frequent)
cust_000298,2017-11-19,285,1,81.32,Potential Loyalists
cust_009919,2017-11-08,296,1,81.31,Potential Loyalists
cust_005612,2017-03-19,530,1,81.31,Hibernating / Lost
cust_010880,2016-02-21,922,1,81.27,Hibernating / Lost
cust_010531,2016-02-11,932,1,81.25,Hibernating / Lost
cust_010550,2016-10-06,694,1,81.25,Hibernating / Lost
cust_015070,2016-02-11,932,1,81.24,At Risk (was frequent)
cust_011169,2016-05-19,834,1,81.22,Hibernating / Lost
cust_010423,2016-12-05,634,1,81.22,Hibernating / Lost
cust_001889,2017-01-02,606,1,81.21,Hibernating / Lost
cust_012877,2016-07-29,763,1,81.2,Hibernating / Lost
cust_007639,2016-08-30,731,1,81.19,Hibernating / Lost
cust_016968,2017-12-24,250,2,81.17,Loyal Customers
cust_007496,2016-07-05,787,1,81.16,Hibernating / Lost
cust_014803,2018-01-29,214,2,81.16,Loyal Customers
cust_006578,2016-09-12,718,1,81.1,Hibernating / Lost
cust_018216,2017-06-21,436,2,81.08,At Risk (was frequent)
cust_001699,2017-04-13,505,1,81.08,Hibernating / Lost
cust_008532,2016-10-28,672,1,81.08,Hibernating / Lost
cust_009442,2017-07-14,413,1,81.0,Hibernating / Lost
cust_007557,2018-02-17,195,1,80.97,Potential Loyalists
cust_011433,2017-12-17,257,1,80.96,Potential Loyalists
cust_016893,2017-07-29,398,2,80.95,At Risk (was frequent)
cust_001786,2016-12-01,638,1,80.93,Hibernating / Lost
cust_014790,2016-07-19,773,1,80.92,At Risk (was frequent)
cust_006363,2017-10-12,323,1,80.9,Potential Loyalists
cust_002197,2017-06-07,450,1,80.9,Hibernating / Lost
cust_007571,2017-12-03,271,1,80.9,Potential Loyalists
cust_013508,2018-01-19,224,1,80.89,Potential Loyalists
cust_006651,2017-11-02,302,1,80.88,Potential Loyalists
cust_009862,2017-04-13,505,1,80.88,Hibernating / Lost
cust_007956,2016-10-17,683,1,80.87,Hibernating / Lost
cust_010858,2016-11-25,644,1,80.85,Hibernating / Lost
cust_004088,2016-08-12,749,1,80.84,Hibernating / Lost
cust_002047,2017-04-28,490,1,80.84,Hibernating / Lost
cust_000116,2017-05-17,471,1,80.82,Hibernating / Lost
cust_018239,2016-07-19,773,1,80.81,At Risk (was frequent)
cust_018630,2017-07-05,422,1,80.81,At Risk (was frequent)
cust_012653,2016-12-25,614,1,80.81,Hibernating / Lost
cust_016688,2017-05-30,458,1,80.75,At Risk (was frequent)
cust_018496,2016-11-24,645,1,80.75,At Risk (was frequent)
cust_017729,2017-05-30,458,1,80.75,At Risk (was frequent)
cust_013224,2017-12-16,258,1,80.74,Potential Loyalists
cust_009971,2016-05-08,845,1,80.74,Hibernating / Lost
cust_017203,2016-09-02,728,1,80.73,At Risk (was frequent)
cust_016826,2017-11-29,275,1,80.71,Loyal Customers
cust_003904,2017-11-28,276,1,80.68,Potential Loyalists
cust_018008,2017-04-04,514,1,80.66,At Risk (was frequent)
cust_017902,2017-02-02,575,2,80.65,At Risk (was frequent)
cust_014942,2016-01-29,945,1,80.65,At Risk (was frequent)
cust_013731,2017-06-03,454,1,80.65,Hibernating / Lost
cust_007407,2016-12-04,635,1,80.6,Hibernating / Lost
cust_006029,2016-09-12,718,1,80.56,Hibernating / Lost
cust_018293,2018-01-04,239,1,80.55,Loyal Customers
cust_008285,2016-11-30,639,1,80.54,Hibernating / Lost
cust_007002,2017-03-18,531,1,80.5,Hibernating / Lost
cust_018985,2017-12-27,247,1,80.47,Loyal Customers
cust_016649,2018-02-05,207,1,80.46,Loyal Customers
cust_006610,2016-10-22,678,2,80.45,At Risk (was frequent)
cust_006017,2017-05-17,471,1,80.42,Hibernating / Lost
cust_006345,2018-03-02,182,2,80.4,Loyal Customers
cust_010439,2017-02-16,561,2,80.38,At Risk (was frequent)
cust_007872,2016-08-22,739,1,80.36,Hibernating / Lost
cust_016426,2017-11-27,277,1,80.31,Loyal Customers
cust_013675,2017-11-21,283,2,80.31,Loyal Customers
cust_014836,2017-10-27,308,1,80.3,Loyal Customers
cust_006364,2017-12-22,252,1,80.3,Potential Loyalists
cust_018116,2017-12-07,267,1,80.29,Loyal Customers
cust_001635,2017-11-28,276,1,80.29,Potential Loyalists
cust_004226,2017-07-06,421,2,80.29,At Risk (was frequent)
cust_002808,2017-07-15,412,2,80.25,At Risk (was frequent)
cust_011944,2016-10-30,670,2,80.09,At Risk (was frequent)
cust_001346,2016-11-11,658,1,80.05,Hibernating / Lost
cust_017241,2017-12-21,253,1,80.04,Loyal Customers
cust_009575,2016-02-04,939,1,80.03,Hibernating / Lost
cust_005504,2017-09-30,335,1,80.03,Potential Loyalists
cust_003496,2017-07-25,402,1,80.02,Hibernating / Lost
cust_014101,2017-09-17,348,2,80.02,At Risk (was frequent)
cust_003441,2017-10-16,319,1,80.01,Potential Loyalists
cust_007352,2017-03-27,522,1,79.98,Hibernating / Lost
cust_016245,2017-12-25,249,1,79.97,Loyal Customers
cust_014376,2017-01-10,598,1,79.92,At Risk (was frequent)
cust_015531,2016-08-18,743,1,79.87,At Risk (was frequent)
cust_017402,2018-02-27,185,1,79.85,Loyal Customers
cust_013730,2016-12-03,636,1,79.83,Hibernating / Lost
cust_007896,2018-01-20,223,1,79.8,Potential Loyalists
cust_005500,2017-01-25,583,1,79.78,Hibernating / Lost
cust_001835,2017-07-12,415,1,79.78,Hibernating / Lost
cust_006192,2017-11-19,285,1,79.76,Potential Loyalists
cust_002188,2017-01-18,590,1,79.7,Hibernating / Lost
cust_012921,2017-11-08,296,1,79.69,Potential Loyalists
cust_013165,2017-12-28,246,1,79.68,Potential Loyalists
cust_002004,2017-09-04,361,1,79.66,Hibernating / Lost
cust_018814,2016-11-24,645,1,79.64,At Risk (was frequent)
cust_016119,2017-04-05,513,2,79.61,At Risk (was frequent)
cust_011948,2016-10-29,671,2,79.6,At Risk (was frequent)
cust_002924,2016-06-16,806,1,79.58,Hibernating / Lost
cust_016728,2018-01-09,234,2,79.58,Loyal Customers
cust_004010,2016-11-20,649,1,79.58,Hibernating / Lost
cust_009508,2018-02-12,200,1,79.55,Potential Loyalists
cust_000833,2016-03-16,898,1,79.54,Hibernating / Lost
cust_006266,2017-05-16,472,1,79.51,Hibernating / Lost
cust_011404,2016-08-31,730,1,79.5,Hibernating / Lost
cust_016944,2017-04-30,488,1,79.43,At Risk (was frequent)
cust_017014,2017-09-15,350,1,79.39,At Risk (was frequent)
cust_014927,2017-01-10,598,1,79.38,At Risk (was frequent)
cust_004517,2018-01-10,233,1,79.38,Potential Loyalists
cust_007336,2016-05-26,827,1,79.36,Hibernating / Lost
cust_017552,2017-05-13,475,2,79.34,At Risk (was frequent)
cust_002926,2016-11-04,665,1,79.33,Hibernating / Lost
cust_000023,2016-01-21,953,1,79.3,Hibernating / Lost
cust_015170,2016-06-28,794,1,79.25,At Risk (was frequent)
cust_006843,2017-11-26,278,1,79.24,Potential Loyalists
cust_014993,2017-08-25,371,1,79.17,At Risk (was frequent)
cust_015543,2017-12-27,247,1,79.15,Loyal Customers
cust_018655,2017-09-18,347,1,79.14,At Risk (was frequent)
cust_002317,2017-12-14,260,1,79.13,Potential Loyalists
cust_001226,2017-09-08,357,1,79.11,Hibernating / Lost
cust_010457,2017-08-27,369,1,79.06,Hibernating / Lost
cust_006233,2016-08-30,731,1,79.05,Hibernating / Lost
cust_014163,2017-02-08,569,1,79.03,At Risk (was frequent)
cust_010986,2017-11-11,293,1,79.02,Potential Loyalists
cust_003715,2016-12-05,634,1,79.01,Hibernating / Lost
cust_007984,2017-09-14,351,1,79.01,Hibernating / Lost
cust_000949,2017-04-13,505,1,79.0,Hibernating / Lost
cust_008997,2017-07-27,400,1,79.0,Hibernating / Lost
cust_008083,2018-03-03,181,1,78.98,Potential Loyalists
cust_012131,2016-09-03,727,1,78.97,Hibernating / Lost
cust_018646,2017-11-09,295,1,78.93,Loyal Customers
cust_008659,2017-05-05,483,1,78.92,Hibernating / Lost
cust_003164,2017-08-23,373,2,78.89,At Risk (was frequent)
cust_007800,2018-02-25,187,2,78.89,Loyal Customers
cust_008883,2016-11-10,659,1,78.89,Hibernating / Lost
cust_018964,2016-11-11,658,1,78.87,At Risk (was frequent)
cust_010639,2017-08-06,390,1,78.87,Hibernating / Lost
cust_010012,2017-11-09,295,1,78.86,Potential Loyalists
cust_001704,2017-05-09,479,2,78.86,At Risk (was frequent)
cust_004267,2017-10-22,313,1,78.81,Potential Loyalists
cust_006271,2016-06-24,798,1,78.8,Hibernating / Lost
cust_016003,2017-11-14,290,1,78.8,Loyal Customers
cust_017585,2018-01-03,240,2,78.78,Loyal Customers
cust_013661,2017-08-26,370,1,78.77,Hibernating / Lost
cust_009193,2016-02-11,932,1,78.76,Hibernating / Lost
cust_002874,2018-02-11,201,1,78.74,Potential Loyalists
cust_008482,2016-11-03,666,1,78.7,Hibernating / Lost
cust_014761,2016-10-07,693,1,78.7,At Risk (was frequent)
cust_005931,2016-05-19,834,1,78.69,Hibernating / Lost
cust_011362,2016-01-23,951,1,78.68,Hibernating / Lost
cust_005697,2016-04-19,864,1,78.65,Hibernating / Lost
cust_011791,2017-07-01,426,1,78.64,Hibernating / Lost
cust_010656,2017-11-14,290,1,78.63,Potential Loyalists
cust_011333,2016-05-03,850,1,78.6,Hibernating / Lost
cust_012266,2016-01-21,953,1,78.59,Hibernating / Lost
cust_005521,2016-03-26,888,1,78.58,Hibernating / Lost
cust_010197,2016-10-14,686,1,78.57,Hibernating / Lost
cust_013513,2017-02-06,571,2,78.54,At Risk (was frequent)
cust_012382,2016-04-13,870,1,78.52,Hibernating / Lost
cust_006960,2017-05-23,465,1,78.51,Hibernating / Lost
cust_012115,2017-05-19,469,1,78.48,Hibernating / Lost
cust_004491,2017-07-10,417,2,78.47,At Risk (was frequent)
cust_003846,2016-07-28,764,1,78.44,Hibernating / Lost
cust_012418,2018-01-05,238,1,78.36,Potential Loyalists
cust_009730,2017-10-18,317,1,78.35,Potential Loyalists
cust_009598,2016-11-22,647,1,78.34,Hibernating / Lost
cust_009215,2016-03-14,900,1,78.33,Hibernating / Lost
cust_015357,2016-11-08,661,1,78.32,At Risk (was frequent)
cust_013213,2016-09-05,725,1,78.31,Hibernating / Lost
cust_007141,2016-11-18,651,1,78.29,Hibernating / Lost
cust_011892,2017-05-17,471,1,78.29,Hibernating / Lost
cust_001127,2016-08-03,758,1,78.29,Hibernating / Lost
cust_015060,2018-01-01,242,1,78.27,Loyal Customers
cust_006190,2016-08-12,749,1,78.27,Hibernating / Lost
cust_014204,2017-05-22,466,2,78.25,At Risk (was frequent)
cust_002704,2017-10-22,313,2,78.24,Loyal Customers
cust_009174,2016-02-17,926,1,78.24,Hibernating / Lost
cust_008604,2017-09-18,347,1,78.23,Hibernating / Lost
cust_016270,2016-02-18,925,1,78.22,At Risk (was frequent)
cust_010733,2017-10-03,332,1,78.21,Potential Loyalists
cust_002797,2016-10-10,690,1,78.18,Hibernating / Lost
cust_011782,2016-11-16,653,1,78.17,Hibernating / Lost
cust_013511,2018-02-18,194,1,78.16,Potential Loyalists
cust_013000,2017-10-29,306,1,78.15,Potential Loyalists
cust_002694,2017-12-20,254,1,78.14,Potential Loyalists
cust_012221,2017-05-09,479,1,78.13,Hibernating / Lost
cust_007434,2016-07-22,770,1,78.12,Hibernating / Lost
cust_018651,2017-10-24,311,2,78.1,Loyal Customers
cust_011556,2017-08-10,386,1,78.1,Hibernating / Lost
cust_002728,2017-02-14,563,1,78.08,Hibernating / Lost
cust_013432,2016-09-23,707,1,78.06,Hibernating / Lost
cust_016483,2016-10-07,693,1,78.03,At Risk (was frequent)
cust_001143,2016-04-15,868,1,78.02,Hibernating / Lost
cust_004561,2016-10-14,686,1,78.0,Hibernating / Lost
cust_006478,2017-06-23,434,1,77.98,Hibernating / Lost
cust_013133,2017-07-26,401,1,77.97,Hibernating / Lost
cust_014768,2018-02-04,208,1,77.95,Loyal Customers
cust_011917,2017-09-12,353,1,77.95,Hibernating / Lost
cust_000043,2016-12-18,621,1,77.95,Hibernating / Lost
cust_004274,2018-01-17,226,1,77.9,Potential Loyalists
cust_013169,2016-06-16,806,1,77.9,Hibernating / Lost
cust_017153,2016-12-17,622,1,77.9,At Risk (was frequent)
cust_001858,2016-08-24,737,1,77.89,Hibernating / Lost
cust_008838,2016-01-17,957,1,77.84,Hibernating / Lost
cust_000566,2018-01-02,241,1,77.81,Potential Loyalists
cust_001129,2017-09-23,342,1,77.78,Hibernating / Lost
cust_011162,2016-02-22,921,1,77.78,Hibernating / Lost
cust_004632,2017-03-22,527,1,77.76,Hibernating / Lost
cust_003664,2016-04-20,863,1,77.76,Hibernating / Lost
cust_015104,2016-06-16,806,1,77.75,At Risk (was frequent)
cust_018664,2016-06-22,800,1,77.74,At Risk (was frequent)
cust_017004,2017-02-01,576,1,77.74,At Risk (was frequent)
cust_003209,2016-11-26,643,2,77.73,At Risk (was frequent)
cust_014592,2017-03-05,544,1,77.72,At Risk (was frequent)
cust_001667,2016-02-21,922,1,77.72,Hibernating / Lost
cust_010267,2017-05-09,479,1,77.69,Hibernating / Lost
cust_005338,2016-10-05,695,1,77.69,Hibernating / Lost
cust_002086,2017-06-02,455,1,77.67,Hibernating / Lost
cust_010949,2017-12-01,273,1,77.67,Potential Loyalists
cust_016964,2017-03-14,535,2,77.63,At Risk (was frequent)
cust_009341,2016-04-06,877,1,77.63,Hibernating / Lost
cust_005624,2017-07-19,408,2,77.61,At Risk (was frequent)
cust_002314,2016-01-25,949,1,77.59,Hibernating / Lost
cust_016218,2016-07-19,773,1,77.55,At Risk (was frequent)
cust_000502,2016-02-09,934,1,77.54,Hibernating / Lost
cust_004571,2016-11-14,655,1,77.52,Hibernating / Lost
cust_001133,2016-11-05,664,1,77.48,Hibernating / Lost
cust_010827,2017-08-05,391,1,77.44,Hibernating / Lost
cust_003863,2017-04-05,513,1,77.44,Hibernating / Lost
cust_009852,2016-09-08,722,1,77.42,Hibernating / Lost
cust_010945,2016-11-07,662,1,77.41,Hibernating / Lost
cust_005291,2017-11-13,291,1,77.4,Potential Loyalists
cust_007978,2017-05-17,471,1,77.4,Hibernating / Lost
cust_001586,2016-09-20,710,1,77.38,Hibernating / Lost
cust_007230,2016-12-23,616,1,77.38,Hibernating / Lost
cust_005149,2016-01-29,945,1,77.37,Hibernating / Lost
cust_011366,2017-12-16,258,1,77.37,Potential Loyalists
cust_004917,2016-07-12,780,1,77.36,Hibernating / Lost
cust_014214,2017-01-21,587,1,77.36,At Risk (was frequent)
cust_009376,2017-11-21,283,1,77.33,Potential Loyalists
cust_000287,2016-08-27,734,1,77.31,Hibernating / Lost
cust_006045,2017-12-24,250,1,77.3,Potential Loyalists
cust_013379,2017-12-21,253,1,77.29,Potential Loyalists
cust_008168,2017-10-13,322,1,77.28,Potential Loyalists
cust_010637,2016-11-17,652,2,77.26,At Risk (was frequent)
cust_018355,2016-06-11,811,1,77.26,At Risk (was frequent)
cust_012405,2017-10-12,323,1,77.22,Potential Loyalists
cust_007440,2017-06-21,436,1,77.21,Hibernating / Lost
cust_015984,2017-07-20,407,2,77.18,At Risk (was frequent)
cust_000357,2016-07-02,790,1,77.08,Hibernating / Lost
cust_014690,2016-09-21,709,1,77.05,At Risk (was frequent)
cust_006929,2017-12-04,270,1,77.05,Potential Loyalists
cust_009615,2017-09-20,345,1,77.03,Hibernating / Lost
cust_008308,2017-12-28,246,1,77.01,Potential Loyalists
cust_014788,2017-04-16,502,1,76.97,At Risk (was frequent)
cust_001293,2017-09-28,337,2,76.95,Loyal Customers
cust_017264,2017-08-27,369,2,76.95,At Risk (was frequent)
cust_005986,2017-04-20,498,1,76.94,Hibernating / Lost
cust_004363,2017-01-28,580,1,76.92,Hibernating / Lost
cust_013449,2016-02-11,932,1,76.91,Hibernating / Lost
cust_011318,2016-08-20,741,1,76.86,Hibernating / Lost
cust_004332,2017-05-24,464,1,76.85,Hibernating / Lost
cust_000558,2017-08-08,388,1,76.85,Hibernating / Lost
cust_011068,2018-01-30,213,2,76.83,Loyal Customers
cust_016227,2017-01-08,600,1,76.83,At Risk (was frequent)
cust_015428,2016-06-08,814,1,76.82,At Risk (was frequent)
cust_017255,2018-02-16,196,1,76.82,Loyal Customers
cust_010462,2017-04-08,510,1,76.8,Hibernating / Lost
cust_013754,2017-04-26,492,1,76.78,Hibernating / Lost
cust_009733,2017-03-05,544,1,76.78,Hibernating / Lost
cust_007840,2016-03-01,913,1,76.75,Hibernating / Lost
cust_007294,2017-03-19,530,1,76.75,Hibernating / Lost
cust_008581,2016-06-01,821,1,76.74,Hibernating / Lost
cust_015407,2018-02-11,201,1,76.73,Loyal Customers
cust_009022,2017-03-31,518,1,76.71,Hibernating / Lost
cust_008597,2017-07-27,400,1,76.71,Hibernating / Lost
cust_012666,2017-05-13,475,1,76.71,Hibernating / Lost
cust_011270,2017-09-29,336,1,76.7,Potential Loyalists
cust_013991,2016-07-31,761,1,76.69,Hibernating / Lost
cust_003701,2016-08-29,732,1,76.67,Hibernating / Lost
cust_002261,2018-02-14,198,1,76.66,Potential Loyalists
cust_005261,2017-12-12,262,1,76.65,Potential Loyalists
cust_015388,2016-07-02,790,1,76.64,At Risk (was frequent)
cust_002183,2017-08-25,371,1,76.64,Hibernating / Lost
cust_007812,2017-11-01,303,2,76.6,Loyal Customers
cust_010795,2017-06-07,450,1,76.6,Hibernating / Lost
cust_006587,2016-09-21,709,1,76.58,Hibernating / Lost
cust_008252,2018-02-28,184,1,76.57,Potential Loyalists
cust_015871,2018-01-10,233,1,76.53,Loyal Customers
cust_006328,2017-10-24,311,1,76.49,Potential Loyalists
cust_003620,2017-07-11,416,1,76.47,Hibernating / Lost
cust_017408,2017-04-20,498,1,76.47,At Risk (was frequent)
cust_004319,2017-09-09,356,1,76.47,Hibernating / Lost
cust_003178,2016-04-10,873,1,76.44,Hibernating / Lost
cust_018685,2016-07-13,779,1,76.43,At Risk (was frequent)
cust_009266,2016-06-14,808,1,76.43,Hibernating / Lost
cust_001768,2016-12-21,618,1,76.42,Hibernating / Lost
cust_004240,2017-11-24,280,1,76.38,Potential Loyalists
cust_018917,2017-02-09,568,1,76.37,At Risk (was frequent)
cust_008599,2018-02-13,199,1,76.35,Potential Loyalists
cust_008548,2017-08-20,376,1,76.34,Hibernating / Lost
cust_003971,2018-01-06,237,1,76.31,Potential Loyalists
cust_014735,2017-04-17,501,1,76.3,At Risk (was frequent)
cust_002025,2016-06-19,803,1,76.29,Hibernating / Lost
cust_002515,2017-09-17,348,1,76.28,Hibernating / Lost
cust_003997,2016-01-14,960,1,76.28,Hibernating / Lost
cust_016413,2016-08-09,752,1,76.26,At Risk (was frequent)
cust_017173,2017-02-18,559,2,76.26,At Risk (was frequent)
cust_013164,2016-08-09,752,1,76.24,Hibernating / Lost
cust_003960,2016-05-17,836,1,76.23,Hibernating / Lost
cust_003369,2017-02-28,549,1,76.19,Hibernating / Lost
cust_015420,2017-01-26,582,1,76.18,At Risk (was frequent)
cust_008099,2016-03-20,894,1,76.17,Hibernating / Lost
cust_006884,2017-05-29,459,1,76.17,Hibernating / Lost
cust_017204,2017-02-05,572,1,76.09,At Risk (was frequent)
cust_005045,2017-06-14,443,2,76.09,At Risk (was frequent)
cust_018999,2017-05-10,478,1,76.05,At Risk (was frequent)
cust_005318,2018-02-27,185,1,76.05,Potential Loyalists
cust_010000,2017-03-06,543,1,76.02,Hibernating / Lost
cust_014560,2018-03-02,182,2,76.02,Loyal Customers
cust_011284,2016-12-15,624,1,76.01,Hibernating / Lost
cust_002757,2017-11-22,282,1,75.98,Potential Loyalists
cust_010950,2016-05-16,837,1,75.98,Hibernating / Lost
cust_001384,2016-03-17,897,1,75.97,Hibernating / Lost
cust_009937,2017-03-26,523,1,75.97,Hibernating / Lost
cust_015116,2017-03-07,542,1,75.96,At Risk (was frequent)
cust_009382,2016-08-08,753,1,75.96,Hibernating / Lost
cust_007458,2017-11-08,296,1,75.96,Potential Loyalists
cust_017531,2017-05-31,457,1,75.96,At Risk (was frequent)
cust_002236,2016-11-25,644,1,75.94,Hibernating / Lost
cust_000130,2017-03-01,548,1,75.92,Hibernating / Lost
cust_001422,2017-09-05,360,1,75.92,Hibernating / Lost
cust_008385,2017-08-10,386,1,75.91,Hibernating / Lost
cust_012518,2017-06-23,434,2,75.91,At Risk (was frequent)
cust_016074,2017-03-04,545,1,75.88,At Risk (was frequent)
cust_000077,2017-03-14,535,1,75.86,Hibernating / Lost
cust_003636,2017-12-03,271,1,75.86,Potential Loyalists
cust_005308,2017-08-18,378,1,75.85,Hibernating / Lost
cust_016415,2016-12-22,617,2,75.85,At Risk (was frequent)
cust_015158,2016-08-02,759,1,75.83,At Risk (was frequent)
cust_004770,2016-07-08,784,1,75.82,Hibernating / Lost
cust_009117,2017-10-18,317,1,75.78,Potential Loyalists
cust_010828,2017-05-04,484,1,75.77,Hibernating / Lost
cust_011732,2016-11-26,643,1,75.76,Hibernating / Lost
cust_002930,2016-09-10,720,1,75.75,Hibernating / Lost
cust_009400,2016-08-24,737,1,75.75,Hibernating / Lost
cust_013651,2016-01-20,954,1,75.74,Hibernating / Lost
cust_006852,2016-05-07,846,1,75.73,Hibernating / Lost
cust_010431,2018-01-21,222,1,75.71,Potential Loyalists
cust_016766,2017-12-08,266,1,75.71,Loyal Customers
cust_016093,2018-02-25,187,1,75.7,Loyal Customers
cust_013931,2017-11-19,285,1,75.69,Potential Loyalists
cust_007582,2016-06-27,795,1,75.67,Hibernating / Lost
cust_000380,2016-11-06,663,1,75.64,Hibernating / Lost
cust_002512,2016-03-21,893,1,75.63,Hibernating / Lost
cust_006217,2018-02-09,203,1,75.62,Potential Loyalists
cust_013022,2017-12-09,265,1,75.62,Potential Loyalists
cust_010660,2017-06-17,440,2,75.58,At Risk (was frequent)
cust_014062,2017-04-06,512,1,75.58,At Risk (was frequent)
cust_000418,2017-11-10,294,1,75.58,Potential Loyalists
cust_016570,2017-12-03,271,1,75.55,Loyal Customers
cust_013766,2016-12-26,613,1,75.54,Hibernating / Lost
cust_018759,2016-12-06,633,1,75.51,At Risk (was frequent)
cust_000865,2016-10-23,677,1,75.48,Hibernating / Lost
cust_003941,2017-05-25,463,1,75.44,Hibernating / Lost
cust_014572,2017-10-12,323,2,75.41,Loyal Customers
cust_013986,2017-03-25,524,1,75.39,Hibernating / Lost
cust_015931,2017-05-13,475,2,75.39,At Risk (was frequent)
cust_018975,2017-08-01,395,1,75.39,At Risk (was frequent)
cust_006747,2016-08-06,755,1,75.38,Hibernating / Lost
cust_001118,2016-11-15,654,1,75.37,Hibernating / Lost
cust_018656,2017-12-15,259,1,75.37,Loyal Customers
cust_011934,2016-01-21,953,1,75.37,Hibernating / Lost
cust_001261,2017-10-17,318,1,75.36,Potential Loyalists
cust_011401,2017-06-28,429,1,75.35,Hibernating / Lost
cust_005948,2016-01-04,970,1,75.35,Hibernating / Lost
cust_017126,2016-11-25,644,1,75.33,At Risk (was frequent)
cust_016836,2016-06-07,815,1,75.31,At Risk (was frequent)
cust_008445,2017-12-02,272,1,75.27,Potential Loyalists
cust_004019,2018-02-17,195,1,75.21,Potential Loyalists
cust_012010,2016-04-12,871,1,75.19,Hibernating / Lost
cust_016818,2016-11-15,654,2,75.18,At Risk (was frequent)
cust_008188,2017-03-15,534,1,75.18,Hibernating / Lost
cust_001497,2017-11-10,294,1,75.17,Potential Loyalists
cust_017044,2017-11-30,274,1,75.15,Loyal Customers
cust_014599,2017-07-28,399,2,75.14,At Risk (was frequent)
cust_018815,2017-11-22,282,1,75.08,Loyal Customers
cust_008260,2017-07-25,402,1,75.06,Hibernating / Lost
cust_008475,2016-08-27,734,1,75.05,Hibernating / Lost
cust_004277,2017-12-29,245,1,75.04,Potential Loyalists
cust_008993,2016-10-30,670,1,75.04,Hibernating / Lost
cust_001520,2017-08-12,384,1,75.04,Hibernating / Lost
cust_002414,2017-03-26,523,1,74.95,Hibernating / Lost
cust_008547,2017-11-23,281,1,74.93,Potential Loyalists
cust_001181,2017-08-17,379,2,74.93,At Risk (was frequent)
cust_007265,2018-01-20,223,2,74.93,Loyal Customers
cust_016528,2016-05-15,838,1,74.92,At Risk (was frequent)
cust_012756,2016-09-24,706,1,74.9,Hibernating / Lost
cust_008350,2017-04-14,504,1,74.89,Hibernating / Lost
cust_013605,2016-04-23,860,1,74.82,Hibernating / Lost
cust_007025,2017-08-20,376,1,74.82,Hibernating / Lost
cust_017594,2016-05-04,849,1,74.8,At Risk (was frequent)
cust_017959,2016-12-21,618,1,74.8,At Risk (was frequent)
cust_005858,2016-06-12,810,1,74.79,Hibernating / Lost
cust_003308,2016-01-19,955,1,74.78,Hibernating / Lost
cust_006559,2017-04-10,508,1,74.75,Hibernating / Lost
cust_016005,2017-10-31,304,1,74.75,Loyal Customers
cust_016029,2017-08-09,387,1,74.73,At Risk (was frequent)
cust_000597,2017-11-11,293,1,74.72,Potential Loyalists
cust_008848,2017-04-24,494,1,74.71,Hibernating / Lost
cust_000475,2016-11-15,654,2,74.7,At Risk (was frequent)
cust_011359,2017-06-03,454,1,74.69,Hibernating / Lost
cust_015424,2017-09-10,355,1,74.68,At Risk (was frequent)
cust_000483,2017-12-18,256,1,74.68,Potential Loyalists
cust_004756,2016-11-13,656,2,74.65,At Risk (was frequent)
cust_007144,2016-04-25,858,1,74.65,Hibernating / Lost
cust_012689,2018-02-02,210,2,74.63,Loyal Customers
cust_009482,2017-02-06,571,1,74.62,Hibernating / Lost
cust_011845,2017-04-03,515,1,74.61,Hibernating / Lost
cust_006926,2017-07-31,396,1,74.6,Hibernating / Lost
cust_017193,2016-06-05,817,2,74.59,At Risk (was frequent)
cust_010156,2017-06-24,433,1,74.53,Hibernating / Lost
cust_012428,2017-06-01,456,2,74.53,At Risk (was frequent)
cust_018735,2018-01-06,237,1,74.52,Loyal Customers
cust_013012,2017-11-26,278,1,74.5,Potential Loyalists
cust_010601,2016-03-21,893,1,74.46,Hibernating / Lost
cust_016664,2016-06-23,799,1,74.45,At Risk (was frequent)
cust_011788,2016-07-30,762,1,74.44,Hibernating / Lost
cust_002701,2016-10-12,688,1,74.44,Hibernating / Lost
cust_007372,2016-08-07,754,1,74.43,Hibernating / Lost
cust_016876,2017-05-02,486,2,74.38,At Risk (was frequent)
cust_008871,2017-10-11,324,1,74.38,Potential Loyalists
cust_003171,2017-06-06,451,1,74.37,Hibernating / Lost
cust_014083,2017-12-03,271,1,74.35,Loyal Customers
cust_006748,2016-06-18,804,1,74.32,Hibernating / Lost
cust_006525,2016-09-25,705,1,74.32,Hibernating / Lost
cust_014502,2016-10-31,669,1,74.32,At Risk (was frequent)
cust_003816,2017-04-25,493,1,74.27,Hibernating / Lost
cust_006809,2018-01-06,237,1,74.27,Potential Loyalists
cust_018673,2016-07-23,769,1,74.26,At Risk (was frequent)
cust_018710,2016-10-19,681,1,74.25,At Risk (was frequent)
cust_005483,2017-11-28,276,1,74.23,Potential Loyalists
cust_014365,2017-05-30,458,1,74.21,At Risk (was frequent)
cust_017230,2016-04-01,882,1,74.21,At Risk (was frequent)
cust_002659,2016-01-29,945,1,74.21,Hibernating / Lost
cust_004205,2017-02-07,570,1,74.2,Hibernating / Lost
cust_004130,2017-01-06,602,2,74.19,At Risk (was frequent)
cust_009855,2016-01-19,955,1,74.18,Hibernating / Lost
cust_007052,2016-02-14,929,1,74.18,Hibernating / Lost
cust_018408,2017-07-27,400,2,74.15,At Risk (was frequent)
cust_000834,2017-10-30,305,1,74.15,Potential Loyalists
cust_015125,2017-01-26,582,1,74.13,At Risk (was frequent)
cust_000908,2016-02-15,928,1,74.13,Hibernating / Lost
cust_008365,2017-12-09,265,2,74.12,Loyal Customers
cust_010262,2016-11-09,660,1,74.11,Hibernating / Lost
cust_004685,2017-08-06,390,1,74.07,Hibernating / Lost
cust_008300,2017-08-06,390,2,74.07,At Risk (was frequent)
cust_001613,2016-06-16,806,1,74.06,Hibernating / Lost
cust_006018,2017-11-07,297,1,74.05,Potential Loyalists
cust_015703,2017-01-01,607,1,74.0,At Risk (was frequent)
cust_005007,2016-12-20,619,1,73.95,Hibernating / Lost
cust_015396,2017-06-22,435,1,73.94,At Risk (was frequent)
cust_006119,2016-11-02,667,1,73.93,Hibernating / Lost
cust_018260,2018-01-06,237,2,73.93,Loyal Customers
cust_000243,2017-12-23,251,1,73.92,Potential Loyalists
cust_009696,2017-12-04,270,1,73.9,Potential Loyalists
cust_007507,2018-01-06,237,1,73.86,Potential Loyalists
cust_001162,2016-04-04,879,1,73.85,Hibernating / Lost
cust_011874,2017-05-15,473,2,73.81,At Risk (was frequent)
cust_000108,2017-02-12,565,1,73.79,Hibernating / Lost
cust_007908,2017-10-18,317,1,73.78,Potential Loyalists
cust_017626,2017-03-24,525,2,73.78,At Risk (was frequent)
cust_009903,2017-01-29,579,1,73.77,Hibernating / Lost
cust_017859,2017-11-03,301,1,73.75,Loyal Customers
cust_007656,2017-11-21,283,1,73.71,Potential Loyalists
cust_013428,2016-02-28,915,1,73.7,Hibernating / Lost
cust_012306,2016-10-26,674,2,73.68,At Risk (was frequent)
cust_010723,2016-10-31,669,1,73.67,Hibernating / Lost
cust_014242,2017-12-05,269,2,73.67,Loyal Customers
cust_000192,2016-12-01,638,1,73.67,Hibernating / Lost
cust_005359,2016-05-30,823,1,73.65,Hibernating / Lost
cust_009750,2017-12-15,259,1,73.61,Potential Loyalists
cust_018841,2017-07-13,414,1,73.59,At Risk (was frequent)
cust_018064,2017-11-11,293,1,73.58,Loyal Customers
cust_000776,2017-10-23,312,1,73.57,Potential Loyalists
cust_003648,2017-06-28,429,1,73.54,Hibernating / Lost
cust_016715,2017-06-21,436,1,73.54,At Risk (was frequent)
cust_007119,2017-06-14,443,2,73.47,At Risk (was frequent)
cust_015438,2016-11-04,665,1,73.47,At Risk (was frequent)
cust_018724,2016-12-06,633,1,73.43,At Risk (was frequent)
cust_011913,2016-03-17,897,1,73.43,Hibernating / Lost
cust_011611,2016-10-02,698,1,73.43,Hibernating / Lost
cust_014462,2017-12-04,270,2,73.42,Loyal Customers
cust_001016,2017-08-11,385,1,73.38,Hibernating / Lost
cust_018701,2017-11-09,295,1,73.34,Loyal Customers
cust_006886,2017-02-17,560,1,73.34,Hibernating / Lost
cust_018367,2017-11-07,297,1,73.32,Loyal Customers
cust_011121,2016-11-15,654,1,73.31,Hibernating / Lost
cust_007648,2017-04-28,490,1,73.3,Hibernating / Lost
cust_018267,2017-10-01,334,1,73.28,Loyal Customers
cust_015567,2017-08-17,379,2,73.24,At Risk (was frequent)
cust_003068,2016-06-20,802,1,73.23,Hibernating / Lost
cust_011750,2017-05-15,473,1,73.21,Hibernating / Lost
cust_003977,2016-09-28,702,1,73.21,Hibernating / Lost
cust_009816,2018-01-29,214,1,73.19,Potential Loyalists
cust_004152,2017-06-30,427,2,73.18,At Risk (was frequent)
cust_018515,2017-07-08,419,1,73.16,At Risk (was frequent)
cust_000915,2017-11-07,297,1,73.15,Potential Loyalists
cust_009134,2017-03-24,525,1,73.15,Hibernating / Lost
cust_012264,2016-01-27,947,1,73.13,Hibernating / Lost
cust_011049,2018-01-26,217,1,73.13,Potential Loyalists
cust_018671,2017-04-02,516,1,73.13,At Risk (was frequent)
cust_003778,2016-09-22,708,2,73.08,At Risk (was frequent)
cust_018980,2017-06-01,456,1,73.06,At Risk (was frequent)
cust_014451,2016-02-16,927,1,73.06,At Risk (was frequent)
cust_017500,2016-09-11,719,1,73.02,At Risk (was frequent)
cust_016774,2017-08-05,391,2,73.02,At Risk (was frequent)
cust_011577,2017-12-19,255,1,73.01,Potential Loyalists
cust_010215,2017-06-08,449,1,73.01,Hibernating / Lost
cust_012324,2017-12-16,258,1,73.01,Potential Loyalists
cust_002300,2016-11-01,668,1,72.99,Hibernating / Lost
cust_016732,2016-02-21,922,1,72.99,At Risk (was frequent)
cust_014718,2018-02-19,193,1,72.98,Loyal Customers
cust_016936,2016-11-06,663,1,72.97,At Risk (was frequent)
cust_003467,2017-11-29,275,1,72.97,Potential Loyalists
cust_003550,2017-11-11,293,1,72.93,Potential Loyalists
cust_013727,2016-12-27,612,1,72.93,Hibernating / Lost
cust_013852,2017-06-25,432,1,72.9,Hibernating / Lost
cust_015419,2016-07-07,785,1,72.89,At Risk (was frequent)
cust_018889,2017-12-24,250,1,72.85,Loyal Customers
cust_012730,2017-12-08,266,1,72.82,Potential Loyalists
cust_010678,2017-06-25,432,1,72.8,Hibernating / Lost
cust_010592,2017-08-13,383,1,72.8,Hibernating / Lost
cust_004312,2017-05-07,481,1,72.79,Hibernating / Lost
cust_004679,2017-07-09,418,1,72.77,Hibernating / Lost
cust_011211,2016-12-08,631,1,72.77,Hibernating / Lost
cust_003612,2016-09-05,725,1,72.71,Hibernating / Lost
cust_011760,2017-11-29,275,1,72.71,Potential Loyalists
cust_010917,2016-07-05,787,1,72.7,Hibernating / Lost
cust_018100,2018-02-19,193,1,72.7,Loyal Customers
cust_017501,2016-05-08,845,1,72.69,At Risk (was frequent)
cust_003770,2017-03-07,542,1,72.67,Hibernating / Lost
cust_001987,2017-12-05,269,2,72.67,Loyal Customers
cust_011308,2017-04-09,509,1,72.66,Hibernating / Lost
cust_004602,2016-11-26,643,1,72.65,Hibernating / Lost
cust_004753,2016-12-16,623,1,72.64,Hibernating / Lost
cust_004608,2016-04-09,874,1,72.63,Hibernating / Lost
cust_018723,2016-11-07,662,1,72.63,At Risk (was frequent)
cust_005655,2017-01-03,605,1,72.62,Hibernating / Lost
cust_015207,2016-04-15,868,1,72.58,At Risk (was frequent)
cust_015582,2017-09-08,357,2,72.58,At Risk (was frequent)
cust_001812,2016-11-16,653,1,72.55,Hibernating / Lost
cust_007304,2018-02-05,207,1,72.54,Potential Loyalists
cust_016720,2018-01-04,239,1,72.5,Loyal Customers
cust_005302,2017-11-12,292,1,72.5,Potential Loyalists
cust_012932,2016-12-30,609,1,72.43,Hibernating / Lost
cust_004480,2016-03-02,912,1,72.43,Hibernating / Lost
cust_017737,2017-04-18,500,1,72.42,At Risk (was frequent)
cust_010148,2016-11-21,648,1,72.38,Hibernating / Lost
cust_011660,2017-11-21,283,1,72.35,Potential Loyalists
cust_017650,2016-10-30,670,1,72.34,At Risk (was frequent)
cust_005144,2018-02-21,191,2,72.32,Loyal Customers
cust_005407,2017-01-02,606,1,72.3,Hibernating / Lost
cust_018641,2017-09-15,350,1,72.26,At Risk (was frequent)
cust_004905,2017-12-10,264,1,72.26,Potential Loyalists
cust_002348,2016-08-23,738,1,72.23,Hibernating / Lost
cust_005076,2016-07-05,787,1,72.22,Hibernating / Lost
cust_015380,2017-07-22,405,1,72.21,At Risk (was frequent)
cust_014996,2017-12-04,270,1,72.2,Loyal Customers
cust_005089,2017-08-15,381,1,72.2,Hibernating / Lost
cust_008746,2017-11-27,277,1,72.2,Potential Loyalists
cust_009239,2017-12-09,265,1,72.17,Potential Loyalists
cust_010978,2017-11-28,276,1,72.17,Potential Loyalists
cust_003652,2017-12-02,272,1,72.17,Potential Loyalists
cust_012006,2017-11-15,289,1,72.14,Potential Loyalists
cust_004843,2017-09-30,335,1,72.14,Potential Loyalists
cust_010119,2016-12-12,627,1,72.13,Hibernating / Lost
cust_004401,2017-03-18,531,1,72.12,Hibernating / Lost
cust_016762,2016-08-19,742,1,72.1,At Risk (was frequent)
cust_012589,2017-05-09,479,1,72.1,Hibernating / Lost
cust_016114,2016-09-19,711,1,72.1,At Risk (was frequent)
cust_016294,2017-07-19,408,1,72.09,At Risk (was frequent)
cust_010444,2017-07-05,422,1,72.06,Hibernating / Lost
cust_008432,2017-10-25,310,2,72.06,Loyal Customers
cust_007036,2017-11-02,302,1,72.06,Potential Loyalists
cust_016024,2017-10-10,325,1,72.05,Loyal Customers
cust_016107,2016-09-27,703,1,72.03,At Risk (was frequent)
cust_018048,2017-12-09,265,1,72.03,Loyal Customers
cust_000518,2018-02-19,193,1,72.01,Potential Loyalists
cust_012111,2017-06-29,428,1,72.0,Hibernating / Lost
cust_015142,2016-11-24,645,1,72.0,At Risk (was frequent)
cust_002735,2017-11-25,279,1,71.97,Potential Loyalists
cust_009734,2017-11-01,303,1,71.96,Potential Loyalists
cust_007757,2017-05-02,486,1,71.95,Hibernating / Lost
cust_009793,2016-03-07,907,1,71.94,Hibernating / Lost
cust_011742,2017-09-20,345,1,71.91,Hibernating / Lost
cust_006549,2016-07-05,787,1,71.9,Hibernating / Lost
cust_004810,2018-01-10,233,1,71.89,Potential Loyalists
cust_018350,2017-08-20,376,1,71.84,At Risk (was frequent)
cust_002387,2017-11-22,282,1,71.83,Potential Loyalists
cust_003328,2016-11-20,649,1,71.82,Hibernating / Lost
cust_018834,2017-08-04,392,1,71.82,At Risk (was frequent)
cust_002793,2017-08-22,374,1,71.81,Hibernating / Lost
cust_007370,2017-12-08,266,1,71.8,Potential Loyalists
cust_009156,2017-11-18,286,1,71.78,Potential Loyalists
cust_013001,2016-12-23,616,1,71.76,Hibernating / Lost
cust_017260,2016-06-03,819,1,71.75,At Risk (was frequent)
cust_001203,2017-03-13,536,1,71.73,Hibernating / Lost
cust_008149,2017-06-25,432,1,71.73,Hibernating / Lost
cust_017620,2016-02-08,935,1,71.71,At Risk (was frequent)
cust_016488,2016-03-05,909,1,71.7,At Risk (was frequent)
cust_009837,2016-04-18,865,1,71.7,Hibernating / Lost
cust_009187,2017-12-21,253,1,71.65,Potential Loyalists
cust_010555,2018-02-18,194,1,71.64,Potential Loyalists
cust_002702,2017-04-24,494,2,71.58,At Risk (was frequent)
cust_018907,2018-01-06,237,1,71.58,Loyal Customers
cust_000360,2017-03-09,540,1,71.57,Hibernating / Lost
cust_012859,2017-12-17,257,1,71.57,Potential Loyalists
cust_008563,2017-07-17,410,1,71.51,Hibernating / Lost
cust_018280,2018-01-24,219,1,71.51,Loyal Customers
cust_002289,2018-03-03,181,2,71.49,Loyal Customers
cust_001393,2017-01-12,596,2,71.46,At Risk (was frequent)
cust_018635,2017-07-06,421,1,71.43,At Risk (was frequent)
cust_003616,2017-11-22,282,1,71.43,Potential Loyalists
cust_000759,2017-10-30,305,1,71.42,Potential Loyalists
cust_008021,2016-10-18,682,1,71.42,Hibernating / Lost
cust_012649,2016-06-10,812,1,71.39,Hibernating / Lost
cust_003197,2018-02-08,204,2,71.39,Loyal Customers
cust_018132,2017-01-29,579,1,71.35,At Risk (was frequent)
cust_006540,2017-09-10,355,1,71.35,Hibernating / Lost
cust_001011,2017-11-17,287,1,71.34,Potential Loyalists
cust_009595,2016-01-26,948,1,71.32,Hibernating / Lost
cust_005003,2016-10-17,683,1,71.32,Hibernating / Lost
cust_002338,2017-06-07,450,1,71.31,Hibernating / Lost
cust_018621,2016-07-20,772,1,71.3,At Risk (was frequent)
cust_001396,2016-11-06,663,1,71.28,Hibernating / Lost
cust_013700,2017-02-07,570,1,71.23,Hibernating / Lost
cust_005811,2017-07-07,420,1,71.21,Hibernating / Lost
cust_014481,2017-10-25,310,1,71.2,Loyal Customers
cust_010035,2017-03-07,542,1,71.17,Hibernating / Lost
cust_011749,2017-10-23,312,1,71.16,Potential Loyalists
cust_017836,2016-11-04,665,1,71.16,At Risk (was frequent)
cust_016781,2016-12-02,637,1,71.15,At Risk (was frequent)
cust_016454,2016-08-16,745,1,71.14,At Risk (was frequent)
cust_005025,2016-05-31,822,1,71.14,Hibernating / Lost
cust_014232,2018-02-15,197,2,71.11,Loyal Customers
cust_007825,2016-12-06,633,1,71.09,Hibernating / Lost
cust_015190,2016-11-22,647,1,71.09,At Risk (was frequent)
cust_016310,2016-01-12,962,1,71.07,At Risk (was frequent)
cust_004957,2017-12-26,248,1,71.06,Potential Loyalists
cust_012103,2017-03-30,519,1,71.05,Hibernating / Lost
cust_012118,2018-02-14,198,2,71.03,Loyal Customers
cust_012616,2017-05-01,487,1,70.98,Hibernating / Lost
cust_018921,2017-12-11,263,1,70.96,Loyal Customers
cust_011507,2016-01-06,968,1,70.96,Hibernating / Lost
cust_006082,2017-02-11,566,1,70.95,Hibernating / Lost
cust_010023,2017-07-21,406,1,70.89,Hibernating / Lost
cust_005526,2016-11-10,659,1,70.89,Hibernating / Lost
cust_002995,2017-12-13,261,1,70.88,Potential Loyalists
cust_012900,2017-12-24,250,1,70.81,Potential Loyalists
cust_007467,2017-12-04,270,1,70.72,Potential Loyalists
cust_000801,2017-02-08,569,2,70.7,At Risk (was frequent)
cust_012206,2016-03-12,902,1,70.68,Hibernating / Lost
cust_000696,2017-08-28,368,2,70.65,At Risk (was frequent)
cust_000594,2017-06-12,445,1,70.63,Hibernating / Lost
cust_007860,2016-11-30,639,1,70.63,Hibernating / Lost
cust_018741,2017-02-20,557,1,70.62,At Risk (was frequent)
cust_008011,2017-03-17,532,1,70.61,Hibernating / Lost
cust_018940,2016-09-12,718,1,70.6,At Risk (was frequent)
cust_003611,2016-11-13,656,1,70.58,Hibernating / Lost
cust_012034,2017-05-10,478,2,70.57,At Risk (was frequent)
cust_008968,2017-06-08,449,1,70.56,Hibernating / Lost
cust_013971,2018-02-16,196,2,70.55,Loyal Customers
cust_008413,2016-05-02,851,1,70.55,Hibernating / Lost
cust_007422,2016-11-04,665,1,70.53,Hibernating / Lost
cust_002862,2017-11-25,279,1,70.52,Potential Loyalists
cust_002291,2017-11-15,289,1,70.51,Potential Loyalists
cust_003951,2017-01-13,595,1,70.5,Hibernating / Lost
cust_006743,2018-03-01,183,2,70.47,Loyal Customers
cust_013989,2016-08-30,731,1,70.45,Hibernating / Lost
cust_012383,2016-06-12,810,1,70.42,Hibernating / Lost
cust_013347,2018-02-21,191,1,70.41,Potential Loyalists
cust_009016,2016-10-14,686,1,70.41,Hibernating / Lost
cust_012617,2016-11-11,658,1,70.41,Hibernating / Lost
cust_007085,2018-01-04,239,1,70.38,Potential Loyalists
cust_014110,2016-07-21,771,1,70.37,At Risk (was frequent)
cust_009894,2017-06-07,450,1,70.36,Hibernating / Lost
cust_015627,2016-08-07,754,1,70.33,At Risk (was frequent)
cust_004783,2016-03-14,900,1,70.33,Hibernating / Lost
cust_000837,2018-01-15,228,1,70.32,Potential Loyalists
cust_006606,2018-01-03,240,1,70.31,Potential Loyalists
cust_003686,2016-07-22,770,1,70.27,Hibernating / Lost
cust_016445,2017-11-17,287,1,70.25,Loyal Customers
cust_012550,2016-10-17,683,1,70.23,Hibernating / Lost
cust_006410,2017-12-08,266,1,70.23,Potential Loyalists
cust_003623,2017-04-25,493,1,70.22,Hibernating / Lost
cust_016298,2016-09-24,706,1,70.22,At Risk (was frequent)
cust_014096,2017-12-14,260,1,70.21,Loyal Customers
cust_001198,2017-11-08,296,1,70.21,Potential Loyalists
cust_017711,2017-07-28,399,1,70.19,At Risk (was frequent)
cust_014085,2016-09-28,702,1,70.18,At Risk (was frequent)
cust_002840,2017-08-13,383,1,70.18,Hibernating / Lost
cust_004784,2017-11-01,303,1,70.16,Potential Loyalists
cust_013574,2016-01-13,961,1,70.15,Hibernating / Lost
cust_009917,2017-01-15,593,1,70.15,Hibernating / Lost
cust_018830,2017-05-26,462,1,70.13,At Risk (was frequent)
cust_004337,2016-01-23,951,1,70.13,Hibernating / Lost
cust_011743,2017-12-09,265,1,70.11,Potential Loyalists
cust_012776,2016-01-19,955,1,70.11,Hibernating / Lost
cust_009252,2018-01-02,241,1,70.11,Potential Loyalists
cust_002742,2016-11-26,643,1,70.11,Hibernating / Lost
cust_006032,2016-05-28,825,1,70.1,Hibernating / Lost
cust_010194,2016-03-10,904,1,70.08,Hibernating / Lost
cust_007542,2016-09-08,722,1,70.08,Hibernating / Lost
cust_012043,2017-01-13,595,1,70.07,Hibernating / Lost
cust_012059,2016-10-14,686,1,70.06,Hibernating / Lost
cust_009152,2017-05-26,462,1,70.04,Hibernating / Lost
cust_000159,2016-11-21,648,1,70.04,Hibernating / Lost
cust_001279,2016-10-08,692,1,70.02,Hibernating / Lost
cust_014080,2016-10-31,669,2,70.01,At Risk (was frequent)
cust_003445,2017-09-29,336,1,69.99,Potential Loyalists
cust_000645,2016-03-17,897,1,69.99,Hibernating / Lost
cust_017354,2016-11-29,640,1,69.96,At Risk (was frequent)
cust_017811,2018-02-03,209,1,69.96,Loyal Customers
cust_012611,2017-11-29,275,2,69.92,Loyal Customers
cust_018762,2017-10-07,328,1,69.9,Loyal Customers
cust_006799,2017-09-14,351,2,69.9,At Risk (was frequent)
cust_017218,2017-07-19,408,2,69.89,At Risk (was frequent)
cust_010661,2017-04-16,502,1,69.87,Hibernating / Lost
cust_005170,2017-04-06,512,1,69.82,Hibernating / Lost
cust_013876,2017-06-01,456,1,69.81,Hibernating / Lost
cust_005741,2016-12-24,615,1,69.77,Hibernating / Lost
cust_012933,2017-06-23,434,1,69.75,Hibernating / Lost
cust_005550,2016-05-23,830,1,69.75,Hibernating / Lost
cust_008161,2017-01-07,601,1,69.75,Hibernating / Lost
cust_018829,2016-10-11,689,1,69.74,At Risk (was frequent)
cust_004782,2016-08-01,760,1,69.72,Hibernating / Lost
cust_007669,2016-07-21,771,1,69.7,Hibernating / Lost
cust_012853,2017-11-04,300,1,69.7,Potential Loyalists
cust_003980,2017-02-21,556,2,69.67,At Risk (was frequent)
cust_005583,2017-11-08,296,1,69.67,Potential Loyalists
cust_003625,2016-11-08,661,1,69.67,Hibernating / Lost
cust_011469,2017-03-20,529,1,69.66,Hibernating / Lost
cust_005020,2016-03-20,894,1,69.66,Hibernating / Lost
cust_005949,2016-02-26,917,1,69.65,Hibernating / Lost
cust_007725,2017-06-29,428,1,69.61,Hibernating / Lost
cust_001360,2017-12-17,257,1,69.61,Potential Loyalists
cust_016959,2017-03-10,539,1,69.6,At Risk (was frequent)
cust_007361,2018-02-02,210,1,69.6,Potential Loyalists
cust_013340,2017-09-26,339,1,69.56,Potential Loyalists
cust_001020,2016-07-27,765,1,69.56,Hibernating / Lost
cust_008916,2018-02-25,187,1,69.55,Potential Loyalists
cust_000647,2016-02-03,940,1,69.54,Hibernating / Lost
cust_011407,2016-09-08,722,1,69.54,Hibernating / Lost
cust_008049,2017-09-01,364,1,69.53,Hibernating / Lost
cust_004486,2016-03-07,907,1,69.52,Hibernating / Lost
cust_000781,2018-01-10,233,1,69.51,Potential Loyalists
cust_003577,2017-06-28,429,1,69.51,Hibernating / Lost
cust_007811,2017-12-14,260,1,69.5,Potential Loyalists
cust_009316,2017-03-24,525,1,69.5,Hibernating / Lost
cust_002030,2018-02-07,205,1,69.48,Potential Loyalists
cust_012731,2016-04-08,875,1,69.47,Hibernating / Lost
cust_012668,2016-10-15,685,1,69.46,Hibernating / Lost
cust_013657,2016-09-12,718,1,69.46,Hibernating / Lost
cust_013863,2016-12-04,635,1,69.43,Hibernating / Lost
cust_013477,2017-12-16,258,1,69.39,Potential Loyalists
cust_016280,2017-06-22,435,1,69.38,At Risk (was frequent)
cust_004946,2017-12-19,255,1,69.37,Potential Loyalists
cust_012811,2016-03-24,890,1,69.36,Hibernating / Lost
cust_016620,2017-08-02,394,1,69.36,At Risk (was frequent)
cust_010253,2017-11-21,283,1,69.36,Potential Loyalists
cust_009882,2016-12-07,632,1,69.34,Hibernating / Lost
cust_007897,2016-10-18,682,2,69.34,At Risk (was frequent)
cust_018151,2018-02-22,190,1,69.33,Loyal Customers
cust_000868,2017-04-25,493,1,69.33,Hibernating / Lost
cust_017988,2016-07-02,790,1,69.32,At Risk (was frequent)
cust_003252,2017-03-18,531,1,69.31,Hibernating / Lost
cust_011475,2016-12-08,631,1,69.3,Hibernating / Lost
cust_008464,2017-09-11,354,1,69.29,Hibernating / Lost
cust_015145,2016-11-07,662,1,69.28,At Risk (was frequent)
cust_010136,2017-05-07,481,1,69.28,Hibernating / Lost
cust_000867,2017-05-19,469,1,69.26,Hibernating / Lost
cust_016021,2017-01-11,597,1,69.25,At Risk (was frequent)
cust_002255,2016-04-08,875,1,69.23,Hibernating / Lost
cust_011100,2016-07-01,791,1,69.19,Hibernating / Lost
cust_001841,2017-06-12,445,1,69.18,Hibernating / Lost
cust_005658,2017-03-28,521,1,69.17,Hibernating / Lost
cust_017140,2016-05-01,852,1,69.16,At Risk (was frequent)
cust_006489,2017-03-28,521,1,69.15,Hibernating / Lost
cust_011344,2016-06-26,796,1,69.15,Hibernating / Lost
cust_007046,2017-08-19,377,1,69.11,Hibernating / Lost
cust_015473,2018-01-31,212,1,69.1,Loyal Customers
cust_016940,2018-02-15,197,1,69.09,Loyal Customers
cust_011385,2016-12-17,622,1,69.08,Hibernating / Lost
cust_015707,2016-03-20,894,1,69.06,At Risk (was frequent)
cust_015115,2017-10-14,321,1,69.04,Loyal Customers
cust_004488,2016-11-03,666,1,69.03,Hibernating / Lost
cust_016303,2016-07-18,774,1,69.02,At Risk (was frequent)
cust_012644,2017-11-18,286,1,69.02,Potential Loyalists
cust_008772,2016-06-24,798,1,69.01,Hibernating / Lost
cust_001560,2017-06-15,442,1,68.96,Hibernating / Lost
cust_009648,2016-04-24,859,2,68.95,At Risk (was frequent)
cust_017051,2016-05-27,826,2,68.92,At Risk (was frequent)
cust_001981,2016-12-14,625,1,68.91,Hibernating / Lost
cust_006718,2017-09-29,336,1,68.89,Potential Loyalists
cust_016926,2016-09-12,718,1,68.88,At Risk (was frequent)
cust_018885,2017-12-25,249,1,68.86,Loyal Customers
cust_005202,2016-10-09,691,1,68.83,Hibernating / Lost
cust_011651,2016-12-19,620,1,68.82,Hibernating / Lost
cust_012220,2017-02-05,572,1,68.82,Hibernating / Lost
cust_017231,2017-02-01,576,1,68.82,At Risk (was frequent)
cust_013250,2017-10-01,334,1,68.8,Potential Loyalists
cust_006641,2017-02-06,571,2,68.78,At Risk (was frequent)
cust_013810,2017-05-04,484,1,68.78,Hibernating / Lost
cust_005802,2016-12-08,631,1,68.77,Hibernating / Lost
cust_011480,2017-10-21,314,1,68.75,Potential Loyalists
cust_008311,2017-03-23,526,1,68.74,Hibernating / Lost
cust_004558,2017-10-21,314,2,68.72,Loyal Customers
cust_014290,2017-02-08,569,1,68.71,At Risk (was frequent)
cust_017139,2016-04-08,875,1,68.68,At Risk (was frequent)
cust_009800,2017-01-12,596,1,68.63,Hibernating / Lost
cust_009568,2017-07-29,398,1,68.62,Hibernating / Lost
cust_000356,2016-11-18,651,1,68.61,Hibernating / Lost
cust_007016,2017-03-08,541,1,68.61,Hibernating / Lost
cust_004170,2017-08-31,365,1,68.58,Hibernating / Lost
cust_015950,2016-01-25,949,1,68.56,At Risk (was frequent)
cust_010833,2016-09-24,706,1,68.56,Hibernating / Lost
cust_011583,2016-10-25,675,1,68.5,Hibernating / Lost
cust_014781,2017-10-10,325,1,68.49,Loyal Customers
cust_006649,2017-06-28,429,1,68.49,Hibernating / Lost
cust_000221,2017-11-02,302,1,68.49,Potential Loyalists
cust_012954,2016-11-17,652,1,68.49,Hibernating / Lost
cust_008808,2016-03-25,889,1,68.48,Hibernating / Lost
cust_008621,2016-10-27,673,1,68.48,Hibernating / Lost
cust_017603,2017-08-01,395,1,68.46,At Risk (was frequent)
cust_015485,2016-06-02,820,1,68.45,At Risk (was frequent)
cust_011705,2017-12-15,259,1,68.45,Potential Loyalists
cust_002530,2016-11-21,648,1,68.39,Hibernating / Lost
cust_013943,2018-01-09,234,1,68.39,Potential Loyalists
cust_014292,2016-04-29,854,1,68.39,At Risk (was frequent)
cust_004500,2016-04-12,871,1,68.38,Hibernating / Lost
cust_006397,2016-08-10,751,1,68.36,Hibernating / Lost
cust_017424,2016-05-23,830,1,68.34,At Risk (was frequent)
cust_013368,2016-07-29,763,1,68.34,Hibernating / Lost
cust_004591,2017-07-26,401,1,68.33,Hibernating / Lost
cust_009403,2017-11-06,298,1,68.33,Potential Loyalists
cust_012119,2016-03-02,912,1,68.33,Hibernating / Lost
cust_010701,2017-12-11,263,1,68.32,Potential Loyalists
cust_006692,2017-05-31,457,1,68.31,Hibernating / Lost
cust_004341,2016-11-03,666,1,68.28,Hibernating / Lost
cust_007667,2017-05-08,480,1,68.23,Hibernating / Lost
cust_008493,2017-06-28,429,1,68.21,Hibernating / Lost
cust_007216,2017-05-17,471,2,68.19,At Risk (was frequent)
cust_015919,2017-08-05,391,2,68.18,At Risk (was frequent)
cust_008802,2017-02-08,569,1,68.16,Hibernating / Lost
cust_002816,2017-11-06,298,2,68.14,Loyal Customers
cust_000580,2016-09-07,723,1,68.13,Hibernating / Lost
cust_011809,2017-11-26,278,1,68.13,Potential Loyalists
cust_003063,2018-01-02,241,1,68.09,Potential Loyalists
cust_004647,2016-11-29,640,1,68.09,Hibernating / Lost
cust_018018,2017-05-01,487,1,68.09,At Risk (was frequent)
cust_017980,2016-08-03,758,1,68.08,At Risk (was frequent)
cust_017360,2018-02-15,197,1,68.07,Loyal Customers
cust_015288,2017-02-14,563,1,68.06,At Risk (was frequent)
cust_007979,2017-12-07,267,1,68.06,Potential Loyalists
cust_007913,2017-04-17,501,1,68.05,Hibernating / Lost
cust_009425,2016-06-24,798,1,68.02,Hibernating / Lost
cust_003724,2016-10-28,672,1,68.0,Hibernating / Lost
cust_013331,2016-11-24,645,1,67.93,Hibernating / Lost
cust_001416,2016-07-24,768,1,67.92,Hibernating / Lost
cust_014919,2017-09-13,352,1,67.92,At Risk (was frequent)
cust_007055,2018-01-29,214,2,67.91,Loyal Customers
cust_014749,2016-03-23,891,1,67.87,At Risk (was frequent)
cust_004062,2017-07-19,408,1,67.84,Hibernating / Lost
cust_018544,2017-10-01,334,1,67.81,Loyal Customers
cust_011424,2016-05-28,825,1,67.79,Hibernating / Lost
cust_002220,2017-03-16,533,1,67.77,Hibernating / Lost
cust_010773,2018-01-03,240,1,67.76,Potential Loyalists
cust_015532,2017-12-11,263,1,67.76,Loyal Customers
cust_004379,2017-09-20,345,1,67.75,Hibernating / Lost
cust_013064,2016-10-10,690,2,67.72,At Risk (was frequent)
cust_003067,2017-03-28,521,1,67.71,Hibernating / Lost
cust_016004,2017-09-26,339,1,67.69,Loyal Customers
cust_018230,2016-11-29,640,1,67.69,At Risk (was frequent)
cust_006241,2017-11-12,292,2,67.68,Loyal Customers
cust_000553,2016-10-23,677,1,67.68,Hibernating / Lost
cust_003364,2016-09-30,700,1,67.63,Hibernating / Lost
cust_008071,2016-11-17,652,1,67.61,Hibernating / Lost
cust_015951,2016-03-14,900,1,67.6,At Risk (was frequent)
cust_003207,2017-04-07,511,1,67.59,Hibernating / Lost
cust_005057,2016-04-14,869,1,67.58,Hibernating / Lost
cust_016531,2017-06-08,449,2,67.54,At Risk (was frequent)
cust_016208,2016-08-20,741,1,67.54,At Risk (was frequent)
cust_009636,2017-06-29,428,1,67.53,Hibernating / Lost
cust_004094,2016-02-12,931,1,67.52,Hibernating / Lost
cust_012299,2016-03-16,898,1,67.51,Hibernating / Lost
cust_004011,2017-11-10,294,1,67.51,Potential Loyalists
cust_007614,2017-04-27,491,1,67.5,Hibernating / Lost
cust_018540,2016-12-09,630,1,67.5,At Risk (was frequent)
cust_006542,2017-08-26,370,2,67.47,At Risk (was frequent)
cust_005516,2017-11-22,282,1,67.46,Potential Loyalists
cust_007022,2018-01-10,233,1,67.46,Potential Loyalists
cust_009126,2017-02-15,562,1,67.42,Hibernating / Lost
cust_005082,2016-11-13,656,1,67.4,Hibernating / Lost
cust_005474,2016-08-24,737,2,67.39,At Risk (was frequent)
cust_010414,2017-05-19,469,1,67.38,Hibernating / Lost
cust_002211,2016-04-09,874,1,67.36,Hibernating / Lost
cust_018705,2016-12-05,634,1,67.36,At Risk (was frequent)
cust_004456,2017-12-20,254,1,67.36,Potential Loyalists
cust_011637,2017-03-18,531,1,67.36,Hibernating / Lost
cust_007686,2017-01-13,595,1,67.35,Hibernating / Lost
cust_001022,2018-01-19,224,1,67.35,Potential Loyalists
cust_010310,2017-05-12,476,1,67.34,Hibernating / Lost
cust_013085,2017-12-30,244,1,67.33,Potential Loyalists
cust_004763,2016-03-16,898,1,67.31,Hibernating / Lost
cust_002663,2017-06-14,443,1,67.3,Hibernating / Lost
cust_013901,2017-03-26,523,2,67.3,At Risk (was frequent)
cust_005301,2017-07-09,418,1,67.3,Hibernating / Lost
cust_016217,2016-12-09,630,1,67.3,At Risk (was frequent)
cust_006056,2018-01-21,222,1,67.29,Potential Loyalists
cust_017715,2016-07-18,774,1,67.28,At Risk (was frequent)
cust_007616,2017-08-14,382,1,67.27,Hibernating / Lost
cust_015906,2017-06-13,444,1,67.26,At Risk (was frequent)
cust_014541,2017-03-30,519,2,67.23,At Risk (was frequent)
cust_016795,2016-09-06,724,1,67.23,At Risk (was frequent)
cust_005263,2017-11-28,276,1,67.23,Potential Loyalists
cust_014024,2018-02-12,200,1,67.22,Loyal Customers
cust_007195,2017-09-20,345,2,67.2,At Risk (was frequent)
cust_011302,2017-12-21,253,2,67.19,Loyal Customers
cust_003756,2017-02-09,568,1,67.17,Hibernating / Lost
cust_000234,2016-11-22,647,2,67.16,At Risk (was frequent)
cust_014631,2016-11-25,644,1,67.15,At Risk (was frequent)
cust_004054,2016-02-23,920,1,67.14,Hibernating / Lost
cust_011992,2017-11-28,276,1,67.11,Potential Loyalists
cust_007589,2017-08-19,377,1,67.11,Hibernating / Lost
cust_010091,2016-04-11,872,1,67.1,Hibernating / Lost
cust_013115,2017-10-30,305,1,67.06,Potential Loyalists
cust_007629,2016-03-05,909,1,67.05,Hibernating / Lost
cust_015264,2018-01-01,242,1,67.05,Loyal Customers
cust_007747,2017-12-05,269,1,67.04,Potential Loyalists
cust_013284,2017-12-07,267,1,67.04,Potential Loyalists
cust_015441,2016-08-12,749,2,67.04,At Risk (was frequent)
cust_013210,2017-05-07,481,1,66.99,Hibernating / Lost
cust_001059,2017-08-14,382,1,66.97,Hibernating / Lost
cust_011059,2016-08-04,757,1,66.96,Hibernating / Lost
cust_017808,2017-05-28,460,1,66.96,At Risk (was frequent)
cust_018160,2018-02-04,208,1,66.95,Loyal Customers
cust_006777,2017-02-04,573,1,66.94,Hibernating / Lost
cust_015433,2017-02-12,565,1,66.94,At Risk (was frequent)
cust_005509,2017-11-05,299,1,66.92,Potential Loyalists
cust_012799,2017-11-26,278,2,66.92,Loyal Customers
cust_002189,2016-12-25,614,1,66.89,Hibernating / Lost
cust_010372,2017-02-18,559,1,66.88,Hibernating / Lost
cust_012005,2016-05-06,847,1,66.88,Hibernating / Lost
cust_001315,2017-01-09,599,1,66.87,Hibernating / Lost
cust_012561,2016-07-04,788,1,66.83,Hibernating / Lost
cust_016543,2016-05-21,832,1,66.82,At Risk (was frequent)
cust_013279,2018-02-12,200,1,66.82,Potential Loyalists
cust_006416,2017-08-04,392,1,66.81,Hibernating / Lost
cust_004123,2017-09-08,357,1,66.8,Hibernating / Lost
cust_010029,2016-11-23,646,1,66.74,Hibernating / Lost
cust_004528,2017-05-06,482,1,66.73,Hibernating / Lost
cust_008934,2016-12-31,608,1,66.68,Hibernating / Lost
cust_018846,2017-11-12,292,1,66.67,Loyal Customers
cust_009556,2017-03-04,545,1,66.61,Hibernating / Lost
cust_018468,2018-01-24,219,1,66.57,Loyal Customers
cust_002774,2017-04-14,504,2,66.57,At Risk (was frequent)
cust_002070,2017-02-12,565,1,66.56,Hibernating / Lost
cust_010650,2016-12-23,616,1,66.56,Hibernating / Lost
cust_006491,2016-03-07,907,1,66.54,Hibernating / Lost
cust_006418,2016-02-16,927,1,66.54,Hibernating / Lost
cust_008543,2017-11-30,274,1,66.52,Potential Loyalists
cust_018862,2016-12-29,610,1,66.51,At Risk (was frequent)
cust_015373,2016-07-01,791,1,66.5,At Risk (was frequent)
cust_003822,2017-05-25,463,1,66.48,Hibernating / Lost
cust_015047,2016-12-28,611,1,66.48,At Risk (was frequent)
cust_003720,2016-02-23,920,1,66.48,Hibernating / Lost
cust_017756,2017-10-03,332,1,66.45,Loyal Customers
cust_008671,2018-02-18,194,2,66.42,Loyal Customers
cust_002820,2017-01-15,593,1,66.42,Hibernating / Lost
cust_002927,2016-01-14,960,1,66.41,Hibernating / Lost
cust_008070,2016-10-02,698,1,66.41,Hibernating / Lost
cust_017350,2016-11-03,666,1,66.4,At Risk (was frequent)
cust_008784,2017-10-14,321,2,66.4,Loyal Customers
cust_000525,2017-08-08,388,1,66.39,Hibernating / Lost
cust_014149,2017-01-13,595,1,66.38,At Risk (was frequent)
cust_003432,2017-11-02,302,1,66.34,Potential Loyalists
cust_008742,2017-06-07,450,1,66.34,Hibernating / Lost
cust_010996,2016-02-22,921,1,66.33,Hibernating / Lost
cust_017154,2017-05-07,481,1,66.33,At Risk (was frequent)
cust_012986,2016-09-13,717,1,66.32,Hibernating / Lost
cust_018240,2017-12-11,263,1,66.31,Loyal Customers
cust_010761,2016-08-09,752,1,66.3,Hibernating / Lost
cust_013894,2017-07-31,396,1,66.3,Hibernating / Lost
cust_008607,2016-09-17,713,1,66.29,Hibernating / Lost
cust_014866,2017-08-14,382,1,66.28,At Risk (was frequent)
cust_001963,2018-03-02,182,2,66.27,Loyal Customers
cust_013051,2017-01-19,589,1,66.23,Hibernating / Lost
cust_008425,2016-12-05,634,1,66.2,Hibernating / Lost
cust_007716,2016-08-28,733,1,66.2,Hibernating / Lost
cust_018880,2016-12-09,630,1,66.19,At Risk (was frequent)
cust_013303,2017-08-31,365,1,66.12,Hibernating / Lost
cust_002143,2017-06-25,432,1,66.12,Hibernating / Lost
cust_004155,2017-03-24,525,1,66.1,Hibernating / Lost
cust_012321,2016-11-21,648,1,66.09,Hibernating / Lost
cust_015673,2017-09-01,364,1,66.09,At Risk (was frequent)
cust_012494,2017-04-21,497,1,66.07,Hibernating / Lost
cust_012358,2017-10-20,315,1,66.06,Potential Loyalists
cust_015704,2017-11-06,298,1,66.02,Loyal Customers
cust_000140,2016-12-03,636,1,66.0,Hibernating / Lost
cust_002790,2016-09-07,723,1,66.0,Hibernating / Lost
cust_017823,2016-07-16,776,1,65.99,At Risk (was frequent)
cust_010759,2018-02-13,199,1,65.98,Potential Loyalists
cust_002359,2017-05-06,482,1,65.97,Hibernating / Lost
cust_008373,2017-11-28,276,1,65.95,Potential Loyalists
cust_014847,2016-09-09,721,1,65.91,At Risk (was frequent)
cust_007890,2017-04-16,502,1,65.89,Hibernating / Lost
cust_000928,2017-10-13,322,2,65.88,Loyal Customers
cust_015434,2018-01-04,239,1,65.88,Loyal Customers
cust_000706,2018-01-31,212,2,65.87,Loyal Customers
cust_003937,2017-06-02,455,1,65.87,Hibernating / Lost
cust_017615,2016-10-02,698,1,65.87,At Risk (was frequent)
cust_015252,2017-06-17,440,1,65.86,At Risk (was frequent)
cust_007244,2017-05-22,466,1,65.86,Hibernating / Lost
cust_005676,2017-10-08,327,2,65.85,Loyal Customers
cust_008766,2017-11-11,293,1,65.83,Potential Loyalists
cust_004302,2018-02-26,186,1,65.83,Potential Loyalists
cust_002535,2017-09-28,337,1,65.81,Potential Loyalists
cust_014209,2017-01-26,582,2,65.81,At Risk (was frequent)
cust_010268,2016-09-02,728,1,65.8,Hibernating / Lost
cust_014607,2016-06-15,807,1,65.8,At Risk (was frequent)
cust_011125,2016-10-07,693,1,65.77,Hibernating / Lost
cust_018287,2016-10-21,679,1,65.76,At Risk (was frequent)
cust_001084,2018-01-04,239,1,65.76,Potential Loyalists
cust_003476,2016-05-16,837,1,65.74,Hibernating / Lost
cust_010297,2017-11-01,303,1,65.74,Potential Loyalists
cust_017897,2017-08-22,374,2,65.72,At Risk (was frequent)
cust_002852,2016-11-12,657,1,65.71,Hibernating / Lost
cust_005639,2017-12-22,252,1,65.71,Potential Loyalists
cust_014168,2017-11-18,286,1,65.71,Loyal Customers
cust_013216,2016-07-24,768,1,65.7,Hibernating / Lost
cust_015023,2017-03-01,548,1,65.7,At Risk (was frequent)
cust_008888,2017-01-02,606,1,65.69,Hibernating / Lost
cust_012175,2018-02-12,200,2,65.68,Loyal Customers
cust_012836,2016-04-22,861,1,65.68,Hibernating / Lost
cust_009942,2016-11-18,651,1,65.65,Hibernating / Lost
cust_005732,2018-01-21,222,1,65.64,Potential Loyalists
cust_002688,2017-10-15,320,1,65.6,Potential Loyalists
cust_011886,2016-09-18,712,1,65.59,Hibernating / Lost
cust_012940,2016-11-12,657,1,65.54,Hibernating / Lost
cust_007888,2017-02-28,549,1,65.54,Hibernating / Lost
cust_005755,2016-04-25,858,1,65.53,Hibernating / Lost
cust_010121,2017-11-25,279,1,65.52,Potential Loyalists
cust_018765,2016-08-05,756,1,65.52,At Risk (was frequent)
cust_007572,2016-11-30,639,1,65.5,Hibernating / Lost
cust_018322,2017-11-10,294,1,65.48,Loyal Customers
cust_011124,2016-06-15,807,1,65.44,Hibernating / Lost
cust_017983,2016-09-03,727,1,65.4,At Risk (was frequent)
cust_018057,2016-01-15,959,1,65.4,At Risk (was frequent)
cust_014867,2018-02-13,199,2,65.39,Loyal Customers
cust_014767,2017-01-23,585,1,65.37,At Risk (was frequent)
cust_013235,2017-12-12,262,1,65.37,Potential Loyalists
cust_002885,2017-08-31,365,2,65.37,At Risk (was frequent)
cust_010332,2017-06-30,427,2,65.37,At Risk (was frequent)
cust_009115,2016-07-01,791,1,65.35,Hibernating / Lost
cust_014285,2017-12-12,262,1,65.35,Loyal Customers
cust_006833,2017-02-07,570,1,65.35,Hibernating / Lost
cust_009578,2016-11-21,648,1,65.34,Hibernating / Lost
cust_018713,2017-01-25,583,1,65.33,At Risk (was frequent)
cust_002896,2017-03-06,543,1,65.33,Hibernating / Lost
cust_014434,2016-04-11,872,1,65.32,At Risk (was frequent)
cust_011324,2017-01-22,586,2,65.31,At Risk (was frequent)
cust_008399,2016-11-12,657,2,65.31,At Risk (was frequent)
cust_003172,2017-07-28,399,1,65.27,Hibernating / Lost
cust_015717,2016-12-20,619,1,65.26,At Risk (was frequent)
cust_007295,2017-11-21,283,1,65.24,Potential Loyalists
cust_009056,2016-02-04,939,1,65.24,Hibernating / Lost
cust_006211,2016-11-11,658,2,65.23,At Risk (was frequent)
cust_002570,2017-04-19,499,1,65.21,Hibernating / Lost
cust_001830,2016-05-09,844,1,65.18,Hibernating / Lost
cust_012530,2017-08-01,395,1,65.17,Hibernating / Lost
cust_007830,2016-12-23,616,1,65.15,Hibernating / Lost
cust_012273,2017-12-15,259,1,65.15,Potential Loyalists
cust_008010,2018-01-30,213,1,65.14,Potential Loyalists
cust_001131,2016-11-19,650,1,65.12,Hibernating / Lost
cust_013996,2016-03-12,902,1,65.11,Hibernating / Lost
cust_006756,2017-10-26,309,1,65.1,Potential Loyalists
cust_004321,2016-11-20,649,1,65.1,Hibernating / Lost
cust_017798,2017-12-01,273,2,65.07,Loyal Customers
cust_013503,2016-09-07,723,1,65.03,Hibernating / Lost
cust_003237,2016-03-22,892,1,65.02,Hibernating / Lost
cust_005591,2018-02-18,194,1,65.0,Potential Loyalists
cust_007435,2017-12-26,248,1,64.98,Potential Loyalists
cust_008225,2016-12-18,621,1,64.97,Hibernating / Lost
cust_012067,2016-11-18,651,1,64.97,Hibernating / Lost
cust_005797,2017-11-25,279,1,64.94,Potential Loyalists
cust_018816,2017-12-02,272,1,64.91,Loyal Customers
cust_003381,2017-11-26,278,1,64.91,Potential Loyalists
cust_010789,2017-05-14,474,1,64.9,Hibernating / Lost
cust_014922,2017-11-19,285,1,64.9,Loyal Customers
cust_005513,2017-09-19,346,1,64.87,Hibernating / Lost
cust_013677,2016-05-21,832,1,64.87,Hibernating / Lost
cust_003133,2017-04-18,500,1,64.86,Hibernating / Lost
cust_013335,2017-01-12,596,2,64.86,At Risk (was frequent)
cust_011833,2016-10-07,693,1,64.86,Hibernating / Lost
cust_013385,2018-01-26,217,1,64.85,Potential Loyalists
cust_003326,2016-01-08,966,1,64.79,Hibernating / Lost
cust_018953,2017-05-27,461,1,64.79,At Risk (was frequent)
cust_009995,2017-12-23,251,1,64.79,Potential Loyalists
cust_001959,2016-01-06,968,1,64.77,Hibernating / Lost
cust_017084,2018-01-11,232,1,64.76,Loyal Customers
cust_005967,2016-07-10,782,1,64.75,Hibernating / Lost
cust_006246,2016-11-23,646,1,64.75,Hibernating / Lost
cust_013858,2017-11-02,302,1,64.74,Potential Loyalists
cust_006664,2016-04-10,873,1,64.72,Hibernating / Lost
cust_007155,2017-10-05,330,1,64.7,Potential Loyalists
cust_013737,2016-12-20,619,1,64.7,Hibernating / Lost
cust_006995,2016-10-27,673,2,64.7,At Risk (was frequent)
cust_012330,2017-07-30,397,1,64.66,Hibernating / Lost
cust_004111,2017-05-31,457,1,64.65,Hibernating / Lost
cust_004720,2017-07-20,407,1,64.65,Hibernating / Lost
cust_009569,2017-11-07,297,1,64.63,Potential Loyalists
cust_006436,2016-12-05,634,1,64.62,Hibernating / Lost
cust_007464,2016-12-25,614,1,64.6,Hibernating / Lost
cust_010641,2017-09-29,336,1,64.56,Potential Loyalists
cust_008418,2016-04-28,855,1,64.56,Hibernating / Lost
cust_000748,2017-04-29,489,1,64.55,Hibernating / Lost
cust_009060,2017-11-09,295,1,64.55,Potential Loyalists
cust_018136,2017-05-09,479,2,64.55,At Risk (was frequent)
cust_017251,2016-09-08,722,1,64.52,At Risk (was frequent)
cust_012754,2016-12-02,637,1,64.5,Hibernating / Lost
cust_017629,2018-02-06,206,1,64.5,Loyal Customers
cust_002404,2017-01-26,582,1,64.48,Hibernating / Lost
cust_007303,2017-07-06,421,1,64.48,Hibernating / Lost
cust_001404,2016-02-22,921,1,64.47,Hibernating / Lost
cust_018394,2017-02-07,570,1,64.44,At Risk (was frequent)
cust_013709,2017-04-07,511,1,64.43,Hibernating / Lost
cust_013473,2016-11-16,653,1,64.43,Hibernating / Lost
cust_016425,2017-01-26,582,1,64.39,At Risk (was frequent)
cust_004512,2017-11-17,287,1,64.39,Potential Loyalists
cust_009600,2016-12-07,632,1,64.35,Hibernating / Lost
cust_002015,2018-02-19,193,1,64.32,Potential Loyalists
cust_012143,2017-11-25,279,1,64.31,Potential Loyalists
cust_008820,2017-11-26,278,1,64.31,Potential Loyalists
cust_000084,2017-08-21,375,1,64.26,Hibernating / Lost
cust_001278,2017-06-17,440,2,64.25,At Risk (was frequent)
cust_010655,2016-11-20,649,2,64.23,At Risk (was frequent)
cust_016180,2017-02-26,551,1,64.21,At Risk (was frequent)
cust_012319,2017-02-03,574,1,64.19,Hibernating / Lost
cust_017353,2016-12-23,616,1,64.17,At Risk (was frequent)
cust_008435,2017-10-31,304,1,64.16,Potential Loyalists
cust_011497,2017-08-27,369,1,64.15,Hibernating / Lost
cust_005677,2016-06-29,793,1,64.13,Hibernating / Lost
cust_009212,2016-08-16,745,1,64.12,Hibernating / Lost
cust_016638,2017-06-27,430,1,64.11,At Risk (was frequent)
cust_007330,2016-06-29,793,1,64.11,Hibernating / Lost
cust_009487,2017-12-21,253,1,64.1,Potential Loyalists
cust_008637,2016-06-03,819,1,64.09,Hibernating / Lost
cust_013481,2017-01-06,602,2,64.09,At Risk (was frequent)
cust_018573,2016-12-07,632,1,64.08,At Risk (was frequent)
cust_010352,2018-02-01,211,1,64.06,Potential Loyalists
cust_003743,2016-10-08,692,1,64.05,Hibernating / Lost
cust_013519,2016-03-07,907,1,64.05,Hibernating / Lost
cust_014320,2017-05-25,463,1,64.03,At Risk (was frequent)
cust_012116,2017-09-04,361,1,64.03,Hibernating / Lost
cust_016691,2017-12-22,252,1,64.03,Loyal Customers
cust_010066,2016-05-19,834,1,64.01,Hibernating / Lost
cust_016193,2017-04-10,508,2,63.95,At Risk (was frequent)
cust_007690,2018-02-27,185,1,63.95,Potential Loyalists
cust_000500,2016-04-09,874,1,63.91,Hibernating / Lost
cust_002431,2017-01-15,593,1,63.91,Hibernating / Lost
cust_010484,2017-07-19,408,1,63.91,Hibernating / Lost
cust_000773,2018-03-03,181,1,63.9,Potential Loyalists
cust_003263,2016-07-12,780,1,63.89,Hibernating / Lost
cust_016482,2017-11-04,300,1,63.88,Loyal Customers
cust_017507,2017-11-15,289,1,63.88,Loyal Customers
cust_004256,2018-02-22,190,1,63.85,Potential Loyalists
cust_003969,2018-01-24,219,1,63.85,Potential Loyalists
cust_002158,2017-11-21,283,1,63.83,Potential Loyalists
cust_010189,2017-09-02,363,1,63.82,Hibernating / Lost
cust_013426,2016-07-27,765,2,63.81,At Risk (was frequent)
cust_004715,2017-11-20,284,1,63.8,Potential Loyalists
cust_010025,2018-01-10,233,1,63.79,Potential Loyalists
cust_017597,2017-09-19,346,1,63.79,At Risk (was frequent)
cust_018334,2017-01-05,603,1,63.78,At Risk (was frequent)
cust_013266,2017-10-30,305,1,63.77,Potential Loyalists
cust_012437,2017-06-23,434,1,63.75,Hibernating / Lost
cust_005831,2017-03-02,547,1,63.75,Hibernating / Lost
cust_006450,2016-08-06,755,1,63.75,Hibernating / Lost
cust_016273,2017-08-22,374,1,63.74,At Risk (was frequent)
cust_017337,2016-01-26,948,1,63.73,At Risk (was frequent)
cust_011496,2017-06-30,427,1,63.71,Hibernating / Lost
cust_005240,2016-02-08,935,1,63.71,Hibernating / Lost
cust_007997,2017-11-27,277,1,63.71,Potential Loyalists
cust_009329,2016-10-03,697,1,63.7,Hibernating / Lost
cust_014747,2017-01-10,598,1,63.64,At Risk (was frequent)
cust_009978,2017-05-10,478,1,63.6,Hibernating / Lost
cust_014779,2016-06-02,820,1,63.57,At Risk (was frequent)
cust_006227,2017-11-09,295,2,63.56,Loyal Customers
cust_006906,2017-09-10,355,1,63.53,Hibernating / Lost
cust_000284,2017-01-29,579,1,63.52,Hibernating / Lost
cust_011148,2016-03-16,898,1,63.51,Hibernating / Lost
cust_011224,2017-05-30,458,1,63.5,Hibernating / Lost
cust_000254,2017-07-29,398,1,63.5,Hibernating / Lost
cust_013312,2017-01-10,598,1,63.5,Hibernating / Lost
cust_018299,2016-03-12,902,1,63.47,At Risk (was frequent)
cust_010371,2017-09-13,352,1,63.47,Hibernating / Lost
cust_016513,2017-10-26,309,1,63.46,Loyal Customers
cust_011589,2017-11-08,296,2,63.45,Loyal Customers
cust_016919,2017-05-27,461,1,63.45,At Risk (was frequent)
cust_006570,2018-02-20,192,1,63.44,Potential Loyalists
cust_001729,2017-08-01,395,1,63.43,Hibernating / Lost
cust_004323,2017-05-20,468,1,63.43,Hibernating / Lost
cust_002081,2017-12-21,253,2,63.42,Loyal Customers
cust_010627,2017-09-05,360,1,63.4,Hibernating / Lost
cust_018786,2016-11-07,662,1,63.4,At Risk (was frequent)
cust_016753,2016-10-19,681,1,63.4,At Risk (was frequent)
cust_003141,2016-08-17,744,1,63.37,Hibernating / Lost
cust_015296,2016-10-09,691,1,63.35,At Risk (was frequent)
cust_007166,2017-04-30,488,1,63.33,Hibernating / Lost
cust_000032,2017-07-11,416,2,63.32,At Risk (was frequent)
cust_000068,2017-10-03,332,1,63.32,Potential Loyalists
cust_002056,2016-08-02,759,1,63.3,Hibernating / Lost
cust_003224,2016-03-28,886,1,63.29,Hibernating / Lost
cust_001746,2017-12-23,251,1,63.26,Potential Loyalists
cust_001878,2017-11-09,295,1,63.26,Potential Loyalists
cust_008355,2016-11-18,651,1,63.26,Hibernating / Lost
cust_010629,2016-02-14,929,1,63.24,Hibernating / Lost
cust_002242,2016-07-17,775,1,63.24,Hibernating / Lost
cust_002767,2017-09-15,350,1,63.24,Hibernating / Lost
cust_011467,2017-06-01,456,1,63.21,Hibernating / Lost
cust_005942,2017-11-20,284,1,63.21,Potential Loyalists
cust_011039,2016-05-25,828,1,63.2,Hibernating / Lost
cust_006019,2016-04-26,857,1,63.17,Hibernating / Lost
cust_016965,2018-02-21,191,1,63.16,Loyal Customers
cust_012602,2017-03-02,547,1,63.16,Hibernating / Lost
cust_013278,2017-11-17,287,1,63.14,Potential Loyalists
cust_015150,2017-09-11,354,2,63.13,At Risk (was frequent)
cust_016626,2016-08-02,759,1,63.12,At Risk (was frequent)
cust_015962,2017-04-26,492,1,63.11,At Risk (was frequent)
cust_017396,2017-05-10,478,1,63.11,At Risk (was frequent)
cust_003296,2016-07-31,761,1,63.11,Hibernating / Lost
cust_006027,2017-09-16,349,2,63.1,At Risk (was frequent)
cust_012159,2016-12-18,621,1,63.09,Hibernating / Lost
cust_010202,2018-02-12,200,1,63.09,Potential Loyalists
cust_010288,2017-12-28,246,1,63.06,Potential Loyalists
cust_007368,2017-08-11,385,1,63.05,Hibernating / Lost
cust_003953,2017-05-21,467,1,63.05,Hibernating / Lost
cust_002904,2017-10-22,313,1,63.02,Potential Loyalists
cust_008603,2017-02-09,568,1,63.02,Hibernating / Lost
cust_008074,2016-06-13,809,1,63.01,Hibernating / Lost
cust_013558,2017-12-29,245,1,63.01,Potential Loyalists
cust_002640,2016-02-19,924,1,63.0,Hibernating / Lost
cust_009980,2016-02-13,930,1,63.0,Hibernating / Lost
cust_000048,2016-11-01,668,2,62.99,At Risk (was frequent)
cust_011278,2017-10-16,319,1,62.97,Potential Loyalists
cust_000011,2017-02-06,571,1,62.96,Hibernating / Lost
cust_013684,2017-04-23,495,1,62.94,Hibernating / Lost
cust_011517,2017-03-13,536,1,62.93,Hibernating / Lost
cust_008105,2017-06-16,441,1,62.93,Hibernating / Lost
cust_000429,2017-11-17,287,1,62.93,Potential Loyalists
cust_003781,2018-02-11,201,1,62.92,Potential Loyalists
cust_004704,2018-01-30,213,1,62.92,Potential Loyalists
cust_014112,2017-11-23,281,1,62.86,Loyal Customers
cust_014251,2016-05-05,848,1,62.86,At Risk (was frequent)
cust_011521,2017-11-04,300,1,62.85,Potential Loyalists
cust_013845,2016-02-15,928,1,62.85,Hibernating / Lost
cust_014057,2016-07-04,788,1,62.82,At Risk (was frequent)
cust_008841,2016-02-26,917,1,62.8,Hibernating / Lost
cust_000700,2017-01-18,590,2,62.78,At Risk (was frequent)
cust_011383,2018-01-09,234,1,62.77,Potential Loyalists
cust_008694,2017-10-05,330,1,62.75,Potential Loyalists
cust_014205,2017-11-04,300,1,62.72,Loyal Customers
cust_009412,2017-07-27,400,1,62.7,Hibernating / Lost
cust_006212,2016-04-17,866,1,62.69,Hibernating / Lost
cust_001280,2016-11-10,659,1,62.67,Hibernating / Lost
cust_012239,2016-10-08,692,1,62.64,Hibernating / Lost
cust_000059,2016-05-14,839,1,62.64,Hibernating / Lost
cust_014837,2016-12-05,634,1,62.64,At Risk (was frequent)
cust_004271,2016-12-21,618,1,62.64,Hibernating / Lost
cust_013915,2016-08-09,752,1,62.62,Hibernating / Lost
cust_008205,2017-10-04,331,1,62.61,Potential Loyalists
cust_018101,2017-07-31,396,1,62.6,At Risk (was frequent)
cust_000445,2016-01-04,970,1,62.59,Hibernating / Lost
cust_008272,2017-04-29,489,1,62.58,Hibernating / Lost
cust_014673,2017-02-19,558,1,62.58,At Risk (was frequent)
cust_013020,2017-07-05,422,2,62.58,At Risk (was frequent)
cust_011891,2016-04-29,854,1,62.56,Hibernating / Lost
cust_004548,2016-12-04,635,1,62.56,Hibernating / Lost
cust_015863,2016-03-26,888,1,62.56,At Risk (was frequent)
cust_012663,2018-01-15,228,1,62.54,Potential Loyalists
cust_018982,2016-01-29,945,1,62.52,At Risk (was frequent)
cust_002265,2016-03-02,912,1,62.51,Hibernating / Lost
cust_017678,2016-10-13,687,1,62.5,At Risk (was frequent)
cust_003785,2017-05-06,482,1,62.5,Hibernating / Lost
cust_009285,2017-12-12,262,1,62.49,Potential Loyalists
cust_000505,2016-08-11,750,1,62.49,Hibernating / Lost
cust_000845,2016-08-22,739,1,62.48,Hibernating / Lost
cust_015986,2016-11-17,652,1,62.47,At Risk (was frequent)
cust_003763,2017-12-09,265,1,62.47,Potential Loyalists
cust_008306,2016-12-28,611,1,62.47,Hibernating / Lost
cust_005602,2017-04-17,501,1,62.46,Hibernating / Lost
cust_015911,2016-08-02,759,1,62.45,At Risk (was frequent)
cust_000786,2016-06-27,795,1,62.39,Hibernating / Lost
cust_011390,2017-09-29,336,1,62.36,Potential Loyalists
cust_011793,2016-12-08,631,1,62.34,Hibernating / Lost
cust_018871,2016-11-01,668,1,62.33,At Risk (was frequent)
cust_014430,2016-03-10,904,1,62.33,At Risk (was frequent)
cust_011708,2016-08-27,734,1,62.33,Hibernating / Lost
cust_003291,2016-05-21,832,1,62.28,Hibernating / Lost
cust_005902,2016-10-28,672,1,62.24,Hibernating / Lost
cust_009588,2017-10-04,331,1,62.23,Potential Loyalists
cust_005001,2017-11-02,302,1,62.18,Potential Loyalists
cust_008101,2016-02-06,937,1,62.18,Hibernating / Lost
cust_004858,2017-12-06,268,1,62.18,Potential Loyalists
cust_007733,2017-06-05,452,1,62.17,Hibernating / Lost
cust_005357,2016-11-15,654,1,62.16,Hibernating / Lost
cust_005937,2016-09-06,724,1,62.13,Hibernating / Lost
cust_002914,2018-02-05,207,1,62.12,Potential Loyalists
cust_008792,2017-11-08,296,1,62.11,Potential Loyalists
cust_008609,2016-04-13,870,1,62.09,Hibernating / Lost
cust_004668,2017-12-23,251,1,62.09,Potential Loyalists
cust_001735,2016-10-29,671,1,62.08,Hibernating / Lost
cust_005909,2016-05-15,838,1,62.07,Hibernating / Lost
cust_015770,2017-12-16,258,1,62.06,Loyal Customers
cust_007406,2017-11-07,297,1,62.05,Potential Loyalists
cust_015122,2018-01-08,235,2,62.03,Loyal Customers
cust_014287,2016-12-19,620,1,62.03,At Risk (was frequent)
cust_008715,2017-02-01,576,1,62.02,Hibernating / Lost
cust_011235,2016-02-19,924,1,62.02,Hibernating / Lost
cust_012759,2017-07-28,399,1,62.02,Hibernating / Lost
cust_014596,2018-01-25,218,1,61.99,Loyal Customers
cust_008153,2017-12-04,270,2,61.97,Loyal Customers
cust_003973,2017-03-30,519,1,61.95,Hibernating / Lost
cust_017411,2016-06-04,818,1,61.95,At Risk (was frequent)
cust_015855,2016-02-25,918,1,61.95,At Risk (was frequent)
cust_003131,2018-01-06,237,2,61.94,Loyal Customers
cust_011372,2017-10-21,314,1,61.94,Potential Loyalists
cust_012525,2017-10-25,310,1,61.92,Potential Loyalists
cust_017559,2018-01-11,232,1,61.91,Loyal Customers
cust_005012,2016-09-12,718,1,61.9,Hibernating / Lost
cust_009685,2017-11-08,296,1,61.89,Potential Loyalists
cust_016475,2017-12-16,258,1,61.89,Loyal Customers
cust_018495,2017-08-31,365,1,61.89,At Risk (was frequent)
cust_008909,2016-02-16,927,1,61.88,Hibernating / Lost
cust_018316,2016-11-27,642,1,61.88,At Risk (was frequent)
cust_007487,2016-12-26,613,1,61.88,Hibernating / Lost
cust_010908,2016-04-17,866,1,61.87,Hibernating / Lost
cust_009113,2016-07-20,772,1,61.86,Hibernating / Lost
cust_002768,2016-07-12,780,1,61.85,Hibernating / Lost
cust_013592,2017-12-15,259,1,61.84,Potential Loyalists
cust_014375,2017-09-12,353,1,61.84,At Risk (was frequent)
cust_012794,2017-11-03,301,2,61.82,Loyal Customers
cust_015517,2016-07-23,769,1,61.82,At Risk (was frequent)
cust_005320,2016-10-14,686,1,61.8,Hibernating / Lost
cust_017280,2016-07-01,791,1,61.78,At Risk (was frequent)
cust_012630,2016-04-11,872,1,61.76,Hibernating / Lost
cust_004867,2017-12-17,257,1,61.74,Potential Loyalists
cust_000822,2017-04-03,515,1,61.73,Hibernating / Lost
cust_010549,2016-12-02,637,1,61.67,Hibernating / Lost
cust_017953,2017-11-17,287,1,61.63,Loyal Customers
cust_002028,2016-05-20,833,1,61.62,Hibernating / Lost
cust_007232,2016-08-23,738,1,61.61,Hibernating / Lost
cust_002246,2018-01-06,237,1,61.6,Potential Loyalists
cust_010536,2017-06-10,447,1,61.6,Hibernating / Lost
cust_001421,2017-09-05,360,1,61.58,Hibernating / Lost
cust_000426,2018-01-24,219,1,61.58,Potential Loyalists
cust_013821,2016-05-05,848,1,61.58,Hibernating / Lost
cust_016353,2017-06-03,454,1,61.57,At Risk (was frequent)
cust_008819,2017-08-30,366,1,61.56,Hibernating / Lost
cust_012389,2017-03-03,546,1,61.55,Hibernating / Lost
cust_015850,2017-06-25,432,1,61.5,At Risk (was frequent)
cust_013095,2016-12-15,624,1,61.5,Hibernating / Lost
cust_003259,2016-07-13,779,1,61.5,Hibernating / Lost
cust_005987,2017-03-13,536,1,61.48,Hibernating / Lost
cust_003798,2016-06-16,806,1,61.48,Hibernating / Lost
cust_004777,2018-01-29,214,1,61.48,Potential Loyalists
cust_010388,2016-03-27,887,1,61.46,Hibernating / Lost
cust_014084,2017-06-10,447,1,61.43,At Risk (was frequent)
cust_017052,2016-07-30,762,1,61.43,At Risk (was frequent)
cust_018677,2017-09-08,357,1,61.42,At Risk (was frequent)
cust_013400,2016-11-23,646,1,61.4,Hibernating / Lost
cust_007080,2016-07-16,776,1,61.4,Hibernating / Lost
cust_010327,2016-12-06,633,1,61.4,Hibernating / Lost
cust_017996,2016-01-08,966,1,61.39,At Risk (was frequent)
cust_015751,2017-11-01,303,1,61.39,Loyal Customers
cust_001944,2016-04-19,864,1,61.37,Hibernating / Lost
cust_008776,2017-06-11,446,1,61.32,Hibernating / Lost
cust_014366,2017-08-03,393,1,61.31,At Risk (was frequent)
cust_015541,2017-02-27,550,1,61.27,At Risk (was frequent)
cust_002687,2016-05-10,843,1,61.26,Hibernating / Lost
cust_004598,2017-12-19,255,2,61.24,Loyal Customers
cust_004793,2016-12-25,614,1,61.23,Hibernating / Lost
cust_018052,2017-11-08,296,1,61.22,Loyal Customers
cust_005372,2017-01-05,603,1,61.2,Hibernating / Lost
cust_012455,2017-12-22,252,1,61.2,Potential Loyalists
cust_002009,2016-05-17,836,1,61.16,Hibernating / Lost
cust_010513,2016-11-11,658,1,61.12,Hibernating / Lost
cust_013743,2017-11-23,281,1,61.1,Potential Loyalists
cust_001286,2017-06-09,448,1,61.09,Hibernating / Lost
cust_016827,2016-05-11,842,1,61.09,At Risk (was frequent)
cust_015340,2017-05-22,466,1,61.07,At Risk (was frequent)
cust_008517,2017-10-30,305,1,61.04,Potential Loyalists
cust_000396,2017-11-07,297,1,61.03,Potential Loyalists
cust_003673,2017-10-29,306,1,61.02,Potential Loyalists
cust_014877,2016-01-24,950,1,61.02,At Risk (was frequent)
cust_013204,2016-11-25,644,1,61.01,Hibernating / Lost
cust_011109,2017-08-05,391,1,60.96,Hibernating / Lost
cust_017395,2017-10-02,333,1,60.95,Loyal Customers
cust_017649,2016-04-20,863,1,60.88,At Risk (was frequent)
cust_003416,2018-02-02,210,1,60.87,Potential Loyalists
cust_001408,2016-02-07,936,1,60.86,Hibernating / Lost
cust_018069,2016-01-20,954,1,60.86,At Risk (was frequent)
cust_011136,2016-11-15,654,1,60.83,Hibernating / Lost
cust_005735,2016-01-24,950,1,60.83,Hibernating / Lost
cust_017826,2016-05-23,830,1,60.82,At Risk (was frequent)
cust_012538,2017-06-03,454,1,60.81,Hibernating / Lost
cust_007696,2018-02-18,194,1,60.8,Potential Loyalists
cust_012523,2016-10-29,671,1,60.79,Hibernating / Lost
cust_000303,2017-11-23,281,1,60.79,Potential Loyalists
cust_001039,2017-12-18,256,1,60.79,Potential Loyalists
cust_003925,2017-01-20,588,1,60.78,Hibernating / Lost
cust_016330,2017-05-27,461,1,60.77,At Risk (was frequent)
cust_018512,2016-05-02,851,1,60.77,At Risk (was frequent)
cust_018308,2017-06-20,437,1,60.77,At Risk (was frequent)
cust_014991,2018-01-22,221,2,60.74,Loyal Customers
cust_016654,2016-07-22,770,1,60.72,At Risk (was frequent)
cust_007191,2016-10-15,685,1,60.72,Hibernating / Lost
cust_010331,2016-02-27,916,1,60.71,Hibernating / Lost
cust_008974,2016-03-22,892,1,60.71,Hibernating / Lost
cust_013850,2017-12-24,250,1,60.7,Potential Loyalists
cust_010562,2017-11-09,295,1,60.68,Potential Loyalists
cust_018563,2017-07-06,421,1,60.67,At Risk (was frequent)
cust_011806,2016-06-23,799,1,60.64,Hibernating / Lost
cust_009584,2016-02-10,933,1,60.64,Hibernating / Lost
cust_007930,2017-01-04,604,1,60.62,Hibernating / Lost
cust_007591,2016-05-30,823,1,60.61,Hibernating / Lost
cust_018581,2016-11-12,657,1,60.61,At Risk (was frequent)
cust_018747,2016-12-25,614,2,60.6,At Risk (was frequent)
cust_004172,2017-07-08,419,1,60.59,Hibernating / Lost
cust_001806,2016-04-08,875,1,60.58,Hibernating / Lost
cust_007655,2017-08-28,368,1,60.55,Hibernating / Lost
cust_013264,2018-02-17,195,1,60.55,Potential Loyalists
cust_008362,2017-04-11,507,1,60.54,Hibernating / Lost
cust_002114,2016-02-26,917,1,60.53,Hibernating / Lost
cust_009444,2017-01-29,579,1,60.53,Hibernating / Lost
cust_001658,2018-02-26,186,1,60.49,Potential Loyalists
cust_004557,2017-09-08,357,1,60.48,Hibernating / Lost
cust_004177,2016-07-31,761,1,60.47,Hibernating / Lost
cust_002018,2017-10-28,307,2,60.46,Loyal Customers
cust_011347,2016-02-04,939,1,60.46,Hibernating / Lost
cust_007474,2017-07-23,404,2,60.45,At Risk (was frequent)
cust_009949,2017-08-15,381,1,60.41,Hibernating / Lost
cust_002989,2018-01-06,237,1,60.41,Potential Loyalists
cust_015494,2016-06-15,807,1,60.4,At Risk (was frequent)
cust_013856,2016-06-22,800,2,60.38,At Risk (was frequent)
cust_017293,2016-05-21,832,1,60.34,At Risk (was frequent)
cust_012545,2017-12-13,261,1,60.28,Potential Loyalists
cust_004597,2017-03-14,535,1,60.27,Hibernating / Lost
cust_007625,2016-02-21,922,1,60.25,Hibernating / Lost
cust_003791,2017-09-06,359,1,60.23,Hibernating / Lost
cust_004910,2016-10-23,677,1,60.22,Hibernating / Lost
cust_015387,2018-02-23,189,1,60.21,Loyal Customers
cust_005106,2017-03-09,540,2,60.18,At Risk (was frequent)
cust_000185,2018-02-10,202,1,60.12,Potential Loyalists
cust_001914,2017-11-08,296,2,60.12,Loyal Customers
cust_018577,2016-04-29,854,1,60.11,At Risk (was frequent)
cust_004663,2016-11-18,651,1,60.1,Hibernating / Lost
cust_013994,2016-11-18,651,1,60.1,Hibernating / Lost
cust_011667,2017-01-02,606,1,60.07,Hibernating / Lost
cust_012879,2017-12-25,249,1,60.07,Potential Loyalists
cust_016497,2017-08-17,379,1,60.06,At Risk (was frequent)
cust_006800,2017-11-28,276,1,60.03,Potential Loyalists
cust_004552,2016-10-31,669,1,60.01,Hibernating / Lost
cust_016047,2017-01-09,599,1,60.01,At Risk (was frequent)
cust_008985,2017-12-14,260,1,60.0,Potential Loyalists
cust_000578,2017-04-08,510,2,59.98,At Risk (was frequent)
cust_008846,2017-04-27,491,1,59.98,Hibernating / Lost
cust_000686,2016-05-29,824,1,59.98,Hibernating / Lost
cust_011020,2017-02-02,575,1,59.97,Hibernating / Lost
cust_011694,2017-10-10,325,1,59.97,Potential Loyalists
cust_012363,2016-11-16,653,1,59.96,Hibernating / Lost
cust_010497,2018-02-09,203,1,59.96,Potential Loyalists
cust_006594,2016-06-16,806,1,59.96,Hibernating / Lost
cust_018301,2016-07-28,764,1,59.94,At Risk (was frequent)
cust_006598,2017-06-06,451,1,59.9,Hibernating / Lost
cust_009728,2016-05-30,823,1,59.9,Hibernating / Lost
cust_012368,2016-12-09,630,1,59.89,Hibernating / Lost
cust_000312,2017-03-20,529,1,59.88,Hibernating / Lost
cust_011472,2017-03-28,521,1,59.87,Hibernating / Lost
cust_012225,2016-06-16,806,1,59.87,Hibernating / Lost
cust_005058,2017-01-25,583,1,59.86,Hibernating / Lost
cust_018305,2017-06-11,446,1,59.85,At Risk (was frequent)
cust_004376,2016-10-06,694,1,59.84,Hibernating / Lost
cust_007608,2016-11-14,655,1,59.83,Hibernating / Lost
cust_006231,2016-09-25,705,1,59.8,Hibernating / Lost
cust_014164,2018-02-01,211,1,59.79,Loyal Customers
cust_003409,2017-12-30,244,1,59.79,Potential Loyalists
cust_014433,2017-09-04,361,1,59.77,At Risk (was frequent)
cust_003426,2017-11-01,303,1,59.76,Potential Loyalists
cust_006626,2016-01-15,959,1,59.76,Hibernating / Lost
cust_017141,2017-01-15,593,1,59.76,At Risk (was frequent)
cust_016393,2017-05-28,460,1,59.72,At Risk (was frequent)
cust_005980,2016-05-18,835,1,59.72,Hibernating / Lost
cust_015220,2017-08-14,382,2,59.7,At Risk (was frequent)
cust_004592,2017-03-01,548,1,59.69,Hibernating / Lost
cust_009805,2017-04-05,513,1,59.68,Hibernating / Lost
cust_009879,2017-04-11,507,1,59.67,Hibernating / Lost
cust_001024,2016-01-01,973,1,59.67,Hibernating / Lost
cust_002915,2017-02-05,572,1,59.67,Hibernating / Lost
cust_003094,2017-12-03,271,1,59.67,Potential Loyalists
cust_004965,2016-11-02,667,1,59.63,Hibernating / Lost
cust_000671,2017-08-10,386,1,59.63,Hibernating / Lost
cust_013157,2016-04-03,880,1,59.61,Hibernating / Lost
cust_014438,2017-08-27,369,1,59.6,At Risk (was frequent)
cust_003214,2017-10-24,311,1,59.57,Potential Loyalists
cust_013289,2016-07-26,766,1,59.55,Hibernating / Lost
cust_017667,2016-10-16,684,1,59.55,At Risk (was frequent)
cust_008259,2017-12-07,267,1,59.54,Potential Loyalists
cust_017167,2017-07-18,409,1,59.54,At Risk (was frequent)
cust_003753,2017-11-02,302,1,59.53,Potential Loyalists
cust_018555,2016-03-13,901,1,59.52,At Risk (was frequent)
cust_003366,2016-08-25,736,1,59.52,Hibernating / Lost
cust_002476,2017-06-17,440,1,59.5,Hibernating / Lost
cust_000938,2017-01-28,580,1,59.48,Hibernating / Lost
cust_017317,2016-11-16,653,1,59.47,At Risk (was frequent)
cust_004380,2016-05-27,826,1,59.46,Hibernating / Lost
cust_002942,2018-02-16,196,1,59.45,Potential Loyalists
cust_008163,2017-07-08,419,1,59.43,Hibernating / Lost
cust_015459,2018-02-10,202,1,59.43,Loyal Customers
cust_017171,2017-11-06,298,1,59.41,Loyal Customers
cust_013523,2016-11-19,650,1,59.41,Hibernating / Lost
cust_011030,2017-08-05,391,2,59.38,At Risk (was frequent)
cust_011728,2016-11-10,659,1,59.37,Hibernating / Lost
cust_002662,2018-02-24,188,1,59.36,Potential Loyalists
cust_005059,2017-08-16,380,1,59.35,Hibernating / Lost
cust_008815,2016-01-10,964,1,59.35,Hibernating / Lost
cust_010082,2017-09-17,348,1,59.34,Hibernating / Lost
cust_005260,2016-06-12,810,1,59.31,Hibernating / Lost
cust_003734,2016-10-10,690,1,59.31,Hibernating / Lost
cust_017194,2016-11-20,649,2,59.31,At Risk (was frequent)
cust_002581,2017-05-08,480,1,59.3,Hibernating / Lost
cust_005983,2016-06-11,811,1,59.29,Hibernating / Lost
cust_011238,2017-09-28,337,1,59.28,Potential Loyalists
cust_013993,2017-08-06,390,1,59.26,Hibernating / Lost
cust_016727,2017-11-12,292,1,59.26,Loyal Customers
cust_011098,2017-09-13,352,1,59.25,Hibernating / Lost
cust_012012,2018-01-21,222,1,59.24,Potential Loyalists
cust_018031,2017-05-20,468,1,59.21,At Risk (was frequent)
cust_003508,2017-04-21,497,1,59.19,Hibernating / Lost
cust_006558,2017-11-19,285,1,59.19,Potential Loyalists
cust_017791,2017-08-06,390,1,59.19,At Risk (was frequent)
cust_011607,2016-11-24,645,1,59.16,Hibernating / Lost
cust_015865,2017-01-04,604,1,59.1,At Risk (was frequent)
cust_007050,2016-12-02,637,1,59.1,Hibernating / Lost
cust_018450,2016-07-18,774,1,59.09,At Risk (was frequent)
cust_006905,2016-01-18,956,1,59.06,Hibernating / Lost
cust_014543,2016-07-24,768,1,59.06,At Risk (was frequent)
cust_000076,2016-03-28,886,1,59.05,Hibernating / Lost
cust_005103,2016-01-16,958,1,59.04,Hibernating / Lost
cust_007717,2016-01-09,965,1,59.03,Hibernating / Lost
cust_011252,2017-03-27,522,1,59.02,Hibernating / Lost
cust_014178,2017-12-17,257,1,59.01,Loyal Customers
cust_010282,2017-08-10,386,1,59.0,Hibernating / Lost
cust_016992,2016-12-27,612,1,59.0,At Risk (was frequent)
cust_000561,2017-05-27,461,1,58.98,Hibernating / Lost
cust_017234,2016-12-24,615,1,58.98,At Risk (was frequent)
cust_005119,2017-07-04,423,1,58.95,Hibernating / Lost
cust_017596,2016-11-02,667,1,58.95,At Risk (was frequent)
cust_007460,2016-12-20,619,1,58.94,Hibernating / Lost
cust_007855,2016-01-22,952,1,58.93,Hibernating / Lost
cust_013607,2017-07-10,417,1,58.93,Hibernating / Lost
cust_008167,2016-06-28,794,1,58.93,Hibernating / Lost
cust_018878,2018-01-24,219,1,58.93,Loyal Customers
cust_013773,2017-02-20,557,1,58.92,Hibernating / Lost
cust_017109,2017-08-07,389,1,58.92,At Risk (was frequent)
cust_011073,2016-02-09,934,1,58.89,Hibernating / Lost
cust_000882,2016-12-14,625,1,58.89,Hibernating / Lost
cust_009073,2018-01-03,240,1,58.85,Potential Loyalists
cust_012823,2016-04-30,853,1,58.85,Hibernating / Lost
cust_004786,2017-01-29,579,2,58.84,At Risk (was frequent)
cust_016063,2017-06-18,439,1,58.77,At Risk (was frequent)
cust_007877,2017-08-26,370,1,58.76,Hibernating / Lost
cust_005140,2017-12-24,250,1,58.74,Potential Loyalists
cust_007351,2016-03-26,888,1,58.73,Hibernating / Lost
cust_012352,2016-11-28,641,1,58.68,Hibernating / Lost
cust_011980,2018-02-21,191,2,58.67,Loyal Customers
cust_014887,2016-12-23,616,1,58.66,At Risk (was frequent)
cust_012139,2017-12-15,259,1,58.66,Potential Loyalists
cust_015586,2017-12-02,272,1,58.64,Loyal Customers
cust_017245,2016-12-18,621,1,58.63,At Risk (was frequent)
cust_018087,2017-10-31,304,1,58.6,Loyal Customers
cust_001517,2017-12-05,269,1,58.58,Potential Loyalists
cust_002625,2017-11-25,279,1,58.58,Potential Loyalists
cust_013494,2017-05-19,469,1,58.56,Hibernating / Lost
cust_005211,2017-09-15,350,1,58.53,Hibernating / Lost
cust_018182,2017-03-08,541,2,58.51,At Risk (was frequent)
cust_018809,2017-12-03,271,1,58.51,Loyal Customers
cust_018168,2017-09-11,354,1,58.5,At Risk (was frequent)
cust_000468,2016-04-14,869,1,58.5,Hibernating / Lost
cust_014709,2017-11-14,290,1,58.49,Loyal Customers
cust_018306,2017-07-23,404,2,58.49,At Risk (was frequent)
cust_012372,2017-07-20,407,1,58.48,Hibernating / Lost
cust_001339,2016-08-19,742,1,58.48,Hibernating / Lost
cust_007437,2016-03-18,896,1,58.45,Hibernating / Lost
cust_017875,2017-04-05,513,1,58.44,At Risk (was frequent)
cust_012432,2016-12-02,637,1,58.44,Hibernating / Lost
cust_007316,2018-02-22,190,2,58.43,Loyal Customers
cust_008516,2017-05-08,480,1,58.42,Hibernating / Lost
cust_008278,2017-07-13,414,2,58.39,At Risk (was frequent)
cust_004900,2016-03-25,889,1,58.38,Hibernating / Lost
cust_008988,2017-11-17,287,1,58.37,Potential Loyalists
cust_005172,2017-10-10,325,1,58.37,Potential Loyalists
cust_012866,2017-11-02,302,2,58.36,Loyal Customers
cust_011746,2016-01-17,957,1,58.35,Hibernating / Lost
cust_011414,2018-03-03,181,2,58.35,Loyal Customers
cust_006817,2017-09-01,364,1,58.34,Hibernating / Lost
cust_018021,2016-12-24,615,1,58.34,At Risk (was frequent)
cust_009504,2017-09-14,351,1,58.34,Hibernating / Lost
cust_011619,2017-08-12,384,1,58.31,Hibernating / Lost
cust_012377,2017-07-20,407,1,58.3,Hibernating / Lost
cust_009704,2017-10-13,322,1,58.28,Potential Loyalists
cust_015031,2016-03-08,906,1,58.26,At Risk (was frequent)
cust_004599,2017-07-12,415,1,58.26,Hibernating / Lost
cust_014782,2016-11-01,668,1,58.25,At Risk (was frequent)
cust_017949,2017-03-10,539,1,58.24,At Risk (was frequent)
cust_017022,2016-05-24,829,1,58.2,At Risk (was frequent)
cust_011915,2016-09-28,702,1,58.18,Hibernating / Lost
cust_005994,2017-01-08,600,1,58.17,Hibernating / Lost
cust_017998,2017-02-07,570,1,58.14,At Risk (was frequent)
cust_004031,2016-01-24,950,1,58.12,Hibernating / Lost
cust_015843,2017-07-05,422,1,58.09,At Risk (was frequent)
cust_014091,2017-11-05,299,1,58.08,Loyal Customers
cust_005778,2017-07-16,411,1,58.05,Hibernating / Lost
cust_013159,2016-04-12,871,1,58.03,Hibernating / Lost
cust_014613,2017-03-29,520,1,58.02,At Risk (was frequent)
cust_009290,2018-01-07,236,1,58.01,Potential Loyalists
cust_001986,2017-07-26,401,2,58.01,At Risk (was frequent)
cust_000126,2016-12-11,628,2,57.99,At Risk (was frequent)
cust_007024,2017-11-20,284,1,57.99,Potential Loyalists
cust_009777,2017-10-28,307,1,57.96,Potential Loyalists
cust_002691,2016-10-28,672,1,57.95,Hibernating / Lost
cust_007342,2016-10-14,686,1,57.95,Hibernating / Lost
cust_004850,2016-11-13,656,1,57.94,Hibernating / Lost
cust_017513,2016-12-18,621,1,57.93,At Risk (was frequent)
cust_016202,2017-01-23,585,1,57.92,At Risk (was frequent)
cust_010810,2016-10-29,671,1,57.91,Hibernating / Lost
cust_007224,2017-08-05,391,1,57.88,Hibernating / Lost
cust_015789,2017-03-10,539,1,57.88,At Risk (was frequent)
cust_009544,2016-01-23,951,1,57.87,Hibernating / Lost
cust_012137,2017-06-25,432,1,57.87,Hibernating / Lost
cust_000282,2017-06-25,432,2,57.86,At Risk (was frequent)
cust_015197,2018-01-10,233,1,57.84,Loyal Customers
cust_010772,2016-07-27,765,1,57.84,Hibernating / Lost
cust_002522,2017-12-30,244,1,57.83,Potential Loyalists
cust_005522,2018-02-28,184,1,57.81,Potential Loyalists
cust_016696,2017-11-22,282,1,57.81,Loyal Customers
cust_010198,2016-06-21,801,1,57.81,Hibernating / Lost
cust_009645,2017-05-16,472,2,57.78,At Risk (was frequent)
cust_006867,2018-03-03,181,1,57.77,Potential Loyalists
cust_008598,2017-04-20,498,1,57.76,Hibernating / Lost
cust_011084,2017-06-01,456,1,57.75,Hibernating / Lost
cust_003870,2016-05-14,839,1,57.74,Hibernating / Lost
cust_014432,2017-12-30,244,1,57.73,Loyal Customers
cust_015128,2016-07-25,767,2,57.73,At Risk (was frequent)
cust_001755,2017-10-19,316,1,57.72,Potential Loyalists
cust_011730,2016-11-05,664,1,57.71,Hibernating / Lost
cust_000314,2017-03-11,538,1,57.7,Hibernating / Lost
cust_014772,2016-02-01,942,1,57.7,At Risk (was frequent)
cust_014325,2017-09-20,345,1,57.69,At Risk (was frequent)
cust_012815,2017-09-19,346,1,57.68,Hibernating / Lost
cust_010618,2016-12-14,625,1,57.67,Hibernating / Lost
cust_011367,2017-11-26,278,1,57.64,Potential Loyalists
cust_012800,2016-10-19,681,1,57.63,Hibernating / Lost
cust_004064,2016-06-06,816,1,57.6,Hibernating / Lost
cust_013360,2016-09-26,704,1,57.58,Hibernating / Lost
cust_012741,2016-08-08,753,1,57.57,Hibernating / Lost
cust_006879,2018-02-14,198,1,57.56,Potential Loyalists
cust_008486,2018-02-19,193,1,57.56,Potential Loyalists
cust_009592,2018-02-03,209,1,57.53,Potential Loyalists
cust_004692,2016-07-22,770,1,57.49,Hibernating / Lost
cust_011576,2017-10-21,314,1,57.47,Potential Loyalists
cust_017799,2017-03-30,519,1,57.43,At Risk (was frequent)
cust_001752,2016-04-10,873,1,57.39,Hibernating / Lost
cust_005838,2016-06-18,804,1,57.35,Hibernating / Lost
cust_008097,2016-07-17,775,1,57.35,Hibernating / Lost
cust_004212,2017-04-28,490,1,57.35,Hibernating / Lost
cust_015242,2016-02-19,924,1,57.32,At Risk (was frequent)
cust_016033,2017-09-11,354,1,57.32,At Risk (was frequent)
cust_016577,2016-11-29,640,1,57.3,At Risk (was frequent)
cust_008427,2017-11-06,298,1,57.29,Potential Loyalists
cust_005063,2017-11-21,283,1,57.27,Potential Loyalists
cust_006093,2017-10-06,329,1,57.25,Potential Loyalists
cust_015490,2017-12-10,264,1,57.23,Loyal Customers
cust_005508,2017-06-13,444,1,57.23,Hibernating / Lost
cust_012864,2016-09-08,722,1,57.2,Hibernating / Lost
cust_004229,2017-12-12,262,1,57.19,Potential Loyalists
cust_017590,2017-10-09,326,1,57.18,Loyal Customers
cust_018727,2016-11-29,640,2,57.15,At Risk (was frequent)
cust_007430,2017-09-22,343,1,57.15,Hibernating / Lost
cust_011202,2017-12-09,265,1,57.14,Potential Loyalists
cust_001068,2016-07-31,761,1,57.13,Hibernating / Lost
cust_007992,2017-02-06,571,1,57.12,Hibernating / Lost
cust_018036,2018-02-26,186,1,57.12,Loyal Customers
cust_014345,2017-06-20,437,1,57.11,At Risk (was frequent)
cust_017943,2017-12-13,261,1,57.09,Loyal Customers
cust_018124,2016-12-24,615,1,57.08,At Risk (was frequent)
cust_007624,2017-12-09,265,1,57.06,Potential Loyalists
cust_010379,2017-09-09,356,1,57.06,Hibernating / Lost
cust_008918,2017-04-26,492,1,57.03,Hibernating / Lost
cust_008159,2016-09-28,702,1,57.02,Hibernating / Lost
cust_010965,2016-03-20,894,1,57.02,Hibernating / Lost
cust_003682,2016-06-24,798,1,57.02,Hibernating / Lost
cust_008426,2016-07-08,784,1,57.02,Hibernating / Lost
cust_004889,2017-08-14,382,1,56.99,Hibernating / Lost
cust_017716,2017-08-01,395,1,56.98,At Risk (was frequent)
cust_001030,2017-12-19,255,1,56.98,Potential Loyalists
cust_006978,2017-12-05,269,2,56.96,Loyal Customers
cust_009827,2017-03-20,529,1,56.93,Hibernating / Lost
cust_015489,2016-12-14,625,1,56.93,At Risk (was frequent)
cust_003509,2016-02-16,927,1,56.92,Hibernating / Lost
cust_010161,2017-11-01,303,1,56.92,Potential Loyalists
cust_010817,2016-07-25,767,1,56.9,Hibernating / Lost
cust_008321,2017-03-02,547,1,56.89,Hibernating / Lost
cust_003286,2017-09-19,346,1,56.87,Hibernating / Lost
cust_015781,2016-11-24,645,1,56.85,At Risk (was frequent)
cust_009274,2017-10-04,331,1,56.83,Potential Loyalists
cust_017550,2016-03-16,898,1,56.8,At Risk (was frequent)
cust_013130,2017-10-30,305,2,56.8,Loyal Customers
cust_012906,2018-02-05,207,1,56.77,Potential Loyalists
cust_003002,2017-03-27,522,1,56.76,Hibernating / Lost
cust_003561,2017-04-18,500,1,56.76,Hibernating / Lost
cust_003935,2017-07-13,414,1,56.74,Hibernating / Lost
cust_000066,2018-02-03,209,1,56.73,Potential Loyalists
cust_001090,2017-05-03,485,1,56.72,Hibernating / Lost
cust_011602,2018-03-01,183,1,56.69,Potential Loyalists
cust_012843,2017-04-20,498,1,56.69,Hibernating / Lost
cust_014184,2017-06-11,446,1,56.68,At Risk (was frequent)
cust_007100,2017-12-28,246,1,56.68,Potential Loyalists
cust_004411,2016-04-18,865,1,56.67,Hibernating / Lost
cust_011820,2017-04-11,507,1,56.65,Hibernating / Lost
cust_007473,2016-11-13,656,2,56.64,At Risk (was frequent)
cust_009607,2016-05-11,842,1,56.64,Hibernating / Lost
cust_001313,2018-03-01,183,1,56.61,Potential Loyalists
cust_012477,2017-11-06,298,1,56.61,Potential Loyalists
cust_016820,2016-12-15,624,1,56.6,At Risk (was frequent)
cust_003745,2017-08-14,382,1,56.59,Hibernating / Lost
cust_002440,2016-09-12,718,1,56.58,Hibernating / Lost
cust_017923,2016-09-07,723,1,56.56,At Risk (was frequent)
cust_002561,2018-01-13,230,1,56.56,Potential Loyalists
cust_007272,2016-03-21,893,1,56.55,Hibernating / Lost
cust_016054,2016-11-14,655,1,56.54,At Risk (was frequent)
cust_001500,2017-05-07,481,1,56.49,Hibernating / Lost
cust_003124,2017-12-07,267,1,56.49,Potential Loyalists
cust_000269,2017-06-22,435,1,56.49,Hibernating / Lost
cust_014966,2017-12-19,255,1,56.47,Loyal Customers
cust_013855,2016-12-18,621,1,56.46,Hibernating / Lost
cust_013941,2017-06-27,430,1,56.45,Hibernating / Lost
cust_001929,2017-12-16,258,1,56.45,Potential Loyalists
cust_014811,2017-12-29,245,1,56.45,Loyal Customers
cust_000383,2017-05-15,473,1,56.45,Hibernating / Lost
cust_005453,2016-10-19,681,1,56.45,Hibernating / Lost
cust_014288,2017-09-29,336,1,56.44,Loyal Customers
cust_001656,2016-11-19,650,1,56.44,Hibernating / Lost
cust_004364,2017-11-08,296,1,56.42,Potential Loyalists
cust_002749,2017-07-31,396,1,56.42,Hibernating / Lost
cust_011631,2016-06-28,794,1,56.41,Hibernating / Lost
cust_005567,2016-01-11,963,1,56.39,Hibernating / Lost
cust_011679,2017-04-30,488,1,56.37,Hibernating / Lost
cust_017013,2017-05-01,487,1,56.37,At Risk (was frequent)
cust_011056,2017-11-15,289,1,56.36,Potential Loyalists
cust_011966,2016-05-31,822,1,56.33,Hibernating / Lost
cust_014982,2017-05-10,478,2,56.3,At Risk (was frequent)
cust_017015,2017-12-23,251,2,56.29,Loyal Customers
cust_014332,2018-02-04,208,1,56.27,Loyal Customers
cust_006262,2016-04-24,859,1,56.25,Hibernating / Lost
cust_012764,2016-10-11,689,1,56.23,Hibernating / Lost
cust_006411,2017-11-12,292,1,56.22,Potential Loyalists
cust_007660,2016-04-15,868,1,56.22,Hibernating / Lost
cust_011425,2016-12-17,622,1,56.21,Hibernating / Lost
cust_003929,2016-07-11,781,1,56.21,Hibernating / Lost
cust_014490,2016-08-04,757,1,56.19,At Risk (was frequent)
cust_015335,2016-09-28,702,1,56.18,At Risk (was frequent)
cust_001349,2017-12-05,269,1,56.18,Potential Loyalists
cust_005124,2017-12-02,272,1,56.16,Potential Loyalists
cust_014609,2017-02-05,572,1,56.12,At Risk (was frequent)
cust_008180,2016-12-28,611,1,56.11,Hibernating / Lost
cust_013998,2016-05-16,837,1,56.11,Hibernating / Lost
cust_008040,2017-10-21,314,1,56.08,Potential Loyalists
cust_011882,2017-09-26,339,1,56.05,Potential Loyalists
cust_006274,2017-08-16,380,2,56.03,At Risk (was frequent)
cust_011110,2016-02-04,939,1,56.03,Hibernating / Lost
cust_004513,2016-03-03,911,1,56.03,Hibernating / Lost
cust_017971,2018-02-17,195,1,56.02,Loyal Customers
cust_007290,2016-11-15,654,2,56.01,At Risk (was frequent)
cust_003598,2018-02-09,203,1,56.0,Potential Loyalists
cust_012356,2016-10-17,683,1,55.99,Hibernating / Lost
cust_014081,2016-07-04,788,1,55.98,At Risk (was frequent)
cust_009960,2017-03-03,546,1,55.94,Hibernating / Lost
cust_006344,2017-05-19,469,1,55.92,Hibernating / Lost
cust_014230,2017-12-19,255,1,55.87,Loyal Customers
cust_007393,2016-11-28,641,1,55.85,Hibernating / Lost
cust_000574,2017-06-08,449,1,55.84,Hibernating / Lost
cust_002781,2017-08-11,385,1,55.82,Hibernating / Lost
cust_006642,2016-07-12,780,1,55.8,Hibernating / Lost
cust_018190,2016-03-16,898,1,55.8,At Risk (was frequent)
cust_002031,2016-11-11,658,1,55.79,Hibernating / Lost
cust_014448,2017-06-21,436,1,55.77,At Risk (was frequent)
cust_005975,2017-04-12,506,1,55.76,Hibernating / Lost
cust_009520,2017-12-20,254,1,55.73,Potential Loyalists
cust_004761,2017-10-27,308,1,55.73,Potential Loyalists
cust_001240,2016-12-25,614,1,55.72,Hibernating / Lost
cust_009225,2017-02-21,556,1,55.7,Hibernating / Lost
cust_008328,2016-12-23,616,1,55.69,Hibernating / Lost
cust_009369,2018-01-06,237,1,55.67,Potential Loyalists
cust_010077,2016-07-04,788,1,55.67,Hibernating / Lost
cust_004625,2016-08-15,746,1,55.66,Hibernating / Lost
cust_006089,2017-12-14,260,1,55.65,Potential Loyalists
cust_006333,2018-02-09,203,1,55.64,Potential Loyalists
cust_017478,2017-11-03,301,1,55.63,Loyal Customers
cust_016187,2017-05-29,459,1,55.63,At Risk (was frequent)
cust_013919,2016-11-27,642,1,55.62,Hibernating / Lost
cust_006911,2016-12-05,634,2,55.61,At Risk (was frequent)
cust_007570,2016-06-08,814,1,55.61,Hibernating / Lost
cust_006220,2018-02-01,211,1,55.59,Potential Loyalists
cust_012185,2016-11-16,653,1,55.59,Hibernating / Lost
cust_005960,2016-01-29,945,1,55.57,Hibernating / Lost
cust_014414,2016-12-21,618,1,55.56,At Risk (was frequent)
cust_018711,2016-09-03,727,1,55.55,At Risk (was frequent)
cust_013964,2016-11-19,650,1,55.55,Hibernating / Lost
cust_018255,2017-09-15,350,1,55.53,At Risk (was frequent)
cust_006303,2017-11-02,302,1,55.52,Potential Loyalists
cust_011313,2016-06-13,809,1,55.52,Hibernating / Lost
cust_002652,2017-05-11,477,1,55.52,Hibernating / Lost
cust_015648,2016-03-21,893,1,55.51,At Risk (was frequent)
cust_013596,2017-08-14,382,1,55.48,Hibernating / Lost
cust_011652,2016-04-09,874,1,55.45,Hibernating / Lost
cust_016433,2016-05-29,824,1,55.44,At Risk (was frequent)
cust_017548,2017-06-02,455,1,55.44,At Risk (was frequent)
cust_012683,2017-09-09,356,1,55.44,Hibernating / Lost
cust_016723,2016-10-25,675,1,55.42,At Risk (was frequent)
cust_000412,2018-02-27,185,1,55.42,Potential Loyalists
cust_002654,2017-05-05,483,1,55.35,Hibernating / Lost
cust_005549,2016-06-01,821,1,55.34,Hibernating / Lost
cust_003396,2016-07-14,778,1,55.34,Hibernating / Lost
cust_015053,2016-12-01,638,1,55.32,At Risk (was frequent)
cust_015544,2017-11-20,284,1,55.31,Loyal Customers
cust_007455,2016-09-08,722,1,55.31,Hibernating / Lost
cust_017586,2016-10-13,687,1,55.27,At Risk (was frequent)
cust_017332,2017-02-24,553,2,55.26,At Risk (was frequent)
cust_012434,2017-11-13,291,1,55.24,Potential Loyalists
cust_001215,2017-12-21,253,1,55.24,Potential Loyalists
cust_014357,2016-12-05,634,1,55.23,At Risk (was frequent)
cust_011397,2017-12-09,265,1,55.22,Potential Loyalists
cust_013778,2016-11-24,645,1,55.22,Hibernating / Lost
cust_018838,2017-09-10,355,2,55.21,At Risk (was frequent)
cust_008209,2017-10-02,333,1,55.21,Potential Loyalists
cust_005110,2017-08-03,393,1,55.21,Hibernating / Lost
cust_003251,2016-11-17,652,1,55.2,Hibernating / Lost
cust_018576,2017-08-31,365,1,55.16,At Risk (was frequent)
cust_008788,2017-11-29,275,1,55.16,Potential Loyalists
cust_018272,2018-01-18,225,2,55.15,Loyal Customers
cust_000927,2017-03-02,547,1,55.15,Hibernating / Lost
cust_006724,2017-07-24,403,1,55.15,Hibernating / Lost
cust_004932,2017-11-07,297,1,55.15,Potential Loyalists
cust_012778,2017-12-02,272,1,55.14,Potential Loyalists
cust_001209,2016-03-15,899,1,55.14,Hibernating / Lost
cust_008047,2016-07-15,777,1,55.13,Hibernating / Lost
cust_000705,2017-08-10,386,1,55.12,Hibernating / Lost
cust_018945,2016-08-07,754,1,55.11,At Risk (was frequent)
cust_000764,2017-07-26,401,1,55.1,Hibernating / Lost
cust_006564,2017-09-01,364,1,55.1,Hibernating / Lost
cust_006279,2016-03-28,886,1,55.09,Hibernating / Lost
cust_010687,2017-01-19,589,1,55.09,Hibernating / Lost
cust_014113,2016-04-29,854,1,55.09,At Risk (was frequent)
cust_013948,2016-02-20,923,1,55.08,Hibernating / Lost
cust_015848,2017-06-20,437,2,55.08,At Risk (was frequent)
cust_017123,2016-11-13,656,1,55.05,At Risk (was frequent)
cust_009379,2018-03-02,182,1,55.04,Potential Loyalists
cust_001259,2017-05-06,482,1,55.04,Hibernating / Lost
cust_004140,2016-08-27,734,1,55.04,Hibernating / Lost
cust_012571,2016-07-24,768,1,55.03,Hibernating / Lost
cust_016742,2016-07-05,787,1,55.01,At Risk (was frequent)
cust_002746,2016-12-31,608,1,54.99,Hibernating / Lost
cust_003316,2018-01-07,236,1,54.98,Potential Loyalists
cust_013422,2017-02-25,552,1,54.98,Hibernating / Lost
cust_016139,2017-10-07,328,1,54.97,Loyal Customers
cust_014367,2016-10-27,673,1,54.96,At Risk (was frequent)
cust_016495,2017-01-27,581,1,54.96,At Risk (was frequent)
cust_016708,2017-08-28,368,1,54.95,At Risk (was frequent)
cust_002525,2017-12-22,252,1,54.94,Potential Loyalists
cust_015522,2018-03-03,181,1,54.94,Loyal Customers
cust_005396,2016-12-16,623,1,54.93,Hibernating / Lost
cust_001969,2016-10-27,673,1,54.93,Hibernating / Lost
cust_014255,2017-07-11,416,1,54.91,At Risk (was frequent)
cust_018569,2017-04-25,493,1,54.91,At Risk (was frequent)
cust_003653,2016-08-29,732,1,54.9,Hibernating / Lost
cust_018548,2018-01-15,228,2,54.87,Loyal Customers
cust_006775,2016-08-05,756,1,54.86,Hibernating / Lost
cust_016731,2016-11-25,644,1,54.86,At Risk (was frequent)
cust_002690,2016-05-09,844,1,54.85,Hibernating / Lost
cust_016328,2017-08-30,366,1,54.85,At Risk (was frequent)
cust_001816,2017-01-08,600,1,54.84,Hibernating / Lost
cust_012806,2017-03-29,520,1,54.84,Hibernating / Lost
cust_003231,2017-10-30,305,1,54.78,Potential Loyalists
cust_000885,2017-10-13,322,1,54.78,Potential Loyalists
cust_017762,2018-01-24,219,1,54.75,Loyal Customers
cust_001377,2017-01-14,594,1,54.74,Hibernating / Lost
cust_002956,2016-09-14,716,1,54.71,Hibernating / Lost
cust_017029,2017-04-07,511,1,54.69,At Risk (was frequent)
cust_001727,2016-12-10,629,1,54.66,Hibernating / Lost
cust_010106,2016-12-11,628,1,54.66,Hibernating / Lost
cust_018215,2017-01-01,607,1,54.64,At Risk (was frequent)
cust_015298,2017-02-05,572,1,54.62,At Risk (was frequent)
cust_006016,2017-09-12,353,1,54.62,Hibernating / Lost
cust_016935,2017-09-07,358,1,54.61,At Risk (was frequent)
cust_000411,2017-09-22,343,1,54.61,Hibernating / Lost
cust_007214,2017-05-24,464,1,54.6,Hibernating / Lost
cust_004960,2016-03-01,913,1,54.59,Hibernating / Lost
cust_014840,2016-05-06,847,1,54.56,At Risk (was frequent)
cust_018332,2016-03-06,908,1,54.52,At Risk (was frequent)
cust_016386,2016-07-02,790,1,54.5,At Risk (was frequent)
cust_006426,2016-10-20,680,1,54.49,Hibernating / Lost
cust_008586,2017-06-18,439,1,54.48,Hibernating / Lost
cust_018700,2017-05-19,469,1,54.48,At Risk (was frequent)
cust_010471,2017-04-09,509,1,54.44,Hibernating / Lost
cust_000034,2016-09-11,719,1,54.41,Hibernating / Lost
cust_011852,2016-07-20,772,1,54.4,Hibernating / Lost
cust_014336,2016-12-10,629,2,54.4,At Risk (was frequent)
cust_016574,2017-06-22,435,1,54.39,At Risk (was frequent)
cust_017583,2016-09-16,714,1,54.38,At Risk (was frequent)
cust_005174,2018-02-02,210,1,54.38,Potential Loyalists
cust_014558,2016-02-22,921,1,54.36,At Risk (was frequent)
cust_002582,2017-11-12,292,1,54.33,Potential Loyalists
cust_003144,2016-08-17,744,1,54.32,Hibernating / Lost
cust_000527,2017-12-30,244,1,54.31,Potential Loyalists
cust_001220,2017-11-10,294,1,54.27,Potential Loyalists
cust_015941,2017-04-06,512,1,54.26,At Risk (was frequent)
cust_001264,2016-05-01,852,1,54.25,Hibernating / Lost
cust_013232,2017-01-27,581,1,54.25,Hibernating / Lost
cust_002451,2016-08-09,752,1,54.25,Hibernating / Lost
cust_007644,2017-11-09,295,1,54.24,Potential Loyalists
cust_013339,2016-11-14,655,1,54.23,Hibernating / Lost
cust_006369,2017-10-21,314,1,54.22,Potential Loyalists
cust_009309,2017-06-04,453,1,54.2,Hibernating / Lost
cust_010845,2017-11-27,277,1,54.2,Potential Loyalists
cust_013205,2018-02-04,208,1,54.18,Potential Loyalists
cust_000166,2016-12-20,619,1,54.18,Hibernating / Lost
cust_014666,2016-12-15,624,1,54.16,At Risk (was frequent)
cust_007879,2016-11-14,655,1,54.12,Hibernating / Lost
cust_015087,2016-10-31,669,1,54.11,At Risk (was frequent)
cust_018755,2017-11-10,294,1,54.1,Loyal Customers
cust_003709,2017-06-27,430,1,54.08,Hibernating / Lost
cust_017519,2017-11-10,294,1,54.08,Loyal Customers
cust_018455,2017-12-08,266,1,54.07,Loyal Customers
cust_011013,2017-08-04,392,1,54.07,Hibernating / Lost
cust_011841,2016-08-26,735,1,54.06,Hibernating / Lost
cust_004816,2016-07-26,766,1,54.0,Hibernating / Lost
cust_005864,2017-09-10,355,1,53.99,Hibernating / Lost
cust_004674,2017-11-22,282,1,53.98,Potential Loyalists
cust_005031,2016-09-15,715,2,53.97,At Risk (was frequent)
cust_007453,2016-07-27,765,1,53.93,Hibernating / Lost
cust_016917,2016-02-17,926,1,53.92,At Risk (was frequent)
cust_001058,2017-10-15,320,1,53.92,Potential Loyalists
cust_012945,2016-04-08,875,1,53.92,Hibernating / Lost
cust_002058,2017-06-11,446,1,53.88,Hibernating / Lost
cust_010511,2017-03-04,545,1,53.88,Hibernating / Lost
cust_012833,2016-01-23,951,1,53.87,Hibernating / Lost
cust_007211,2016-01-18,956,1,53.85,Hibernating / Lost
cust_001844,2016-05-04,849,1,53.85,Hibernating / Lost
cust_013460,2017-12-15,259,1,53.84,Potential Loyalists
cust_005449,2016-08-29,732,1,53.83,Hibernating / Lost
cust_005464,2016-04-10,873,1,53.79,Hibernating / Lost
cust_014246,2017-02-10,567,1,53.78,At Risk (was frequent)
cust_009364,2016-11-12,657,1,53.77,Hibernating / Lost
cust_015660,2016-11-09,660,1,53.77,At Risk (was frequent)
cust_000327,2016-10-20,680,2,53.76,At Risk (was frequent)
cust_016110,2016-09-29,701,1,53.76,At Risk (was frequent)
cust_011623,2017-12-22,252,1,53.75,Potential Loyalists
cust_003855,2016-01-17,957,1,53.72,Hibernating / Lost
cust_014522,2017-06-20,437,1,53.72,At Risk (was frequent)
cust_005527,2016-02-09,934,1,53.7,Hibernating / Lost
cust_008089,2017-11-07,297,1,53.7,Potential Loyalists
cust_006425,2017-01-18,590,1,53.67,Hibernating / Lost
cust_008657,2017-06-24,433,2,53.67,At Risk (was frequent)
cust_018290,2017-10-31,304,1,53.66,Loyal Customers
cust_000205,2016-11-24,645,1,53.65,Hibernating / Lost
cust_015712,2017-11-04,300,1,53.65,Loyal Customers
cust_017593,2017-05-09,479,1,53.63,At Risk (was frequent)
cust_011808,2017-03-12,537,1,53.63,Hibernating / Lost
cust_002723,2017-02-01,576,2,53.62,At Risk (was frequent)
cust_004892,2017-12-13,261,1,53.61,Potential Loyalists
cust_014123,2016-12-21,618,2,53.6,At Risk (was frequent)
cust_000503,2017-10-20,315,1,53.59,Potential Loyalists
cust_018532,2016-11-20,649,1,53.59,At Risk (was frequent)
cust_000905,2017-10-02,333,1,53.59,Potential Loyalists
cust_000358,2017-06-18,439,1,53.58,Hibernating / Lost
cust_016196,2017-07-16,411,1,53.55,At Risk (was frequent)
cust_009863,2017-05-10,478,1,53.55,Hibernating / Lost
cust_003626,2017-09-06,359,2,53.53,At Risk (was frequent)
cust_005717,2017-01-15,593,1,53.52,Hibernating / Lost
cust_014639,2017-12-14,260,1,53.51,Loyal Customers
cust_001611,2017-05-17,471,1,53.51,Hibernating / Lost
cust_007254,2016-05-07,846,1,53.51,Hibernating / Lost
cust_017937,2017-11-25,279,1,53.49,Loyal Customers
cust_007075,2017-11-26,278,1,53.47,Potential Loyalists
cust_014059,2017-07-04,423,1,53.46,At Risk (was frequent)
cust_002373,2016-05-19,834,1,53.46,Hibernating / Lost
cust_013718,2018-02-21,191,2,53.45,Loyal Customers
cust_011423,2017-08-19,377,1,53.44,Hibernating / Lost
cust_000260,2016-07-11,781,1,53.44,Hibernating / Lost
cust_018847,2016-02-25,918,1,53.43,At Risk (was frequent)
cust_003569,2017-03-12,537,1,53.41,Hibernating / Lost
cust_018376,2017-03-22,527,1,53.4,At Risk (was frequent)
cust_015413,2016-05-25,828,1,53.39,At Risk (was frequent)
cust_014865,2016-07-17,775,1,53.38,At Risk (was frequent)
cust_001718,2018-01-06,237,1,53.37,Potential Loyalists
cust_012977,2016-03-29,885,1,53.35,Hibernating / Lost
cust_014352,2016-07-07,785,1,53.35,At Risk (was frequent)
cust_016814,2016-03-14,900,1,53.32,At Risk (was frequent)
cust_007260,2017-12-09,265,1,53.31,Potential Loyalists
cust_009401,2016-11-05,664,1,53.3,Hibernating / Lost
cust_006392,2016-09-15,715,2,53.3,At Risk (was frequent)
cust_008244,2016-02-19,924,1,53.3,Hibernating / Lost
cust_014892,2018-01-12,231,1,53.28,Loyal Customers
cust_016027,2017-07-18,409,1,53.27,At Risk (was frequent)
cust_018892,2017-12-08,266,2,53.27,Loyal Customers
cust_015093,2016-05-14,839,1,53.26,At Risk (was frequent)
cust_006092,2016-12-07,632,1,53.22,Hibernating / Lost
cust_014426,2016-06-04,818,1,53.21,At Risk (was frequent)
cust_011016,2016-01-27,947,1,53.17,Hibernating / Lost
cust_006195,2016-06-11,811,1,53.16,Hibernating / Lost
cust_010882,2016-10-07,693,1,53.12,Hibernating / Lost
cust_017578,2017-02-02,575,1,53.12,At Risk (was frequent)
cust_005079,2016-09-05,725,1,53.09,Hibernating / Lost
cust_005766,2016-03-28,886,1,53.09,Hibernating / Lost
cust_002868,2017-06-09,448,1,53.08,Hibernating / Lost
cust_001476,2016-11-22,647,1,53.08,Hibernating / Lost
cust_001492,2017-11-06,298,2,53.07,Loyal Customers
cust_005417,2017-02-20,557,1,53.06,Hibernating / Lost
cust_007724,2017-07-08,419,1,53.06,Hibernating / Lost
cust_003571,2017-08-02,394,1,53.05,Hibernating / Lost
cust_008076,2016-07-05,787,1,53.05,Hibernating / Lost
cust_012640,2017-09-02,363,1,53.02,Hibernating / Lost
cust_013882,2016-11-20,649,1,53.01,Hibernating / Lost
cust_011893,2016-09-17,713,1,53.01,Hibernating / Lost
cust_003464,2016-06-17,805,1,53.0,Hibernating / Lost
cust_007298,2018-01-25,218,1,52.99,Potential Loyalists
cust_018522,2018-02-11,201,1,52.96,Loyal Customers
cust_001861,2018-02-23,189,1,52.94,Potential Loyalists
cust_016516,2016-08-09,752,1,52.94,At Risk (was frequent)
cust_002116,2017-10-28,307,1,52.93,Potential Loyalists
cust_008366,2017-06-12,445,1,52.93,Hibernating / Lost
cust_004991,2016-07-09,783,1,52.9,Hibernating / Lost
cust_007163,2017-02-14,563,1,52.9,Hibernating / Lost
cust_009320,2017-10-23,312,1,52.86,Potential Loyalists
cust_002468,2016-05-15,838,1,52.86,Hibernating / Lost
cust_002988,2017-11-02,302,1,52.84,Potential Loyalists
cust_006825,2016-11-10,659,1,52.84,Hibernating / Lost
cust_014925,2017-06-23,434,1,52.83,At Risk (was frequent)
cust_009582,2017-03-03,546,1,52.83,Hibernating / Lost
cust_017939,2016-06-15,807,1,52.82,At Risk (was frequent)
cust_016206,2018-01-10,233,1,52.81,Loyal Customers
cust_018475,2016-05-04,849,1,52.81,At Risk (was frequent)
cust_004200,2016-12-28,611,1,52.79,Hibernating / Lost
cust_013446,2017-12-15,259,1,52.79,Potential Loyalists
cust_009344,2016-09-17,713,1,52.78,Hibernating / Lost
cust_002842,2017-03-07,542,1,52.77,Hibernating / Lost
cust_006213,2017-09-23,342,1,52.76,Hibernating / Lost
cust_011661,2016-07-19,773,1,52.76,Hibernating / Lost
cust_012842,2017-03-10,539,1,52.75,Hibernating / Lost
cust_009475,2017-01-31,577,1,52.75,Hibernating / Lost
cust_010529,2016-06-18,804,1,52.74,Hibernating / Lost
cust_018943,2017-05-28,460,1,52.73,At Risk (was frequent)
cust_010191,2017-02-26,551,1,52.73,Hibernating / Lost
cust_006650,2016-05-06,847,1,52.69,Hibernating / Lost
cust_012199,2016-01-05,969,1,52.69,Hibernating / Lost
cust_007711,2016-09-11,719,1,52.67,Hibernating / Lost
cust_005584,2017-05-23,465,1,52.67,Hibernating / Lost
cust_014048,2016-11-06,663,1,52.66,At Risk (was frequent)
cust_006562,2016-09-12,718,1,52.63,Hibernating / Lost
cust_013240,2017-11-23,281,1,52.62,Potential Loyalists
cust_008937,2017-08-03,393,2,52.59,At Risk (was frequent)
cust_017628,2017-02-24,553,1,52.59,At Risk (was frequent)
cust_014370,2016-10-14,686,1,52.58,At Risk (was frequent)
cust_001531,2016-08-27,734,1,52.55,Hibernating / Lost
cust_011896,2017-07-25,402,1,52.51,Hibernating / Lost
cust_004977,2018-01-27,216,2,52.51,Loyal Customers
cust_018310,2016-10-17,683,2,52.5,At Risk (was frequent)
cust_001554,2017-06-11,446,2,52.5,At Risk (was frequent)
cust_006519,2017-10-04,331,1,52.49,Potential Loyalists
cust_006125,2017-05-13,475,1,52.47,Hibernating / Lost
cust_013341,2017-12-10,264,1,52.45,Potential Loyalists
cust_008576,2016-03-28,886,1,52.44,Hibernating / Lost
cust_003589,2016-10-25,675,1,52.44,Hibernating / Lost
cust_002372,2017-11-15,289,1,52.43,Potential Loyalists
cust_004041,2017-01-09,599,1,52.42,Hibernating / Lost
cust_010469,2017-04-26,492,1,52.41,Hibernating / Lost
cust_000655,2016-08-17,744,1,52.41,Hibernating / Lost
cust_006278,2016-02-25,918,1,52.37,Hibernating / Lost
cust_010179,2016-07-04,788,1,52.36,Hibernating / Lost
cust_005534,2017-11-24,280,1,52.36,Potential Loyalists
cust_002760,2016-11-11,658,1,52.35,Hibernating / Lost
cust_009515,2018-02-18,194,1,52.35,Potential Loyalists
cust_018949,2017-10-27,308,1,52.34,Loyal Customers
cust_010819,2017-06-24,433,1,52.34,Hibernating / Lost
cust_005199,2017-12-05,269,1,52.34,Potential Loyalists
cust_000111,2017-12-24,250,1,52.32,Potential Loyalists
cust_017295,2016-03-18,896,1,52.32,At Risk (was frequent)
cust_011326,2017-02-02,575,1,52.31,Hibernating / Lost
cust_010064,2017-08-04,392,1,52.31,Hibernating / Lost
cust_018939,2016-06-29,793,1,52.3,At Risk (was frequent)
cust_001777,2018-03-02,182,1,52.3,Potential Loyalists
cust_010977,2016-07-21,771,1,52.27,Hibernating / Lost
cust_000948,2017-05-14,474,1,52.26,Hibernating / Lost
cust_009449,2018-01-27,216,1,52.26,Potential Loyalists
cust_013771,2017-12-08,266,1,52.25,Potential Loyalists
cust_016261,2017-01-26,582,1,52.25,At Risk (was frequent)
cust_015110,2017-08-11,385,1,52.24,At Risk (was frequent)
cust_010608,2016-09-19,711,1,52.24,Hibernating / Lost
cust_007728,2016-10-01,699,1,52.23,Hibernating / Lost
cust_006618,2017-06-10,447,1,52.19,Hibernating / Lost
cust_002497,2018-01-04,239,2,52.16,Loyal Customers
cust_006453,2016-04-26,857,1,52.16,Hibernating / Lost
cust_017373,2017-12-10,264,1,52.16,Loyal Customers
cust_002860,2016-04-05,878,1,52.15,Hibernating / Lost
cust_015974,2017-09-08,357,1,52.15,At Risk (was frequent)
cust_009260,2017-12-08,266,1,52.14,Potential Loyalists
cust_017437,2017-11-20,284,1,52.14,Loyal Customers
cust_014151,2016-08-31,730,1,52.12,At Risk (was frequent)
cust_003773,2016-08-01,760,1,52.1,Hibernating / Lost
cust_011771,2016-05-16,837,1,52.09,Hibernating / Lost
cust_008758,2016-12-20,619,2,52.07,At Risk (was frequent)
cust_009695,2017-11-16,288,1,52.05,Potential Loyalists
cust_007923,2017-03-06,543,1,52.04,Hibernating / Lost
cust_000770,2016-06-08,814,1,52.02,Hibernating / Lost
cust_017021,2017-07-03,424,1,52.02,At Risk (was frequent)
cust_014499,2017-09-01,364,1,52.0,At Risk (was frequent)
cust_014972,2016-11-14,655,1,52.0,At Risk (was frequent)
cust_010960,2016-04-30,853,1,52.0,Hibernating / Lost
cust_010433,2017-01-06,602,1,51.99,Hibernating / Lost
cust_018011,2016-11-06,663,1,51.98,At Risk (was frequent)
cust_016440,2017-12-27,247,1,51.97,Loyal Customers
cust_007277,2016-12-13,626,1,51.96,Hibernating / Lost
cust_002608,2016-11-26,643,1,51.95,Hibernating / Lost
cust_006591,2016-12-10,629,1,51.94,Hibernating / Lost
cust_004806,2016-12-04,635,1,51.93,Hibernating / Lost
cust_007376,2016-07-09,783,1,51.92,Hibernating / Lost
cust_010841,2016-07-03,789,1,51.91,Hibernating / Lost
cust_013538,2016-12-27,612,1,51.88,Hibernating / Lost
cust_000065,2017-08-01,395,1,51.88,Hibernating / Lost
cust_016974,2016-09-25,705,1,51.87,At Risk (was frequent)
cust_010109,2018-02-05,207,2,51.85,Loyal Customers
cust_015573,2017-10-04,331,1,51.85,Loyal Customers
cust_006377,2016-12-20,619,1,51.84,Hibernating / Lost
cust_018258,2016-06-19,803,1,51.83,At Risk (was frequent)
cust_018771,2017-12-27,247,1,51.8,Loyal Customers
cust_006902,2016-06-13,809,1,51.78,Hibernating / Lost
cust_002481,2016-08-31,730,1,51.76,Hibernating / Lost
cust_016141,2016-10-29,671,1,51.76,At Risk (was frequent)
cust_005608,2017-04-16,502,1,51.75,Hibernating / Lost
cust_007898,2017-12-31,243,1,51.74,Potential Loyalists
cust_001779,2017-01-09,599,1,51.74,Hibernating / Lost
cust_002287,2016-09-06,724,1,51.74,Hibernating / Lost
cust_001849,2016-11-21,648,1,51.73,Hibernating / Lost
cust_000901,2017-03-24,525,1,51.73,Hibernating / Lost
cust_007350,2017-03-23,526,1,51.71,Hibernating / Lost
cust_001659,2017-04-14,504,1,51.69,Hibernating / Lost
cust_018444,2016-11-16,653,1,51.68,At Risk (was frequent)
cust_015837,2018-02-07,205,2,51.66,Loyal Customers
cust_007242,2017-01-22,586,1,51.66,Hibernating / Lost
cust_016418,2016-04-15,868,1,51.63,At Risk (was frequent)
cust_008678,2016-10-01,699,1,51.63,Hibernating / Lost
cust_010541,2016-04-13,870,1,51.59,Hibernating / Lost
cust_011877,2017-10-02,333,1,51.58,Potential Loyalists
cust_015154,2017-02-08,569,1,51.54,At Risk (was frequent)
cust_000951,2016-01-31,943,1,51.54,Hibernating / Lost
cust_014617,2017-03-08,541,1,51.54,At Risk (was frequent)
cust_000871,2017-01-17,591,1,51.52,Hibernating / Lost
cust_015528,2017-05-25,463,1,51.47,At Risk (was frequent)
cust_009551,2016-02-10,933,1,51.47,Hibernating / Lost
cust_013985,2016-08-24,737,1,51.47,Hibernating / Lost
cust_017205,2017-10-03,332,1,51.47,Loyal Customers
cust_011975,2017-11-19,285,2,51.46,Loyal Customers
cust_018128,2017-11-06,298,1,51.44,Loyal Customers
cust_010821,2017-08-31,365,2,51.44,At Risk (was frequent)
cust_006714,2016-09-15,715,1,51.41,Hibernating / Lost
cust_012435,2016-03-24,890,1,51.41,Hibernating / Lost
cust_009752,2016-07-11,781,1,51.4,Hibernating / Lost
cust_004413,2017-08-09,387,1,51.4,Hibernating / Lost
cust_007914,2016-12-08,631,1,51.36,Hibernating / Lost
cust_004982,2018-02-24,188,1,51.36,Potential Loyalists
cust_008491,2016-09-13,717,1,51.36,Hibernating / Lost
cust_012722,2017-10-18,317,2,51.35,Loyal Customers
cust_016797,2017-02-12,565,1,51.35,At Risk (was frequent)
cust_001386,2017-12-25,249,1,51.32,Potential Loyalists
cust_011687,2016-11-01,668,1,51.31,Hibernating / Lost
cust_010404,2016-04-09,874,1,51.29,Hibernating / Lost
cust_015365,2016-12-19,620,1,51.29,At Risk (was frequent)
cust_005181,2017-11-08,296,1,51.29,Potential Loyalists
cust_018661,2016-01-22,952,1,51.29,At Risk (was frequent)
cust_000337,2018-02-13,199,1,51.26,Potential Loyalists
cust_005184,2017-04-11,507,1,51.26,Hibernating / Lost
cust_005198,2017-09-19,346,1,51.24,Hibernating / Lost
cust_011608,2017-05-24,464,1,51.23,Hibernating / Lost
cust_013789,2017-11-30,274,1,51.23,Potential Loyalists
cust_005882,2017-01-13,595,1,51.22,Hibernating / Lost
cust_015513,2017-04-03,515,1,51.19,At Risk (was frequent)
cust_014872,2016-06-25,797,1,51.18,At Risk (was frequent)
cust_013564,2017-09-02,363,1,51.18,Hibernating / Lost
cust_004434,2016-05-01,852,1,51.18,Hibernating / Lost
cust_004498,2017-06-12,445,1,51.15,Hibernating / Lost
cust_018108,2016-04-17,866,1,51.15,At Risk (was frequent)
cust_008169,2016-09-21,709,1,51.14,Hibernating / Lost
cust_010631,2017-10-21,314,2,51.13,Loyal Customers
cust_005906,2017-07-25,402,1,51.13,Hibernating / Lost
cust_002879,2016-07-20,772,1,51.12,Hibernating / Lost
cust_018436,2017-04-23,495,1,51.12,At Risk (was frequent)
cust_005870,2017-05-14,474,1,51.12,Hibernating / Lost
cust_013476,2017-12-11,263,1,51.11,Potential Loyalists
cust_000013,2017-08-25,371,1,51.11,Hibernating / Lost
cust_015773,2017-12-02,272,1,51.09,Loyal Customers
cust_018094,2017-10-05,330,1,51.06,Loyal Customers
cust_012774,2017-08-02,394,1,51.05,Hibernating / Lost
cust_008318,2017-12-14,260,1,51.05,Potential Loyalists
cust_009540,2017-12-15,259,1,51.04,Potential Loyalists
cust_016094,2018-02-18,194,1,51.03,Loyal Customers
cust_011209,2017-12-25,249,1,51.03,Potential Loyalists
cust_014077,2017-12-03,271,1,51.02,Loyal Customers
cust_002578,2016-07-30,762,1,51.0,Hibernating / Lost
cust_006074,2017-11-26,278,1,50.99,Potential Loyalists
cust_016264,2016-02-29,914,1,50.96,At Risk (was frequent)
cust_017301,2017-07-22,405,1,50.96,At Risk (was frequent)
cust_002910,2017-03-07,542,1,50.95,Hibernating / Lost
cust_007627,2016-10-15,685,1,50.94,Hibernating / Lost
cust_007093,2017-12-10,264,1,50.94,Potential Loyalists
cust_018362,2016-11-30,639,1,50.94,At Risk (was frequent)
cust_000683,2017-10-29,306,1,50.9,Potential Loyalists
cust_012236,2017-06-05,452,1,50.9,Hibernating / Lost
cust_018099,2017-10-16,319,1,50.87,Loyal Customers
cust_006910,2016-11-27,642,1,50.86,Hibernating / Lost
cust_001472,2016-03-27,887,1,50.86,Hibernating / Lost
cust_016253,2016-01-02,972,1,50.86,At Risk (was frequent)
cust_007338,2016-08-17,744,1,50.85,Hibernating / Lost
cust_012051,2017-12-06,268,1,50.82,Potential Loyalists
cust_013502,2016-10-13,687,1,50.82,Hibernating / Lost
cust_018170,2017-08-26,370,1,50.81,At Risk (was frequent)
cust_005080,2017-12-17,257,1,50.81,Potential Loyalists
cust_000789,2016-09-29,701,1,50.8,Hibernating / Lost
cust_007598,2017-11-07,297,1,50.8,Potential Loyalists
cust_000256,2017-09-15,350,1,50.77,Hibernating / Lost
cust_001165,2017-12-21,253,1,50.77,Potential Loyalists
cust_004199,2017-10-10,325,1,50.76,Potential Loyalists
cust_009670,2016-03-29,885,1,50.76,Hibernating / Lost
cust_009878,2016-05-07,846,1,50.75,Hibernating / Lost
cust_010849,2017-09-04,361,1,50.75,Hibernating / Lost
cust_017322,2017-04-18,500,1,50.75,At Risk (was frequent)
cust_010238,2017-11-07,297,1,50.73,Potential Loyalists
cust_007700,2016-05-22,831,1,50.72,Hibernating / Lost
cust_016116,2016-02-05,938,1,50.71,At Risk (was frequent)
cust_014569,2016-10-10,690,1,50.67,At Risk (was frequent)
cust_009159,2016-11-06,663,1,50.66,Hibernating / Lost
cust_002205,2016-06-20,802,1,50.65,Hibernating / Lost
cust_006798,2017-09-30,335,2,50.63,Loyal Customers
cust_015108,2018-01-07,236,1,50.62,Loyal Customers
cust_015694,2016-09-27,703,1,50.61,At Risk (was frequent)
cust_018226,2017-10-14,321,1,50.59,Loyal Customers
cust_000499,2017-11-04,300,1,50.58,Potential Loyalists
cust_010603,2018-02-23,189,1,50.55,Potential Loyalists
cust_013405,2017-04-29,489,1,50.49,Hibernating / Lost
cust_013251,2017-08-14,382,1,50.47,Hibernating / Lost
cust_000416,2017-01-15,593,1,50.47,Hibernating / Lost
cust_007719,2016-05-23,830,1,50.47,Hibernating / Lost
cust_004222,2017-02-06,571,1,50.46,Hibernating / Lost
cust_012788,2017-03-05,544,1,50.45,Hibernating / Lost
cust_008755,2017-04-25,493,1,50.44,Hibernating / Lost
cust_011327,2017-01-14,594,1,50.44,Hibernating / Lost
cust_001042,2017-03-18,531,1,50.44,Hibernating / Lost
cust_006545,2017-12-30,244,1,50.42,Potential Loyalists
cust_014146,2017-11-26,278,2,50.4,Loyal Customers
cust_006647,2016-11-07,662,1,50.39,Hibernating / Lost
cust_015196,2016-04-17,866,1,50.38,At Risk (was frequent)
cust_004343,2016-07-11,781,1,50.37,Hibernating / Lost
cust_002093,2017-08-16,380,1,50.36,Hibernating / Lost
cust_011535,2017-06-22,435,1,50.36,Hibernating / Lost
cust_003198,2016-11-02,667,1,50.32,Hibernating / Lost
cust_001105,2016-06-06,816,1,50.32,Hibernating / Lost
cust_009245,2016-11-10,659,1,50.3,Hibernating / Lost
cust_001886,2018-01-12,231,1,50.3,Potential Loyalists
cust_016369,2016-03-31,883,1,50.3,At Risk (was frequent)
cust_014479,2017-08-16,380,1,50.3,At Risk (was frequent)
cust_005005,2018-02-13,199,2,50.29,Loyal Customers
cust_008584,2017-05-29,459,1,50.28,Hibernating / Lost
cust_012834,2018-02-19,193,1,50.27,Potential Loyalists
cust_004048,2016-03-17,897,1,50.26,Hibernating / Lost
cust_006725,2017-07-16,411,1,50.26,Hibernating / Lost
cust_015806,2016-11-08,661,1,50.23,At Risk (was frequent)
cust_016163,2017-11-15,289,1,50.22,Loyal Customers
cust_001374,2017-10-20,315,1,50.21,Potential Loyalists
cust_000322,2017-03-19,530,2,50.21,At Risk (was frequent)
cust_007866,2016-04-29,854,1,50.19,Hibernating / Lost
cust_004002,2017-01-14,594,1,50.18,Hibernating / Lost
cust_006309,2018-01-01,242,1,50.17,Potential Loyalists
cust_006292,2017-08-14,382,1,50.17,Hibernating / Lost
cust_015341,2018-03-01,183,1,50.16,Loyal Customers
cust_002313,2017-05-28,460,1,50.14,Hibernating / Lost
cust_015033,2017-01-07,601,1,50.13,At Risk (was frequent)
cust_015200,2016-11-20,649,1,50.13,At Risk (was frequent)
cust_012553,2017-03-26,523,1,50.13,Hibernating / Lost
cust_009682,2017-01-12,596,1,50.1,Hibernating / Lost
cust_001809,2017-09-21,344,1,50.1,Hibernating / Lost
cust_007343,2016-05-02,851,1,50.09,Hibernating / Lost
cust_001578,2016-07-27,765,1,50.06,Hibernating / Lost
cust_002922,2017-03-31,518,1,50.06,Hibernating / Lost
cust_018839,2018-02-14,198,1,50.05,Loyal Customers
cust_009781,2016-11-25,644,1,50.05,Hibernating / Lost
cust_012278,2017-01-29,579,1,50.02,Hibernating / Lost
cust_009838,2017-01-13,595,1,50.02,Hibernating / Lost
cust_017965,2017-07-11,416,1,50.01,At Risk (was frequent)
cust_015818,2016-09-19,711,1,50.01,At Risk (was frequent)
cust_005412,2016-08-22,739,1,50.0,Hibernating / Lost
cust_018823,2017-12-03,271,1,49.99,Loyal Customers
cust_011002,2016-11-30,639,1,49.99,Hibernating / Lost
cust_002805,2017-11-22,282,1,49.98,Potential Loyalists
cust_013025,2016-03-17,897,1,49.97,Hibernating / Lost
cust_007070,2016-01-22,952,1,49.97,Hibernating / Lost
cust_015366,2016-05-01,852,1,49.96,At Risk (was frequent)
cust_004936,2017-11-19,285,1,49.96,Potential Loyalists
cust_011321,2016-08-31,730,1,49.96,Hibernating / Lost
cust_013797,2017-03-16,533,1,49.93,Hibernating / Lost
cust_012366,2017-11-24,280,1,49.92,Potential Loyalists
cust_009745,2017-03-24,525,1,49.92,Hibernating / Lost
cust_004182,2017-01-11,597,1,49.92,Hibernating / Lost
cust_003126,2017-02-20,557,1,49.91,Hibernating / Lost
cust_003523,2016-11-05,664,1,49.9,Hibernating / Lost
cust_010683,2016-05-14,839,1,49.88,Hibernating / Lost
cust_015983,2017-12-27,247,1,49.87,Loyal Customers
cust_008606,2017-12-13,261,1,49.87,Potential Loyalists
cust_000998,2016-05-14,839,1,49.85,Hibernating / Lost
cust_011863,2017-03-13,536,1,49.83,Hibernating / Lost
cust_014968,2017-11-25,279,1,49.82,Loyal Customers
cust_004967,2016-11-28,641,1,49.82,Hibernating / Lost
cust_007113,2018-02-09,203,1,49.8,Potential Loyalists
cust_005461,2017-08-17,379,1,49.79,Hibernating / Lost
cust_004620,2017-11-15,289,1,49.77,Potential Loyalists
cust_008821,2017-02-11,566,1,49.76,Hibernating / Lost
cust_012943,2017-05-03,485,1,49.76,Hibernating / Lost
cust_007767,2018-01-24,219,1,49.72,Potential Loyalists
cust_010929,2016-11-11,658,1,49.71,Hibernating / Lost
cust_000972,2017-12-13,261,1,49.69,Potential Loyalists
cust_007061,2016-09-05,725,1,49.68,Hibernating / Lost
cust_003717,2017-12-02,272,2,49.62,Loyal Customers
cust_005841,2016-11-24,645,1,49.6,Hibernating / Lost
cust_014619,2017-06-05,452,1,49.59,At Risk (was frequent)
cust_004688,2016-06-23,799,1,49.58,Hibernating / Lost
cust_005466,2016-03-17,897,1,49.58,Hibernating / Lost
cust_006463,2017-03-02,547,2,49.58,At Risk (was frequent)
cust_006306,2016-02-26,917,1,49.56,Hibernating / Lost
cust_002108,2017-02-07,570,1,49.55,Hibernating / Lost
cust_012196,2017-01-30,578,1,49.54,Hibernating / Lost
cust_012320,2017-11-21,283,1,49.54,Potential Loyalists
cust_005426,2018-02-22,190,1,49.53,Potential Loyalists
cust_007555,2017-07-01,426,1,49.53,Hibernating / Lost
cust_018024,2017-11-29,275,1,49.49,Loyal Customers
cust_000199,2017-11-22,282,1,49.49,Potential Loyalists
cust_012673,2016-08-06,755,1,49.47,Hibernating / Lost
cust_004029,2017-10-28,307,1,49.46,Potential Loyalists
cust_014759,2017-01-09,599,1,49.46,At Risk (was frequent)
cust_013507,2017-11-23,281,1,49.43,Potential Loyalists
cust_016381,2017-02-07,570,2,49.42,At Risk (was frequent)
cust_007077,2018-02-15,197,1,49.39,Potential Loyalists
cust_009205,2016-08-04,757,1,49.37,Hibernating / Lost
cust_012857,2017-11-25,279,1,49.36,Potential Loyalists
cust_000157,2017-05-04,484,1,49.34,Hibernating / Lost
cust_015537,2016-08-02,759,1,49.34,At Risk (was frequent)
cust_001389,2016-11-03,666,1,49.33,Hibernating / Lost
cust_005683,2016-12-22,617,1,49.33,Hibernating / Lost
cust_018674,2017-08-09,387,1,49.32,At Risk (was frequent)
cust_006637,2016-06-14,808,1,49.32,Hibernating / Lost
cust_013512,2017-04-22,496,1,49.32,Hibernating / Lost
cust_000496,2016-01-02,972,1,49.31,Hibernating / Lost
cust_005160,2017-04-08,510,1,49.28,Hibernating / Lost
cust_002153,2016-12-04,635,1,49.28,Hibernating / Lost
cust_004540,2017-12-18,256,1,49.27,Potential Loyalists
cust_008549,2017-03-31,518,1,49.27,Hibernating / Lost
cust_000517,2017-04-06,512,1,49.26,Hibernating / Lost
cust_000819,2017-06-27,430,1,49.26,Hibernating / Lost
cust_004966,2016-07-19,773,1,49.25,Hibernating / Lost
cust_017043,2017-12-17,257,1,49.25,Loyal Customers
cust_003835,2016-10-08,692,1,49.25,Hibernating / Lost
cust_001702,2017-06-25,432,1,49.25,Hibernating / Lost
cust_003824,2017-06-05,452,1,49.23,Hibernating / Lost
cust_008930,2017-01-09,599,1,49.23,Hibernating / Lost
cust_015804,2018-03-03,181,2,49.23,Loyal Customers
cust_017125,2016-09-01,729,1,49.23,At Risk (was frequent)
cust_010229,2016-06-03,819,1,49.21,Hibernating / Lost
cust_016079,2016-04-18,865,1,49.2,At Risk (was frequent)
cust_001649,2017-05-07,481,1,49.2,Hibernating / Lost
cust_013642,2017-01-19,589,1,49.19,Hibernating / Lost
cust_003821,2016-04-23,860,1,49.18,Hibernating / Lost
cust_013189,2016-08-31,730,1,49.18,Hibernating / Lost
cust_014269,2016-07-02,790,1,49.18,At Risk (was frequent)
cust_005730,2016-03-09,905,1,49.18,Hibernating / Lost
cust_006324,2016-05-20,833,1,49.13,Hibernating / Lost
cust_002449,2017-01-04,604,1,49.12,Hibernating / Lost
cust_010585,2016-12-14,625,1,49.12,Hibernating / Lost
cust_018787,2017-04-30,488,1,49.09,At Risk (was frequent)
cust_001046,2016-05-13,840,1,49.08,Hibernating / Lost
cust_009240,2017-02-17,560,1,49.06,Hibernating / Lost
cust_012127,2017-06-03,454,1,49.05,Hibernating / Lost
cust_010875,2016-04-22,861,1,49.04,Hibernating / Lost
cust_006640,2016-03-16,898,1,49.0,Hibernating / Lost
cust_008345,2016-09-29,701,1,48.96,Hibernating / Lost
cust_000736,2018-02-22,190,1,48.95,Potential Loyalists
cust_000454,2017-08-21,375,1,48.95,Hibernating / Lost
cust_018142,2016-10-30,670,1,48.94,At Risk (was frequent)
cust_015156,2016-12-23,616,1,48.92,At Risk (was frequent)
cust_000463,2017-09-04,361,1,48.92,Hibernating / Lost
cust_006417,2016-12-14,625,1,48.92,Hibernating / Lost
cust_000406,2017-11-14,290,1,48.91,Potential Loyalists
cust_005389,2017-08-29,367,1,48.91,Hibernating / Lost
cust_011380,2017-11-04,300,1,48.89,Potential Loyalists
cust_001136,2017-12-07,267,1,48.89,Potential Loyalists
cust_013321,2017-01-11,597,1,48.89,Hibernating / Lost
cust_006143,2017-12-27,247,1,48.88,Potential Loyalists
cust_004562,2016-11-17,652,2,48.86,At Risk (was frequent)
cust_006791,2016-08-25,736,1,48.86,Hibernating / Lost
cust_014920,2018-02-21,191,1,48.86,Loyal Customers
cust_014455,2016-12-31,608,2,48.85,At Risk (was frequent)
cust_007385,2016-09-21,709,1,48.85,Hibernating / Lost
cust_018840,2016-01-05,969,1,48.84,At Risk (was frequent)
cust_008257,2016-07-25,767,1,48.83,Hibernating / Lost
cust_011306,2017-08-22,374,1,48.83,Hibernating / Lost
cust_001826,2017-01-17,591,2,48.82,At Risk (was frequent)
cust_009077,2017-08-17,379,1,48.81,Hibernating / Lost
cust_012265,2016-01-12,962,1,48.8,Hibernating / Lost
cust_011214,2017-10-15,320,1,48.77,Potential Loyalists
cust_018304,2016-05-03,850,1,48.77,At Risk (was frequent)
cust_014610,2017-01-19,589,1,48.75,At Risk (was frequent)
cust_018325,2016-11-25,644,1,48.75,At Risk (was frequent)
cust_006826,2017-07-24,403,1,48.74,Hibernating / Lost
cust_012871,2017-11-11,293,1,48.74,Potential Loyalists
cust_018608,2017-04-28,490,1,48.72,At Risk (was frequent)
cust_001402,2017-10-15,320,1,48.72,Potential Loyalists
cust_001588,2016-07-30,762,1,48.72,Hibernating / Lost
cust_014424,2016-11-01,668,1,48.7,At Risk (was frequent)
cust_015315,2017-02-21,556,1,48.68,At Risk (was frequent)
cust_002339,2017-07-25,402,2,48.68,At Risk (was frequent)
cust_018115,2017-04-17,501,1,48.67,At Risk (was frequent)
cust_016828,2017-03-20,529,1,48.66,At Risk (was frequent)
cust_013369,2017-01-27,581,1,48.65,Hibernating / Lost
cust_008118,2017-07-25,402,1,48.64,Hibernating / Lost
cust_006296,2018-01-07,236,1,48.64,Potential Loyalists
cust_011936,2016-04-30,853,1,48.64,Hibernating / Lost
cust_010768,2016-09-19,711,1,48.63,Hibernating / Lost
cust_006147,2017-05-29,459,1,48.62,Hibernating / Lost
cust_007459,2016-09-20,710,1,48.6,Hibernating / Lost
cust_017333,2017-05-21,467,1,48.6,At Risk (was frequent)
cust_007412,2016-05-28,825,1,48.58,Hibernating / Lost
cust_012951,2017-09-15,350,1,48.57,Hibernating / Lost
cust_011923,2017-07-26,401,1,48.57,Hibernating / Lost
cust_011594,2016-09-06,724,1,48.56,Hibernating / Lost
cust_018984,2016-08-19,742,1,48.54,At Risk (was frequent)
cust_011074,2017-06-20,437,2,48.52,At Risk (was frequent)
cust_005107,2017-05-26,462,1,48.5,Hibernating / Lost
cust_014333,2017-09-05,360,1,48.48,At Risk (was frequent)
cust_005768,2017-02-18,559,1,48.47,Hibernating / Lost
cust_016347,2016-03-02,912,1,48.46,At Risk (was frequent)
cust_017972,2016-11-08,661,1,48.46,At Risk (was frequent)
cust_012647,2016-11-15,654,1,48.45,Hibernating / Lost
cust_007772,2017-08-10,386,1,48.44,Hibernating / Lost
cust_001149,2016-01-06,968,1,48.42,Hibernating / Lost
cust_013041,2016-11-18,651,1,48.38,Hibernating / Lost
cust_009250,2016-09-08,722,1,48.38,Hibernating / Lost
cust_013423,2016-09-24,706,1,48.38,Hibernating / Lost
cust_015952,2017-11-15,289,1,48.37,Loyal Customers
cust_016784,2016-08-29,732,1,48.37,At Risk (was frequent)
cust_003831,2017-11-18,286,1,48.35,Potential Loyalists
cust_012489,2017-10-07,328,1,48.34,Potential Loyalists
cust_001241,2017-08-08,388,1,48.34,Hibernating / Lost
cust_011772,2016-11-15,654,1,48.33,Hibernating / Lost
cust_010117,2016-08-27,734,1,48.33,Hibernating / Lost
cust_017475,2016-06-12,810,1,48.32,At Risk (was frequent)
cust_005196,2017-06-19,438,1,48.31,Hibernating / Lost
cust_017237,2016-09-02,728,1,48.29,At Risk (was frequent)
cust_010970,2017-11-16,288,1,48.27,Potential Loyalists
cust_010870,2017-09-08,357,1,48.25,Hibernating / Lost
cust_000847,2017-11-23,281,1,48.23,Potential Loyalists
cust_005739,2016-06-22,800,1,48.23,Hibernating / Lost
cust_009576,2016-08-31,730,1,48.22,Hibernating / Lost
cust_001444,2016-11-10,659,1,48.21,Hibernating / Lost
cust_000374,2016-08-28,733,1,48.21,Hibernating / Lost
cust_009143,2017-10-17,318,1,48.18,Potential Loyalists
cust_006871,2016-08-26,735,1,48.17,Hibernating / Lost
cust_001680,2017-11-11,293,1,48.16,Potential Loyalists
cust_011128,2016-07-20,772,1,48.16,Hibernating / Lost
cust_016188,2018-03-02,182,1,48.15,Loyal Customers
cust_004167,2016-07-17,775,1,48.12,Hibernating / Lost
cust_009469,2017-07-06,421,1,48.11,Hibernating / Lost
cust_006924,2016-04-23,860,1,48.1,Hibernating / Lost
cust_001056,2016-05-01,852,1,48.1,Hibernating / Lost
cust_017282,2017-10-29,306,1,48.1,Loyal Customers
cust_003368,2017-06-01,456,1,48.09,Hibernating / Lost
cust_000222,2017-11-12,292,1,48.08,Potential Loyalists
cust_013206,2016-09-10,720,1,48.06,Hibernating / Lost
cust_003489,2018-01-31,212,1,48.05,Potential Loyalists
cust_007603,2016-05-29,824,1,48.04,Hibernating / Lost
cust_006140,2018-02-07,205,1,48.04,Potential Loyalists
cust_013287,2018-01-09,234,1,48.04,Potential Loyalists
cust_014459,2017-12-28,246,1,48.03,Loyal Customers
cust_011981,2017-07-25,402,1,48.02,Hibernating / Lost
cust_012750,2017-11-24,280,1,48.01,Potential Loyalists
cust_016512,2016-11-12,657,1,48.01,At Risk (was frequent)
cust_017129,2016-06-24,798,1,48.0,At Risk (was frequent)
cust_006091,2017-11-06,298,1,47.99,Potential Loyalists
cust_003529,2018-02-23,189,1,47.97,Potential Loyalists
cust_008061,2016-03-10,904,1,47.96,Hibernating / Lost
cust_005784,2017-06-14,443,1,47.94,Hibernating / Lost
cust_014511,2017-04-22,496,1,47.94,At Risk (was frequent)
cust_005667,2018-02-02,210,1,47.94,Potential Loyalists
cust_002423,2016-09-04,726,1,47.94,Hibernating / Lost
cust_017137,2016-11-13,656,1,47.93,At Risk (was frequent)
cust_004074,2017-10-04,331,1,47.92,Potential Loyalists
cust_013793,2017-02-13,564,1,47.92,Hibernating / Lost
cust_011610,2016-09-24,706,1,47.91,Hibernating / Lost
cust_016014,2016-11-05,664,1,47.91,At Risk (was frequent)
cust_015353,2017-02-04,573,1,47.89,At Risk (was frequent)
cust_000294,2017-12-30,244,1,47.86,Potential Loyalists
cust_002092,2017-03-29,520,1,47.86,Hibernating / Lost
cust_005995,2016-03-06,908,1,47.85,Hibernating / Lost
cust_000465,2018-02-01,211,1,47.83,Potential Loyalists
cust_008774,2017-02-13,564,1,47.83,Hibernating / Lost
cust_002036,2017-08-21,375,1,47.83,Hibernating / Lost
cust_003080,2016-11-07,662,1,47.82,Hibernating / Lost
cust_007706,2017-05-13,475,1,47.81,Hibernating / Lost
cust_016704,2016-07-18,774,1,47.75,At Risk (was frequent)
cust_000577,2017-06-11,446,1,47.74,Hibernating / Lost
cust_008194,2016-10-30,670,1,47.73,Hibernating / Lost
cust_013555,2016-11-01,668,1,47.73,Hibernating / Lost
cust_003285,2016-12-27,612,1,47.73,Hibernating / Lost
cust_000047,2017-11-20,284,2,47.72,Loyal Customers
cust_016958,2018-01-03,240,1,47.72,Loyal Customers
cust_005399,2017-06-04,453,1,47.71,Hibernating / Lost
cust_016060,2018-02-12,200,1,47.7,Loyal Customers
cust_013097,2017-03-04,545,1,47.69,Hibernating / Lost
cust_013163,2016-07-09,783,1,47.68,Hibernating / Lost
cust_012180,2017-06-24,433,2,47.67,At Risk (was frequent)
cust_016915,2016-11-12,657,1,47.67,At Risk (was frequent)
cust_004622,2018-02-12,200,1,47.65,Potential Loyalists
cust_015180,2017-02-07,570,1,47.61,At Risk (was frequent)
cust_010671,2018-02-01,211,2,47.6,Loyal Customers
cust_008395,2016-06-21,801,1,47.59,Hibernating / Lost
cust_014683,2016-05-13,840,1,47.59,At Risk (was frequent)
cust_005968,2017-02-21,556,1,47.59,Hibernating / Lost
cust_007365,2017-06-04,453,2,47.57,At Risk (was frequent)
cust_009702,2017-03-28,521,1,47.57,Hibernating / Lost
cust_015732,2016-06-08,814,1,47.56,At Risk (was frequent)
cust_011757,2017-10-29,306,1,47.55,Potential Loyalists
cust_018941,2016-12-29,610,1,47.54,At Risk (was frequent)
cust_003059,2016-08-23,738,1,47.53,Hibernating / Lost
cust_005524,2016-12-14,625,1,47.53,Hibernating / Lost
cust_018513,2017-11-22,282,1,47.52,Loyal Customers
cust_014957,2016-01-20,954,1,47.52,At Risk (was frequent)
cust_003412,2017-05-30,458,1,47.51,Hibernating / Lost
cust_002334,2017-04-18,500,1,47.49,Hibernating / Lost
cust_006698,2016-08-05,756,1,47.49,Hibernating / Lost
cust_008730,2017-12-14,260,1,47.48,Potential Loyalists
cust_002549,2017-12-03,271,1,47.47,Potential Loyalists
cust_018252,2017-08-09,387,1,47.45,At Risk (was frequent)
cust_008898,2016-02-14,929,1,47.45,Hibernating / Lost
cust_005599,2017-08-09,387,1,47.45,Hibernating / Lost
cust_011645,2016-07-24,768,1,47.44,Hibernating / Lost
cust_011899,2017-11-08,296,1,47.42,Potential Loyalists
cust_009038,2016-11-12,657,1,47.41,Hibernating / Lost
cust_016468,2018-01-10,233,1,47.41,Loyal Customers
cust_007632,2016-09-17,713,1,47.4,Hibernating / Lost
cust_001805,2016-11-02,667,1,47.38,Hibernating / Lost
cust_006534,2016-08-19,742,1,47.36,Hibernating / Lost
cust_005936,2017-11-28,276,1,47.33,Potential Loyalists
cust_017227,2016-02-29,914,1,47.33,At Risk (was frequent)
cust_006836,2017-11-10,294,1,47.32,Potential Loyalists
cust_004585,2017-08-13,383,1,47.31,Hibernating / Lost
cust_013815,2016-12-11,628,1,47.31,Hibernating / Lost
cust_001112,2017-12-26,248,1,47.31,Potential Loyalists
cust_009194,2017-05-20,468,1,47.29,Hibernating / Lost
cust_017636,2017-09-06,359,1,47.28,At Risk (was frequent)
cust_007824,2017-02-10,567,1,47.27,Hibernating / Lost
cust_004162,2017-06-11,446,1,47.26,Hibernating / Lost
cust_007449,2017-06-03,454,1,47.24,Hibernating / Lost
cust_004727,2016-01-28,946,1,47.23,Hibernating / Lost
cust_014090,2017-12-07,267,1,47.23,Loyal Customers
cust_018270,2017-03-15,534,1,47.23,At Risk (was frequent)
cust_013808,2017-12-09,265,1,47.19,Potential Loyalists
cust_003795,2016-05-14,839,1,47.18,Hibernating / Lost
cust_010715,2017-01-23,585,1,47.18,Hibernating / Lost
cust_004750,2016-04-24,859,1,47.18,Hibernating / Lost
cust_003862,2016-03-27,887,1,47.18,Hibernating / Lost
cust_017226,2017-10-18,317,1,47.17,Loyal Customers
cust_005861,2017-11-26,278,1,47.17,Potential Loyalists
cust_001653,2016-04-30,853,1,47.17,Hibernating / Lost
cust_013905,2016-10-04,696,2,47.17,At Risk (was frequent)
cust_006131,2018-01-23,220,1,47.17,Potential Loyalists
cust_000565,2017-12-11,263,2,47.14,Loyal Customers
cust_002016,2016-01-04,970,1,47.13,Hibernating / Lost
cust_007389,2017-09-20,345,1,47.12,Hibernating / Lost
cust_011802,2016-06-16,806,1,47.11,Hibernating / Lost
cust_005373,2017-08-31,365,1,47.1,Hibernating / Lost
cust_003227,2016-09-16,714,1,47.09,Hibernating / Lost
cust_001291,2018-01-08,235,1,47.09,Potential Loyalists
cust_005165,2016-08-13,748,1,47.08,Hibernating / Lost
cust_000795,2016-11-15,654,1,47.05,Hibernating / Lost
cust_014862,2016-07-26,766,1,47.04,At Risk (was frequent)
cust_006555,2016-12-05,634,1,47.01,Hibernating / Lost
cust_016898,2016-10-24,676,1,47.0,At Risk (was frequent)
cust_006329,2017-09-14,351,1,46.99,Hibernating / Lost
cust_016235,2017-03-25,524,1,46.99,At Risk (was frequent)
cust_017661,2016-12-08,631,1,46.99,At Risk (was frequent)
cust_014844,2016-10-09,691,1,46.98,At Risk (was frequent)
cust_001507,2016-08-27,734,1,46.97,Hibernating / Lost
cust_010806,2017-11-08,296,1,46.96,Potential Loyalists
cust_013362,2017-01-27,581,1,46.96,Hibernating / Lost
cust_013103,2016-09-14,716,1,46.91,Hibernating / Lost
cust_006452,2016-11-09,660,1,46.89,Hibernating / Lost
cust_003453,2017-08-21,375,1,46.89,Hibernating / Lost
cust_001454,2017-07-04,423,1,46.88,Hibernating / Lost
cust_015912,2017-10-05,330,1,46.87,Loyal Customers
cust_006109,2017-05-02,486,1,46.86,Hibernating / Lost
cust_009271,2016-08-25,736,1,46.85,Hibernating / Lost
cust_014211,2017-11-16,288,1,46.85,Loyal Customers
cust_016870,2017-06-24,433,1,46.83,At Risk (was frequent)
cust_011658,2017-12-18,256,1,46.82,Potential Loyalists
cust_011952,2016-06-30,792,1,46.79,Hibernating / Lost
cust_004927,2016-06-20,802,1,46.79,Hibernating / Lost
cust_009773,2017-06-22,435,1,46.76,Hibernating / Lost
cust_016777,2016-09-14,716,1,46.76,At Risk (was frequent)
cust_014034,2017-11-10,294,1,46.75,Loyal Customers
cust_018273,2016-04-04,879,1,46.74,At Risk (was frequent)
cust_008323,2017-02-24,553,1,46.74,Hibernating / Lost
cust_002803,2016-12-31,608,1,46.72,Hibernating / Lost
cust_003661,2016-11-24,645,1,46.71,Hibernating / Lost
cust_001356,2017-04-12,506,1,46.7,Hibernating / Lost
cust_008595,2017-03-07,542,1,46.69,Hibernating / Lost
cust_003302,2017-09-14,351,1,46.69,Hibernating / Lost
cust_005048,2017-11-22,282,1,46.68,Potential Loyalists
cust_002666,2017-10-16,319,1,46.67,Potential Loyalists
cust_012062,2017-06-30,427,1,46.67,Hibernating / Lost
cust_008007,2018-01-18,225,1,46.67,Potential Loyalists
cust_001325,2016-07-14,778,1,46.65,Hibernating / Lost
cust_008050,2016-04-30,853,1,46.63,Hibernating / Lost
cust_015568,2016-09-21,709,1,46.62,At Risk (was frequent)
cust_006674,2017-02-25,552,1,46.62,Hibernating / Lost
cust_010116,2016-10-13,687,1,46.61,Hibernating / Lost
cust_011777,2017-01-22,586,1,46.6,Hibernating / Lost
cust_003020,2016-09-15,715,1,46.58,Hibernating / Lost
cust_009842,2016-08-27,734,2,46.58,At Risk (was frequent)
cust_008155,2016-08-10,751,1,46.58,Hibernating / Lost
cust_008409,2017-12-05,269,1,46.57,Potential Loyalists
cust_008313,2016-11-07,662,1,46.57,Hibernating / Lost
cust_004911,2017-06-24,433,1,46.57,Hibernating / Lost
cust_013535,2017-11-22,282,1,46.56,Potential Loyalists
cust_000939,2017-08-13,383,1,46.55,Hibernating / Lost
cust_011189,2016-08-17,744,1,46.51,Hibernating / Lost
cust_010780,2018-01-05,238,1,46.51,Potential Loyalists
cust_014903,2016-11-15,654,1,46.5,At Risk (was frequent)
cust_005620,2018-02-17,195,1,46.5,Potential Loyalists
cust_012808,2016-10-16,684,1,46.49,Hibernating / Lost
cust_008363,2016-02-23,920,1,46.49,Hibernating / Lost
cust_003245,2017-12-25,249,1,46.48,Potential Loyalists
cust_014608,2016-11-21,648,1,46.47,At Risk (was frequent)
cust_005695,2017-03-24,525,1,46.47,Hibernating / Lost
cust_015829,2016-03-11,903,1,46.47,At Risk (was frequent)
cust_004822,2016-12-22,617,1,46.46,Hibernating / Lost
cust_008073,2017-12-26,248,1,46.45,Potential Loyalists
cust_005197,2016-09-02,728,1,46.45,Hibernating / Lost
cust_017039,2016-07-03,789,1,46.43,At Risk (was frequent)
cust_007980,2018-02-24,188,1,46.42,Potential Loyalists
cust_013690,2017-11-19,285,1,46.42,Potential Loyalists
cust_013759,2016-11-11,658,1,46.41,Hibernating / Lost
cust_015645,2017-05-17,471,1,46.39,At Risk (was frequent)
cust_010748,2016-01-29,945,1,46.38,Hibernating / Lost
cust_002952,2016-08-17,744,1,46.38,Hibernating / Lost
cust_004045,2016-06-22,800,1,46.38,Hibernating / Lost
cust_008865,2016-05-11,842,1,46.38,Hibernating / Lost
cust_015403,2017-01-19,589,1,46.37,At Risk (was frequent)
cust_012638,2017-05-29,459,1,46.36,Hibernating / Lost
cust_016040,2017-05-06,482,1,46.36,At Risk (was frequent)
cust_014574,2016-10-24,676,1,46.35,At Risk (was frequent)
cust_007586,2016-08-28,733,1,46.33,Hibernating / Lost
cust_006711,2017-02-10,567,1,46.29,Hibernating / Lost
cust_017135,2016-05-13,840,1,46.28,At Risk (was frequent)
cust_005977,2016-11-30,639,1,46.25,Hibernating / Lost
cust_001997,2017-11-21,283,1,46.23,Potential Loyalists
cust_014864,2016-01-29,945,1,46.23,At Risk (was frequent)
cust_006676,2016-10-05,695,2,46.2,At Risk (was frequent)
cust_011107,2016-07-10,782,1,46.18,Hibernating / Lost
cust_003056,2017-03-10,539,1,46.18,Hibernating / Lost
cust_014963,2017-05-17,471,1,46.17,At Risk (was frequent)
cust_002947,2016-10-09,691,1,46.15,Hibernating / Lost
cust_006691,2017-06-04,453,1,46.15,Hibernating / Lost
cust_007357,2016-01-28,946,1,46.15,Hibernating / Lost
cust_000752,2016-02-20,923,1,46.12,Hibernating / Lost
cust_011198,2017-04-22,496,1,46.12,Hibernating / Lost
cust_007120,2016-04-19,864,1,46.12,Hibernating / Lost
cust_003473,2017-11-03,301,1,46.11,Potential Loyalists
cust_018051,2016-12-04,635,1,46.1,At Risk (was frequent)
cust_012252,2017-10-18,317,1,46.1,Potential Loyalists
cust_014731,2017-07-07,420,1,46.09,At Risk (was frequent)
cust_013687,2016-11-10,659,1,46.08,Hibernating / Lost
cust_004713,2017-05-04,484,1,46.07,Hibernating / Lost
cust_016177,2017-05-27,461,1,46.06,At Risk (was frequent)
cust_016578,2017-07-08,419,1,46.04,At Risk (was frequent)
cust_011516,2016-04-10,873,1,46.03,Hibernating / Lost
cust_013031,2017-05-07,481,1,46.03,Hibernating / Lost
cust_018372,2018-02-01,211,1,46.0,Loyal Customers
cust_016945,2017-11-22,282,1,45.99,Loyal Customers
cust_002997,2017-09-22,343,1,45.99,Hibernating / Lost
cust_003725,2017-11-24,280,1,45.98,Potential Loyalists
cust_016589,2016-08-02,759,1,45.96,At Risk (was frequent)
cust_010050,2017-05-17,471,1,45.95,Hibernating / Lost
cust_005992,2016-05-21,832,1,45.92,Hibernating / Lost
cust_001594,2016-07-14,778,1,45.92,Hibernating / Lost
cust_006393,2016-09-09,721,1,45.91,Hibernating / Lost
cust_017614,2016-12-30,609,1,45.88,At Risk (was frequent)
cust_011700,2017-08-09,387,1,45.88,Hibernating / Lost
cust_013257,2016-04-11,872,1,45.86,Hibernating / Lost
cust_012423,2017-06-12,445,1,45.83,Hibernating / Lost
cust_007171,2016-01-28,946,1,45.81,Hibernating / Lost
cust_001940,2016-12-16,623,2,45.81,At Risk (was frequent)
cust_005405,2017-04-21,497,1,45.81,Hibernating / Lost
cust_000523,2016-07-15,777,1,45.8,Hibernating / Lost
cust_000419,2016-07-20,772,1,45.8,Hibernating / Lost
cust_004801,2017-02-11,566,1,45.8,Hibernating / Lost
cust_003061,2016-11-12,657,1,45.79,Hibernating / Lost
cust_011006,2016-10-10,690,2,45.78,At Risk (was frequent)
cust_016970,2018-02-08,204,1,45.77,Loyal Customers
cust_018620,2016-09-25,705,1,45.76,At Risk (was frequent)
cust_018382,2018-01-26,217,1,45.76,Loyal Customers
cust_010508,2017-07-20,407,1,45.75,Hibernating / Lost
cust_017174,2017-11-19,285,1,45.75,Loyal Customers
cust_006482,2018-02-09,203,1,45.74,Potential Loyalists
cust_002964,2017-11-08,296,1,45.74,Potential Loyalists
cust_010032,2016-06-22,800,1,45.74,Hibernating / Lost
cust_002875,2016-11-28,641,1,45.74,Hibernating / Lost
cust_004109,2017-08-15,381,1,45.73,Hibernating / Lost
cust_009358,2017-11-28,276,1,45.72,Potential Loyalists
cust_014723,2017-02-28,549,1,45.72,At Risk (was frequent)
cust_017455,2017-12-28,246,1,45.72,Loyal Customers
cust_000163,2017-12-26,248,1,45.72,Potential Loyalists
cust_008690,2016-10-12,688,1,45.72,Hibernating / Lost
cust_013726,2017-02-14,563,1,45.69,Hibernating / Lost
cust_015795,2016-04-07,876,1,45.69,At Risk (was frequent)
cust_004201,2017-12-18,256,1,45.68,Potential Loyalists
cust_007127,2016-12-23,616,1,45.68,Hibernating / Lost
cust_015480,2016-05-15,838,1,45.65,At Risk (was frequent)
cust_013139,2017-11-06,298,1,45.65,Potential Loyalists
cust_015418,2016-11-17,652,1,45.64,At Risk (was frequent)
cust_008817,2017-08-31,365,1,45.64,Hibernating / Lost
cust_008502,2017-05-21,467,1,45.63,Hibernating / Lost
cust_011828,2016-10-07,693,1,45.61,Hibernating / Lost
cust_011707,2016-02-09,934,1,45.61,Hibernating / Lost
cust_008786,2016-08-30,731,1,45.6,Hibernating / Lost
cust_014314,2016-11-09,660,1,45.6,At Risk (was frequent)
cust_017339,2017-10-05,330,1,45.59,Loyal Customers
cust_011713,2016-10-30,670,1,45.59,Hibernating / Lost
cust_000431,2017-12-25,249,1,45.58,Potential Loyalists
cust_010957,2016-10-04,696,1,45.58,Hibernating / Lost
cust_018714,2017-02-03,574,1,45.56,At Risk (was frequent)
cust_015172,2017-07-20,407,2,45.55,At Risk (was frequent)
cust_004945,2017-03-07,542,1,45.55,Hibernating / Lost
cust_010632,2017-12-03,271,2,45.55,Loyal Customers
cust_018806,2017-02-26,551,1,45.54,At Risk (was frequent)
cust_011762,2017-09-10,355,2,45.53,At Risk (was frequent)
cust_001448,2016-03-30,884,1,45.52,Hibernating / Lost
cust_007194,2018-01-02,241,1,45.51,Potential Loyalists
cust_012514,2016-11-02,667,1,45.5,Hibernating / Lost
cust_015905,2016-09-03,727,1,45.5,At Risk (was frequent)
cust_002673,2018-01-29,214,1,45.49,Potential Loyalists
cust_014714,2017-04-14,504,1,45.47,At Risk (was frequent)
cust_006322,2016-06-02,820,1,45.47,Hibernating / Lost
cust_018066,2016-11-04,665,1,45.46,At Risk (was frequent)
cust_003619,2016-03-06,908,1,45.45,Hibernating / Lost
cust_012636,2017-06-09,448,1,45.45,Hibernating / Lost
cust_008531,2017-03-10,539,1,45.44,Hibernating / Lost
cust_016802,2016-08-27,734,1,45.42,At Risk (was frequent)
cust_003422,2017-11-18,286,1,45.42,Potential Loyalists
cust_016740,2016-12-04,635,1,45.4,At Risk (was frequent)
cust_005472,2016-01-26,948,1,45.39,Hibernating / Lost
cust_003685,2016-11-03,666,1,45.38,Hibernating / Lost
cust_000114,2017-09-07,358,2,45.35,At Risk (was frequent)
cust_001801,2018-02-17,195,1,45.35,Potential Loyalists
cust_017454,2016-01-20,954,1,45.33,At Risk (was frequent)
cust_001104,2016-11-01,668,1,45.33,Hibernating / Lost
cust_000849,2017-10-03,332,1,45.32,Potential Loyalists
cust_007771,2016-02-10,933,1,45.32,Hibernating / Lost
cust_015529,2016-12-18,621,1,45.32,At Risk (was frequent)
cust_007445,2017-10-10,325,1,45.29,Potential Loyalists
cust_000994,2017-12-19,255,1,45.28,Potential Loyalists
cust_011559,2016-11-26,643,1,45.27,Hibernating / Lost
cust_006832,2016-12-10,629,1,45.24,Hibernating / Lost
cust_005459,2017-04-01,517,1,45.22,Hibernating / Lost
cust_000563,2016-12-09,630,1,45.22,Hibernating / Lost
cust_001189,2017-03-28,521,1,45.21,Hibernating / Lost
cust_014832,2018-01-09,234,1,45.21,Loyal Customers
cust_012725,2017-05-21,467,1,45.2,Hibernating / Lost
cust_006831,2016-07-01,791,1,45.2,Hibernating / Lost
cust_008674,2016-02-23,920,1,45.18,Hibernating / Lost
cust_016670,2017-10-01,334,1,45.17,Loyal Customers
cust_004665,2017-10-29,306,1,45.15,Potential Loyalists
cust_018888,2016-12-19,620,1,45.15,At Risk (was frequent)
cust_016383,2017-02-28,549,1,45.15,At Risk (was frequent)
cust_006164,2016-12-30,609,1,45.12,Hibernating / Lost
cust_011920,2017-09-04,361,1,45.09,Hibernating / Lost
cust_013122,2016-04-15,868,1,45.08,Hibernating / Lost
cust_000760,2017-11-17,287,1,45.07,Potential Loyalists
cust_005148,2016-09-21,709,1,45.06,Hibernating / Lost
cust_015852,2016-11-15,654,1,45.06,At Risk (was frequent)
cust_010346,2016-10-17,683,1,45.04,Hibernating / Lost
cust_004308,2017-07-04,423,2,45.04,At Risk (was frequent)
cust_009530,2016-03-11,903,1,45.03,Hibernating / Lost
cust_001538,2018-01-26,217,1,45.02,Potential Loyalists
cust_014649,2017-12-14,260,1,45.02,Loyal Customers
cust_000920,2017-01-11,597,1,45.01,Hibernating / Lost
cust_002587,2017-10-19,316,1,45.0,Potential Loyalists
cust_006063,2017-05-26,462,1,44.98,Hibernating / Lost
cust_007533,2017-11-27,277,1,44.97,Potential Loyalists
cust_014653,2016-02-21,922,1,44.97,At Risk (was frequent)
cust_000643,2017-06-04,453,1,44.97,Hibernating / Lost
cust_013221,2017-05-22,466,1,44.97,Hibernating / Lost
cust_017734,2016-07-16,776,1,44.97,At Risk (was frequent)
cust_006700,2017-06-08,449,1,44.96,Hibernating / Lost
cust_011024,2016-10-08,692,1,44.94,Hibernating / Lost
cust_001569,2017-10-09,326,1,44.92,Potential Loyalists
cust_013573,2016-01-08,966,1,44.9,Hibernating / Lost
cust_014425,2018-01-10,233,1,44.88,Loyal Customers
cust_006172,2017-08-17,379,1,44.87,Hibernating / Lost
cust_006875,2016-11-06,663,1,44.85,Hibernating / Lost
cust_003949,2017-09-20,345,1,44.81,Hibernating / Lost
cust_009314,2017-11-30,274,1,44.81,Potential Loyalists
cust_009766,2017-11-12,292,2,44.81,Loyal Customers
cust_008082,2017-11-26,278,2,44.81,Loyal Customers
cust_012093,2017-03-11,538,1,44.8,Hibernating / Lost
cust_004995,2016-07-26,766,1,44.8,Hibernating / Lost
cust_015199,2016-04-15,868,1,44.76,At Risk (was frequent)
cust_010843,2017-09-23,342,1,44.75,Hibernating / Lost
cust_004996,2017-05-22,466,1,44.74,Hibernating / Lost
cust_001857,2017-07-24,403,1,44.73,Hibernating / Lost
cust_018857,2016-11-24,645,1,44.73,At Risk (was frequent)
cust_002574,2018-02-14,198,1,44.73,Potential Loyalists
cust_000464,2017-10-08,327,1,44.71,Potential Loyalists
cust_011543,2016-12-28,611,1,44.7,Hibernating / Lost
cust_001299,2018-01-11,232,1,44.7,Potential Loyalists
cust_007974,2018-02-10,202,1,44.69,Potential Loyalists
cust_007420,2017-11-06,298,2,44.69,Loyal Customers
cust_009229,2016-12-05,634,1,44.69,Hibernating / Lost
cust_003449,2016-11-25,644,1,44.68,Hibernating / Lost
cust_006823,2017-10-22,313,1,44.67,Potential Loyalists
cust_009511,2016-02-04,939,1,44.66,Hibernating / Lost
cust_005185,2017-11-24,280,1,44.65,Potential Loyalists
cust_010542,2017-04-07,511,1,44.65,Hibernating / Lost
cust_008745,2016-09-30,700,1,44.64,Hibernating / Lost
cust_003254,2016-04-27,856,1,44.63,Hibernating / Lost
cust_018632,2016-05-29,824,1,44.63,At Risk (was frequent)
cust_015780,2016-06-19,803,1,44.63,At Risk (was frequent)
cust_006444,2016-09-19,711,1,44.63,Hibernating / Lost
cust_017285,2017-02-10,567,1,44.62,At Risk (was frequent)
cust_006907,2018-02-28,184,1,44.61,Potential Loyalists
cust_004077,2016-08-03,758,1,44.61,Hibernating / Lost
cust_000669,2018-01-04,239,1,44.61,Potential Loyalists
cust_007382,2017-10-16,319,1,44.59,Potential Loyalists
cust_004691,2017-01-23,585,1,44.56,Hibernating / Lost
cust_002918,2016-01-24,950,1,44.54,Hibernating / Lost
cust_004918,2017-01-19,589,1,44.54,Hibernating / Lost
cust_001960,2016-11-26,643,1,44.51,Hibernating / Lost
cust_013150,2016-07-17,775,1,44.5,Hibernating / Lost
cust_003035,2016-05-20,833,1,44.5,Hibernating / Lost
cust_007530,2017-06-26,431,1,44.48,Hibernating / Lost
cust_017962,2016-10-31,669,1,44.45,At Risk (was frequent)
cust_007482,2017-11-13,291,1,44.45,Potential Loyalists
cust_002259,2016-09-03,727,1,44.44,Hibernating / Lost
cust_017831,2017-07-09,418,1,44.43,At Risk (was frequent)
cust_008641,2016-02-06,937,1,44.43,Hibernating / Lost
cust_007363,2016-12-05,634,1,44.42,Hibernating / Lost
cust_013424,2016-03-26,888,1,44.42,Hibernating / Lost
cust_012444,2016-08-16,745,1,44.42,Hibernating / Lost
cust_015329,2017-02-09,568,1,44.41,At Risk (was frequent)
cust_010881,2016-07-19,773,1,44.38,Hibernating / Lost
cust_002905,2016-06-29,793,1,44.36,Hibernating / Lost
cust_016874,2016-11-10,659,1,44.35,At Risk (was frequent)
cust_007621,2017-11-08,296,1,44.34,Potential Loyalists
cust_009928,2017-02-23,554,1,44.33,Hibernating / Lost
cust_017215,2016-04-07,876,1,44.33,At Risk (was frequent)
cust_015443,2017-08-15,381,1,44.32,At Risk (was frequent)
cust_009069,2017-04-28,490,1,44.31,Hibernating / Lost
cust_005457,2016-12-08,631,1,44.29,Hibernating / Lost
cust_009642,2017-05-28,460,1,44.29,Hibernating / Lost
cust_014657,2017-03-24,525,1,44.29,At Risk (was frequent)
cust_000900,2016-12-25,614,1,44.27,Hibernating / Lost
cust_009328,2017-02-10,567,1,44.24,Hibernating / Lost
cust_012327,2017-10-09,326,1,44.24,Potential Loyalists
cust_015764,2016-11-11,658,1,44.22,At Risk (was frequent)
cust_001749,2016-09-24,706,1,44.21,Hibernating / Lost
cust_009835,2016-07-03,789,1,44.2,Hibernating / Lost
cust_014271,2016-01-21,953,1,44.19,At Risk (was frequent)
cust_003034,2017-05-17,471,1,44.18,Hibernating / Lost
cust_000559,2016-05-18,835,1,44.16,Hibernating / Lost
cust_013841,2016-11-02,667,1,44.14,Hibernating / Lost
cust_001253,2017-11-13,291,1,44.13,Potential Loyalists
cust_009094,2017-08-20,376,1,44.13,Hibernating / Lost
cust_006629,2017-02-07,570,1,44.13,Hibernating / Lost
cust_005675,2018-02-28,184,1,44.1,Potential Loyalists
cust_017491,2017-08-22,374,1,44.1,At Risk (was frequent)
cust_015563,2018-02-10,202,1,44.09,Loyal Customers
cust_002621,2017-08-10,386,1,44.09,Hibernating / Lost
cust_007219,2017-11-23,281,1,44.08,Potential Loyalists
cust_000442,2017-06-13,444,1,44.08,Hibernating / Lost
cust_013775,2017-01-30,578,1,44.07,Hibernating / Lost
cust_001088,2017-11-25,279,1,44.07,Potential Loyalists
cust_018910,2017-03-24,525,1,44.07,At Risk (was frequent)
cust_004311,2018-02-10,202,1,44.06,Potential Loyalists
cust_007441,2017-03-24,525,1,44.05,Hibernating / Lost
cust_004320,2017-05-03,485,1,44.04,Hibernating / Lost
cust_010879,2016-02-01,942,1,44.04,Hibernating / Lost
cust_002195,2016-08-29,732,1,44.02,Hibernating / Lost
cust_002006,2017-10-30,305,2,44.01,Loyal Customers
cust_007947,2017-11-17,287,1,44.01,Potential Loyalists
cust_018732,2016-04-26,857,1,44.0,At Risk (was frequent)
cust_007344,2017-11-14,290,1,43.97,Potential Loyalists
cust_017845,2017-05-04,484,1,43.97,At Risk (was frequent)
cust_005774,2017-12-26,248,1,43.97,Potential Loyalists
cust_000347,2016-01-14,960,1,43.96,Hibernating / Lost
cust_000914,2016-04-28,855,1,43.95,Hibernating / Lost
cust_002233,2017-12-16,258,1,43.95,Potential Loyalists
cust_016559,2017-01-10,598,1,43.95,At Risk (was frequent)
cust_017072,2016-08-02,759,2,43.93,At Risk (was frequent)
cust_006590,2017-06-27,430,2,43.92,At Risk (was frequent)
cust_001650,2016-07-10,782,2,43.91,At Risk (was frequent)
cust_010911,2016-11-04,665,1,43.91,Hibernating / Lost
cust_009665,2017-05-07,481,1,43.91,Hibernating / Lost
cust_011735,2017-05-13,475,1,43.9,Hibernating / Lost
cust_005510,2017-05-30,458,1,43.89,Hibernating / Lost
cust_009617,2016-08-07,754,1,43.88,Hibernating / Lost
cust_005911,2017-12-10,264,1,43.88,Potential Loyalists
cust_012475,2017-03-15,534,1,43.87,Hibernating / Lost
cust_017518,2017-05-23,465,2,43.87,At Risk (was frequent)
cust_008274,2017-10-16,319,1,43.86,Potential Loyalists
cust_015940,2018-03-01,183,1,43.85,Loyal Customers
cust_012359,2017-02-01,576,1,43.85,Hibernating / Lost
cust_015266,2017-07-10,417,1,43.84,At Risk (was frequent)
cust_001803,2017-02-13,564,1,43.84,Hibernating / Lost
cust_011509,2016-08-12,749,1,43.84,Hibernating / Lost
cust_004902,2016-11-11,658,1,43.82,Hibernating / Lost
cust_008390,2016-12-30,609,1,43.81,Hibernating / Lost
cust_005852,2018-03-02,182,1,43.79,Potential Loyalists
cust_009095,2017-09-29,336,1,43.79,Potential Loyalists
cust_009404,2017-07-12,415,1,43.78,Hibernating / Lost
cust_011406,2016-12-08,631,1,43.78,Hibernating / Lost
cust_014385,2016-05-07,846,1,43.78,At Risk (was frequent)
cust_006351,2017-06-16,441,1,43.75,Hibernating / Lost
cust_007916,2016-06-08,814,1,43.75,Hibernating / Lost
cust_014075,2017-06-04,453,1,43.74,At Risk (was frequent)
cust_012715,2016-07-21,771,1,43.73,Hibernating / Lost
cust_002251,2016-10-31,669,1,43.73,Hibernating / Lost
cust_013207,2017-07-09,418,2,43.72,At Risk (was frequent)
cust_005440,2017-04-08,510,1,43.71,Hibernating / Lost
cust_016229,2017-04-14,504,1,43.7,At Risk (was frequent)
cust_009083,2017-04-21,497,1,43.7,Hibernating / Lost
cust_006858,2016-05-06,847,1,43.69,Hibernating / Lost
cust_002998,2017-12-24,250,1,43.69,Potential Loyalists
cust_014126,2017-08-10,386,1,43.68,At Risk (was frequent)
cust_003519,2017-05-22,466,1,43.66,Hibernating / Lost
cust_006847,2017-07-27,400,1,43.64,Hibernating / Lost
cust_002439,2017-01-13,595,1,43.63,Hibernating / Lost
cust_014105,2016-04-29,854,1,43.62,At Risk (was frequent)
cust_008253,2016-02-03,940,1,43.61,Hibernating / Lost
cust_017675,2016-07-27,765,1,43.54,At Risk (was frequent)
cust_013029,2016-09-03,727,1,43.53,Hibernating / Lost
cust_018399,2016-08-16,745,1,43.52,At Risk (was frequent)
cust_002556,2017-10-07,328,1,43.5,Potential Loyalists
cust_015862,2016-07-17,775,2,43.48,At Risk (was frequent)
cust_017258,2017-11-02,302,1,43.48,Loyal Customers
cust_016938,2018-01-10,233,1,43.47,Loyal Customers
cust_013328,2017-08-04,392,1,43.46,Hibernating / Lost
cust_007307,2017-05-17,471,1,43.45,Hibernating / Lost
cust_009810,2016-03-02,912,1,43.44,Hibernating / Lost
cust_000962,2016-12-20,619,1,43.44,Hibernating / Lost
cust_008693,2016-12-26,613,1,43.43,Hibernating / Lost
cust_002299,2017-04-29,489,1,43.43,Hibernating / Lost
cust_014606,2016-05-14,839,1,43.42,At Risk (was frequent)
cust_017399,2017-02-14,563,1,43.42,At Risk (was frequent)
cust_012178,2017-11-17,287,1,43.4,Potential Loyalists
cust_003687,2017-04-06,512,1,43.38,Hibernating / Lost
cust_008571,2016-11-21,648,1,43.38,Hibernating / Lost
cust_015205,2017-07-19,408,1,43.37,At Risk (was frequent)
cust_009791,2017-12-11,263,1,43.36,Potential Loyalists
cust_001908,2017-11-09,295,1,43.35,Potential Loyalists
cust_011971,2016-10-05,695,1,43.34,Hibernating / Lost
cust_016817,2016-09-28,702,1,43.34,At Risk (was frequent)
cust_008565,2017-03-02,547,1,43.34,Hibernating / Lost
cust_012563,2017-02-05,572,1,43.34,Hibernating / Lost
cust_016052,2016-05-03,850,1,43.33,At Risk (was frequent)
cust_016738,2017-11-21,283,1,43.33,Loyal Customers
cust_018427,2017-04-29,489,1,43.33,At Risk (was frequent)
cust_008156,2016-09-08,722,1,43.33,Hibernating / Lost
cust_017338,2017-07-29,398,1,43.31,At Risk (was frequent)
cust_006920,2016-02-27,916,1,43.31,Hibernating / Lost
cust_002943,2017-01-29,579,1,43.31,Hibernating / Lost
cust_015647,2017-05-28,460,1,43.3,At Risk (was frequent)
cust_005862,2017-05-09,479,1,43.29,Hibernating / Lost
cust_015524,2017-06-29,428,1,43.28,At Risk (was frequent)
cust_006672,2018-01-19,224,1,43.27,Potential Loyalists
cust_017911,2016-01-20,954,1,43.26,At Risk (was frequent)
cust_008039,2016-11-26,643,1,43.26,Hibernating / Lost
cust_006472,2016-01-31,943,1,43.22,Hibernating / Lost
cust_006160,2017-12-20,254,1,43.21,Potential Loyalists
cust_004733,2016-08-23,738,1,43.19,Hibernating / Lost
cust_003919,2016-09-19,711,1,43.18,Hibernating / Lost
cust_011557,2017-02-15,562,1,43.18,Hibernating / Lost
cust_015272,2016-06-19,803,1,43.17,At Risk (was frequent)
cust_003418,2017-11-09,295,1,43.16,Potential Loyalists
cust_016844,2017-12-20,254,1,43.16,Loyal Customers
cust_014667,2016-02-18,925,1,43.16,At Risk (was frequent)
cust_009109,2017-03-31,518,1,43.15,Hibernating / Lost
cust_012399,2018-02-12,200,1,43.14,Potential Loyalists
cust_016164,2016-12-08,631,1,43.14,At Risk (was frequent)
cust_002517,2017-05-16,472,1,43.13,Hibernating / Lost
cust_016372,2016-11-11,658,1,43.13,At Risk (was frequent)
cust_003434,2017-01-15,593,1,43.12,Hibernating / Lost
cust_008162,2016-03-16,898,1,43.11,Hibernating / Lost
cust_016168,2017-06-23,434,1,43.07,At Risk (was frequent)
cust_001281,2018-02-23,189,1,43.05,Potential Loyalists
cust_017815,2017-09-11,354,1,43.05,At Risk (was frequent)
cust_014733,2016-06-30,792,1,43.04,At Risk (was frequent)
cust_014135,2016-03-18,896,1,43.03,At Risk (was frequent)
cust_013367,2017-12-22,252,1,43.02,Potential Loyalists
cust_000452,2017-06-21,436,1,43.02,Hibernating / Lost
cust_008104,2017-05-04,484,2,42.99,At Risk (was frequent)
cust_015024,2016-10-20,680,1,42.99,At Risk (was frequent)
cust_006595,2017-11-26,278,1,42.96,Potential Loyalists
cust_015263,2016-07-30,762,1,42.93,At Risk (was frequent)
cust_010074,2017-06-15,442,1,42.93,Hibernating / Lost
cust_013318,2017-11-09,295,1,42.91,Potential Loyalists
cust_017785,2016-12-19,620,1,42.91,At Risk (was frequent)
cust_008577,2016-04-01,882,2,42.86,At Risk (was frequent)
cust_014658,2017-07-10,417,1,42.86,At Risk (was frequent)
cust_010752,2017-06-13,444,1,42.84,Hibernating / Lost
cust_014035,2017-11-15,289,1,42.82,Loyal Customers
cust_014904,2017-04-27,491,1,42.81,At Risk (was frequent)
cust_009441,2017-02-27,550,1,42.8,Hibernating / Lost
cust_009912,2016-10-09,691,1,42.8,Hibernating / Lost
cust_012400,2016-11-07,662,1,42.78,Hibernating / Lost
cust_016305,2016-05-06,847,1,42.78,At Risk (was frequent)
cust_001719,2016-05-11,842,1,42.76,Hibernating / Lost
cust_001326,2017-03-10,539,1,42.75,Hibernating / Lost
cust_006913,2017-01-18,590,1,42.72,Hibernating / Lost
cust_003022,2016-05-20,833,1,42.71,Hibernating / Lost
cust_002873,2017-10-14,321,2,42.71,Loyal Customers
cust_003175,2017-11-24,280,1,42.7,Potential Loyalists
cust_007003,2017-02-09,568,1,42.7,Hibernating / Lost
cust_015799,2017-02-20,557,1,42.7,At Risk (was frequent)
cust_016334,2016-03-08,906,1,42.69,At Risk (was frequent)
cust_003839,2016-02-07,936,1,42.69,Hibernating / Lost
cust_007969,2017-08-06,390,2,42.69,At Risk (was frequent)
cust_000021,2017-03-02,547,1,42.67,Hibernating / Lost
cust_002763,2018-01-20,223,1,42.66,Potential Loyalists
cust_008051,2017-11-27,277,2,42.64,Loyal Customers
cust_007921,2016-02-14,929,1,42.62,Hibernating / Lost
cust_012688,2017-03-08,541,1,42.61,Hibernating / Lost
cust_012997,2017-09-05,360,2,42.6,At Risk (was frequent)
cust_013052,2017-12-09,265,1,42.6,Potential Loyalists
cust_012464,2017-07-07,420,1,42.59,Hibernating / Lost
cust_015111,2016-10-04,696,1,42.58,At Risk (was frequent)
cust_010743,2017-10-19,316,1,42.58,Potential Loyalists
cust_012679,2016-01-12,962,1,42.58,Hibernating / Lost
cust_014395,2017-11-11,293,2,42.58,Loyal Customers
cust_005445,2016-05-28,825,1,42.57,Hibernating / Lost
cust_011022,2017-08-19,377,1,42.54,Hibernating / Lost
cust_006623,2016-07-25,767,1,42.51,Hibernating / Lost
cust_004192,2016-11-09,660,1,42.5,Hibernating / Lost
cust_012777,2016-02-17,926,1,42.46,Hibernating / Lost
cust_000190,2017-07-27,400,1,42.44,Hibernating / Lost
cust_010111,2016-12-12,627,1,42.44,Hibernating / Lost
cust_000511,2016-08-25,736,1,42.42,Hibernating / Lost
cust_011605,2017-11-28,276,1,42.41,Potential Loyalists
cust_012798,2017-06-09,448,1,42.4,Hibernating / Lost
cust_014102,2017-04-23,495,1,42.39,At Risk (was frequent)
cust_010566,2016-10-13,687,1,42.38,Hibernating / Lost
cust_011958,2017-05-19,469,1,42.38,Hibernating / Lost
cust_013938,2016-09-30,700,1,42.37,Hibernating / Lost
cust_011043,2016-09-12,718,1,42.35,Hibernating / Lost
cust_002053,2016-05-16,837,1,42.34,Hibernating / Lost
cust_008370,2017-12-03,271,1,42.31,Potential Loyalists
cust_001265,2016-03-28,886,1,42.31,Hibernating / Lost
cust_013406,2016-12-11,628,1,42.29,Hibernating / Lost
cust_000519,2018-01-30,213,1,42.29,Potential Loyalists
cust_001600,2017-09-15,350,1,42.27,Hibernating / Lost
cust_000969,2016-04-18,865,1,42.26,Hibernating / Lost
cust_007617,2017-08-06,390,1,42.24,Hibernating / Lost
cust_004739,2018-01-05,238,1,42.23,Potential Loyalists
cust_017740,2016-06-22,800,1,42.23,At Risk (was frequent)
cust_004899,2017-04-01,517,1,42.22,Hibernating / Lost
cust_002444,2017-10-31,304,1,42.21,Potential Loyalists
cust_003803,2016-08-27,734,1,42.2,Hibernating / Lost
cust_004390,2016-09-22,708,1,42.2,Hibernating / Lost
cust_010122,2017-10-09,326,1,42.18,Potential Loyalists
cust_004659,2018-02-05,207,1,42.17,Potential Loyalists
cust_002871,2018-02-20,192,1,42.16,Potential Loyalists
cust_002706,2016-09-13,717,1,42.16,Hibernating / Lost
cust_004454,2017-12-11,263,1,42.14,Potential Loyalists
cust_010796,2017-11-08,296,1,42.13,Potential Loyalists
cust_018756,2018-02-06,206,1,42.12,Loyal Customers
cust_012379,2017-06-11,446,1,42.12,Hibernating / Lost
cust_001029,2017-05-23,465,1,42.06,Hibernating / Lost
cust_012427,2016-12-22,617,1,42.05,Hibernating / Lost
cust_017909,2016-04-29,854,1,42.05,At Risk (was frequent)
cust_009150,2017-08-10,386,1,42.05,Hibernating / Lost
cust_011590,2017-11-04,300,1,42.05,Potential Loyalists
cust_016084,2017-11-19,285,1,42.04,Loyal Customers
cust_002649,2017-11-12,292,1,42.03,Potential Loyalists
cust_006051,2017-05-01,487,1,41.98,Hibernating / Lost
cust_012268,2016-10-24,676,1,41.96,Hibernating / Lost
cust_011297,2017-07-28,399,1,41.95,Hibernating / Lost
cust_003750,2016-06-08,814,1,41.94,Hibernating / Lost
cust_014675,2017-09-03,362,1,41.93,At Risk (was frequent)
cust_006188,2017-02-21,556,1,41.91,Hibernating / Lost
cust_016049,2016-06-16,806,1,41.9,At Risk (was frequent)
cust_000910,2017-11-23,281,1,41.89,Potential Loyalists
cust_015475,2017-04-27,491,1,41.85,At Risk (was frequent)
cust_005827,2016-01-18,956,1,41.84,Hibernating / Lost
cust_012700,2017-09-15,350,1,41.84,Hibernating / Lost
cust_003512,2016-09-07,723,1,41.82,Hibernating / Lost
cust_005581,2016-04-15,868,1,41.78,Hibernating / Lost
cust_012192,2017-01-12,596,1,41.78,Hibernating / Lost
cust_015620,2016-11-12,657,1,41.77,At Risk (was frequent)
cust_003327,2016-12-23,616,1,41.76,Hibernating / Lost
cust_000353,2016-04-12,871,1,41.75,Hibernating / Lost
cust_017034,2017-03-09,540,1,41.74,At Risk (was frequent)
cust_017249,2017-10-13,322,1,41.74,Loyal Customers
cust_017866,2016-12-28,611,1,41.73,At Risk (was frequent)
cust_013355,2016-07-01,791,1,41.7,Hibernating / Lost
cust_017431,2017-09-09,356,1,41.69,At Risk (was frequent)
cust_003349,2017-09-13,352,1,41.69,Hibernating / Lost
cust_003689,2017-09-16,349,1,41.68,Hibernating / Lost
cust_001950,2017-12-28,246,1,41.65,Potential Loyalists
cust_015362,2016-06-07,815,1,41.65,At Risk (was frequent)
cust_001837,2016-06-12,810,1,41.64,Hibernating / Lost
cust_017924,2016-05-26,827,1,41.63,At Risk (was frequent)
cust_008510,2016-02-11,932,1,41.63,Hibernating / Lost
cust_004198,2017-12-20,254,1,41.62,Potential Loyalists
cust_004755,2016-02-26,917,1,41.6,Hibernating / Lost
cust_004211,2017-08-08,388,1,41.59,Hibernating / Lost
cust_004098,2017-06-17,440,1,41.56,Hibernating / Lost
cust_004605,2016-12-16,623,1,41.56,Hibernating / Lost
cust_006069,2017-10-20,315,1,41.56,Potential Loyalists
cust_014188,2017-08-11,385,1,41.55,At Risk (was frequent)
cust_000877,2017-04-06,512,1,41.55,Hibernating / Lost
cust_016694,2018-01-15,228,1,41.55,Loyal Customers
cust_008009,2016-07-08,784,1,41.55,Hibernating / Lost
cust_004972,2017-09-04,361,1,41.53,Hibernating / Lost
cust_016281,2016-03-20,894,1,41.53,At Risk (was frequent)
cust_016500,2016-06-13,809,1,41.53,At Risk (was frequent)
cust_007948,2016-03-15,899,1,41.52,Hibernating / Lost
cust_003700,2017-07-28,399,1,41.5,Hibernating / Lost
cust_016058,2017-09-29,336,1,41.48,Loyal Customers
cust_013201,2016-11-27,642,1,41.47,Hibernating / Lost
cust_000985,2016-05-08,845,1,41.45,Hibernating / Lost
cust_008670,2016-02-14,929,1,41.43,Hibernating / Lost
cust_007122,2017-05-02,486,1,41.42,Hibernating / Lost
cust_006238,2016-09-07,723,1,41.42,Hibernating / Lost
cust_010173,2017-12-10,264,1,41.42,Potential Loyalists
cust_002418,2016-06-18,804,1,41.36,Hibernating / Lost
cust_014245,2017-07-31,396,1,41.35,At Risk (was frequent)
cust_003201,2016-05-01,852,1,41.33,Hibernating / Lost
cust_006014,2017-11-15,289,1,41.33,Potential Loyalists
cust_004037,2016-08-31,730,1,41.32,Hibernating / Lost
cust_017088,2016-01-21,953,1,41.29,At Risk (was frequent)
cust_003802,2016-12-01,638,1,41.29,Hibernating / Lost
cust_010784,2018-01-25,218,1,41.29,Potential Loyalists
cust_000329,2016-01-11,963,1,41.28,Hibernating / Lost
cust_005413,2017-12-22,252,1,41.28,Potential Loyalists
cust_002489,2016-04-10,873,1,41.27,Hibernating / Lost
cust_001528,2017-06-13,444,1,41.27,Hibernating / Lost
cust_017435,2017-11-21,283,1,41.27,Loyal Customers
cust_013492,2016-07-13,779,1,41.27,Hibernating / Lost
cust_012874,2016-07-06,786,1,41.26,Hibernating / Lost
cust_011865,2017-02-11,566,1,41.26,Hibernating / Lost
cust_012802,2017-12-23,251,1,41.26,Potential Loyalists
cust_006255,2017-03-01,548,1,41.24,Hibernating / Lost
cust_000672,2016-10-30,670,1,41.23,Hibernating / Lost
cust_006388,2016-06-05,817,1,41.22,Hibernating / Lost
cust_002657,2016-06-11,811,1,41.22,Hibernating / Lost
cust_007788,2016-02-22,921,1,41.21,Hibernating / Lost
cust_012276,2016-09-19,711,1,41.19,Hibernating / Lost
cust_001047,2016-03-12,902,1,41.19,Hibernating / Lost
cust_017731,2017-02-21,556,1,41.18,At Risk (was frequent)
cust_001200,2017-08-08,388,1,41.18,Hibernating / Lost
cust_017851,2018-02-21,191,1,41.18,Loyal Customers
cust_013442,2017-11-19,285,1,41.18,Potential Loyalists
cust_003923,2017-11-18,286,1,41.17,Potential Loyalists
cust_013314,2016-12-08,631,1,41.17,Hibernating / Lost
cust_014186,2016-11-19,650,1,41.16,At Risk (was frequent)
cust_015214,2016-01-01,973,1,41.15,At Risk (was frequent)
cust_002382,2016-10-28,672,1,41.14,Hibernating / Lost
cust_018236,2016-12-08,631,1,41.12,At Risk (was frequent)
cust_007026,2017-11-01,303,1,41.11,Potential Loyalists
cust_015055,2017-11-17,287,1,41.11,Loyal Customers
cust_012018,2017-03-05,544,1,41.1,Hibernating / Lost
cust_011488,2016-10-20,680,1,41.1,Hibernating / Lost
cust_010193,2017-05-30,458,1,41.09,Hibernating / Lost
cust_018558,2018-02-15,197,1,41.06,Loyal Customers
cust_002364,2017-11-29,275,1,41.06,Potential Loyalists
cust_004791,2016-10-06,694,1,41.06,Hibernating / Lost
cust_016262,2017-05-12,476,1,41.05,At Risk (was frequent)
cust_004120,2017-01-12,596,1,41.04,Hibernating / Lost
cust_014769,2016-07-21,771,1,41.01,At Risk (was frequent)
cust_003621,2017-08-18,378,2,40.98,At Risk (was frequent)
cust_008357,2016-08-27,734,1,40.98,Hibernating / Lost
cust_010972,2016-11-17,652,1,40.98,Hibernating / Lost
cust_014372,2017-08-19,377,1,40.98,At Risk (was frequent)
cust_017452,2016-04-04,879,1,40.98,At Risk (was frequent)
cust_002217,2017-03-22,527,1,40.97,Hibernating / Lost
cust_003946,2017-02-02,575,1,40.97,Hibernating / Lost
cust_003518,2017-04-25,493,1,40.97,Hibernating / Lost
cust_009164,2016-05-12,841,1,40.96,Hibernating / Lost
cust_002891,2017-04-09,509,1,40.96,Hibernating / Lost
cust_017982,2016-02-28,915,1,40.95,At Risk (was frequent)
cust_006546,2017-02-12,565,1,40.95,Hibernating / Lost
cust_009238,2016-10-04,696,1,40.94,Hibernating / Lost
cust_006362,2017-02-26,551,1,40.92,Hibernating / Lost
cust_011120,2017-03-26,523,1,40.92,Hibernating / Lost
cust_015310,2016-03-05,909,1,40.91,At Risk (was frequent)
cust_005022,2017-09-24,341,1,40.89,Hibernating / Lost
cust_012203,2016-11-11,658,1,40.89,Hibernating / Lost
cust_009967,2017-11-11,293,1,40.87,Potential Loyalists
cust_005525,2016-11-16,653,1,40.87,Hibernating / Lost
cust_009889,2016-09-24,706,1,40.86,Hibernating / Lost
cust_002540,2016-11-25,644,1,40.86,Hibernating / Lost
cust_017298,2017-02-21,556,1,40.86,At Risk (was frequent)
cust_004372,2016-06-16,806,1,40.86,Hibernating / Lost
cust_004244,2017-04-16,502,1,40.85,Hibernating / Lost
cust_007892,2016-06-23,799,1,40.85,Hibernating / Lost
cust_005634,2017-11-03,301,1,40.84,Potential Loyalists
cust_004961,2017-05-29,459,1,40.83,Hibernating / Lost
cust_006438,2017-06-29,428,1,40.81,Hibernating / Lost
cust_001910,2017-12-11,263,1,40.8,Potential Loyalists
cust_002349,2016-11-18,651,1,40.79,Hibernating / Lost
cust_001555,2018-01-16,227,1,40.78,Potential Loyalists
cust_008123,2016-08-17,744,1,40.77,Hibernating / Lost
cust_017702,2017-04-25,493,1,40.75,At Risk (was frequent)
cust_011166,2016-12-28,611,1,40.73,Hibernating / Lost
cust_013604,2018-01-29,214,1,40.71,Potential Loyalists
cust_011695,2017-06-19,438,1,40.7,Hibernating / Lost
cust_017421,2016-06-19,803,1,40.7,At Risk (was frequent)
cust_004262,2017-03-11,538,1,40.69,Hibernating / Lost
cust_002049,2016-08-27,734,1,40.69,Hibernating / Lost
cust_010131,2017-12-03,271,1,40.68,Potential Loyalists
cust_011734,2016-03-12,902,1,40.68,Hibernating / Lost
cust_003511,2017-09-16,349,1,40.68,Hibernating / Lost
cust_006923,2016-12-02,637,1,40.67,Hibernating / Lost
cust_016293,2017-12-16,258,1,40.66,Loyal Customers
cust_007367,2017-11-17,287,1,40.66,Potential Loyalists
cust_014760,2017-11-02,302,1,40.65,Loyal Customers
cust_006232,2017-12-05,269,1,40.64,Potential Loyalists
cust_014092,2018-01-20,223,1,40.63,Loyal Customers
cust_000217,2018-01-12,231,1,40.61,Potential Loyalists
cust_001967,2017-02-21,556,1,40.6,Hibernating / Lost
cust_013072,2016-10-03,697,1,40.6,Hibernating / Lost
cust_009558,2016-09-10,720,1,40.58,Hibernating / Lost
cust_002533,2017-07-05,422,1,40.58,Hibernating / Lost
cust_002307,2016-02-12,931,1,40.58,Hibernating / Lost
cust_015785,2017-11-02,302,2,40.56,Loyal Customers
cust_010681,2017-04-07,511,1,40.56,Hibernating / Lost
cust_012269,2018-01-30,213,1,40.55,Potential Loyalists
cust_017265,2016-10-11,689,1,40.51,At Risk (was frequent)
cust_012546,2017-12-06,268,1,40.5,Potential Loyalists
cust_008457,2018-01-18,225,1,40.47,Potential Loyalists
cust_003463,2016-11-06,663,1,40.45,Hibernating / Lost
cust_014945,2016-12-15,624,1,40.44,At Risk (was frequent)
cust_010400,2016-01-12,962,1,40.43,Hibernating / Lost
cust_009084,2016-01-12,962,1,40.42,Hibernating / Lost
cust_016575,2017-06-05,452,1,40.4,At Risk (was frequent)
cust_001871,2017-03-08,541,1,40.4,Hibernating / Lost
cust_007651,2016-09-07,723,1,40.37,Hibernating / Lost
cust_008873,2017-11-06,298,1,40.36,Potential Loyalists
cust_012671,2017-03-19,530,1,40.36,Hibernating / Lost
cust_015542,2017-10-04,331,1,40.35,Loyal Customers
cust_016546,2017-03-18,531,1,40.34,At Risk (was frequent)
cust_001054,2017-03-22,527,1,40.31,Hibernating / Lost
cust_006554,2017-01-26,582,1,40.3,Hibernating / Lost
cust_004738,2016-03-18,896,1,40.29,Hibernating / Lost
cust_003246,2017-11-28,276,1,40.28,Potential Loyalists
cust_007553,2016-06-12,810,1,40.27,Hibernating / Lost
cust_006821,2017-11-28,276,1,40.26,Potential Loyalists
cust_016509,2016-09-15,715,1,40.24,At Risk (was frequent)
cust_001174,2017-08-23,373,1,40.24,Hibernating / Lost
cust_013010,2017-08-19,377,1,40.22,Hibernating / Lost
cust_010922,2017-11-06,298,1,40.2,Potential Loyalists
cust_012603,2016-10-13,687,1,40.2,Hibernating / Lost
cust_018289,2017-11-07,297,1,40.18,Loyal Customers
cust_012110,2017-04-03,515,1,40.14,Hibernating / Lost
cust_005970,2017-10-23,312,1,40.13,Potential Loyalists
cust_006146,2018-02-03,209,2,40.13,Loyal Customers
cust_013045,2016-07-16,776,1,40.13,Hibernating / Lost
cust_005225,2017-02-28,549,1,40.12,Hibernating / Lost
cust_003749,2017-03-28,521,1,40.11,Hibernating / Lost
cust_012343,2017-11-11,293,2,40.09,Loyal Customers
cust_013190,2017-12-19,255,1,40.08,Potential Loyalists
cust_007628,2017-01-11,597,1,40.08,Hibernating / Lost
cust_012275,2016-10-25,675,1,40.07,Hibernating / Lost
cust_001101,2016-03-25,889,1,40.07,Hibernating / Lost
cust_016842,2016-01-12,962,1,40.06,At Risk (was frequent)
cust_012336,2017-12-03,271,1,40.06,Potential Loyalists
cust_004725,2017-02-15,562,1,40.06,Hibernating / Lost
cust_003674,2016-05-24,829,1,40.05,Hibernating / Lost
cust_010560,2017-04-15,503,1,40.05,Hibernating / Lost
cust_013042,2016-11-19,650,1,40.05,Hibernating / Lost
cust_007515,2016-11-29,640,1,40.04,Hibernating / Lost
cust_008128,2016-10-27,673,1,40.03,Hibernating / Lost
cust_014391,2018-01-12,231,1,40.03,Loyal Customers
cust_015697,2017-07-23,404,1,40.03,At Risk (was frequent)
cust_010700,2016-07-18,774,1,40.02,Hibernating / Lost
cust_014936,2017-10-20,315,2,40.01,Loyal Customers
cust_009516,2017-10-12,323,1,40.01,Potential Loyalists
cust_014622,2016-01-12,962,1,40.01,At Risk (was frequent)
cust_011048,2016-08-15,746,1,40.0,Hibernating / Lost
cust_010263,2016-06-15,807,1,40.0,Hibernating / Lost
cust_002048,2016-10-06,694,1,39.98,Hibernating / Lost
cust_015625,2016-03-17,897,1,39.97,At Risk (was frequent)
cust_016162,2018-01-18,225,1,39.96,Loyal Customers
cust_004641,2017-10-24,311,1,39.96,Potential Loyalists
cust_012902,2017-06-17,440,1,39.95,Hibernating / Lost
cust_012254,2016-04-08,875,1,39.94,Hibernating / Lost
cust_009304,2016-08-30,731,1,39.93,Hibernating / Lost
cust_006816,2016-05-27,826,1,39.92,Hibernating / Lost
cust_005570,2016-10-15,685,1,39.89,Hibernating / Lost
cust_008578,2016-04-03,880,1,39.87,Hibernating / Lost
cust_014533,2016-08-10,751,1,39.86,At Risk (was frequent)
cust_004433,2016-11-01,668,1,39.83,Hibernating / Lost
cust_011242,2017-11-24,280,1,39.83,Potential Loyalists
cust_001250,2016-10-16,684,1,39.82,Hibernating / Lost
cust_015594,2017-08-03,393,1,39.82,At Risk (was frequent)
cust_015726,2017-06-26,431,1,39.82,At Risk (was frequent)
cust_000246,2017-08-10,386,1,39.81,Hibernating / Lost
cust_013530,2017-02-28,549,1,39.8,Hibernating / Lost
cust_014044,2017-12-22,252,1,39.79,Loyal Customers
cust_007835,2016-03-04,910,1,39.78,Hibernating / Lost
cust_015394,2016-10-22,678,1,39.78,At Risk (was frequent)
cust_002743,2016-04-01,882,1,39.76,Hibernating / Lost
cust_000339,2016-05-07,846,1,39.76,Hibernating / Lost
cust_005660,2016-10-03,697,1,39.75,Hibernating / Lost
cust_010212,2018-01-05,238,1,39.75,Potential Loyalists
cust_010975,2017-12-13,261,1,39.74,Potential Loyalists
cust_017566,2016-10-31,669,1,39.73,At Risk (was frequent)
cust_008568,2017-10-18,317,1,39.73,Potential Loyalists
cust_000350,2017-11-22,282,1,39.7,Potential Loyalists
cust_004335,2017-07-27,400,1,39.69,Hibernating / Lost
cust_006111,2017-07-20,407,1,39.68,Hibernating / Lost
cust_002228,2016-12-14,625,1,39.67,Hibernating / Lost
cust_012882,2017-03-16,533,1,39.67,Hibernating / Lost
cust_009826,2017-10-03,332,1,39.67,Potential Loyalists
cust_004964,2016-11-18,651,1,39.67,Hibernating / Lost
cust_012772,2016-06-23,799,1,39.67,Hibernating / Lost
cust_018942,2017-07-03,424,1,39.66,At Risk (was frequent)
cust_009213,2017-03-12,537,1,39.64,Hibernating / Lost
cust_003505,2018-02-21,191,1,39.63,Potential Loyalists
cust_014364,2018-02-13,199,1,39.61,Loyal Customers
cust_003373,2016-11-16,653,1,39.6,Hibernating / Lost
cust_009552,2017-08-11,385,1,39.59,Hibernating / Lost
cust_008897,2016-08-29,732,1,39.57,Hibernating / Lost
cust_017669,2017-12-12,262,1,39.56,Loyal Customers
cust_014392,2017-11-09,295,1,39.56,Loyal Customers
cust_000583,2016-07-21,771,1,39.55,Hibernating / Lost
cust_009144,2017-07-27,400,1,39.55,Hibernating / Lost
cust_011854,2016-01-26,948,1,39.53,Hibernating / Lost
cust_003363,2016-07-07,785,1,39.53,Hibernating / Lost
cust_009973,2017-05-03,485,1,39.52,Hibernating / Lost
cust_006099,2016-09-27,703,1,39.52,Hibernating / Lost
cust_008696,2017-08-12,384,1,39.48,Hibernating / Lost
cust_017041,2017-03-26,523,1,39.46,At Risk (was frequent)
cust_000552,2017-12-29,245,1,39.46,Potential Loyalists
cust_009509,2017-06-09,448,1,39.45,Hibernating / Lost
cust_000177,2017-07-01,426,1,39.44,Hibernating / Lost
cust_010548,2017-11-29,275,1,39.42,Potential Loyalists
cust_002951,2016-09-04,726,1,39.42,Hibernating / Lost
cust_005303,2017-02-03,574,1,39.41,Hibernating / Lost
cust_003115,2017-03-10,539,1,39.4,Hibernating / Lost
cust_002374,2017-09-07,358,1,39.39,Hibernating / Lost
cust_012613,2017-06-02,455,1,39.39,Hibernating / Lost
cust_000880,2016-11-10,659,1,39.38,Hibernating / Lost
cust_008383,2017-05-04,484,1,39.36,Hibernating / Lost
cust_000231,2016-07-22,770,1,39.35,Hibernating / Lost
cust_015944,2016-10-15,685,1,39.32,At Risk (was frequent)
cust_010749,2017-11-20,284,1,39.31,Potential Loyalists
cust_014095,2016-03-27,887,1,39.3,At Risk (was frequent)
cust_007011,2016-12-12,627,1,39.28,Hibernating / Lost
cust_009778,2017-07-23,404,1,39.28,Hibernating / Lost
cust_017720,2016-11-28,641,1,39.27,At Risk (was frequent)
cust_003421,2016-08-25,736,1,39.24,Hibernating / Lost
cust_010472,2016-02-16,927,1,39.23,Hibernating / Lost
cust_010360,2016-05-18,835,1,39.23,Hibernating / Lost
cust_005833,2016-12-12,627,1,39.23,Hibernating / Lost
cust_003058,2017-08-20,376,1,39.23,Hibernating / Lost
cust_008251,2018-02-22,190,1,39.19,Potential Loyalists
cust_002559,2017-11-15,289,1,39.18,Potential Loyalists
cust_013222,2017-09-07,358,1,39.16,Hibernating / Lost
cust_002537,2016-09-28,702,1,39.1,Hibernating / Lost
cust_012365,2018-02-10,202,1,39.09,Potential Loyalists
cust_014486,2017-09-06,359,1,39.07,At Risk (was frequent)
cust_005443,2017-11-12,292,1,39.07,Potential Loyalists
cust_004299,2018-03-01,183,1,39.07,Potential Loyalists
cust_001333,2017-10-26,309,1,39.06,Potential Loyalists
cust_013525,2016-10-06,694,1,39.03,Hibernating / Lost
cust_003936,2016-03-17,897,1,39.02,Hibernating / Lost
cust_009790,2016-07-03,789,1,39.0,Hibernating / Lost
cust_011411,2017-12-20,254,1,38.99,Potential Loyalists
cust_005800,2016-07-25,767,1,38.96,Hibernating / Lost
cust_008617,2016-07-02,790,1,38.95,Hibernating / Lost
cust_001425,2016-07-02,790,1,38.94,Hibernating / Lost
cust_010899,2016-09-26,704,1,38.93,Hibernating / Lost
cust_009747,2018-01-14,229,1,38.92,Potential Loyalists
cust_007779,2017-10-04,331,1,38.9,Potential Loyalists
cust_017221,2016-07-19,773,1,38.89,At Risk (was frequent)
cust_005133,2017-02-16,561,1,38.89,Hibernating / Lost
cust_014114,2017-11-07,297,1,38.89,Loyal Customers
cust_007128,2016-07-31,761,1,38.88,Hibernating / Lost
cust_003638,2016-02-12,931,1,38.88,Hibernating / Lost
cust_011483,2016-06-01,821,1,38.87,Hibernating / Lost
cust_013653,2017-03-08,541,1,38.87,Hibernating / Lost
cust_016615,2016-03-14,900,1,38.85,At Risk (was frequent)
cust_014939,2017-01-25,583,1,38.84,At Risk (was frequent)
cust_014038,2017-12-06,268,1,38.84,Loyal Customers
cust_009677,2016-11-16,653,1,38.84,Hibernating / Lost
cust_014806,2017-09-08,357,1,38.83,At Risk (was frequent)
cust_002078,2017-07-07,420,1,38.82,Hibernating / Lost
cust_009828,2017-09-30,335,1,38.82,Potential Loyalists
cust_002037,2016-07-25,767,1,38.81,Hibernating / Lost
cust_005404,2016-07-23,769,1,38.81,Hibernating / Lost
cust_001869,2016-12-02,637,1,38.8,Hibernating / Lost
cust_016301,2017-12-27,247,1,38.8,Loyal Customers
cust_006447,2017-06-25,432,1,38.79,Hibernating / Lost
cust_001915,2017-04-22,496,1,38.79,Hibernating / Lost
cust_013877,2017-10-28,307,1,38.78,Potential Loyalists
cust_010326,2016-12-23,616,1,38.77,Hibernating / Lost
cust_002162,2016-03-20,894,1,38.77,Hibernating / Lost
cust_016884,2016-07-14,778,1,38.76,At Risk (was frequent)
cust_003437,2017-09-30,335,1,38.76,Potential Loyalists
cust_018845,2016-06-21,801,1,38.75,At Risk (was frequent)
cust_008262,2017-04-07,511,1,38.75,Hibernating / Lost
cust_002794,2016-03-10,904,1,38.74,Hibernating / Lost
cust_013344,2016-07-24,768,1,38.74,Hibernating / Lost
cust_002667,2016-04-19,864,1,38.73,Hibernating / Lost
cust_012786,2018-02-04,208,1,38.73,Potential Loyalists
cust_009634,2016-10-19,681,1,38.72,Hibernating / Lost
cust_014296,2016-10-27,673,1,38.72,At Risk (was frequent)
cust_005418,2017-08-24,372,1,38.72,Hibernating / Lost
cust_018497,2017-03-19,530,1,38.71,At Risk (was frequent)
cust_009383,2016-06-03,819,1,38.71,Hibernating / Lost
cust_017070,2017-04-10,508,1,38.71,At Risk (was frequent)
cust_009048,2016-11-19,650,1,38.7,Hibernating / Lost
cust_006677,2016-11-20,649,1,38.69,Hibernating / Lost
cust_008947,2017-11-01,303,1,38.69,Potential Loyalists
cust_001222,2017-11-13,291,1,38.67,Potential Loyalists
cust_003147,2016-05-12,841,1,38.66,Hibernating / Lost
cust_005478,2017-11-22,282,1,38.65,Potential Loyalists
cust_002880,2017-01-03,605,1,38.64,Hibernating / Lost
cust_006321,2017-11-17,287,1,38.61,Potential Loyalists
cust_007565,2016-10-02,698,1,38.61,Hibernating / Lost
cust_018726,2016-01-22,952,1,38.61,At Risk (was frequent)
cust_016545,2016-10-02,698,1,38.61,At Risk (was frequent)
cust_018406,2016-02-17,926,1,38.6,At Risk (was frequent)
cust_003053,2016-12-21,618,1,38.6,Hibernating / Lost
cust_007465,2018-03-01,183,1,38.59,Potential Loyalists
cust_003243,2018-02-14,198,1,38.58,Potential Loyalists
cust_004055,2016-12-02,637,1,38.57,Hibernating / Lost
cust_017199,2017-08-22,374,1,38.56,At Risk (was frequent)
cust_007701,2017-08-22,374,1,38.56,Hibernating / Lost
cust_010309,2017-06-12,445,1,38.55,Hibernating / Lost
cust_017806,2017-03-29,520,1,38.55,At Risk (was frequent)
cust_016364,2016-07-26,766,1,38.52,At Risk (was frequent)
cust_008780,2017-11-07,297,1,38.52,Potential Loyalists
cust_017587,2017-04-28,490,1,38.5,At Risk (was frequent)
cust_011887,2016-08-31,730,1,38.49,Hibernating / Lost
cust_012032,2016-03-16,898,1,38.49,Hibernating / Lost
cust_011410,2016-06-05,817,1,38.49,Hibernating / Lost
cust_010725,2017-04-03,515,1,38.47,Hibernating / Lost
cust_014637,2016-11-24,645,1,38.47,At Risk (was frequent)
cust_000629,2016-05-16,837,1,38.47,Hibernating / Lost
cust_010013,2017-08-21,375,1,38.47,Hibernating / Lost
cust_011296,2016-10-24,676,1,38.46,Hibernating / Lost
cust_013060,2017-08-08,388,1,38.46,Hibernating / Lost
cust_010118,2017-07-03,424,1,38.45,Hibernating / Lost
cust_009059,2018-02-13,199,1,38.44,Potential Loyalists
cust_009601,2017-12-16,258,1,38.44,Potential Loyalists
cust_017656,2017-02-25,552,1,38.44,At Risk (was frequent)
cust_002692,2017-11-09,295,1,38.44,Potential Loyalists
cust_012272,2017-03-04,545,1,38.44,Hibernating / Lost
cust_000391,2016-11-04,665,1,38.43,Hibernating / Lost
cust_000188,2016-01-10,964,1,38.43,Hibernating / Lost
cust_010447,2016-06-23,799,1,38.42,Hibernating / Lost
cust_010579,2017-07-15,412,1,38.42,Hibernating / Lost
cust_013872,2016-12-07,632,1,38.41,Hibernating / Lost
cust_017893,2016-06-26,796,1,38.41,At Risk (was frequent)
cust_003990,2018-02-01,211,1,38.4,Potential Loyalists
cust_007630,2016-04-17,866,1,38.39,Hibernating / Lost
cust_005014,2016-07-14,778,1,38.39,Hibernating / Lost
cust_011983,2017-07-25,402,1,38.38,Hibernating / Lost
cust_002677,2018-02-26,186,1,38.37,Potential Loyalists
cust_004245,2016-09-17,713,1,38.37,Hibernating / Lost
cust_014026,2016-11-03,666,1,38.34,At Risk (was frequent)
cust_012863,2016-02-11,932,1,38.34,Hibernating / Lost
cust_018156,2016-08-13,748,1,38.3,At Risk (was frequent)
cust_011329,2017-07-06,421,1,38.29,Hibernating / Lost
cust_006605,2016-09-01,729,1,38.27,Hibernating / Lost
cust_013499,2017-04-27,491,1,38.26,Hibernating / Lost
cust_013976,2017-04-26,492,1,38.24,Hibernating / Lost
cust_011949,2016-09-14,716,1,38.23,Hibernating / Lost
cust_006136,2016-12-17,622,1,38.22,Hibernating / Lost
cust_008081,2017-01-06,602,1,38.2,Hibernating / Lost
cust_016346,2017-12-28,246,1,38.19,Loyal Customers
cust_013188,2017-06-29,428,1,38.18,Hibernating / Lost
cust_011826,2017-12-11,263,1,38.18,Potential Loyalists
cust_016761,2017-05-08,480,1,38.16,At Risk (was frequent)
cust_015358,2016-04-15,868,1,38.14,At Risk (was frequent)
cust_008922,2017-10-30,305,1,38.13,Potential Loyalists
cust_000056,2017-07-17,410,1,38.12,Hibernating / Lost
cust_013609,2016-11-29,640,1,38.11,Hibernating / Lost
cust_005878,2018-02-07,205,1,38.1,Potential Loyalists
cust_016325,2016-12-10,629,1,38.09,At Risk (was frequent)
cust_002786,2017-04-06,512,1,38.08,Hibernating / Lost
cust_018760,2016-09-08,722,1,38.08,At Risk (was frequent)
cust_007761,2017-08-30,366,1,38.07,Hibernating / Lost
cust_001321,2017-10-03,332,1,38.06,Potential Loyalists
cust_007135,2017-10-03,332,1,38.05,Potential Loyalists
cust_017117,2017-06-29,428,1,38.04,At Risk (was frequent)
cust_002326,2016-11-18,651,1,38.04,Hibernating / Lost
cust_011000,2016-04-28,855,1,38.03,Hibernating / Lost
cust_015507,2016-05-21,832,1,38.01,At Risk (was frequent)
cust_000100,2017-11-07,297,1,38.0,Potential Loyalists
cust_007145,2017-06-30,427,1,38.0,Hibernating / Lost
cust_011095,2016-03-13,901,1,37.98,Hibernating / Lost
cust_011486,2016-04-21,862,1,37.98,Hibernating / Lost
cust_004176,2016-11-01,668,1,37.97,Hibernating / Lost
cust_004564,2017-05-04,484,1,37.96,Hibernating / Lost
cust_000441,2016-06-13,809,1,37.95,Hibernating / Lost
cust_006947,2017-11-23,281,1,37.94,Potential Loyalists
cust_005700,2016-04-03,880,1,37.93,Hibernating / Lost
cust_008410,2016-07-17,775,1,37.93,Hibernating / Lost
cust_000804,2017-03-15,534,1,37.93,Hibernating / Lost
cust_010437,2018-01-20,223,1,37.92,Potential Loyalists
cust_006844,2017-11-27,277,1,37.92,Potential Loyalists
cust_018188,2018-02-24,188,1,37.91,Loyal Customers
cust_017201,2016-11-19,650,1,37.91,At Risk (was frequent)
cust_013710,2017-09-06,359,1,37.91,Hibernating / Lost
cust_014743,2017-01-06,602,1,37.9,At Risk (was frequent)
cust_009494,2017-05-25,463,1,37.9,Hibernating / Lost
cust_014561,2017-11-12,292,1,37.89,Loyal Customers
cust_017641,2016-01-28,946,1,37.89,At Risk (was frequent)
cust_000082,2016-11-27,642,1,37.89,Hibernating / Lost
cust_017099,2017-03-10,539,1,37.88,At Risk (was frequent)
cust_008770,2017-11-28,276,2,37.88,Loyal Customers
cust_005411,2016-06-09,813,1,37.87,Hibernating / Lost
cust_001900,2016-04-19,864,1,37.87,Hibernating / Lost
cust_003819,2016-05-02,851,1,37.86,Hibernating / Lost
cust_013662,2017-08-29,367,1,37.86,Hibernating / Lost
cust_018583,2017-05-12,476,1,37.85,At Risk (was frequent)
cust_014170,2016-05-01,852,1,37.85,At Risk (was frequent)
cust_000141,2017-08-12,384,1,37.85,Hibernating / Lost
cust_009608,2017-11-22,282,1,37.83,Potential Loyalists
cust_016736,2017-03-22,527,1,37.83,At Risk (was frequent)
cust_016685,2016-06-03,819,1,37.82,At Risk (was frequent)
cust_005330,2017-12-02,272,1,37.82,Potential Loyalists
cust_003907,2016-05-08,845,1,37.82,Hibernating / Lost
cust_001464,2017-10-27,308,1,37.81,Potential Loyalists
cust_001282,2017-11-25,279,1,37.81,Potential Loyalists
cust_014478,2016-11-24,645,1,37.8,At Risk (was frequent)
cust_018721,2017-03-02,547,1,37.76,At Risk (was frequent)
cust_012596,2017-03-12,537,1,37.75,Hibernating / Lost
cust_008777,2017-04-29,489,1,37.74,Hibernating / Lost
cust_000046,2017-04-06,512,1,37.73,Hibernating / Lost
cust_006249,2016-07-19,773,1,37.73,Hibernating / Lost
cust_010644,2017-11-29,275,1,37.72,Potential Loyalists
cust_005088,2018-01-27,216,1,37.71,Potential Loyalists
cust_018397,2017-08-20,376,1,37.71,At Risk (was frequent)
cust_007333,2017-11-24,280,1,37.7,Potential Loyalists
cust_001712,2016-11-13,656,1,37.69,Hibernating / Lost
cust_016881,2016-05-16,837,1,37.69,At Risk (was frequent)
cust_004397,2017-12-26,248,1,37.68,Potential Loyalists
cust_012476,2017-07-05,422,1,37.68,Hibernating / Lost
cust_004880,2017-09-20,345,1,37.67,Hibernating / Lost
cust_017460,2016-08-20,741,1,37.66,At Risk (was frequent)
cust_016506,2016-10-20,680,1,37.66,At Risk (was frequent)
cust_014988,2016-11-21,648,1,37.65,At Risk (was frequent)
cust_011969,2017-06-03,454,1,37.64,Hibernating / Lost
cust_001163,2017-08-16,380,1,37.64,Hibernating / Lost
cust_014264,2016-12-27,612,1,37.63,At Risk (was frequent)
cust_007680,2016-04-11,872,1,37.63,Hibernating / Lost
cust_004523,2017-06-09,448,1,37.62,Hibernating / Lost
cust_003769,2017-09-06,359,1,37.62,Hibernating / Lost
cust_017030,2016-11-24,645,1,37.61,At Risk (was frequent)
cust_001109,2016-08-06,755,1,37.59,Hibernating / Lost
cust_010938,2017-12-12,262,1,37.58,Potential Loyalists
cust_010224,2016-09-26,704,1,37.57,Hibernating / Lost
cust_003760,2017-07-29,398,1,37.57,Hibernating / Lost
cust_003520,2017-07-11,416,1,37.56,Hibernating / Lost
cust_014601,2017-08-29,367,1,37.56,At Risk (was frequent)
cust_006681,2016-12-07,632,2,37.54,At Risk (was frequent)
cust_010705,2016-11-24,645,1,37.54,Hibernating / Lost
cust_003992,2017-05-14,474,1,37.53,Hibernating / Lost
cust_017525,2017-10-16,319,1,37.53,Loyal Customers
cust_001690,2016-01-19,955,1,37.52,Hibernating / Lost
cust_006572,2016-01-18,956,1,37.52,Hibernating / Lost
cust_018398,2017-08-11,385,1,37.51,At Risk (was frequent)
cust_000122,2017-10-27,308,1,37.51,Potential Loyalists
cust_017544,2017-08-24,372,1,37.51,At Risk (was frequent)
cust_007339,2017-02-28,549,1,37.49,Hibernating / Lost
cust_008436,2016-02-07,936,1,37.49,Hibernating / Lost
cust_006003,2017-03-19,530,1,37.49,Hibernating / Lost
cust_005150,2017-02-23,554,1,37.49,Hibernating / Lost
cust_013637,2017-11-06,298,1,37.48,Potential Loyalists
cust_003001,2017-06-07,450,1,37.48,Hibernating / Lost
cust_005813,2017-10-15,320,1,37.48,Potential Loyalists
cust_005645,2017-04-06,512,1,37.47,Hibernating / Lost
cust_016066,2016-07-19,773,1,37.47,At Risk (was frequent)
cust_000447,2016-03-24,890,1,37.46,Hibernating / Lost
cust_004095,2017-07-17,410,1,37.46,Hibernating / Lost
cust_017188,2016-03-08,906,1,37.46,At Risk (was frequent)
cust_001063,2016-06-19,803,1,37.44,Hibernating / Lost
cust_003340,2017-10-28,307,1,37.43,Potential Loyalists
cust_013826,2016-06-18,804,1,37.43,Hibernating / Lost
cust_008024,2017-11-13,291,1,37.42,Potential Loyalists
cust_011955,2017-06-23,434,1,37.41,Hibernating / Lost
cust_015748,2017-05-15,473,2,37.39,At Risk (was frequent)
cust_000697,2018-02-24,188,1,37.38,Potential Loyalists
cust_006839,2017-11-29,275,1,37.36,Potential Loyalists
cust_018368,2016-01-13,961,1,37.36,At Risk (was frequent)
cust_004468,2017-09-16,349,1,37.34,Hibernating / Lost
cust_008688,2017-12-05,269,1,37.34,Potential Loyalists
cust_004367,2016-03-24,890,1,37.33,Hibernating / Lost
cust_008412,2017-02-27,550,1,37.33,Hibernating / Lost
cust_010894,2016-02-08,935,1,37.32,Hibernating / Lost
cust_000395,2017-10-15,320,1,37.32,Potential Loyalists
cust_012591,2016-06-22,800,1,37.31,Hibernating / Lost
cust_002709,2017-03-13,536,1,37.3,Hibernating / Lost
cust_016534,2017-11-18,286,1,37.3,Loyal Customers
cust_004963,2016-10-13,687,1,37.28,Hibernating / Lost
cust_007247,2017-09-21,344,1,37.28,Hibernating / Lost
cust_004143,2017-12-16,258,1,37.22,Potential Loyalists
cust_009167,2017-11-14,290,1,37.22,Potential Loyalists
cust_004365,2017-01-18,590,1,37.21,Hibernating / Lost
cust_011325,2017-08-29,367,1,37.21,Hibernating / Lost
cust_001110,2018-02-07,205,1,37.2,Potential Loyalists
cust_011894,2018-01-13,230,1,37.2,Potential Loyalists
cust_017143,2017-08-31,365,1,37.2,At Risk (was frequent)
cust_006159,2016-09-30,700,1,37.19,Hibernating / Lost
cust_007587,2016-11-16,653,1,37.19,Hibernating / Lost
cust_017710,2017-03-26,523,1,37.18,At Risk (was frequent)
cust_013270,2017-10-17,318,1,37.17,Potential Loyalists
cust_008276,2017-06-16,441,1,37.16,Hibernating / Lost
cust_005606,2017-08-27,369,2,37.13,At Risk (was frequent)
cust_007207,2016-12-17,622,1,37.13,Hibernating / Lost
cust_001550,2017-02-04,573,1,37.12,Hibernating / Lost
cust_008305,2016-11-08,661,1,37.12,Hibernating / Lost
cust_006138,2017-11-25,279,1,37.12,Potential Loyalists
cust_007798,2017-10-30,305,1,37.1,Potential Loyalists
cust_005794,2016-01-08,966,1,37.09,Hibernating / Lost
cust_016388,2016-11-14,655,1,37.09,At Risk (was frequent)
cust_009510,2016-02-11,932,1,37.06,Hibernating / Lost
cust_003348,2016-07-19,773,1,37.05,Hibernating / Lost
cust_004259,2016-06-28,794,1,37.04,Hibernating / Lost
cust_012394,2016-03-27,887,1,37.04,Hibernating / Lost
cust_008415,2017-12-04,270,1,37.03,Potential Loyalists
cust_014498,2017-03-27,522,1,37.02,At Risk (was frequent)
cust_005462,2017-12-31,243,1,37.01,Potential Loyalists
cust_010726,2017-06-24,433,2,37.0,At Risk (was frequent)
cust_004580,2017-01-14,594,1,37.0,Hibernating / Lost
cust_008333,2016-07-07,785,1,37.0,Hibernating / Lost
cust_003767,2016-01-22,952,1,36.97,Hibernating / Lost
cust_005880,2017-08-14,382,1,36.95,Hibernating / Lost
cust_011339,2016-09-24,706,1,36.95,Hibernating / Lost
cust_000178,2017-09-12,353,1,36.94,Hibernating / Lost
cust_008129,2016-10-26,674,1,36.94,Hibernating / Lost
cust_006688,2017-08-17,379,1,36.94,Hibernating / Lost
cust_006938,2016-08-03,758,1,36.92,Hibernating / Lost
cust_012605,2018-01-25,218,1,36.91,Potential Loyalists
cust_009112,2017-05-27,461,1,36.9,Hibernating / Lost
cust_003457,2016-05-12,841,1,36.9,Hibernating / Lost
cust_001823,2017-05-28,460,1,36.89,Hibernating / Lost
cust_016778,2017-02-15,562,1,36.87,At Risk (was frequent)
cust_009706,2018-01-18,225,1,36.86,Potential Loyalists
cust_012259,2016-08-05,756,1,36.86,Hibernating / Lost
cust_010763,2017-01-05,603,1,36.85,Hibernating / Lost
cust_013023,2016-12-08,631,1,36.84,Hibernating / Lost
cust_004583,2017-02-03,574,1,36.83,Hibernating / Lost
cust_000398,2016-12-23,616,1,36.82,Hibernating / Lost
cust_015696,2018-01-08,235,1,36.8,Loyal Customers
cust_009132,2017-03-15,534,1,36.8,Hibernating / Lost
cust_015735,2017-10-25,310,1,36.8,Loyal Customers
cust_003021,2017-01-24,584,1,36.78,Hibernating / Lost
cust_002419,2017-08-11,385,1,36.77,Hibernating / Lost
cust_013848,2016-02-09,934,1,36.74,Hibernating / Lost
cust_017128,2017-12-12,262,1,36.74,Loyal Customers
cust_000128,2017-07-14,413,1,36.72,Hibernating / Lost
cust_001485,2017-06-08,449,1,36.72,Hibernating / Lost
cust_009841,2017-04-02,516,1,36.7,Hibernating / Lost
cust_008042,2017-11-24,280,1,36.69,Potential Loyalists
cust_002253,2017-10-19,316,1,36.69,Potential Loyalists
cust_005869,2016-05-13,840,1,36.68,Hibernating / Lost
cust_000721,2016-01-27,947,1,36.68,Hibernating / Lost
cust_013880,2016-10-09,691,1,36.68,Hibernating / Lost
cust_018357,2017-09-04,361,1,36.68,At Risk (was frequent)
cust_018731,2018-02-23,189,1,36.67,Loyal Customers
cust_006948,2017-05-21,467,1,36.66,Hibernating / Lost
cust_014074,2017-12-01,273,1,36.66,Loyal Customers
cust_002847,2017-09-18,347,1,36.65,Hibernating / Lost
cust_017755,2016-07-03,789,1,36.65,At Risk (was frequent)
cust_012170,2016-07-28,764,1,36.64,Hibernating / Lost
cust_006557,2017-03-16,533,1,36.61,Hibernating / Lost
cust_016435,2017-08-18,378,1,36.61,At Risk (was frequent)
cust_013263,2017-12-27,247,1,36.6,Potential Loyalists
cust_009393,2016-05-23,830,1,36.59,Hibernating / Lost
cust_001410,2017-05-12,476,1,36.58,Hibernating / Lost
cust_004680,2016-10-19,681,1,36.57,Hibernating / Lost
cust_016998,2016-11-13,656,1,36.56,At Risk (was frequent)
cust_001767,2017-02-14,563,1,36.56,Hibernating / Lost
cust_010797,2017-01-31,577,1,36.56,Hibernating / Lost
cust_011082,2017-05-10,478,1,36.55,Hibernating / Lost
cust_003979,2016-02-22,921,1,36.54,Hibernating / Lost
cust_007532,2017-12-06,268,1,36.53,Potential Loyalists
cust_015000,2016-11-08,661,1,36.52,At Risk (was frequent)
cust_010143,2016-08-09,752,1,36.5,Hibernating / Lost
cust_018189,2016-08-25,736,1,36.5,At Risk (was frequent)
cust_016733,2016-11-05,664,1,36.48,At Risk (was frequent)
cust_000829,2017-12-16,258,1,36.47,Potential Loyalists
cust_002776,2016-10-28,672,1,36.45,Hibernating / Lost
cust_009701,2017-12-03,271,1,36.42,Potential Loyalists
cust_002286,2017-07-14,413,1,36.4,Hibernating / Lost
cust_002294,2017-10-10,325,1,36.4,Potential Loyalists
cust_015219,2016-07-21,771,1,36.38,At Risk (was frequent)
cust_009092,2016-12-21,618,1,36.36,Hibernating / Lost
cust_000158,2018-01-04,239,1,36.34,Potential Loyalists
cust_001087,2017-10-16,319,1,36.33,Potential Loyalists
cust_018572,2016-05-31,822,1,36.33,At Risk (was frequent)
cust_016167,2016-12-18,621,1,36.33,At Risk (was frequent)
cust_002962,2016-06-24,798,1,36.32,Hibernating / Lost
cust_003600,2016-05-19,834,1,36.31,Hibernating / Lost
cust_003607,2016-11-16,653,1,36.29,Hibernating / Lost
cust_018531,2016-07-14,778,1,36.28,At Risk (was frequent)
cust_018614,2016-07-30,762,1,36.28,At Risk (was frequent)
cust_013801,2017-11-15,289,1,36.27,Potential Loyalists
cust_003384,2016-06-21,801,1,36.27,Hibernating / Lost
cust_001461,2017-12-14,260,1,36.26,Potential Loyalists
cust_018118,2017-04-16,502,1,36.26,At Risk (was frequent)
cust_010602,2016-01-28,946,1,36.26,Hibernating / Lost
cust_009507,2017-06-30,427,1,36.24,Hibernating / Lost
cust_001917,2017-12-25,249,1,36.23,Potential Loyalists
cust_006175,2016-08-13,748,1,36.23,Hibernating / Lost
cust_011785,2016-07-29,763,1,36.21,Hibernating / Lost
cust_013258,2016-12-09,630,1,36.21,Hibernating / Lost
cust_010347,2017-12-06,268,1,36.2,Potential Loyalists
cust_015851,2016-04-21,862,1,36.2,At Risk (was frequent)
cust_016407,2017-12-15,259,1,36.19,Loyal Customers
cust_010338,2017-06-19,438,1,36.19,Hibernating / Lost
cust_002119,2016-11-12,657,1,36.19,Hibernating / Lost
cust_006782,2017-11-23,281,2,36.18,Loyal Customers
cust_018342,2017-06-26,431,1,36.18,At Risk (was frequent)
cust_005738,2017-02-12,565,1,36.16,Hibernating / Lost
cust_014300,2017-08-19,377,1,36.16,At Risk (was frequent)
cust_007758,2017-11-10,294,1,36.16,Potential Loyalists
cust_005746,2017-06-02,455,1,36.16,Hibernating / Lost
cust_013612,2016-04-17,866,1,36.15,Hibernating / Lost
cust_014368,2017-12-29,245,1,36.15,Loyal Customers
cust_015073,2017-08-28,368,1,36.15,At Risk (was frequent)
cust_008972,2016-05-27,826,1,36.14,Hibernating / Lost
cust_007394,2017-04-07,511,1,36.14,Hibernating / Lost
cust_007031,2016-05-25,828,1,36.13,Hibernating / Lost
cust_014158,2016-06-03,819,1,36.13,At Risk (was frequent)
cust_017112,2018-01-30,213,1,36.1,Loyal Customers
cust_004166,2017-08-18,378,1,36.1,Hibernating / Lost
cust_008845,2016-04-21,862,1,36.1,Hibernating / Lost
cust_002627,2017-12-10,264,1,36.06,Potential Loyalists
cust_010855,2017-10-22,313,1,36.06,Potential Loyalists
cust_004773,2017-06-27,430,1,36.06,Hibernating / Lost
cust_010406,2018-02-20,192,1,36.06,Potential Loyalists
cust_006873,2017-10-18,317,1,36.05,Potential Loyalists
cust_017793,2017-11-06,298,1,36.04,Loyal Customers
cust_009549,2016-10-08,692,1,36.03,Hibernating / Lost
cust_011597,2016-03-10,904,1,36.01,Hibernating / Lost
cust_017392,2017-06-01,456,1,36.01,At Risk (was frequent)
cust_009488,2017-11-03,301,1,36.01,Potential Loyalists
cust_005753,2016-12-09,630,1,36.0,Hibernating / Lost
cust_007081,2018-01-08,235,1,35.99,Potential Loyalists
cust_011133,2017-09-10,355,1,35.98,Hibernating / Lost
cust_010047,2017-11-29,275,1,35.98,Potential Loyalists
cust_009256,2016-03-14,900,1,35.98,Hibernating / Lost
cust_003668,2016-08-02,759,1,35.96,Hibernating / Lost
cust_017617,2016-11-09,660,1,35.95,At Risk (was frequent)
cust_004196,2017-09-12,353,1,35.94,Hibernating / Lost
cust_016897,2017-12-06,268,1,35.93,Loyal Customers
cust_003498,2017-05-30,458,1,35.93,Hibernating / Lost
cust_009686,2016-11-14,655,1,35.92,Hibernating / Lost
cust_006368,2017-08-02,394,1,35.91,Hibernating / Lost
cust_002426,2017-03-08,541,1,35.9,Hibernating / Lost
cust_001440,2016-10-23,677,1,35.9,Hibernating / Lost
cust_003617,2016-05-30,823,1,35.89,Hibernating / Lost
cust_009676,2016-08-02,759,1,35.89,Hibernating / Lost
cust_001796,2017-05-26,462,1,35.88,Hibernating / Lost
cust_014189,2017-11-04,300,1,35.86,Loyal Customers
cust_002484,2016-02-11,932,1,35.85,Hibernating / Lost
cust_011378,2016-11-07,662,1,35.85,Hibernating / Lost
cust_012492,2017-09-02,363,1,35.83,Hibernating / Lost
cust_011391,2017-09-21,344,1,35.82,Hibernating / Lost
cust_007504,2017-10-02,333,1,35.8,Potential Loyalists
cust_011132,2016-01-21,953,1,35.79,Hibernating / Lost
cust_017037,2017-03-11,538,1,35.79,At Risk (was frequent)
cust_005733,2017-05-22,466,1,35.78,Hibernating / Lost
cust_011873,2016-11-09,660,1,35.77,Hibernating / Lost
cust_003914,2016-12-13,626,1,35.76,Hibernating / Lost
cust_002386,2018-02-01,211,1,35.76,Potential Loyalists
cust_018169,2016-10-23,677,1,35.74,At Risk (was frequent)
cust_007556,2016-04-27,856,1,35.74,Hibernating / Lost
cust_015672,2018-01-16,227,1,35.74,Loyal Customers
cust_008828,2016-12-02,637,1,35.74,Hibernating / Lost
cust_005822,2017-05-14,474,1,35.73,Hibernating / Lost
cust_018658,2017-01-28,580,1,35.72,At Risk (was frequent)
cust_017985,2016-12-31,608,1,35.72,At Risk (was frequent)
cust_002771,2017-05-14,474,1,35.72,Hibernating / Lost
cust_012262,2017-02-11,566,1,35.71,Hibernating / Lost
cust_002606,2017-02-20,557,1,35.71,Hibernating / Lost
cust_005365,2016-04-01,882,1,35.71,Hibernating / Lost
cust_011588,2017-12-21,253,1,35.7,Potential Loyalists
cust_009149,2016-05-14,839,1,35.68,Hibernating / Lost
cust_006435,2016-08-30,731,1,35.67,Hibernating / Lost
cust_011781,2016-09-24,706,1,35.67,Hibernating / Lost
cust_006842,2016-12-28,611,1,35.67,Hibernating / Lost
cust_016994,2017-04-30,488,1,35.67,At Risk (was frequent)
cust_009280,2017-03-11,538,1,35.66,Hibernating / Lost
cust_008966,2016-08-12,749,1,35.66,Hibernating / Lost
cust_005940,2017-04-14,504,1,35.64,Hibernating / Lost
cust_008246,2017-03-27,522,1,35.63,Hibernating / Lost
cust_004329,2018-01-07,236,1,35.63,Potential Loyalists
cust_002715,2017-11-10,294,1,35.62,Potential Loyalists
cust_005212,2017-08-19,377,1,35.61,Hibernating / Lost
cust_000072,2016-08-30,731,1,35.59,Hibernating / Lost
cust_005998,2017-03-09,540,1,35.59,Hibernating / Lost
cust_004024,2018-01-18,225,1,35.59,Potential Loyalists
cust_003555,2017-02-25,552,1,35.58,Hibernating / Lost
cust_018770,2017-09-06,359,1,35.58,At Risk (was frequent)
cust_012880,2016-02-09,934,1,35.58,Hibernating / Lost
cust_007450,2017-05-19,469,1,35.56,Hibernating / Lost
cust_015237,2017-04-04,514,1,35.56,At Risk (was frequent)
cust_008826,2017-10-19,316,1,35.55,Potential Loyalists
cust_008157,2018-01-11,232,1,35.55,Potential Loyalists
cust_013427,2017-11-16,288,1,35.55,Potential Loyalists
cust_006991,2016-07-05,787,1,35.54,Hibernating / Lost
cust_004118,2016-11-05,664,1,35.53,Hibernating / Lost
cust_000918,2017-06-23,434,1,35.51,Hibernating / Lost
cust_009649,2017-10-27,308,1,35.5,Potential Loyalists
cust_017343,2016-11-20,649,1,35.5,At Risk (was frequent)
cust_016269,2016-01-21,953,1,35.5,At Risk (was frequent)
cust_000134,2016-11-05,664,1,35.5,Hibernating / Lost
cust_008836,2017-05-12,476,1,35.48,Hibernating / Lost
cust_009129,2016-08-03,758,1,35.47,Hibernating / Lost
cust_001880,2016-12-30,609,1,35.47,Hibernating / Lost
cust_005981,2017-10-18,317,1,35.47,Potential Loyalists
cust_013350,2016-11-22,647,1,35.46,Hibernating / Lost
cust_017106,2016-02-21,922,1,35.45,At Risk (was frequent)
cust_010145,2016-07-29,763,1,35.44,Hibernating / Lost
cust_009392,2017-01-15,593,1,35.44,Hibernating / Lost
cust_011532,2016-11-10,659,1,35.43,Hibernating / Lost
cust_015248,2018-01-27,216,1,35.43,Loyal Customers
cust_012575,2016-07-31,761,1,35.42,Hibernating / Lost
cust_003877,2017-11-10,294,1,35.42,Potential Loyalists
cust_004275,2017-09-22,343,1,35.41,Hibernating / Lost
cust_018361,2016-07-20,772,1,35.41,At Risk (was frequent)
cust_005164,2017-11-06,298,1,35.41,Potential Loyalists
cust_009531,2016-02-22,921,1,35.4,Hibernating / Lost
cust_001327,2016-05-16,837,1,35.39,Hibernating / Lost
cust_006406,2017-09-30,335,1,35.39,Potential Loyalists
cust_018070,2016-06-19,803,1,35.38,At Risk (was frequent)
cust_004194,2017-12-16,258,1,35.37,Potential Loyalists
cust_017470,2016-11-29,640,1,35.36,At Risk (was frequent)
cust_016931,2017-01-18,590,1,35.36,At Risk (was frequent)
cust_003633,2017-11-14,290,1,35.35,Potential Loyalists
cust_011831,2017-08-19,377,1,35.35,Hibernating / Lost
cust_018315,2016-12-03,636,1,35.33,At Risk (was frequent)
cust_003707,2017-03-03,546,1,35.33,Hibernating / Lost
cust_010069,2017-11-24,280,1,35.33,Potential Loyalists
cust_002400,2017-04-11,507,1,35.31,Hibernating / Lost
cust_015321,2017-11-17,287,1,35.29,Loyal Customers
cust_001899,2017-12-31,243,1,35.28,Potential Loyalists
cust_001975,2016-07-17,775,1,35.28,Hibernating / Lost
cust_000042,2016-07-19,773,1,35.28,Hibernating / Lost
cust_001309,2017-11-18,286,1,35.28,Potential Loyalists
cust_003206,2016-11-25,644,1,35.25,Hibernating / Lost
cust_005282,2016-01-10,964,1,35.24,Hibernating / Lost
cust_017447,2016-09-28,702,1,35.22,At Risk (was frequent)
cust_008810,2017-09-18,347,1,35.2,Hibernating / Lost
cust_004042,2017-02-18,559,1,35.18,Hibernating / Lost
cust_018582,2017-10-10,325,1,35.18,Loyal Customers
cust_008064,2016-09-29,701,1,35.15,Hibernating / Lost
cust_015920,2017-01-22,586,1,35.14,At Risk (was frequent)
cust_005577,2018-02-22,190,1,35.14,Potential Loyalists
cust_003216,2017-06-10,447,1,35.14,Hibernating / Lost
cust_008935,2016-06-14,808,1,35.11,Hibernating / Lost
cust_004781,2017-07-04,423,1,35.11,Hibernating / Lost
cust_015960,2017-02-12,565,1,35.1,At Risk (was frequent)
cust_011673,2017-03-05,544,1,35.09,Hibernating / Lost
cust_016477,2017-11-30,274,1,35.08,Loyal Customers
cust_012985,2017-05-16,472,1,35.08,Hibernating / Lost
cust_005661,2016-08-04,757,1,35.08,Hibernating / Lost
cust_015091,2016-07-24,768,1,35.07,At Risk (was frequent)
cust_013840,2017-11-14,290,1,35.06,Potential Loyalists
cust_008376,2018-02-06,206,1,35.05,Potential Loyalists
cust_016481,2017-06-13,444,1,35.01,At Risk (was frequent)
cust_014483,2016-10-08,692,1,35.01,At Risk (was frequent)
cust_015051,2016-02-11,932,1,35.01,At Risk (was frequent)
cust_000722,2017-12-27,247,1,34.97,Potential Loyalists
cust_011595,2017-02-25,552,1,34.97,Hibernating / Lost
cust_000117,2017-02-03,574,1,34.97,Hibernating / Lost
cust_013124,2018-01-22,221,1,34.96,Potential Loyalists
cust_013813,2017-10-28,307,1,34.96,Potential Loyalists
cust_013959,2016-06-26,796,1,34.96,Hibernating / Lost
cust_010959,2018-02-12,200,1,34.95,Potential Loyalists
cust_006689,2017-01-25,583,1,34.91,Hibernating / Lost
cust_003433,2017-02-15,562,1,34.89,Hibernating / Lost
cust_014624,2016-11-09,660,1,34.89,At Risk (was frequent)
cust_012639,2017-06-19,438,1,34.87,Hibernating / Lost
cust_014513,2016-11-12,657,1,34.87,At Risk (was frequent)
cust_003915,2017-05-25,463,1,34.84,Hibernating / Lost
cust_013404,2016-12-25,614,1,34.84,Hibernating / Lost
cust_009620,2017-12-28,246,1,34.82,Potential Loyalists
cust_000592,2017-10-08,327,2,34.81,Loyal Customers
cust_010322,2017-10-13,322,1,34.79,Potential Loyalists
cust_016405,2016-11-26,643,1,34.79,At Risk (was frequent)
cust_006431,2016-04-05,878,1,34.78,Hibernating / Lost
cust_010667,2017-08-09,387,1,34.78,Hibernating / Lost
cust_000488,2016-07-24,768,1,34.76,Hibernating / Lost
cust_016009,2017-06-15,442,1,34.76,At Risk (was frequent)
cust_014361,2016-02-17,926,1,34.75,At Risk (was frequent)
cust_007213,2017-09-21,344,1,34.73,Hibernating / Lost
cust_005657,2017-10-11,324,1,34.72,Potential Loyalists
cust_012631,2017-08-21,375,1,34.72,Hibernating / Lost
cust_010613,2016-02-06,937,1,34.72,Hibernating / Lost
cust_004994,2017-05-08,480,1,34.71,Hibernating / Lost
cust_002160,2016-07-29,763,1,34.71,Hibernating / Lost
cust_015001,2016-11-23,646,1,34.7,At Risk (was frequent)
cust_008827,2016-01-20,954,1,34.69,Hibernating / Lost
cust_003385,2016-12-23,616,1,34.66,Hibernating / Lost
cust_003629,2017-01-06,602,1,34.64,Hibernating / Lost
cust_002554,2016-03-22,892,1,34.64,Hibernating / Lost
cust_001945,2017-03-12,537,1,34.62,Hibernating / Lost
cust_000747,2016-05-09,844,1,34.59,Hibernating / Lost
cust_017108,2016-04-26,857,1,34.58,At Risk (was frequent)
cust_005637,2016-08-19,742,1,34.56,Hibernating / Lost
cust_017571,2016-09-04,726,1,34.55,At Risk (was frequent)
cust_011241,2017-10-26,309,1,34.53,Potential Loyalists
cust_002337,2018-01-20,223,1,34.52,Potential Loyalists
cust_018502,2016-11-28,641,1,34.52,At Risk (was frequent)
cust_010205,2016-10-10,690,1,34.52,Hibernating / Lost
cust_010605,2017-12-12,262,1,34.51,Potential Loyalists
cust_003945,2017-04-13,505,1,34.5,Hibernating / Lost
cust_010083,2016-09-11,719,1,34.49,Hibernating / Lost
cust_015577,2018-01-26,217,1,34.47,Loyal Customers
cust_006013,2017-08-26,370,1,34.47,Hibernating / Lost
cust_018338,2016-05-04,849,1,34.46,At Risk (was frequent)
cust_011126,2016-10-20,680,1,34.45,Hibernating / Lost
cust_009622,2017-12-04,270,1,34.43,Potential Loyalists
cust_007359,2016-11-05,664,1,34.43,Hibernating / Lost
cust_011752,2017-09-17,348,1,34.43,Hibernating / Lost
cust_013729,2017-03-04,545,1,34.42,Hibernating / Lost
cust_002551,2017-02-07,570,1,34.41,Hibernating / Lost
cust_004639,2016-08-16,745,1,34.4,Hibernating / Lost
cust_000088,2016-06-19,803,1,34.4,Hibernating / Lost
cust_007781,2017-07-05,422,1,34.39,Hibernating / Lost
cust_016698,2017-11-13,291,1,34.39,Loyal Customers
cust_018895,2016-03-14,900,1,34.38,At Risk (was frequent)
cust_009606,2016-04-23,860,1,34.38,Hibernating / Lost
cust_005262,2017-01-03,605,1,34.36,Hibernating / Lost
cust_009913,2017-11-15,289,1,34.35,Potential Loyalists
cust_002761,2016-11-15,654,1,34.33,Hibernating / Lost
cust_003549,2016-10-28,672,1,34.32,Hibernating / Lost
cust_017087,2017-02-08,569,1,34.32,At Risk (was frequent)
cust_016432,2017-05-31,457,1,34.31,At Risk (was frequent)
cust_018015,2016-04-07,876,1,34.31,At Risk (was frequent)
cust_014073,2017-07-02,425,1,34.31,At Risk (was frequent)
cust_006541,2016-12-08,631,1,34.3,Hibernating / Lost
cust_013980,2016-12-09,630,1,34.29,Hibernating / Lost
cust_012522,2016-03-15,899,1,34.27,Hibernating / Lost
cust_012129,2016-06-13,809,1,34.26,Hibernating / Lost
cust_016701,2016-10-17,683,1,34.26,At Risk (was frequent)
cust_018485,2016-04-07,876,1,34.26,At Risk (was frequent)
cust_006585,2016-03-10,904,1,34.26,Hibernating / Lost
cust_016798,2016-12-12,627,1,34.25,At Risk (was frequent)
cust_006446,2018-02-21,191,1,34.22,Potential Loyalists
cust_007578,2017-04-08,510,1,34.22,Hibernating / Lost
cust_015593,2017-06-12,445,1,34.21,At Risk (was frequent)
cust_001037,2016-10-09,691,1,34.19,Hibernating / Lost
cust_010691,2017-08-01,395,1,34.18,Hibernating / Lost
cust_010551,2016-08-09,752,1,34.17,Hibernating / Lost
cust_004643,2016-05-11,842,1,34.17,Hibernating / Lost
cust_018617,2017-11-05,299,1,34.16,Loyal Customers
cust_012421,2016-11-17,652,1,34.15,Hibernating / Lost
cust_014670,2017-09-10,355,1,34.15,At Risk (was frequent)
cust_016838,2017-06-15,442,1,34.13,At Risk (was frequent)
cust_016461,2017-07-22,405,1,34.13,At Risk (was frequent)
cust_003660,2016-10-21,679,1,34.13,Hibernating / Lost
cust_017138,2017-12-01,273,1,34.12,Loyal Customers
cust_001681,2017-02-03,574,1,34.11,Hibernating / Lost
cust_005343,2016-03-24,890,1,34.1,Hibernating / Lost
cust_015408,2016-10-11,689,1,34.1,At Risk (was frequent)
cust_011481,2016-07-17,775,1,34.1,Hibernating / Lost
cust_009883,2018-01-21,222,1,34.09,Potential Loyalists
cust_009817,2018-03-01,183,1,34.09,Potential Loyalists
cust_017788,2016-08-09,752,1,34.09,At Risk (was frequent)
cust_013953,2016-08-21,740,1,34.08,Hibernating / Lost
cust_018525,2017-04-08,510,1,34.08,At Risk (was frequent)
cust_013506,2017-12-23,251,1,34.07,Potential Loyalists
cust_001943,2016-05-01,852,1,34.07,Hibernating / Lost
cust_016470,2016-11-02,667,1,34.05,At Risk (was frequent)
cust_005484,2017-11-05,299,1,34.05,Potential Loyalists
cust_002611,2016-10-16,684,1,34.04,Hibernating / Lost
cust_010200,2016-01-16,958,1,34.04,Hibernating / Lost
cust_009868,2017-07-05,422,1,34.03,Hibernating / Lost
cust_004717,2016-02-27,916,1,34.02,Hibernating / Lost
cust_011389,2016-01-27,947,1,34.01,Hibernating / Lost
cust_010192,2016-11-18,651,1,34.0,Hibernating / Lost
cust_017036,2016-03-23,891,1,34.0,At Risk (was frequent)
cust_002831,2017-02-13,564,1,34.0,Hibernating / Lost
cust_016174,2016-05-24,829,1,33.99,At Risk (was frequent)
cust_017997,2017-10-24,311,1,33.98,Loyal Customers
cust_006580,2017-05-03,485,1,33.97,Hibernating / Lost
cust_009925,2016-02-02,941,1,33.96,Hibernating / Lost
cust_011087,2017-05-24,464,1,33.95,Hibernating / Lost
cust_015923,2017-04-09,509,1,33.95,At Risk (was frequent)
cust_018161,2017-04-27,491,1,33.94,At Risk (was frequent)
cust_015765,2016-02-01,942,1,33.93,At Risk (was frequent)
cust_017131,2017-08-14,382,1,33.93,At Risk (was frequent)
cust_010318,2016-10-06,694,1,33.91,Hibernating / Lost
cust_009627,2017-10-02,333,1,33.88,Potential Loyalists
cust_006059,2017-09-17,348,1,33.88,Hibernating / Lost
cust_009779,2017-05-30,458,1,33.88,Hibernating / Lost
cust_007197,2017-06-22,435,1,33.85,Hibernating / Lost
cust_006474,2017-01-08,600,1,33.84,Hibernating / Lost
cust_006022,2018-01-15,228,1,33.82,Potential Loyalists
cust_010872,2017-11-23,281,1,33.82,Potential Loyalists
cust_006110,2017-03-18,531,1,33.82,Hibernating / Lost
cust_004744,2017-07-13,414,1,33.8,Hibernating / Lost
cust_013365,2017-11-17,287,1,33.8,Potential Loyalists
cust_005544,2018-02-17,195,1,33.8,Potential Loyalists
cust_018801,2017-08-30,366,1,33.79,At Risk (was frequent)
cust_014521,2016-04-14,869,1,33.79,At Risk (was frequent)
cust_002023,2016-01-11,963,1,33.77,Hibernating / Lost
cust_017746,2016-11-06,663,1,33.76,At Risk (was frequent)
cust_016198,2016-10-16,684,1,33.75,At Risk (was frequent)
cust_001290,2018-01-22,221,1,33.75,Potential Loyalists
cust_018086,2018-02-12,200,1,33.73,Loyal Customers
cust_015599,2017-04-13,505,1,33.72,At Risk (was frequent)
cust_003649,2017-11-26,278,1,33.72,Potential Loyalists
cust_010159,2016-10-13,687,1,33.72,Hibernating / Lost
cust_018141,2017-10-11,324,1,33.71,Loyal Customers
cust_013838,2017-03-19,530,1,33.7,Hibernating / Lost
cust_018291,2017-03-31,518,1,33.67,At Risk (was frequent)
cust_011984,2016-12-11,628,1,33.67,Hibernating / Lost
cust_014070,2016-10-17,683,1,33.67,At Risk (was frequent)
cust_002035,2018-02-02,210,1,33.66,Potential Loyalists
cust_010569,2018-01-24,219,1,33.66,Potential Loyalists
cust_006735,2016-12-17,622,1,33.66,Hibernating / Lost
cust_000923,2018-01-11,232,1,33.65,Potential Loyalists
cust_002398,2016-10-11,689,1,33.65,Hibernating / Lost
cust_004941,2017-04-30,488,1,33.64,Hibernating / Lost
cust_016982,2016-12-10,629,1,33.63,At Risk (was frequent)
cust_000204,2016-11-06,663,1,33.62,Hibernating / Lost
cust_007403,2017-01-19,589,1,33.61,Hibernating / Lost
cust_003544,2018-02-19,193,1,33.6,Potential Loyalists
cust_013518,2017-06-01,456,1,33.6,Hibernating / Lost
cust_015525,2018-01-26,217,1,33.59,Loyal Customers
cust_002128,2017-09-29,336,1,33.59,Potential Loyalists
cust_007734,2018-01-13,230,1,33.57,Potential Loyalists
cust_008704,2017-01-21,587,1,33.51,Hibernating / Lost
cust_003132,2017-12-01,273,1,33.5,Potential Loyalists
cust_008120,2017-09-28,337,1,33.5,Potential Loyalists
cust_012322,2017-01-09,599,1,33.49,Hibernating / Lost
cust_001549,2017-04-19,499,1,33.49,Hibernating / Lost
cust_003043,2018-02-25,187,2,33.49,Loyal Customers
cust_017618,2018-02-19,193,1,33.49,Loyal Customers
cust_015744,2017-05-13,475,1,33.48,At Risk (was frequent)
cust_010018,2016-06-30,792,1,33.48,Hibernating / Lost
cust_001677,2017-04-21,497,1,33.48,Hibernating / Lost
cust_006543,2017-07-09,418,1,33.48,Hibernating / Lost
cust_006586,2017-03-11,538,1,33.47,Hibernating / Lost
cust_007546,2018-02-15,197,2,33.47,Loyal Customers
cust_004338,2017-04-12,506,1,33.46,Hibernating / Lost
cust_016221,2018-02-14,198,1,33.46,Loyal Customers
cust_015602,2018-01-01,242,1,33.45,Loyal Customers
cust_004136,2017-12-10,264,1,33.45,Potential Loyalists
cust_011714,2017-11-16,288,1,33.45,Potential Loyalists
cust_013744,2017-09-03,362,1,33.43,Hibernating / Lost
cust_017670,2016-10-29,671,1,33.43,At Risk (was frequent)
cust_013951,2016-10-02,698,1,33.42,Hibernating / Lost
cust_015966,2017-11-25,279,1,33.42,Loyal Customers
cust_007907,2016-08-26,735,1,33.42,Hibernating / Lost
cust_004269,2017-06-04,453,1,33.41,Hibernating / Lost
cust_006628,2018-01-09,234,1,33.38,Potential Loyalists
cust_000767,2017-02-27,550,1,33.35,Hibernating / Lost
cust_018202,2017-01-05,603,1,33.34,At Risk (was frequent)
cust_005219,2016-07-09,783,1,33.33,Hibernating / Lost
cust_008680,2016-07-06,786,1,33.33,Hibernating / Lost
cust_011035,2017-11-16,288,1,33.33,Potential Loyalists
cust_004673,2016-12-02,637,1,33.32,Hibernating / Lost
cust_007862,2016-06-23,799,1,33.3,Hibernating / Lost
cust_004310,2016-07-30,762,1,33.3,Hibernating / Lost
cust_018488,2017-11-17,287,1,33.28,Loyal Customers
cust_004588,2016-05-09,844,1,33.27,Hibernating / Lost
cust_009484,2016-01-11,963,1,33.27,Hibernating / Lost
cust_000899,2017-01-06,602,1,33.26,Hibernating / Lost
cust_018545,2016-11-09,660,1,33.26,At Risk (was frequent)
cust_006584,2017-12-03,271,1,33.26,Potential Loyalists
cust_007823,2017-10-05,330,1,33.24,Potential Loyalists
cust_014347,2017-10-30,305,1,33.23,Loyal Customers
cust_003574,2016-11-07,662,1,33.22,Hibernating / Lost
cust_006097,2018-01-21,222,1,33.21,Potential Loyalists
cust_003889,2016-10-27,673,1,33.21,Hibernating / Lost
cust_001583,2017-02-11,566,1,33.2,Hibernating / Lost
cust_003086,2017-03-09,540,1,33.19,Hibernating / Lost
cust_005615,2016-01-28,946,1,33.18,Hibernating / Lost
cust_009910,2016-08-04,757,1,33.17,Hibernating / Lost
cust_006806,2016-06-07,815,1,33.16,Hibernating / Lost
cust_009468,2016-01-02,972,1,33.16,Hibernating / Lost
cust_005855,2016-03-24,890,1,33.15,Hibernating / Lost
cust_006304,2017-08-03,393,1,33.14,Hibernating / Lost
cust_003140,2016-11-11,658,1,33.14,Hibernating / Lost
cust_010133,2017-03-06,543,1,33.12,Hibernating / Lost
cust_008905,2017-09-24,341,1,33.12,Hibernating / Lost
cust_001372,2016-01-26,948,1,33.1,Hibernating / Lost
cust_015783,2018-01-03,240,1,33.09,Loyal Customers
cust_015964,2016-08-12,749,1,33.09,At Risk (was frequent)
cust_016072,2018-01-14,229,1,33.09,Loyal Customers
cust_002644,2016-01-04,970,1,33.08,Hibernating / Lost
cust_016625,2016-06-25,797,1,33.07,At Risk (was frequent)
cust_008440,2017-11-13,291,1,33.05,Potential Loyalists
cust_003211,2017-12-16,258,1,33.05,Potential Loyalists
cust_002399,2017-06-10,447,1,33.05,Hibernating / Lost
cust_010859,2016-06-17,805,1,33.04,Hibernating / Lost
cust_016127,2017-02-05,572,1,33.04,At Risk (was frequent)
cust_002498,2017-12-21,253,1,33.03,Potential Loyalists
cust_011567,2016-11-27,642,1,33.02,Hibernating / Lost
cust_006448,2016-10-23,677,1,33.02,Hibernating / Lost
cust_014340,2016-12-20,619,1,33.02,At Risk (was frequent)
cust_014660,2018-01-11,232,1,33.02,Loyal Customers
cust_018257,2016-10-06,694,1,33.0,At Risk (was frequent)
cust_009347,2018-02-14,198,1,33.0,Potential Loyalists
cust_016882,2017-12-13,261,1,33.0,Loyal Customers
cust_001951,2017-10-01,334,1,32.98,Potential Loyalists
cust_014328,2017-07-22,405,1,32.96,At Risk (was frequent)
cust_002565,2017-05-22,466,1,32.96,Hibernating / Lost
cust_003853,2018-01-30,213,1,32.94,Potential Loyalists
cust_015089,2017-03-10,539,1,32.93,At Risk (was frequent)
cust_000385,2017-12-09,265,1,32.92,Potential Loyalists
cust_006945,2017-08-18,378,1,32.91,Hibernating / Lost
cust_014815,2017-10-21,314,1,32.91,Loyal Customers
cust_017558,2017-07-15,412,1,32.89,At Risk (was frequent)
cust_012208,2016-09-02,728,1,32.84,Hibernating / Lost
cust_002946,2016-01-06,968,1,32.84,Hibernating / Lost
cust_006639,2017-11-13,291,1,32.84,Potential Loyalists
cust_018068,2016-03-20,894,1,32.84,At Risk (was frequent)
cust_010250,2016-09-17,713,1,32.84,Hibernating / Lost
cust_011987,2016-11-10,659,1,32.83,Hibernating / Lost
cust_005458,2017-12-04,270,1,32.82,Potential Loyalists
cust_011142,2017-12-17,257,1,32.8,Potential Loyalists
cust_002130,2017-07-09,418,1,32.8,Hibernating / Lost
cust_010805,2017-11-08,296,1,32.8,Potential Loyalists
cust_010523,2018-02-26,186,1,32.79,Potential Loyalists
cust_009242,2016-04-20,863,1,32.77,Hibernating / Lost
cust_002739,2017-05-12,476,1,32.76,Hibernating / Lost
cust_009610,2017-07-17,410,1,32.75,Hibernating / Lost
cust_016920,2016-09-26,704,1,32.74,At Risk (was frequent)
cust_012747,2016-02-28,915,1,32.73,Hibernating / Lost
cust_012757,2017-05-23,465,1,32.72,Hibernating / Lost
cust_012150,2017-03-27,522,1,32.7,Hibernating / Lost
cust_007479,2016-10-13,687,1,32.7,Hibernating / Lost
cust_004445,2016-11-19,650,1,32.69,Hibernating / Lost
cust_012738,2016-09-28,702,1,32.68,Hibernating / Lost
cust_000557,2016-09-04,726,1,32.68,Hibernating / Lost
cust_003047,2016-03-29,885,1,32.67,Hibernating / Lost
cust_004441,2016-10-31,669,1,32.66,Hibernating / Lost
cust_009691,2017-11-02,302,1,32.66,Potential Loyalists
cust_016885,2016-07-09,783,1,32.65,At Risk (was frequent)
cust_006276,2016-05-28,825,1,32.64,Hibernating / Lost
cust_013652,2016-04-15,868,1,32.59,Hibernating / Lost
cust_002046,2016-02-10,933,1,32.59,Hibernating / Lost
cust_005502,2018-02-02,210,1,32.57,Potential Loyalists
cust_000843,2016-11-17,652,1,32.54,Hibernating / Lost
cust_015262,2017-05-17,471,1,32.52,At Risk (was frequent)
cust_013269,2018-03-01,183,1,32.48,Potential Loyalists
cust_009458,2016-09-18,712,1,32.47,Hibernating / Lost
cust_015639,2016-07-07,785,1,32.47,At Risk (was frequent)
cust_015146,2016-09-16,714,1,32.47,At Risk (was frequent)
cust_017696,2016-08-28,733,1,32.46,At Risk (was frequent)
cust_001212,2017-07-10,417,1,32.45,Hibernating / Lost
cust_012899,2017-05-02,486,1,32.44,Hibernating / Lost
cust_008477,2017-09-28,337,1,32.42,Potential Loyalists
cust_003282,2017-04-11,507,1,32.41,Hibernating / Lost
cust_005795,2017-10-01,334,1,32.4,Potential Loyalists
cust_016571,2016-08-01,760,1,32.39,At Risk (was frequent)
cust_010777,2017-10-13,322,1,32.38,Potential Loyalists
cust_010449,2017-08-04,392,1,32.38,Hibernating / Lost
cust_014568,2016-01-17,957,1,32.37,At Risk (was frequent)
cust_017794,2016-05-08,845,1,32.36,At Risk (was frequent)
cust_014895,2017-02-19,558,1,32.35,At Risk (was frequent)
cust_001275,2017-10-13,322,1,32.34,Potential Loyalists
cust_010335,2017-07-04,423,1,32.33,Hibernating / Lost
cust_005575,2017-11-28,276,1,32.32,Potential Loyalists
cust_015286,2016-12-29,610,1,32.32,At Risk (was frequent)
cust_016112,2017-02-28,549,1,32.3,At Risk (was frequent)
cust_006422,2016-12-27,612,1,32.29,Hibernating / Lost
cust_017718,2017-11-17,287,1,32.28,Loyal Customers
cust_000214,2016-05-22,831,1,32.27,Hibernating / Lost
cust_015578,2018-02-24,188,1,32.25,Loyal Customers
cust_017842,2018-01-20,223,1,32.24,Loyal Customers
cust_006891,2016-11-20,649,1,32.24,Hibernating / Lost
cust_000535,2017-06-10,447,1,32.23,Hibernating / Lost
cust_018139,2016-07-16,776,1,32.23,At Risk (was frequent)
cust_013199,2017-09-05,360,1,32.22,Hibernating / Lost
cust_009885,2017-10-26,309,1,32.2,Potential Loyalists
cust_017880,2016-08-02,759,1,32.19,At Risk (was frequent)
cust_000348,2016-12-30,609,1,32.19,Hibernating / Lost
cust_017975,2016-11-28,641,1,32.19,At Risk (was frequent)
cust_000001,2017-10-29,306,1,32.18,Potential Loyalists
cust_003274,2017-04-06,512,1,32.18,Hibernating / Lost
cust_008298,2016-07-26,766,1,32.17,Hibernating / Lost
cust_009999,2017-07-16,411,1,32.16,Hibernating / Lost
cust_015622,2016-08-01,760,1,32.16,At Risk (was frequent)
cust_004973,2017-08-23,373,1,32.16,Hibernating / Lost
cust_014701,2018-01-18,225,1,32.15,Loyal Customers
cust_005537,2016-03-20,894,1,32.14,Hibernating / Lost
cust_008381,2018-01-10,233,1,32.11,Potential Loyalists
cust_016348,2016-03-08,906,1,32.1,At Risk (was frequent)
cust_012763,2016-08-03,758,1,32.1,Hibernating / Lost
cust_000941,2017-10-15,320,1,32.08,Potential Loyalists
cust_000568,2017-03-18,531,1,32.07,Hibernating / Lost
cust_006413,2017-09-09,356,1,32.07,Hibernating / Lost
cust_000448,2017-08-29,367,1,32.06,Hibernating / Lost
cust_013984,2016-05-03,850,1,32.04,Hibernating / Lost
cust_017568,2017-11-11,293,1,32.03,Loyal Customers
cust_017490,2016-11-16,653,1,32.02,At Risk (was frequent)
cust_014746,2017-01-06,602,1,32.02,At Risk (was frequent)
cust_015168,2017-05-01,487,1,32.01,At Risk (was frequent)
cust_002292,2016-06-22,800,1,32.01,Hibernating / Lost
cust_014910,2017-06-01,456,1,32.01,At Risk (was frequent)
cust_002711,2017-12-25,249,1,32.01,Potential Loyalists
cust_009566,2017-09-11,354,1,32.01,Hibernating / Lost
cust_001135,2016-08-20,741,1,32.0,Hibernating / Lost
cust_014218,2017-07-29,398,1,31.98,At Risk (was frequent)
cust_015572,2017-04-18,500,1,31.97,At Risk (was frequent)
cust_011650,2017-06-27,430,1,31.97,Hibernating / Lost
cust_013351,2016-02-05,938,1,31.97,Hibernating / Lost
cust_009046,2016-05-31,822,1,31.97,Hibernating / Lost
cust_003288,2017-12-08,266,1,31.96,Potential Loyalists
cust_001417,2016-07-14,778,1,31.94,Hibernating / Lost
cust_000315,2017-07-30,397,1,31.94,Hibernating / Lost
cust_000836,2016-03-30,884,1,31.93,Hibernating / Lost
cust_003066,2016-11-20,649,1,31.92,Hibernating / Lost
cust_003525,2016-11-14,655,1,31.92,Hibernating / Lost
cust_013949,2017-08-21,375,1,31.9,Hibernating / Lost
cust_007318,2016-05-10,843,1,31.9,Hibernating / Lost
cust_013417,2017-04-11,507,1,31.9,Hibernating / Lost
cust_009664,2016-11-02,667,1,31.89,Hibernating / Lost
cust_004115,2017-10-25,310,1,31.89,Potential Loyalists
cust_018198,2018-02-06,206,1,31.88,Loyal Customers
cust_007225,2017-11-07,297,1,31.88,Potential Loyalists
cust_012988,2017-05-27,461,1,31.87,Hibernating / Lost
cust_016554,2017-05-24,464,1,31.87,At Risk (was frequent)
cust_010186,2016-12-11,628,1,31.86,Hibernating / Lost
cust_012926,2018-01-29,214,1,31.85,Potential Loyalists
cust_012979,2016-01-21,953,1,31.84,Hibernating / Lost
cust_012785,2017-09-09,356,1,31.84,Hibernating / Lost
cust_008512,2016-10-12,688,1,31.82,Hibernating / Lost
cust_003776,2016-01-28,946,1,31.77,Hibernating / Lost
cust_000262,2016-04-24,859,1,31.75,Hibernating / Lost
cust_018753,2016-03-31,883,1,31.75,At Risk (was frequent)
cust_018219,2017-11-25,279,1,31.73,Loyal Customers
cust_006589,2016-07-18,774,1,31.71,Hibernating / Lost
cust_007518,2017-11-10,294,1,31.71,Potential Loyalists
cust_001853,2017-11-01,303,1,31.71,Potential Loyalists
cust_007315,2016-11-12,657,1,31.7,Hibernating / Lost
cust_004687,2017-08-26,370,1,31.68,Hibernating / Lost
cust_000004,2016-08-11,750,1,31.68,Hibernating / Lost
cust_014580,2018-01-31,212,1,31.67,Loyal Customers
cust_004326,2016-11-29,640,1,31.67,Hibernating / Lost
cust_009908,2017-08-03,393,1,31.66,Hibernating / Lost
cust_000145,2016-09-23,707,1,31.66,Hibernating / Lost
cust_012344,2016-03-09,905,1,31.64,Hibernating / Lost
cust_015514,2017-06-08,449,1,31.64,At Risk (was frequent)
cust_007521,2016-05-05,848,1,31.61,Hibernating / Lost
cust_017839,2017-08-04,392,1,31.61,At Risk (was frequent)
cust_000878,2017-12-02,272,1,31.61,Potential Loyalists
cust_011240,2017-04-29,489,1,31.58,Hibernating / Lost
cust_011269,2016-05-01,852,1,31.58,Hibernating / Lost
cust_005075,2017-04-05,513,1,31.57,Hibernating / Lost
cust_000689,2017-05-04,484,1,31.56,Hibernating / Lost
cust_010565,2017-11-11,293,1,31.55,Potential Loyalists
cust_015130,2016-12-06,633,1,31.54,At Risk (was frequent)
cust_013395,2018-01-19,224,1,31.53,Potential Loyalists
cust_012962,2017-12-08,266,1,31.53,Potential Loyalists
cust_014584,2017-05-13,475,1,31.52,At Risk (was frequent)
cust_008369,2016-01-20,954,1,31.5,Hibernating / Lost
cust_000472,2017-04-05,513,1,31.49,Hibernating / Lost
cust_010275,2017-08-06,390,1,31.49,Hibernating / Lost
cust_007950,2016-12-11,628,1,31.49,Hibernating / Lost
cust_004869,2017-10-26,309,1,31.48,Potential Loyalists
cust_015398,2017-08-30,366,1,31.48,At Risk (was frequent)
cust_009934,2016-10-06,694,1,31.44,Hibernating / Lost
cust_000118,2017-12-18,256,1,31.44,Potential Loyalists
cust_012362,2016-04-20,863,1,31.44,Hibernating / Lost
cust_000107,2017-06-10,447,1,31.43,Hibernating / Lost
cust_018130,2016-05-25,828,1,31.43,At Risk (was frequent)
cust_014659,2016-04-26,857,1,31.43,At Risk (was frequent)
cust_006200,2017-09-29,336,1,31.42,Potential Loyalists
cust_002191,2016-07-27,765,1,31.41,Hibernating / Lost
cust_000297,2016-04-12,871,1,31.41,Hibernating / Lost
cust_002588,2017-03-20,529,1,31.4,Hibernating / Lost
cust_005818,2017-06-21,436,1,31.4,Hibernating / Lost
cust_017801,2016-07-02,790,1,31.4,At Risk (was frequent)
cust_008501,2018-01-26,217,1,31.39,Potential Loyalists
cust_012347,2017-11-15,289,1,31.37,Potential Loyalists
cust_000414,2018-01-25,218,1,31.37,Potential Loyalists
cust_014620,2016-03-29,885,1,31.36,At Risk (was frequent)
cust_001420,2018-01-20,223,1,31.36,Potential Loyalists
cust_016271,2017-11-07,297,1,31.36,Loyal Customers
cust_000639,2016-04-09,874,1,31.32,Hibernating / Lost
cust_002982,2017-10-18,317,1,31.32,Potential Loyalists
cust_005623,2016-05-05,848,1,31.31,Hibernating / Lost
cust_000701,2018-01-06,237,1,31.3,Potential Loyalists
cust_015811,2016-09-26,704,1,31.3,At Risk (was frequent)
cust_017892,2018-02-11,201,1,31.29,Loyal Customers
cust_002315,2016-02-02,941,1,31.29,Hibernating / Lost
cust_000137,2018-03-01,183,1,31.28,Potential Loyalists
cust_003663,2016-11-26,643,1,31.27,Hibernating / Lost
cust_015581,2016-08-17,744,1,31.27,At Risk (was frequent)
cust_006665,2017-11-22,282,1,31.26,Potential Loyalists
cust_004870,2017-04-17,501,1,31.26,Hibernating / Lost
cust_009255,2017-11-29,275,1,31.24,Potential Loyalists
cust_000148,2016-11-23,646,1,31.23,Hibernating / Lost
cust_006607,2017-09-01,364,1,31.22,Hibernating / Lost
cust_016053,2017-07-17,410,1,31.22,At Risk (was frequent)
cust_011045,2017-05-23,465,1,31.21,Hibernating / Lost
cust_010736,2017-09-08,357,1,31.21,Hibernating / Lost
cust_011626,2017-08-05,391,1,31.2,Hibernating / Lost
cust_015254,2017-12-02,272,1,31.19,Loyal Customers
cust_013063,2017-06-15,442,1,31.17,Hibernating / Lost
cust_010419,2017-07-12,415,1,31.16,Hibernating / Lost
cust_015692,2017-04-15,503,1,31.16,At Risk (was frequent)
cust_000619,2016-08-23,738,1,31.15,Hibernating / Lost
cust_009763,2016-05-11,842,1,31.14,Hibernating / Lost
cust_012016,2016-06-15,807,1,31.14,Hibernating / Lost
cust_004175,2017-10-03,332,1,31.14,Potential Loyalists
cust_014798,2018-02-22,190,1,31.13,Loyal Customers
cust_018872,2016-03-13,901,1,31.12,At Risk (was frequent)
cust_001836,2017-12-23,251,1,31.12,Potential Loyalists
cust_017536,2016-01-12,962,1,31.12,At Risk (was frequent)
cust_009192,2017-12-18,256,1,31.11,Potential Loyalists
cust_007678,2016-11-08,661,1,31.11,Hibernating / Lost
cust_012133,2016-01-07,967,1,31.11,Hibernating / Lost
cust_002460,2016-11-29,640,1,31.11,Hibernating / Lost
cust_008250,2017-05-27,461,1,31.11,Hibernating / Lost
cust_018274,2017-02-11,566,1,31.1,At Risk (was frequent)
cust_010557,2017-11-01,303,1,31.09,Potential Loyalists
cust_013809,2017-03-18,531,1,31.09,Hibernating / Lost
cust_007770,2017-05-19,469,1,31.08,Hibernating / Lost
cust_005528,2016-12-13,626,1,31.05,Hibernating / Lost
cust_003624,2016-12-14,625,1,31.05,Hibernating / Lost
cust_007967,2017-02-02,575,1,31.04,Hibernating / Lost
cust_008270,2016-05-30,823,1,31.04,Hibernating / Lost
cust_011832,2016-05-12,841,1,31.01,Hibernating / Lost
cust_014428,2016-08-13,748,1,31.01,At Risk (was frequent)
cust_005641,2016-05-03,850,1,31.0,Hibernating / Lost
cust_018319,2017-11-13,291,1,31.0,Loyal Customers
cust_010474,2016-11-18,651,1,30.99,Hibernating / Lost
cust_017846,2017-11-14,290,1,30.99,Loyal Customers
cust_015240,2016-07-24,768,1,30.97,At Risk (was frequent)
cust_008185,2017-04-17,501,1,30.96,Hibernating / Lost
cust_015495,2017-04-02,516,1,30.96,At Risk (was frequent)
cust_015898,2016-06-28,794,1,30.95,At Risk (was frequent)
cust_011546,2016-09-28,702,1,30.94,Hibernating / Lost
cust_010640,2017-09-27,338,1,30.92,Potential Loyalists
cust_013805,2017-09-04,361,1,30.91,Hibernating / Lost
cust_012573,2017-06-29,428,1,30.88,Hibernating / Lost
cust_009028,2017-05-26,462,1,30.87,Hibernating / Lost
cust_009179,2017-02-28,549,1,30.87,Hibernating / Lost
cust_012310,2017-05-03,485,1,30.85,Hibernating / Lost
cust_005364,2016-12-03,636,1,30.84,Hibernating / Lost
cust_012708,2018-01-27,216,1,30.84,Potential Loyalists
cust_014858,2017-06-02,455,1,30.82,At Risk (was frequent)
cust_006671,2016-03-05,909,1,30.82,Hibernating / Lost
cust_013455,2017-05-24,464,1,30.81,Hibernating / Lost
cust_009624,2017-03-15,534,1,30.81,Hibernating / Lost
cust_017812,2016-04-21,862,1,30.81,At Risk (was frequent)
cust_003387,2017-10-04,331,1,30.8,Potential Loyalists
cust_001124,2017-11-24,280,1,30.79,Potential Loyalists
cust_014413,2016-09-23,707,1,30.79,At Risk (was frequent)
cust_014971,2016-01-10,964,1,30.79,At Risk (was frequent)
cust_017485,2017-05-09,479,1,30.78,At Risk (was frequent)
cust_003419,2016-05-25,828,1,30.78,Hibernating / Lost
cust_003860,2018-02-25,187,1,30.78,Potential Loyalists
cust_000277,2017-03-02,547,1,30.78,Hibernating / Lost
cust_002170,2016-06-11,811,1,30.78,Hibernating / Lost
cust_006977,2017-05-23,465,1,30.78,Hibernating / Lost
cust_009888,2016-11-05,664,1,30.78,Hibernating / Lost
cust_006730,2017-12-12,262,1,30.76,Potential Loyalists
cust_013348,2017-11-23,281,1,30.76,Potential Loyalists
cust_017802,2017-11-02,302,1,30.75,Loyal Customers
cust_014484,2016-11-27,642,1,30.74,At Risk (was frequent)
cust_010487,2017-07-18,409,1,30.73,Hibernating / Lost
cust_003257,2016-11-01,668,1,30.72,Hibernating / Lost
cust_008555,2016-12-29,610,1,30.7,Hibernating / Lost
cust_009593,2016-11-24,645,1,30.69,Hibernating / Lost
cust_010577,2017-01-27,581,1,30.69,Hibernating / Lost
cust_013962,2016-09-16,714,1,30.68,Hibernating / Lost
cust_001296,2017-02-07,570,1,30.68,Hibernating / Lost
cust_007821,2016-03-18,896,1,30.66,Hibernating / Lost
cust_001934,2018-01-09,234,1,30.66,Potential Loyalists
cust_003236,2017-11-21,283,1,30.66,Potential Loyalists
cust_017142,2016-10-18,682,1,30.65,At Risk (was frequent)
cust_009880,2017-04-21,497,1,30.65,Hibernating / Lost
cust_006976,2016-07-09,783,1,30.64,Hibernating / Lost
cust_015447,2017-03-07,542,1,30.64,At Risk (was frequent)
cust_005910,2017-10-21,314,1,30.63,Potential Loyalists
cust_009547,2017-11-28,276,1,30.63,Potential Loyalists
cust_004877,2017-07-04,423,1,30.62,Hibernating / Lost
cust_016790,2017-03-05,544,1,30.61,At Risk (was frequent)
cust_004288,2016-10-07,693,1,30.61,Hibernating / Lost
cust_010914,2016-01-29,945,1,30.61,Hibernating / Lost
cust_010427,2017-02-28,549,1,30.6,Hibernating / Lost
cust_007540,2016-08-13,748,1,30.6,Hibernating / Lost
cust_002214,2017-10-05,330,1,30.6,Potential Loyalists
cust_003730,2017-12-30,244,1,30.59,Potential Loyalists
cust_003090,2017-07-05,422,1,30.56,Hibernating / Lost
cust_001170,2016-01-29,945,1,30.55,Hibernating / Lost
cust_003241,2016-03-21,893,1,30.55,Hibernating / Lost
cust_005046,2018-02-12,200,1,30.54,Potential Loyalists
cust_001521,2016-12-24,615,1,30.53,Hibernating / Lost
cust_015462,2016-10-31,669,1,30.52,At Risk (was frequent)
cust_018619,2018-01-11,232,1,30.52,Loyal Customers
cust_014955,2017-06-22,435,1,30.52,At Risk (was frequent)
cust_012274,2016-10-19,681,1,30.51,Hibernating / Lost
cust_016331,2017-12-26,248,1,30.51,Loyal Customers
cust_011010,2016-05-29,824,1,30.5,Hibernating / Lost
cust_011489,2017-01-24,584,1,30.5,Hibernating / Lost
cust_012125,2017-03-06,543,1,30.5,Hibernating / Lost
cust_001236,2017-09-18,347,1,30.49,Hibernating / Lost
cust_000433,2016-02-08,935,1,30.45,Hibernating / Lost
cust_010396,2016-05-04,849,1,30.45,Hibernating / Lost
cust_010452,2017-11-27,277,1,30.45,Potential Loyalists
cust_011164,2017-07-04,423,1,30.44,Hibernating / Lost
cust_011356,2016-07-28,764,1,30.44,Hibernating / Lost
cust_005586,2016-11-15,654,1,30.44,Hibernating / Lost
cust_011856,2017-04-01,517,1,30.43,Hibernating / Lost
cust_013866,2017-08-22,374,1,30.43,Hibernating / Lost
cust_010609,2017-11-07,297,1,30.43,Potential Loyalists
cust_000876,2016-09-22,708,1,30.43,Hibernating / Lost
cust_007519,2016-09-29,701,1,30.42,Hibernating / Lost
cust_011554,2016-05-19,834,1,30.4,Hibernating / Lost
cust_011092,2017-02-01,576,1,30.39,Hibernating / Lost
cust_016385,2016-07-13,779,1,30.39,At Risk (was frequent)
cust_012038,2017-11-03,301,1,30.38,Potential Loyalists
cust_001140,2016-09-17,713,1,30.38,Hibernating / Lost
cust_013741,2017-09-21,344,1,30.37,Hibernating / Lost
cust_010319,2017-07-25,402,1,30.36,Hibernating / Lost
cust_005740,2017-06-14,443,1,30.36,Hibernating / Lost
cust_018712,2017-03-17,532,1,30.36,At Risk (was frequent)
cust_016622,2017-05-07,481,1,30.36,At Risk (was frequent)
cust_008468,2017-10-14,321,1,30.35,Potential Loyalists
cust_000484,2016-02-07,936,1,30.35,Hibernating / Lost
cust_016257,2016-01-01,973,1,30.34,At Risk (was frequent)
cust_000924,2016-11-17,652,1,30.34,Hibernating / Lost
cust_001324,2016-06-04,818,1,30.34,Hibernating / Lost
cust_011011,2016-10-01,699,1,30.33,Hibernating / Lost
cust_007955,2017-03-12,537,1,30.32,Hibernating / Lost
cust_017730,2018-01-15,228,1,30.32,Loyal Customers
cust_004651,2018-01-07,236,1,30.31,Potential Loyalists
cust_018192,2017-07-01,426,1,30.3,At Risk (was frequent)
cust_004714,2017-11-10,294,1,30.3,Potential Loyalists
cust_014951,2016-05-16,837,1,30.3,At Risk (was frequent)
cust_018788,2016-10-21,679,1,30.29,At Risk (was frequent)
cust_002312,2016-10-08,692,1,30.29,Hibernating / Lost
cust_005141,2017-09-10,355,1,30.27,Hibernating / Lost
cust_006142,2016-03-10,904,1,30.26,Hibernating / Lost
cust_004644,2017-12-29,245,1,30.25,Potential Loyalists
cust_011753,2017-04-05,513,1,30.24,Hibernating / Lost
cust_008831,2017-10-29,306,1,30.24,Potential Loyalists
cust_004891,2017-12-31,243,1,30.23,Potential Loyalists
cust_014475,2017-03-02,547,1,30.23,At Risk (was frequent)
cust_016627,2016-07-10,782,1,30.21,At Risk (was frequent)
cust_018883,2018-02-20,192,1,30.2,Loyal Customers
cust_016442,2017-03-27,522,1,30.19,At Risk (was frequent)
cust_018855,2017-12-10,264,1,30.19,Loyal Customers
cust_008863,2016-08-16,745,1,30.19,Hibernating / Lost
cust_015807,2017-08-20,376,1,30.17,At Risk (was frequent)
cust_015760,2016-12-16,623,1,30.15,At Risk (was frequent)
cust_014964,2016-07-28,764,1,30.15,At Risk (was frequent)
cust_001723,2016-11-30,639,1,30.13,Hibernating / Lost
cust_002305,2016-06-28,794,1,30.13,Hibernating / Lost
cust_009756,2017-08-12,384,1,30.13,Hibernating / Lost
cust_006985,2016-12-10,629,1,30.09,Hibernating / Lost
cust_007990,2016-11-25,644,1,30.09,Hibernating / Lost
cust_002350,2017-01-17,591,1,30.09,Hibernating / Lost
cust_001810,2017-02-18,559,1,30.09,Hibernating / Lost
cust_002597,2018-01-31,212,1,30.08,Potential Loyalists
cust_002066,2017-12-31,243,1,30.03,Potential Loyalists
cust_003677,2016-03-19,895,1,30.03,Hibernating / Lost
cust_002680,2017-06-10,447,1,30.02,Hibernating / Lost
cust_016199,2016-07-18,774,1,30.01,At Risk (was frequent)
cust_014506,2017-09-02,363,1,30.01,At Risk (was frequent)
cust_000474,2016-07-14,778,1,30.01,Hibernating / Lost
cust_016151,2017-09-02,363,1,30.01,At Risk (was frequent)
cust_002510,2018-02-09,203,1,30.01,Potential Loyalists
cust_011201,2016-05-01,852,1,30.0,Hibernating / Lost
cust_009293,2016-08-17,744,1,29.99,Hibernating / Lost
cust_017462,2017-07-26,401,1,29.99,At Risk (was frequent)
cust_002909,2016-11-01,668,1,29.99,Hibernating / Lost
cust_018085,2017-06-29,428,1,29.97,At Risk (was frequent)
cust_009571,2016-10-05,695,1,29.97,Hibernating / Lost
cust_009259,2018-01-31,212,1,29.95,Potential Loyalists
cust_011604,2016-08-26,735,1,29.95,Hibernating / Lost
cust_011653,2017-10-24,311,1,29.93,Potential Loyalists
cust_000427,2017-04-28,490,1,29.92,Hibernating / Lost
cust_004934,2017-06-08,449,1,29.91,Hibernating / Lost
cust_018634,2017-06-16,441,1,29.91,At Risk (was frequent)
cust_008463,2016-02-25,918,1,29.9,Hibernating / Lost
cust_016148,2017-09-15,350,1,29.9,At Risk (was frequent)
cust_014777,2017-05-24,464,1,29.9,At Risk (was frequent)
cust_001080,2017-07-21,406,1,29.9,Hibernating / Lost
cust_003878,2017-12-04,270,1,29.89,Potential Loyalists
cust_016910,2017-11-22,282,1,29.87,Loyal Customers
cust_015195,2016-07-30,762,1,29.87,At Risk (was frequent)
cust_013548,2016-03-14,900,1,29.87,Hibernating / Lost
cust_015261,2018-01-04,239,1,29.87,Loyal Customers
cust_009474,2016-12-17,622,1,29.87,Hibernating / Lost
cust_008052,2016-08-28,733,1,29.85,Hibernating / Lost
cust_018519,2017-01-21,587,1,29.84,At Risk (was frequent)
cust_007236,2016-11-14,655,1,29.81,Hibernating / Lost
cust_011929,2016-05-03,850,1,29.8,Hibernating / Lost
cust_017554,2016-02-24,919,1,29.78,At Risk (was frequent)
cust_018071,2016-12-10,629,1,29.78,At Risk (was frequent)
cust_011508,2016-12-03,636,1,29.76,Hibernating / Lost
cust_000569,2016-09-20,710,1,29.76,Hibernating / Lost
cust_014882,2016-01-03,971,1,29.76,At Risk (was frequent)
cust_003220,2016-07-26,766,1,29.75,Hibernating / Lost
cust_001697,2017-11-30,274,1,29.73,Potential Loyalists
cust_015752,2016-10-04,696,1,29.73,At Risk (was frequent)
cust_006573,2017-05-14,474,1,29.73,Hibernating / Lost
cust_004696,2017-12-31,243,1,29.72,Potential Loyalists
cust_002629,2017-11-08,296,1,29.7,Potential Loyalists
cust_007858,2018-01-30,213,1,29.69,Potential Loyalists
cust_004422,2016-06-22,800,1,29.68,Hibernating / Lost
cust_000965,2017-01-14,594,1,29.67,Hibernating / Lost
cust_010951,2017-04-22,496,1,29.67,Hibernating / Lost
cust_010539,2016-09-01,729,1,29.66,Hibernating / Lost
cust_010716,2017-03-04,545,1,29.66,Hibernating / Lost
cust_008086,2017-07-27,400,1,29.66,Hibernating / Lost
cust_016327,2016-08-26,735,1,29.66,At Risk (was frequent)
cust_011040,2016-01-07,967,1,29.63,Hibernating / Lost
cust_000516,2017-04-08,510,1,29.62,Hibernating / Lost
cust_010034,2017-07-09,418,1,29.61,Hibernating / Lost
cust_001589,2016-12-31,608,1,29.59,Hibernating / Lost
cust_002810,2017-06-13,444,1,29.58,Hibernating / Lost
cust_017120,2016-05-18,835,1,29.58,At Risk (was frequent)
cust_004355,2017-11-04,300,1,29.57,Potential Loyalists
cust_006753,2018-01-04,239,1,29.56,Potential Loyalists
cust_016232,2016-06-26,796,1,29.55,At Risk (was frequent)
cust_016834,2016-07-08,784,1,29.55,At Risk (was frequent)
cust_014029,2017-07-05,422,1,29.55,At Risk (was frequent)
cust_004926,2018-01-09,234,1,29.52,Potential Loyalists
cust_007302,2017-10-27,308,1,29.48,Potential Loyalists
cust_006347,2016-09-05,725,1,29.47,Hibernating / Lost
cust_009663,2017-11-29,275,1,29.46,Potential Loyalists
cust_005930,2017-10-03,332,1,29.44,Potential Loyalists
cust_013236,2017-02-17,560,1,29.43,Hibernating / Lost
cust_014009,2017-09-29,336,1,29.43,Loyal Customers
cust_001468,2017-07-26,401,1,29.43,Hibernating / Lost
cust_002425,2017-04-24,494,1,29.42,Hibernating / Lost
cust_002869,2017-05-23,465,1,29.42,Hibernating / Lost
cust_000968,2016-03-19,895,1,29.41,Hibernating / Lost
cust_000096,2018-02-08,204,1,29.41,Potential Loyalists
cust_012419,2018-01-24,219,1,29.4,Potential Loyalists
cust_005168,2017-01-27,581,1,29.38,Hibernating / Lost
cust_014626,2017-04-04,514,1,29.38,At Risk (was frequent)
cust_016809,2017-09-29,336,1,29.37,Loyal Customers
cust_016115,2018-02-24,188,1,29.36,Loyal Customers
cust_001577,2016-08-11,750,1,29.36,Hibernating / Lost
cust_007424,2017-03-12,537,1,29.36,Hibernating / Lost
cust_001441,2016-12-16,623,1,29.36,Hibernating / Lost
cust_014263,2016-12-14,625,1,29.33,At Risk (was frequent)
cust_001643,2017-11-06,298,1,29.31,Potential Loyalists
cust_018417,2016-05-15,838,1,29.29,At Risk (was frequent)
cust_012958,2016-12-25,614,1,29.29,Hibernating / Lost
cust_017856,2016-06-04,818,1,29.29,At Risk (was frequent)
cust_008130,2016-05-19,834,1,29.29,Hibernating / Lost
cust_006704,2018-02-16,196,1,29.29,Potential Loyalists
cust_013293,2017-08-01,395,1,29.27,Hibernating / Lost
cust_018529,2017-08-18,378,1,29.27,At Risk (was frequent)
cust_017191,2017-01-18,590,1,29.27,At Risk (was frequent)
cust_006196,2016-08-31,730,1,29.2,Hibernating / Lost
cust_005613,2016-01-03,971,1,29.18,Hibernating / Lost
cust_009872,2017-06-15,442,1,29.18,Hibernating / Lost
cust_011342,2016-10-07,693,1,29.18,Hibernating / Lost
cust_011522,2016-04-15,868,1,29.17,Hibernating / Lost
cust_015429,2016-12-28,611,1,29.17,At Risk (was frequent)
cust_011182,2016-05-09,844,1,29.16,Hibernating / Lost
cust_006516,2017-04-13,505,1,29.14,Hibernating / Lost
cust_007759,2016-12-22,617,1,29.12,Hibernating / Lost
cust_016449,2017-04-05,513,1,29.12,At Risk (was frequent)
cust_013543,2017-10-25,310,1,29.11,Potential Loyalists
cust_018600,2017-05-27,461,1,29.1,At Risk (was frequent)
cust_015559,2018-02-16,196,1,29.06,Loyal Customers
cust_018027,2016-11-24,645,1,29.06,At Risk (was frequent)
cust_015136,2017-11-12,292,1,29.06,Loyal Customers
cust_013057,2016-05-02,851,1,29.06,Hibernating / Lost
cust_011994,2016-01-29,945,1,29.05,Hibernating / Lost
cust_014537,2016-02-26,917,1,29.04,At Risk (was frequent)
cust_016522,2017-04-13,505,1,29.02,At Risk (was frequent)
cust_012917,2017-01-29,579,1,29.0,Hibernating / Lost
cust_016763,2016-11-29,640,1,28.99,At Risk (was frequent)
cust_004619,2016-10-10,690,1,28.99,Hibernating / Lost
cust_006759,2017-11-18,286,1,28.98,Potential Loyalists
cust_010901,2017-03-07,542,1,28.98,Hibernating / Lost
cust_017686,2018-01-24,219,1,28.98,Loyal Customers
cust_013332,2016-12-25,614,1,28.98,Hibernating / Lost
cust_014131,2016-06-15,807,1,28.97,At Risk (was frequent)
cust_002689,2017-11-14,290,1,28.96,Potential Loyalists
cust_015102,2017-12-31,243,1,28.95,Loyal Customers
cust_005336,2017-09-04,361,2,28.95,At Risk (was frequent)
cust_003269,2017-11-30,274,1,28.94,Potential Loyalists
cust_001896,2017-06-11,446,1,28.93,Hibernating / Lost
cust_011150,2017-10-19,316,1,28.93,Potential Loyalists
cust_015169,2016-09-01,729,1,28.92,At Risk (was frequent)
cust_007968,2016-02-08,935,1,28.91,Hibernating / Lost
cust_004231,2016-07-08,784,1,28.87,Hibernating / Lost
cust_001952,2017-05-31,457,1,28.83,Hibernating / Lost
cust_000081,2017-06-29,428,1,28.83,Hibernating / Lost
cust_007180,2017-12-26,248,1,28.82,Potential Loyalists
cust_004653,2016-04-16,867,1,28.82,Hibernating / Lost
cust_013015,2016-11-15,654,1,28.81,Hibernating / Lost
cust_015451,2016-03-19,895,1,28.81,At Risk (was frequent)
cust_000400,2016-06-05,817,1,28.81,Hibernating / Lost
cust_016859,2017-06-17,440,1,28.8,At Risk (was frequent)
cust_008889,2016-08-16,745,1,28.8,Hibernating / Lost
cust_014856,2016-08-31,730,1,28.8,At Risk (was frequent)
cust_012516,2017-11-19,285,1,28.79,Potential Loyalists
cust_017929,2017-02-02,575,1,28.79,At Risk (was frequent)
cust_004842,2017-01-06,602,1,28.79,Hibernating / Lost
cust_003666,2016-11-22,647,1,28.79,Hibernating / Lost
cust_011243,2017-12-24,250,1,28.78,Potential Loyalists
cust_009005,2017-07-25,402,1,28.77,Hibernating / Lost
cust_003486,2016-09-09,721,1,28.76,Hibernating / Lost
cust_003218,2017-12-08,266,1,28.75,Potential Loyalists
cust_005978,2017-04-22,496,1,28.75,Hibernating / Lost
cust_004805,2017-07-28,399,1,28.73,Hibernating / Lost
cust_003752,2016-12-03,636,1,28.72,Hibernating / Lost
cust_018590,2016-05-06,847,1,28.71,At Risk (was frequent)
cust_011681,2016-11-05,664,1,28.7,Hibernating / Lost
cust_014553,2017-12-18,256,1,28.7,Loyal Customers
cust_007899,2016-06-02,820,1,28.69,Hibernating / Lost
cust_010587,2017-03-13,536,1,28.69,Hibernating / Lost
cust_000720,2016-07-07,785,1,28.68,Hibernating / Lost
cust_011699,2016-08-06,755,1,28.67,Hibernating / Lost
cust_000642,2017-04-02,516,1,28.64,Hibernating / Lost
cust_015372,2016-08-13,748,1,28.64,At Risk (was frequent)
cust_016765,2017-07-06,421,1,28.64,At Risk (was frequent)
cust_006848,2017-12-29,245,1,28.64,Potential Loyalists
cust_017303,2016-05-25,828,1,28.64,At Risk (was frequent)
cust_006531,2016-05-10,843,1,28.63,Hibernating / Lost
cust_008731,2017-10-13,322,1,28.62,Potential Loyalists
cust_007098,2017-08-21,375,1,28.61,Hibernating / Lost
cust_011336,2017-03-26,523,1,28.61,Hibernating / Lost
cust_005888,2017-07-21,406,1,28.6,Hibernating / Lost
cust_013939,2016-01-12,962,1,28.59,Hibernating / Lost
cust_015287,2016-08-07,754,1,28.59,At Risk (was frequent)
cust_012745,2017-08-11,385,1,28.58,Hibernating / Lost
cust_005644,2016-02-06,937,1,28.56,Hibernating / Lost
cust_015521,2016-09-30,700,1,28.55,At Risk (was frequent)
cust_011553,2017-12-26,248,1,28.51,Potential Loyalists
cust_001471,2016-01-24,950,1,28.51,Hibernating / Lost
cust_010896,2018-01-15,228,1,28.51,Potential Loyalists
cust_012482,2016-10-04,696,1,28.51,Hibernating / Lost
cust_001132,2017-04-04,514,1,28.5,Hibernating / Lost
cust_017777,2016-11-02,667,1,28.5,At Risk (was frequent)
cust_001817,2016-04-10,873,1,28.49,Hibernating / Lost
cust_004449,2017-05-15,473,1,28.49,Hibernating / Lost
cust_018232,2017-06-09,448,1,28.48,At Risk (was frequent)
cust_007941,2017-01-13,595,1,28.46,Hibernating / Lost
cust_003809,2017-01-09,599,1,28.45,Hibernating / Lost
cust_000779,2016-09-03,727,1,28.45,Hibernating / Lost
cust_016986,2016-05-28,825,1,28.43,At Risk (was frequent)
cust_010807,2016-11-22,647,1,28.42,Hibernating / Lost
cust_004992,2016-12-27,612,1,28.42,Hibernating / Lost
cust_008970,2016-05-31,822,1,28.41,Hibernating / Lost
cust_007738,2016-04-27,856,1,28.38,Hibernating / Lost
cust_002022,2017-06-09,448,1,28.37,Hibernating / Lost
cust_005385,2017-07-26,401,1,28.36,Hibernating / Lost
cust_013098,2016-01-04,970,1,28.36,Hibernating / Lost
cust_003099,2017-07-05,422,1,28.35,Hibernating / Lost
cust_002391,2016-02-29,914,1,28.35,Hibernating / Lost
cust_018091,2016-11-02,667,1,28.34,At Risk (was frequent)
cust_009234,2017-12-17,257,1,28.33,Potential Loyalists
cust_001465,2017-09-27,338,1,28.33,Potential Loyalists
cust_016634,2017-04-02,516,1,28.32,At Risk (was frequent)
cust_011251,2017-04-04,514,1,28.31,Hibernating / Lost
cust_010593,2016-02-23,920,1,28.3,Hibernating / Lost
cust_002085,2017-04-05,513,1,28.29,Hibernating / Lost
cust_007873,2016-12-08,631,1,28.29,Hibernating / Lost
cust_000304,2018-02-22,190,1,28.27,Potential Loyalists
cust_005017,2017-09-30,335,1,28.26,Potential Loyalists
cust_001036,2016-07-13,779,1,28.26,Hibernating / Lost
cust_018451,2017-11-30,274,1,28.23,Loyal Customers
cust_007469,2017-03-28,521,1,28.21,Hibernating / Lost
cust_013963,2017-10-03,332,1,28.19,Potential Loyalists
cust_016436,2016-06-11,811,1,28.19,At Risk (was frequent)
cust_013532,2017-09-22,343,1,28.17,Hibernating / Lost
cust_013357,2017-10-28,307,1,28.13,Potential Loyalists
cust_010214,2016-04-09,874,1,28.12,Hibernating / Lost
cust_008232,2017-11-16,288,1,28.11,Potential Loyalists
cust_014389,2017-02-01,576,1,28.11,At Risk (was frequent)
cust_015191,2017-10-11,324,1,28.11,Loyal Customers
cust_018722,2017-07-10,417,1,28.1,At Risk (was frequent)
cust_017605,2017-05-02,486,1,28.1,At Risk (was frequent)
cust_008192,2016-08-28,733,1,28.1,Hibernating / Lost
cust_001117,2017-12-18,256,1,28.09,Potential Loyalists
cust_016674,2017-07-20,407,1,28.09,At Risk (was frequent)
cust_010573,2017-12-23,251,1,28.08,Potential Loyalists
cust_015883,2017-10-03,332,1,28.06,Loyal Customers
cust_000109,2017-02-27,550,1,28.06,Hibernating / Lost
cust_017665,2017-04-01,517,1,28.05,At Risk (was frequent)
cust_010831,2017-05-08,480,1,28.04,Hibernating / Lost
cust_007610,2017-09-02,363,1,28.03,Hibernating / Lost
cust_003679,2016-05-05,848,1,28.02,Hibernating / Lost
cust_014985,2018-03-03,181,1,28.01,Loyal Customers
cust_009044,2017-05-20,468,1,28.01,Hibernating / Lost
cust_005553,2017-06-28,429,1,28.0,Hibernating / Lost
cust_002634,2016-02-19,924,1,28.0,Hibernating / Lost
cust_017752,2017-07-13,414,1,27.99,At Risk (was frequent)
cust_013796,2016-07-21,771,1,27.98,Hibernating / Lost
cust_017225,2016-04-28,855,1,27.96,At Risk (was frequent)
cust_008127,2017-05-17,471,1,27.96,Hibernating / Lost
cust_012915,2017-11-13,291,1,27.95,Potential Loyalists
cust_009616,2017-09-24,341,1,27.95,Hibernating / Lost
cust_003896,2016-11-07,662,1,27.94,Hibernating / Lost
cust_016807,2016-12-25,614,1,27.94,At Risk (was frequent)
cust_011259,2017-11-06,298,1,27.93,Potential Loyalists
cust_006291,2017-09-18,347,1,27.93,Hibernating / Lost
cust_001625,2017-12-27,247,1,27.92,Potential Loyalists
cust_003546,2017-10-27,308,1,27.92,Potential Loyalists
cust_014358,2017-05-23,465,1,27.92,At Risk (was frequent)
cust_018471,2017-09-19,346,1,27.91,At Risk (was frequent)
cust_016472,2017-08-03,393,1,27.91,At Risk (was frequent)
cust_005647,2017-01-21,587,1,27.91,Hibernating / Lost
cust_001797,2017-01-27,581,1,27.9,Hibernating / Lost
cust_014859,2017-10-02,333,1,27.88,Loyal Customers
cust_009349,2017-10-31,304,1,27.87,Potential Loyalists
cust_011231,2017-08-24,372,1,27.87,Hibernating / Lost
cust_013875,2016-05-24,829,1,27.86,Hibernating / Lost
cust_004214,2018-01-13,230,1,27.86,Potential Loyalists
cust_018107,2017-11-20,284,1,27.86,Loyal Customers
cust_003551,2017-06-02,455,1,27.85,Hibernating / Lost
cust_008938,2017-12-08,266,1,27.85,Potential Loyalists
cust_009261,2017-12-18,256,1,27.84,Potential Loyalists
cust_009865,2017-05-03,485,1,27.84,Hibernating / Lost
cust_000560,2016-11-02,667,1,27.84,Hibernating / Lost
cust_003462,2017-11-20,284,1,27.82,Potential Loyalists
cust_007675,2016-01-17,957,1,27.81,Hibernating / Lost
cust_005041,2016-05-26,827,1,27.8,Hibernating / Lost
cust_012912,2017-02-07,570,1,27.8,Hibernating / Lost
cust_013786,2016-02-05,938,1,27.8,Hibernating / Lost
cust_011498,2018-02-18,194,1,27.79,Potential Loyalists
cust_010480,2016-11-09,660,1,27.79,Hibernating / Lost
cust_004188,2016-05-01,852,1,27.78,Hibernating / Lost
cust_010886,2018-01-14,229,1,27.77,Potential Loyalists
cust_002902,2017-08-10,386,1,27.77,Hibernating / Lost
cust_013529,2017-11-29,275,1,27.77,Potential Loyalists
cust_018269,2018-02-22,190,1,27.76,Loyal Customers
cust_000005,2018-02-03,209,1,27.75,Potential Loyalists
cust_001230,2018-02-17,195,1,27.74,Potential Loyalists
cust_009479,2017-06-09,448,1,27.72,Hibernating / Lost
cust_016606,2016-09-19,711,1,27.71,At Risk (was frequent)
cust_014500,2016-02-29,914,1,27.7,At Risk (was frequent)
cust_002333,2017-11-28,276,1,27.68,Potential Loyalists
cust_015406,2017-11-02,302,1,27.68,Loyal Customers
cust_001999,2018-01-17,226,1,27.66,Potential Loyalists
cust_004652,2017-09-19,346,1,27.66,Hibernating / Lost
cust_018296,2017-12-26,248,1,27.66,Loyal Customers
cust_016601,2017-03-18,531,1,27.65,At Risk (was frequent)
cust_005201,2017-12-11,263,1,27.63,Potential Loyalists
cust_003515,2016-08-07,754,1,27.62,Hibernating / Lost
cust_012944,2016-09-18,712,1,27.62,Hibernating / Lost
cust_013162,2017-12-01,273,1,27.6,Potential Loyalists
cust_011649,2017-11-06,298,1,27.6,Potential Loyalists
cust_012288,2016-01-08,966,1,27.58,Hibernating / Lost
cust_001206,2016-10-13,687,1,27.57,Hibernating / Lost
cust_017085,2017-12-15,259,1,27.57,Loyal Customers
cust_016265,2017-02-19,558,1,27.56,At Risk (was frequent)
cust_001562,2017-11-11,293,1,27.55,Potential Loyalists
cust_000476,2017-12-23,251,1,27.55,Potential Loyalists
cust_001799,2017-11-16,288,1,27.52,Potential Loyalists
cust_003024,2017-07-03,424,1,27.5,Hibernating / Lost
cust_002380,2017-04-20,498,1,27.49,Hibernating / Lost
cust_013851,2016-10-29,671,1,27.46,Hibernating / Lost
cust_011493,2017-08-21,375,1,27.46,Hibernating / Lost
cust_018047,2016-12-31,608,1,27.45,At Risk (was frequent)
cust_000600,2016-04-11,872,1,27.45,Hibernating / Lost
cust_002632,2017-11-22,282,1,27.44,Potential Loyalists
cust_011978,2017-09-04,361,1,27.44,Hibernating / Lost
cust_005290,2016-06-15,807,1,27.43,Hibernating / Lost
cust_001715,2017-04-18,500,1,27.43,Hibernating / Lost
cust_009398,2017-10-04,331,1,27.43,Potential Loyalists
cust_012765,2016-01-01,973,1,27.42,Hibernating / Lost
cust_013683,2016-08-14,747,1,27.42,Hibernating / Lost
cust_018503,2017-05-10,478,1,27.42,At Risk (was frequent)
cust_015209,2017-04-28,490,1,27.41,At Risk (was frequent)
cust_010402,2016-11-12,657,1,27.41,Hibernating / Lost
cust_003064,2017-11-02,302,1,27.36,Potential Loyalists
cust_008359,2017-11-03,301,1,27.36,Potential Loyalists
cust_004999,2016-05-26,827,1,27.35,Hibernating / Lost
cust_011363,2017-09-15,350,1,27.35,Hibernating / Lost
cust_003443,2017-02-23,554,1,27.34,Hibernating / Lost
cust_008329,2018-01-18,225,1,27.34,Potential Loyalists
cust_012629,2016-12-15,624,1,27.29,Hibernating / Lost
cust_002630,2016-09-28,702,1,27.28,Hibernating / Lost
cust_008533,2016-11-06,663,1,27.27,Hibernating / Lost
cust_008472,2016-12-12,627,1,27.27,Hibernating / Lost
cust_007880,2017-12-27,247,1,27.27,Potential Loyalists
cust_006038,2018-01-15,228,1,27.25,Potential Loyalists
cust_002076,2017-10-18,317,1,27.25,Potential Loyalists
cust_000020,2016-07-28,764,1,27.24,Hibernating / Lost
cust_011081,2017-03-29,520,1,27.21,Hibernating / Lost
cust_011571,2017-04-26,492,1,27.21,Hibernating / Lost
cust_017750,2016-12-24,615,1,27.2,At Risk (was frequent)
cust_018647,2017-07-03,424,1,27.2,At Risk (was frequent)
cust_014415,2018-01-05,238,1,27.19,Loyal Customers
cust_017527,2017-11-20,284,1,27.19,Loyal Customers
cust_010699,2017-09-21,344,1,27.18,Hibernating / Lost
cust_014403,2016-07-08,784,1,27.17,At Risk (was frequent)
cust_014597,2016-04-01,882,1,27.17,At Risk (was frequent)
cust_011077,2017-05-24,464,1,27.16,Hibernating / Lost
cust_002438,2016-11-17,652,1,27.16,Hibernating / Lost
cust_012380,2017-07-15,412,1,27.15,Hibernating / Lost
cust_007325,2016-06-04,818,1,27.15,Hibernating / Lost
cust_018062,2016-09-21,709,1,27.15,At Risk (was frequent)
cust_018231,2016-10-10,690,1,27.14,At Risk (was frequent)
cust_008509,2018-01-26,217,1,27.13,Potential Loyalists
cust_006187,2016-11-05,664,1,27.13,Hibernating / Lost
cust_012249,2016-09-08,722,1,27.12,Hibernating / Lost
cust_012456,2016-02-02,941,1,27.11,Hibernating / Lost
cust_003190,2017-12-15,259,1,27.09,Potential Loyalists
cust_011349,2017-05-13,475,1,27.09,Hibernating / Lost
cust_006095,2017-11-05,299,1,27.08,Potential Loyalists
cust_018166,2016-10-11,689,1,27.07,At Risk (was frequent)
cust_000232,2016-03-27,887,1,27.07,Hibernating / Lost
cust_011639,2016-10-28,672,1,27.06,Hibernating / Lost
cust_017719,2018-01-25,218,1,27.06,Loyal Customers
cust_000942,2016-07-20,772,1,27.04,Hibernating / Lost
cust_018523,2017-11-24,280,1,27.04,Loyal Customers
cust_014750,2017-09-21,344,1,27.03,At Risk (was frequent)
cust_012936,2017-11-04,300,1,27.03,Potential Loyalists
cust_016946,2018-02-12,200,1,27.03,Loyal Customers
cust_013839,2016-12-06,633,1,27.03,Hibernating / Lost
cust_009006,2017-04-28,490,1,27.02,Hibernating / Lost
cust_018365,2017-09-06,359,1,27.01,At Risk (was frequent)
cust_018538,2017-01-16,592,1,27.0,At Risk (was frequent)
cust_010765,2017-02-01,576,1,27.0,Hibernating / Lost
cust_002084,2016-10-02,698,1,26.99,Hibernating / Lost
cust_002257,2017-04-20,498,1,26.99,Hibernating / Lost
cust_014716,2016-09-20,710,1,26.99,At Risk (was frequent)
cust_008433,2018-02-10,202,1,26.99,Potential Loyalists
cust_009944,2016-10-01,699,1,26.98,Hibernating / Lost
cust_005257,2017-07-02,425,1,26.97,Hibernating / Lost
cust_007845,2018-02-14,198,1,26.96,Potential Loyalists
cust_013209,2016-11-13,656,1,26.94,Hibernating / Lost
cust_009590,2016-03-17,897,1,26.93,Hibernating / Lost
cust_009032,2016-01-22,952,1,26.93,Hibernating / Lost
cust_013890,2017-11-29,275,1,26.91,Potential Loyalists
cust_014487,2017-07-15,412,1,26.91,At Risk (was frequent)
cust_005437,2016-04-27,856,1,26.9,Hibernating / Lost
cust_002777,2017-11-30,274,1,26.9,Potential Loyalists
cust_011722,2016-09-17,713,1,26.88,Hibernating / Lost
cust_015279,2016-05-13,840,1,26.88,At Risk (was frequent)
cust_000050,2017-02-14,563,1,26.87,Hibernating / Lost
cust_011655,2016-10-27,673,1,26.87,Hibernating / Lost
cust_018187,2016-02-02,941,1,26.87,At Risk (was frequent)
cust_013101,2016-07-07,785,1,26.86,Hibernating / Lost
cust_000216,2016-04-09,874,1,26.85,Hibernating / Lost
cust_002367,2016-02-13,930,1,26.82,Hibernating / Lost
cust_001948,2017-10-26,309,1,26.82,Potential Loyalists
cust_004298,2017-05-08,480,1,26.81,Hibernating / Lost
cust_006342,2018-01-20,223,1,26.81,Potential Loyalists
cust_017195,2017-12-01,273,1,26.8,Loyal Customers
cust_009422,2017-08-15,381,1,26.78,Hibernating / Lost
cust_006423,2017-06-14,443,1,26.78,Hibernating / Lost
cust_003669,2016-04-19,864,1,26.77,Hibernating / Lost
cust_015152,2016-12-25,614,1,26.76,At Risk (was frequent)
cust_018824,2016-04-11,872,1,26.75,At Risk (was frequent)
cust_012230,2017-09-14,351,1,26.74,Hibernating / Lost
cust_018373,2017-05-04,484,1,26.74,At Risk (was frequent)
cust_017481,2017-11-09,295,1,26.74,Loyal Customers
cust_011547,2017-04-12,506,1,26.74,Hibernating / Lost
cust_001412,2017-10-25,310,1,26.74,Potential Loyalists
cust_013302,2016-03-17,897,1,26.72,Hibernating / Lost
cust_005665,2017-10-11,324,1,26.72,Potential Loyalists
cust_012507,2017-05-30,458,1,26.71,Hibernating / Lost
cust_017127,2016-10-26,674,1,26.7,At Risk (was frequent)
cust_002201,2018-01-09,234,1,26.69,Potential Loyalists
cust_006980,2016-12-07,632,1,26.68,Hibernating / Lost
cust_012766,2016-04-03,880,1,26.67,Hibernating / Lost
cust_011373,2017-11-19,285,1,26.67,Potential Loyalists
cust_010866,2017-08-14,382,1,26.67,Hibernating / Lost
cust_010988,2016-11-03,666,1,26.65,Hibernating / Lost
cust_016749,2017-02-05,572,1,26.63,At Risk (was frequent)
cust_018796,2017-08-27,369,1,26.62,At Risk (was frequent)
cust_014821,2017-06-10,447,1,26.62,At Risk (was frequent)
cust_017613,2018-01-08,235,1,26.62,Loyal Customers
cust_013869,2016-06-18,804,1,26.62,Hibernating / Lost
cust_000652,2016-05-26,827,1,26.61,Hibernating / Lost
cust_018453,2016-11-19,650,1,26.61,At Risk (was frequent)
cust_016064,2017-03-23,526,1,26.59,At Risk (was frequent)
cust_016616,2017-11-25,279,1,26.57,Loyal Customers
cust_012972,2017-03-03,546,1,26.56,Hibernating / Lost
cust_003584,2017-04-09,509,1,26.51,Hibernating / Lost
cust_003670,2016-10-05,695,1,26.49,Hibernating / Lost
cust_014758,2017-01-22,586,1,26.48,At Risk (was frequent)
cust_016745,2017-10-03,332,1,26.45,Loyal Customers
cust_015655,2016-11-02,667,1,26.45,At Risk (was frequent)
cust_001495,2017-11-15,289,1,26.44,Potential Loyalists
cust_013456,2017-02-28,549,1,26.44,Hibernating / Lost
cust_010172,2016-07-02,790,1,26.44,Hibernating / Lost
cust_005335,2017-04-22,496,1,26.42,Hibernating / Lost
cust_001756,2017-06-21,436,1,26.42,Hibernating / Lost
cust_011954,2017-07-24,403,1,26.42,Hibernating / Lost
cust_005154,2016-11-26,643,1,26.41,Hibernating / Lost
cust_011786,2016-09-14,716,1,26.41,Hibernating / Lost
cust_005354,2016-06-13,809,1,26.41,Hibernating / Lost
cust_002456,2017-01-16,592,1,26.4,Hibernating / Lost
cust_008522,2017-12-29,245,1,26.39,Potential Loyalists
cust_001551,2016-07-25,767,1,26.39,Hibernating / Lost
cust_012451,2017-09-25,340,1,26.38,Hibernating / Lost
cust_011061,2016-09-16,714,1,26.38,Hibernating / Lost
cust_013147,2017-08-24,372,1,26.37,Hibernating / Lost
cust_003271,2016-04-04,879,1,26.37,Hibernating / Lost
cust_009811,2017-11-26,278,1,26.36,Potential Loyalists
cust_012213,2017-01-31,577,1,26.35,Hibernating / Lost
cust_013296,2016-09-04,726,1,26.33,Hibernating / Lost
cust_011247,2016-11-01,668,1,26.31,Hibernating / Lost
cust_005996,2016-04-12,871,1,26.31,Hibernating / Lost
cust_014636,2017-11-17,287,1,26.31,Loyal Customers
cust_008931,2016-09-12,718,1,26.27,Hibernating / Lost
cust_005243,2018-01-07,236,1,26.27,Potential Loyalists
cust_015457,2016-06-07,815,1,26.27,At Risk (was frequent)
cust_014563,2018-01-06,237,1,26.27,Loyal Customers
cust_017330,2016-01-31,943,1,26.27,At Risk (was frequent)
cust_016349,2018-01-24,219,1,26.26,Loyal Customers
cust_017412,2017-09-18,347,1,26.26,At Risk (was frequent)
cust_003279,2017-11-16,288,1,26.24,Potential Loyalists
cust_018336,2017-11-15,289,1,26.24,Loyal Customers
cust_017081,2016-04-24,859,1,26.24,At Risk (was frequent)
cust_000688,2017-03-16,533,1,26.24,Hibernating / Lost
cust_007381,2017-10-15,320,1,26.23,Potential Loyalists
cust_014663,2016-06-06,816,1,26.23,At Risk (was frequent)
cust_005850,2016-05-03,850,1,26.23,Hibernating / Lost
cust_000824,2017-12-14,260,1,26.23,Potential Loyalists
cust_016576,2017-02-17,560,1,26.23,At Risk (was frequent)
cust_000031,2018-01-15,228,1,26.21,Potential Loyalists
cust_002950,2017-03-11,538,1,26.21,Hibernating / Lost
cust_017158,2016-07-15,777,1,26.21,At Risk (was frequent)
cust_000208,2016-06-24,798,1,26.2,Hibernating / Lost
cust_008178,2017-03-11,538,1,26.2,Hibernating / Lost
cust_017439,2016-11-01,668,1,26.2,At Risk (was frequent)
cust_001731,2017-09-02,363,1,26.19,Hibernating / Lost
cust_009125,2017-08-17,379,1,26.19,Hibernating / Lost
cust_004711,2017-10-06,329,1,26.19,Potential Loyalists
cust_000307,2016-09-27,703,1,26.18,Hibernating / Lost
cust_013393,2016-12-31,608,1,26.18,Hibernating / Lost
cust_006409,2017-02-26,551,1,26.17,Hibernating / Lost
cust_016525,2017-05-17,471,1,26.16,At Risk (was frequent)
cust_013277,2018-01-20,223,1,26.16,Potential Loyalists
cust_005256,2017-05-26,462,1,26.15,Hibernating / Lost
cust_010395,2016-06-09,813,1,26.12,Hibernating / Lost
cust_003738,2016-11-21,648,1,26.1,Hibernating / Lost
cust_017076,2016-08-02,759,1,26.1,At Risk (was frequent)
cust_007175,2016-11-17,652,1,26.1,Hibernating / Lost
cust_005723,2017-02-02,575,1,26.09,Hibernating / Lost
cust_011654,2017-08-08,388,1,26.08,Hibernating / Lost
cust_010401,2016-10-16,684,1,26.07,Hibernating / Lost
cust_014918,2016-02-07,936,1,26.07,At Risk (was frequent)
cust_003994,2016-07-21,771,1,26.05,Hibernating / Lost
cust_006183,2016-12-14,625,1,26.04,Hibernating / Lost
cust_007037,2017-06-06,451,1,26.04,Hibernating / Lost
cust_009182,2016-03-19,895,1,26.02,Hibernating / Lost
cust_007746,2017-11-10,294,1,26.0,Potential Loyalists
cust_009923,2017-12-24,250,1,26.0,Potential Loyalists
cust_008646,2017-01-13,595,1,26.0,Hibernating / Lost
cust_018879,2017-02-03,574,1,25.98,At Risk (was frequent)
cust_007112,2017-09-08,357,1,25.93,Hibernating / Lost
cust_013463,2017-11-19,285,1,25.93,Potential Loyalists
cust_010847,2017-02-04,573,1,25.93,Hibernating / Lost
cust_010887,2017-03-19,530,1,25.93,Hibernating / Lost
cust_008561,2016-10-15,685,1,25.92,Hibernating / Lost
cust_010695,2017-10-03,332,1,25.92,Potential Loyalists
cust_011474,2018-02-06,206,1,25.91,Potential Loyalists
cust_017409,2017-06-21,436,1,25.91,At Risk (was frequent)
cust_003952,2017-11-29,275,1,25.88,Potential Loyalists
cust_009278,2016-06-09,813,1,25.88,Hibernating / Lost
cust_002397,2016-10-15,685,1,25.87,Hibernating / Lost
cust_015351,2017-01-10,598,1,25.87,At Risk (was frequent)
cust_013597,2018-01-29,214,1,25.85,Potential Loyalists
cust_011274,2017-07-16,411,1,25.85,Hibernating / Lost
cust_008944,2017-09-06,359,1,25.84,Hibernating / Lost
cust_008108,2017-11-25,279,1,25.83,Potential Loyalists
cust_007536,2017-11-05,299,1,25.83,Potential Loyalists
cust_007684,2017-08-31,365,1,25.83,Hibernating / Lost
cust_011379,2016-11-03,666,1,25.83,Hibernating / Lost
cust_008717,2017-11-29,275,1,25.82,Potential Loyalists
cust_005788,2016-07-29,763,1,25.81,Hibernating / Lost
cust_015725,2016-03-19,895,1,25.79,At Risk (was frequent)
cust_001122,2017-03-21,528,1,25.78,Hibernating / Lost
cust_016086,2016-09-16,714,1,25.77,At Risk (was frequent)
cust_007887,2017-11-26,278,1,25.76,Potential Loyalists
cust_015450,2017-08-21,375,1,25.76,At Risk (was frequent)
cust_005648,2017-12-27,247,1,25.76,Potential Loyalists
cust_000403,2017-12-25,249,1,25.76,Potential Loyalists
cust_006733,2016-12-28,611,1,25.74,Hibernating / Lost
cust_003378,2017-07-21,406,1,25.74,Hibernating / Lost
cust_017042,2017-09-12,353,1,25.73,At Risk (was frequent)
cust_013579,2017-11-06,298,1,25.73,Potential Loyalists
cust_015926,2017-03-26,523,1,25.73,At Risk (was frequent)
cust_011286,2017-05-03,485,1,25.72,Hibernating / Lost
cust_011764,2017-07-01,426,1,25.72,Hibernating / Lost
cust_003071,2016-11-29,640,1,25.71,Hibernating / Lost
cust_009659,2017-11-17,287,1,25.71,Potential Loyalists
cust_007848,2016-11-27,642,1,25.69,Hibernating / Lost
cust_010445,2018-02-04,208,1,25.69,Potential Loyalists
cust_000334,2018-03-03,181,1,25.68,Potential Loyalists
cust_008975,2017-04-12,506,1,25.67,Hibernating / Lost
cust_009042,2017-11-15,289,1,25.66,Potential Loyalists
cust_000053,2016-03-08,906,1,25.65,Hibernating / Lost
cust_011903,2016-04-13,870,1,25.65,Hibernating / Lost
cust_005416,2017-07-25,402,1,25.65,Hibernating / Lost
cust_008202,2016-11-07,662,1,25.64,Hibernating / Lost
cust_014794,2016-06-21,801,1,25.64,At Risk (was frequent)
cust_011878,2017-10-15,320,1,25.62,Potential Loyalists
cust_008247,2017-01-04,604,1,25.62,Hibernating / Lost
cust_009851,2016-10-29,671,1,25.62,Hibernating / Lost
cust_016176,2017-10-02,333,1,25.61,Loyal Customers
cust_000611,2018-01-11,232,1,25.6,Potential Loyalists
cust_008195,2017-09-27,338,1,25.6,Potential Loyalists
cust_015012,2017-12-17,257,1,25.6,Loyal Customers
cust_010412,2017-09-18,347,1,25.6,Hibernating / Lost
cust_012993,2017-05-27,461,1,25.59,Hibernating / Lost
cust_018112,2016-12-25,614,1,25.59,At Risk (was frequent)
cust_011603,2017-04-30,488,1,25.58,Hibernating / Lost
cust_003353,2016-11-21,648,1,25.58,Hibernating / Lost
cust_000620,2016-05-10,843,1,25.57,Hibernating / Lost
cust_007212,2016-04-26,857,1,25.56,Hibernating / Lost
cust_004684,2017-03-12,537,1,25.55,Hibernating / Lost
cust_014677,2017-06-12,445,1,25.54,At Risk (was frequent)
cust_005234,2017-09-09,356,1,25.51,Hibernating / Lost
cust_010454,2016-06-19,803,1,25.5,Hibernating / Lost
cust_014036,2017-08-29,367,1,25.5,At Risk (was frequent)
cust_010317,2016-11-17,652,1,25.5,Hibernating / Lost
cust_002596,2016-05-12,841,1,25.49,Hibernating / Lost
cust_018076,2017-10-06,329,1,25.49,Loyal Customers
cust_017691,2017-11-18,286,1,25.49,Loyal Customers
cust_013936,2016-03-27,887,1,25.46,Hibernating / Lost
cust_012910,2017-07-05,422,1,25.46,Hibernating / Lost
cust_004742,2016-10-30,670,1,25.46,Hibernating / Lost
cust_009818,2016-01-09,965,1,25.45,Hibernating / Lost
cust_004751,2016-06-27,795,1,25.45,Hibernating / Lost
cust_014765,2016-09-06,724,1,25.45,At Risk (was frequent)
cust_005804,2017-03-08,541,1,25.44,Hibernating / Lost
cust_013219,2018-01-11,232,1,25.44,Potential Loyalists
cust_004529,2018-02-17,195,1,25.44,Potential Loyalists
cust_009018,2017-11-21,283,1,25.43,Potential Loyalists
cust_007874,2016-01-21,953,1,25.42,Hibernating / Lost
cust_008400,2016-06-21,801,1,25.38,Hibernating / Lost
cust_003355,2017-11-26,278,1,25.37,Potential Loyalists
cust_009220,2016-07-16,776,1,25.36,Hibernating / Lost
cust_012085,2017-12-02,272,1,25.36,Potential Loyalists
cust_016769,2016-02-06,937,1,25.34,At Risk (was frequent)
cust_008875,2017-11-21,283,1,25.32,Potential Loyalists
cust_010694,2017-01-28,580,1,25.32,Hibernating / Lost
cust_006428,2017-12-30,244,1,25.31,Potential Loyalists
cust_004502,2016-12-30,609,1,25.3,Hibernating / Lost
cust_014595,2016-11-05,664,1,25.29,At Risk (was frequent)
cust_015025,2016-07-25,767,1,25.29,At Risk (was frequent)
cust_016302,2018-03-02,182,1,25.28,Loyal Customers
cust_001430,2017-09-02,363,1,25.28,Hibernating / Lost
cust_001641,2017-06-27,430,1,25.27,Hibernating / Lost
cust_010199,2018-01-18,225,1,25.27,Potential Loyalists
cust_001684,2016-08-14,747,1,25.26,Hibernating / Lost
cust_003472,2016-01-28,946,1,25.25,Hibernating / Lost
cust_017287,2017-01-07,601,1,25.24,At Risk (was frequent)
cust_005626,2016-04-05,878,1,25.23,Hibernating / Lost
cust_005847,2017-03-05,544,1,25.22,Hibernating / Lost
cust_010334,2016-12-09,630,1,25.22,Hibernating / Lost
cust_016398,2016-10-04,696,1,25.2,At Risk (was frequent)
cust_005507,2016-03-27,887,1,25.2,Hibernating / Lost
cust_000127,2017-07-11,416,1,25.2,Hibernating / Lost
cust_017012,2016-09-05,725,1,25.19,At Risk (was frequent)
cust_006984,2017-12-16,258,1,25.19,Potential Loyalists
cust_014129,2016-10-19,681,1,25.17,At Risk (was frequent)
cust_010606,2017-11-04,300,1,25.16,Potential Loyalists
cust_005104,2017-07-04,423,1,25.16,Hibernating / Lost
cust_018805,2017-03-31,518,1,25.15,At Risk (was frequent)
cust_006999,2017-11-16,288,1,25.14,Potential Loyalists
cust_013717,2017-04-14,504,1,25.12,Hibernating / Lost
cust_003495,2017-02-06,571,1,25.12,Hibernating / Lost
cust_000741,2016-02-29,914,1,25.11,Hibernating / Lost
cust_000749,2018-01-11,232,1,25.1,Potential Loyalists
cust_007084,2017-11-27,277,1,25.09,Potential Loyalists
cust_015320,2017-12-26,248,1,25.08,Loyal Customers
cust_002001,2017-04-03,515,1,25.07,Hibernating / Lost
cust_000667,2016-07-13,779,1,25.07,Hibernating / Lost
cust_010921,2017-11-09,295,1,25.07,Potential Loyalists
cust_012519,2016-01-08,966,1,25.07,Hibernating / Lost
cust_008623,2017-07-06,421,1,25.06,Hibernating / Lost
cust_000369,2016-11-08,661,1,25.06,Hibernating / Lost
cust_018183,2016-11-16,653,1,25.04,At Risk (was frequent)
cust_001572,2016-03-16,898,1,25.03,Hibernating / Lost
cust_004538,2017-09-27,338,1,25.03,Potential Loyalists
cust_010241,2018-01-08,235,1,25.03,Potential Loyalists
cust_007789,2017-02-14,563,1,25.03,Hibernating / Lost
cust_011888,2016-07-11,781,1,25.03,Hibernating / Lost
cust_003114,2016-10-23,677,1,25.02,Hibernating / Lost
cust_010112,2016-12-30,609,1,25.01,Hibernating / Lost
cust_012188,2016-11-15,654,1,25.0,Hibernating / Lost
cust_008019,2017-11-10,294,1,25.0,Potential Loyalists
cust_018056,2016-07-01,791,1,24.99,At Risk (was frequent)
cust_017530,2017-04-20,498,1,24.99,At Risk (was frequent)
cust_000788,2018-02-18,194,1,24.99,Potential Loyalists
cust_008384,2017-06-26,431,1,24.99,Hibernating / Lost
cust_015864,2017-06-30,427,1,24.97,At Risk (was frequent)
cust_009140,2016-11-04,665,1,24.97,Hibernating / Lost
cust_015584,2017-06-21,436,1,24.97,At Risk (was frequent)
cust_014523,2016-11-20,649,1,24.97,At Risk (was frequent)
cust_016390,2017-10-05,330,1,24.96,Loyal Customers
cust_016653,2017-10-12,323,1,24.95,Loyal Customers
cust_000280,2017-12-26,248,1,24.94,Potential Loyalists
cust_016150,2016-06-14,808,1,24.94,At Risk (was frequent)
cust_004386,2016-10-19,681,1,24.93,Hibernating / Lost
cust_008860,2016-10-01,699,1,24.93,Hibernating / Lost
cust_010663,2017-05-05,483,1,24.93,Hibernating / Lost
cust_016971,2016-07-17,775,1,24.92,At Risk (was frequent)
cust_007285,2017-02-09,568,1,24.92,Hibernating / Lost
cust_012315,2018-02-25,187,1,24.92,Potential Loyalists
cust_015597,2017-12-12,262,1,24.92,Loyal Customers
cust_015803,2016-02-29,914,1,24.91,At Risk (was frequent)
cust_005708,2016-03-14,900,1,24.91,Hibernating / Lost
cust_017699,2017-10-18,317,1,24.91,Loyal Customers
cust_011545,2017-05-08,480,1,24.9,Hibernating / Lost
cust_011431,2017-07-20,407,1,24.89,Hibernating / Lost
cust_004969,2016-09-01,729,1,24.88,Hibernating / Lost
cust_001825,2017-09-19,346,1,24.87,Hibernating / Lost
cust_001176,2017-05-21,467,1,24.86,Hibernating / Lost
cust_002354,2017-12-19,255,1,24.86,Potential Loyalists
cust_016243,2017-12-22,252,1,24.81,Loyal Customers
cust_013301,2017-07-20,407,1,24.8,Hibernating / Lost
cust_011967,2016-09-09,721,1,24.79,Hibernating / Lost
cust_010150,2017-05-07,481,1,24.79,Hibernating / Lost
cust_001336,2017-08-29,367,1,24.78,Hibernating / Lost
cust_003322,2016-11-27,642,1,24.77,Hibernating / Lost
cust_006065,2016-12-20,619,1,24.77,Hibernating / Lost
cust_017735,2017-06-25,432,1,24.76,At Risk (was frequent)
cust_003438,2016-08-20,741,1,24.76,Hibernating / Lost
cust_011985,2017-01-03,605,1,24.75,Hibernating / Lost
cust_010270,2016-12-22,617,1,24.74,Hibernating / Lost
cust_017086,2016-06-26,796,1,24.74,At Risk (was frequent)
cust_006261,2016-05-08,845,1,24.73,Hibernating / Lost
cust_018648,2016-12-22,617,1,24.72,At Risk (was frequent)
cust_018684,2016-12-30,609,1,24.69,At Risk (was frequent)
cust_001439,2017-06-03,454,1,24.69,Hibernating / Lost
cust_001442,2017-10-29,306,1,24.68,Potential Loyalists
cust_015809,2017-12-03,271,1,24.67,Loyal Customers
cust_006156,2017-07-09,418,1,24.66,Hibernating / Lost
cust_000501,2017-12-03,271,1,24.65,Potential Loyalists
cust_003541,2017-01-16,592,1,24.64,Hibernating / Lost
cust_005901,2017-10-14,321,1,24.64,Potential Loyalists
cust_005280,2016-11-28,641,1,24.64,Hibernating / Lost
cust_018432,2017-09-08,357,1,24.63,At Risk (was frequent)
cust_003104,2016-11-24,645,1,24.6,Hibernating / Lost
cust_001703,2017-10-27,308,1,24.59,Potential Loyalists
cust_002003,2016-05-01,852,1,24.59,Hibernating / Lost
cust_010304,2017-09-06,359,1,24.58,Hibernating / Lost
cust_011021,2016-04-14,869,1,24.57,Hibernating / Lost
cust_018013,2017-07-28,399,1,24.56,At Risk (was frequent)
cust_010019,2016-06-01,821,1,24.53,Hibernating / Lost
cust_017557,2017-07-14,413,1,24.51,At Risk (was frequent)
cust_000588,2016-08-04,757,1,24.5,Hibernating / Lost
cust_002026,2018-01-24,219,1,24.48,Potential Loyalists
cust_006243,2017-03-31,518,1,24.48,Hibernating / Lost
cust_011982,2017-04-10,508,1,24.47,Hibernating / Lost
cust_009312,2017-08-02,394,1,24.45,Hibernating / Lost
cust_000694,2017-12-28,246,1,24.45,Potential Loyalists
cust_008179,2017-11-25,279,1,24.44,Potential Loyalists
cust_011548,2016-03-17,897,1,24.44,Hibernating / Lost
cust_009858,2016-03-17,897,1,24.43,Hibernating / Lost
cust_014656,2016-08-19,742,1,24.43,At Risk (was frequent)
cust_006132,2018-02-01,211,1,24.41,Potential Loyalists
cust_013149,2017-11-01,303,1,24.4,Potential Loyalists
cust_006235,2016-04-28,855,1,24.4,Hibernating / Lost
cust_013725,2017-12-25,249,1,24.39,Potential Loyalists
cust_011540,2016-02-09,934,1,24.37,Hibernating / Lost
cust_003879,2016-12-15,624,1,24.37,Hibernating / Lost
cust_017297,2016-05-14,839,1,24.35,At Risk (was frequent)
cust_010891,2017-11-30,274,1,24.35,Potential Loyalists
cust_008942,2017-08-06,390,1,24.35,Hibernating / Lost
cust_011657,2017-09-13,352,1,24.34,Hibernating / Lost
cust_013009,2016-06-11,811,1,24.34,Hibernating / Lost
cust_005954,2016-11-22,647,1,24.33,Hibernating / Lost
cust_001518,2016-12-19,620,1,24.32,Hibernating / Lost
cust_015832,2017-10-31,304,1,24.29,Loyal Customers
cust_001311,2016-01-22,952,1,24.29,Hibernating / Lost
cust_016717,2016-07-21,771,1,24.28,At Risk (was frequent)
cust_001984,2017-12-02,272,1,24.27,Potential Loyalists
cust_011384,2017-04-08,510,1,24.26,Hibernating / Lost
cust_005597,2017-11-30,274,1,24.26,Potential Loyalists
cust_006286,2017-07-31,396,1,24.25,Hibernating / Lost
cust_002090,2017-12-05,269,1,24.24,Potential Loyalists
cust_017595,2017-07-04,423,1,24.24,At Risk (was frequent)
cust_005471,2016-06-28,794,1,24.23,Hibernating / Lost
cust_010100,2016-11-29,640,1,24.22,Hibernating / Lost
cust_009352,2017-04-23,495,1,24.22,Hibernating / Lost
cust_004577,2016-01-26,948,1,24.2,Hibernating / Lost
cust_015270,2017-06-24,433,1,24.2,At Risk (was frequent)
cust_016730,2017-06-30,427,1,24.2,At Risk (was frequent)
cust_006193,2017-02-19,558,1,24.18,Hibernating / Lost
cust_015607,2017-11-17,287,1,24.17,Loyal Customers
cust_016343,2017-10-13,322,1,24.17,Loyal Customers
cust_016837,2017-09-02,363,1,24.15,At Risk (was frequent)
cust_009722,2016-09-15,715,1,24.15,Hibernating / Lost
cust_018820,2017-10-26,309,1,24.15,Loyal Customers
cust_016039,2018-02-14,198,1,24.14,Loyal Customers
cust_018046,2016-10-17,683,1,24.14,At Risk (was frequent)
cust_003735,2017-03-09,540,1,24.13,Hibernating / Lost
cust_003944,2016-08-12,749,1,24.12,Hibernating / Lost
cust_018505,2016-12-11,628,1,24.11,At Risk (was frequent)
cust_015036,2017-12-01,273,1,24.11,Loyal Customers
cust_002903,2017-12-11,263,1,24.09,Potential Loyalists
cust_002638,2016-02-25,918,1,24.09,Hibernating / Lost
cust_011792,2017-06-04,453,1,24.09,Hibernating / Lost
cust_011620,2017-12-28,246,1,24.09,Potential Loyalists
cust_000984,2016-04-07,876,1,24.08,Hibernating / Lost
cust_013407,2018-02-05,207,1,24.08,Potential Loyalists
cust_009717,2016-07-16,776,1,24.07,Hibernating / Lost
cust_016678,2017-05-24,464,1,24.07,At Risk (was frequent)
cust_018466,2016-11-04,665,1,24.06,At Risk (was frequent)
cust_010599,2016-02-13,930,1,24.04,Hibernating / Lost
cust_008933,2016-07-08,784,1,24.04,Hibernating / Lost
cust_009579,2017-11-18,286,1,24.04,Potential Loyalists
cust_018875,2017-12-01,273,1,24.01,Loyal Customers
cust_002541,2017-06-20,437,1,24.01,Hibernating / Lost
cust_008492,2016-11-09,660,1,23.98,Hibernating / Lost
cust_009850,2016-04-19,864,1,23.97,Hibernating / Lost
cust_001211,2017-10-05,330,1,23.97,Potential Loyalists
cust_010115,2016-04-09,874,1,23.97,Hibernating / Lost
cust_005780,2017-06-30,427,1,23.96,Hibernating / Lost
cust_012197,2017-09-03,362,1,23.96,Hibernating / Lost
cust_000080,2016-08-30,731,1,23.94,Hibernating / Lost
cust_004824,2018-02-01,211,1,23.93,Potential Loyalists
cust_005467,2016-05-24,829,1,23.92,Hibernating / Lost
cust_007514,2016-10-16,684,1,23.92,Hibernating / Lost
cust_001647,2018-01-26,217,1,23.92,Potential Loyalists
cust_007646,2016-06-12,810,1,23.91,Hibernating / Lost
cust_011289,2018-01-23,220,1,23.9,Potential Loyalists
cust_001028,2017-11-27,277,1,23.88,Potential Loyalists
cust_018931,2017-07-24,403,1,23.87,At Risk (was frequent)
cust_018853,2016-03-20,894,1,23.86,At Risk (was frequent)
cust_001565,2016-04-22,861,1,23.86,Hibernating / Lost
cust_000555,2017-09-03,362,1,23.86,Hibernating / Lost
cust_014420,2016-02-22,921,1,23.84,At Risk (was frequent)
cust_017922,2017-09-26,339,1,23.84,Loyal Customers
cust_008596,2016-11-14,655,1,23.84,Hibernating / Lost
cust_013290,2016-12-24,615,1,23.83,Hibernating / Lost
cust_005118,2017-12-22,252,1,23.83,Potential Loyalists
cust_017214,2017-10-24,311,1,23.82,Loyal Customers
cust_017416,2017-06-25,432,1,23.82,At Risk (was frequent)
cust_004921,2017-01-31,577,1,23.82,Hibernating / Lost
cust_013431,2017-12-28,246,1,23.8,Potential Loyalists
cust_007742,2016-03-21,893,1,23.79,Hibernating / Lost
cust_016636,2017-11-02,302,1,23.78,Loyal Customers
cust_001843,2017-11-30,274,1,23.78,Potential Loyalists
cust_001219,2017-10-06,329,1,23.77,Potential Loyalists
cust_001276,2017-10-16,319,1,23.76,Potential Loyalists
cust_008301,2017-11-29,275,1,23.75,Potential Loyalists
cust_013145,2017-09-03,362,1,23.75,Hibernating / Lost
cust_002819,2016-11-17,652,1,23.75,Hibernating / Lost
cust_013812,2017-10-04,331,1,23.73,Potential Loyalists
cust_009461,2017-02-24,553,1,23.73,Hibernating / Lost
cust_001322,2017-08-09,387,1,23.72,Hibernating / Lost
cust_015239,2017-05-04,484,1,23.71,At Risk (was frequent)
cust_017505,2016-07-05,787,1,23.71,At Risk (was frequent)
cust_011190,2017-10-29,306,1,23.71,Potential Loyalists
cust_013298,2017-06-01,456,1,23.7,Hibernating / Lost
cust_015628,2016-07-29,763,1,23.69,At Risk (was frequent)
cust_016846,2017-07-06,421,1,23.69,At Risk (was frequent)
cust_011843,2017-06-24,433,1,23.68,Hibernating / Lost
cust_008768,2016-06-26,796,1,23.68,Hibernating / Lost
cust_010521,2016-12-02,637,1,23.68,Hibernating / Lost
cust_000897,2017-06-18,439,1,23.67,Hibernating / Lost
cust_001925,2016-10-05,695,1,23.64,Hibernating / Lost
cust_004452,2017-06-03,454,1,23.64,Hibernating / Lost
cust_004549,2017-12-20,254,1,23.64,Potential Loyalists
cust_015135,2017-08-14,382,1,23.64,At Risk (was frequent)
cust_004821,2017-11-08,296,1,23.63,Potential Loyalists
cust_015492,2016-11-21,648,1,23.63,At Risk (was frequent)
cust_010333,2017-12-19,255,1,23.63,Potential Loyalists
cust_009343,2017-02-10,567,1,23.62,Hibernating / Lost
cust_016242,2016-07-16,776,1,23.61,At Risk (was frequent)
cust_002703,2016-06-27,795,1,23.61,Hibernating / Lost
cust_006556,2016-03-02,912,1,23.6,Hibernating / Lost
cust_014552,2017-06-11,446,1,23.59,At Risk (was frequent)
cust_012251,2016-06-05,817,1,23.59,Hibernating / Lost
cust_011388,2018-01-22,221,1,23.58,Potential Loyalists
cust_012894,2017-08-27,369,1,23.57,Hibernating / Lost
cust_002633,2016-03-30,884,1,23.57,Hibernating / Lost
cust_004866,2016-11-14,655,1,23.54,Hibernating / Lost
cust_013707,2016-12-15,624,1,23.54,Hibernating / Lost
cust_010485,2017-06-07,450,1,23.54,Hibernating / Lost
cust_010158,2017-12-17,257,1,23.53,Potential Loyalists
cust_015646,2018-01-18,225,1,23.53,Loyal Customers
cust_001169,2017-11-15,289,1,23.53,Potential Loyalists
cust_010271,2017-05-03,485,1,23.5,Hibernating / Lost
cust_014386,2016-01-24,950,1,23.49,At Risk (was frequent)
cust_014726,2017-01-08,600,1,23.47,At Risk (was frequent)
cust_002775,2016-11-01,668,1,23.46,Hibernating / Lost
cust_015010,2016-05-25,828,1,23.46,At Risk (was frequent)
cust_005871,2017-05-20,468,1,23.45,Hibernating / Lost
cust_004650,2017-06-08,449,1,23.43,Hibernating / Lost
cust_018510,2018-01-23,220,1,23.42,Loyal Customers
cust_000016,2017-11-06,298,1,23.41,Potential Loyalists
cust_009015,2016-09-06,724,1,23.41,Hibernating / Lost
cust_009039,2017-09-23,342,1,23.39,Hibernating / Lost
cust_014194,2017-08-24,372,1,23.39,At Risk (was frequent)
cust_006287,2016-11-05,664,1,23.36,Hibernating / Lost
cust_014717,2018-01-03,240,1,23.36,Loyal Customers
cust_007489,2017-08-17,379,1,23.36,Hibernating / Lost
cust_015038,2017-08-03,393,1,23.36,At Risk (was frequent)
cust_000006,2017-04-21,497,1,23.36,Hibernating / Lost
cust_003305,2016-07-28,764,1,23.31,Hibernating / Lost
cust_007537,2016-02-16,927,1,23.31,Hibernating / Lost
cust_005491,2017-12-29,245,1,23.3,Potential Loyalists
cust_012280,2016-11-17,652,1,23.29,Hibernating / Lost
cust_014138,2016-12-27,612,1,23.29,At Risk (was frequent)
cust_002133,2018-01-13,230,1,23.29,Potential Loyalists
cust_007067,2016-11-25,644,1,23.29,Hibernating / Lost
cust_016581,2017-09-28,337,1,23.28,Loyal Customers
cust_002408,2016-06-06,816,1,23.28,Hibernating / Lost
cust_012540,2017-10-29,306,1,23.27,Potential Loyalists
cust_014956,2017-10-16,319,1,23.27,Loyal Customers
cust_002858,2017-04-13,505,1,23.25,Hibernating / Lost
cust_008290,2018-01-22,221,1,23.24,Potential Loyalists
cust_006812,2017-07-28,399,1,23.23,Hibernating / Lost
cust_004940,2017-05-18,470,1,23.23,Hibernating / Lost
cust_013987,2016-09-06,724,1,23.23,Hibernating / Lost
cust_009758,2016-04-26,857,1,23.22,Hibernating / Lost
cust_018396,2018-02-24,188,1,23.2,Loyal Customers
cust_013885,2017-09-14,351,1,23.19,Hibernating / Lost
cust_003158,2017-01-30,578,1,23.18,Hibernating / Lost
cust_016569,2017-10-17,318,1,23.15,Loyal Customers
cust_018197,2016-05-31,822,1,23.15,At Risk (was frequent)
cust_010017,2017-11-28,276,1,23.14,Potential Loyalists
cust_015788,2016-02-12,931,1,23.13,At Risk (was frequent)
cust_007116,2017-09-04,361,1,23.13,Hibernating / Lost
cust_017209,2017-11-06,298,1,23.12,Loyal Customers
cust_003014,2017-05-02,486,1,23.12,Hibernating / Lost
cust_006421,2017-11-23,281,1,23.1,Potential Loyalists
cust_009089,2016-10-16,684,1,23.1,Hibernating / Lost
cust_008779,2016-09-23,707,1,23.08,Hibernating / Lost
cust_010015,2017-10-28,307,1,23.06,Potential Loyalists
cust_011525,2017-04-13,505,1,23.06,Hibernating / Lost
cust_009063,2018-02-02,210,1,23.06,Potential Loyalists
cust_000796,2017-04-01,517,1,23.03,Hibernating / Lost
cust_009689,2016-11-20,649,1,23.03,Hibernating / Lost
cust_011360,2016-08-01,760,1,23.0,Hibernating / Lost
cust_013356,2017-05-01,487,1,23.0,Hibernating / Lost
cust_015527,2016-06-12,810,1,22.99,At Risk (was frequent)
cust_008955,2016-06-02,820,1,22.97,Hibernating / Lost
cust_018623,2016-10-19,681,1,22.96,At Risk (was frequent)
cust_005077,2016-06-27,795,1,22.96,Hibernating / Lost
cust_017220,2018-01-26,217,1,22.95,Loyal Customers
cust_011196,2017-10-11,324,1,22.94,Potential Loyalists
cust_000258,2016-01-09,965,1,22.93,Hibernating / Lost
cust_013576,2016-10-20,680,1,22.93,Hibernating / Lost
cust_003917,2016-12-16,623,1,22.92,Hibernating / Lost
cust_016068,2017-03-28,521,1,22.92,At Risk (was frequent)
cust_010676,2016-02-26,917,1,22.92,Hibernating / Lost
cust_015598,2016-12-16,623,1,22.9,At Risk (was frequent)
cust_002166,2017-09-12,353,1,22.9,Hibernating / Lost
cust_008446,2017-07-21,406,1,22.9,Hibernating / Lost
cust_007754,2017-11-05,299,1,22.89,Potential Loyalists
cust_017564,2017-07-01,426,1,22.88,At Risk (was frequent)
cust_014909,2016-11-23,646,1,22.87,At Risk (was frequent)
cust_015714,2016-04-27,856,1,22.87,At Risk (was frequent)
cust_015453,2017-01-17,591,1,22.86,At Risk (was frequent)
cust_002705,2018-02-28,184,1,22.86,Potential Loyalists
cust_004187,2017-09-27,338,1,22.84,Potential Loyalists
cust_013358,2017-08-28,368,1,22.82,Hibernating / Lost
cust_009984,2017-09-08,357,1,22.81,Hibernating / Lost
cust_014128,2016-10-01,699,1,22.81,At Risk (was frequent)
cust_014538,2016-12-17,622,1,22.8,At Risk (was frequent)
cust_017635,2016-10-15,685,1,22.8,At Risk (was frequent)
cust_004709,2017-11-17,287,1,22.79,Potential Loyalists
cust_002396,2016-06-07,815,1,22.75,Hibernating / Lost
cust_001157,2017-05-05,483,1,22.73,Hibernating / Lost
cust_013803,2017-12-24,250,1,22.72,Potential Loyalists
cust_009104,2017-08-15,381,1,22.72,Hibernating / Lost
cust_009244,2016-02-25,918,1,22.72,Hibernating / Lost
cust_007377,2016-02-26,917,1,22.71,Hibernating / Lost
cust_014868,2017-04-15,503,1,22.69,At Risk (was frequent)
cust_016241,2016-06-24,798,1,22.67,At Risk (was frequent)
cust_013758,2018-02-07,205,1,22.66,Potential Loyalists
cust_002846,2017-11-15,289,1,22.66,Potential Loyalists
cust_006813,2017-05-28,460,1,22.65,Hibernating / Lost
cust_016087,2017-11-13,291,1,22.65,Loyal Customers
cust_014534,2017-02-03,574,1,22.64,At Risk (was frequent)
cust_000183,2016-04-09,874,1,22.63,Hibernating / Lost
cust_000352,2018-02-28,184,1,22.63,Potential Loyalists
cust_014032,2016-08-25,736,1,22.63,At Risk (was frequent)
cust_002898,2017-08-07,389,1,22.63,Hibernating / Lost
cust_012884,2017-02-04,573,1,22.63,Hibernating / Lost
cust_001607,2016-12-10,629,1,22.62,Hibernating / Lost
cust_014329,2017-04-14,504,1,22.61,At Risk (was frequent)
cust_002886,2016-09-03,727,1,22.61,Hibernating / Lost
cust_002361,2016-12-26,613,1,22.61,Hibernating / Lost
cust_016810,2016-03-29,885,1,22.6,At Risk (was frequent)
cust_009128,2016-07-11,781,1,22.6,Hibernating / Lost
cust_018547,2017-04-14,504,1,22.6,At Risk (was frequent)
cust_010079,2017-09-26,339,1,22.59,Hibernating / Lost
cust_011477,2017-12-05,269,1,22.57,Potential Loyalists
cust_011466,2018-01-29,214,1,22.56,Potential Loyalists
cust_003165,2017-06-10,447,1,22.56,Hibernating / Lost
cust_000676,2016-12-20,619,1,22.55,Hibernating / Lost
cust_002696,2017-07-15,412,1,22.53,Hibernating / Lost
cust_002967,2017-09-25,340,1,22.51,Hibernating / Lost
cust_007590,2018-02-15,197,1,22.51,Potential Loyalists
cust_012909,2017-09-04,361,1,22.5,Hibernating / Lost
cust_010040,2017-08-09,387,1,22.5,Hibernating / Lost
cust_007478,2016-08-06,755,1,22.5,Hibernating / Lost
cust_011186,2016-01-06,968,1,22.48,Hibernating / Lost
cust_004381,2016-06-25,797,1,22.48,Hibernating / Lost
cust_008034,2016-09-21,709,1,22.48,Hibernating / Lost
cust_013569,2017-12-05,269,1,22.48,Potential Loyalists
cust_003874,2017-07-27,400,1,22.47,Hibernating / Lost
cust_004394,2018-01-24,219,1,22.47,Potential Loyalists
cust_001610,2017-09-02,363,1,22.47,Hibernating / Lost
cust_010852,2017-08-08,388,1,22.47,Hibernating / Lost
cust_012069,2017-04-29,489,1,22.45,Hibernating / Lost
cust_003318,2017-08-24,372,1,22.44,Hibernating / Lost
cust_008523,2016-02-06,937,1,22.44,Hibernating / Lost
cust_009667,2016-07-01,791,1,22.43,Hibernating / Lost
cust_009409,2017-05-03,485,1,22.41,Hibernating / Lost
cust_011054,2018-01-26,217,1,22.4,Potential Loyalists
cust_012655,2017-10-19,316,1,22.4,Potential Loyalists
cust_014928,2016-05-23,830,1,22.38,At Risk (was frequent)
cust_016819,2017-04-15,503,1,22.36,At Risk (was frequent)
cust_012850,2016-11-30,639,1,22.36,Hibernating / Lost
cust_005130,2017-08-19,377,1,22.35,Hibernating / Lost
cust_008271,2017-06-01,456,1,22.35,Hibernating / Lost
cust_018491,2017-08-21,375,1,22.35,At Risk (was frequent)
cust_005092,2017-11-14,290,1,22.35,Potential Loyalists
cust_005294,2017-05-03,485,1,22.34,Hibernating / Lost
cust_002972,2016-11-30,639,1,22.33,Hibernating / Lost
cust_014539,2017-04-02,516,1,22.33,At Risk (was frequent)
cust_018164,2017-04-18,500,1,22.32,At Risk (was frequent)
cust_015347,2016-11-24,645,1,22.31,At Risk (was frequent)
cust_007168,2017-11-21,283,1,22.31,Potential Loyalists
cust_016786,2018-02-09,203,1,22.3,Loyal Customers
cust_018295,2016-03-17,897,1,22.29,At Risk (was frequent)
cust_009938,2017-11-23,281,1,22.29,Potential Loyalists
cust_005427,2016-06-23,799,1,22.29,Hibernating / Lost
cust_004402,2018-01-31,212,1,22.28,Potential Loyalists
cust_004575,2016-09-14,716,1,22.28,Hibernating / Lost
cust_009909,2017-09-10,355,1,22.28,Hibernating / Lost
cust_000368,2017-02-15,562,1,22.27,Hibernating / Lost
cust_010068,2017-02-07,570,1,22.27,Hibernating / Lost
cust_011262,2017-01-16,592,1,22.26,Hibernating / Lost
cust_001961,2016-11-29,640,1,22.26,Hibernating / Lost
cust_004235,2017-08-04,392,1,22.24,Hibernating / Lost
cust_001553,2017-12-07,267,1,22.23,Potential Loyalists
cust_000947,2017-08-11,385,1,22.23,Hibernating / Lost
cust_010509,2016-06-21,801,1,22.22,Hibernating / Lost
cust_016788,2017-11-16,288,1,22.22,Loyal Customers
cust_005511,2017-11-15,289,1,22.22,Potential Loyalists
cust_007640,2017-03-24,525,1,22.2,Hibernating / Lost
cust_007604,2017-03-21,528,1,22.19,Hibernating / Lost
cust_008448,2016-04-21,862,1,22.19,Hibernating / Lost
cust_015591,2018-02-12,200,1,22.17,Loyal Customers
cust_016465,2017-02-06,571,1,22.16,At Risk (was frequent)
cust_014908,2016-10-14,686,1,22.15,At Risk (was frequent)
cust_004765,2016-12-22,617,1,22.14,Hibernating / Lost
cust_018618,2016-10-20,680,1,22.12,At Risk (was frequent)
cust_010290,2017-04-17,501,1,22.11,Hibernating / Lost
cust_012348,2016-07-06,786,1,22.1,Hibernating / Lost
cust_016404,2016-10-09,691,1,22.09,At Risk (was frequent)
cust_016362,2017-08-11,385,1,22.09,At Risk (was frequent)
cust_003693,2016-07-18,774,1,22.08,Hibernating / Lost
cust_016580,2018-01-29,214,1,22.07,Loyal Customers
cust_007905,2018-02-15,197,1,22.05,Potential Loyalists
cust_004560,2018-02-13,199,1,22.05,Potential Loyalists
cust_001317,2017-12-22,252,1,22.05,Potential Loyalists
cust_009407,2016-02-15,928,1,22.04,Hibernating / Lost
cust_015659,2017-02-10,567,1,22.04,At Risk (was frequent)
cust_008484,2016-11-15,654,1,22.03,Hibernating / Lost
cust_005068,2016-08-18,743,1,22.03,Hibernating / Lost
cust_017850,2016-07-10,782,1,22.03,At Risk (was frequent)
cust_011365,2016-03-31,883,1,22.02,Hibernating / Lost
cust_012055,2016-03-22,892,1,22.01,Hibernating / Lost
cust_007775,2018-03-03,181,1,22.01,Potential Loyalists
cust_000407,2017-05-10,478,1,22.0,Hibernating / Lost
cust_014940,2016-04-24,859,1,21.99,At Risk (was frequent)
cust_011177,2017-11-27,277,1,21.99,Potential Loyalists
cust_017466,2016-06-09,813,1,21.97,At Risk (was frequent)
cust_017425,2018-01-19,224,1,21.97,Loyal Customers
cust_018927,2017-09-02,363,1,21.94,At Risk (was frequent)
cust_011834,2016-02-27,916,1,21.92,Hibernating / Lost
cust_001204,2016-05-06,847,1,21.92,Hibernating / Lost
cust_000708,2016-05-29,824,1,21.91,Hibernating / Lost
cust_014551,2017-06-20,437,1,21.9,At Risk (was frequent)
cust_007718,2017-01-29,579,1,21.89,Hibernating / Lost
cust_006685,2016-10-04,696,1,21.89,Hibernating / Lost
cust_013504,2016-12-11,628,1,21.89,Hibernating / Lost
cust_016252,2017-01-30,578,1,21.88,At Risk (was frequent)
cust_008431,2016-02-08,935,1,21.86,Hibernating / Lost
cust_006420,2017-06-13,444,1,21.85,Hibernating / Lost
cust_003431,2017-04-28,490,1,21.85,Hibernating / Lost
cust_017963,2016-06-03,819,1,21.84,At Risk (was frequent)
cust_001666,2016-04-30,853,1,21.83,Hibernating / Lost
cust_010512,2016-04-17,866,1,21.83,Hibernating / Lost
cust_011613,2017-02-12,565,1,21.82,Hibernating / Lost
cust_000057,2017-12-29,245,1,21.82,Potential Loyalists
cust_005935,2017-03-25,524,1,21.81,Hibernating / Lost
cust_009784,2017-03-25,524,1,21.8,Hibernating / Lost
cust_014261,2017-06-10,447,1,21.79,At Risk (was frequent)
cust_012622,2016-02-28,915,1,21.78,Hibernating / Lost
cust_008210,2018-01-28,215,1,21.78,Potential Loyalists
cust_012077,2016-04-22,861,1,21.77,Hibernating / Lost
cust_004721,2017-03-28,521,1,21.75,Hibernating / Lost
cust_002281,2017-01-29,579,1,21.74,Hibernating / Lost
cust_000365,2017-02-06,571,1,21.74,Hibernating / Lost
cust_009346,2016-06-25,797,1,21.74,Hibernating / Lost
cust_008971,2016-11-10,659,1,21.73,Hibernating / Lost
cust_013475,2017-05-23,465,1,21.73,Hibernating / Lost
cust_016451,2016-09-05,725,1,21.72,At Risk (was frequent)
cust_007300,2017-06-21,436,1,21.71,Hibernating / Lost
cust_012057,2017-07-23,404,1,21.71,Hibernating / Lost
cust_004894,2016-09-02,728,1,21.7,Hibernating / Lost
cust_016591,2017-02-03,574,1,21.69,At Risk (was frequent)
cust_017269,2017-03-16,533,1,21.68,At Risk (was frequent)
cust_018218,2016-08-16,745,1,21.68,At Risk (was frequent)
cust_018203,2018-01-16,227,1,21.66,Loyal Customers
cust_009502,2016-03-03,911,1,21.66,Hibernating / Lost
cust_010706,2017-08-16,380,1,21.66,Hibernating / Lost
cust_013192,2017-07-18,409,1,21.66,Hibernating / Lost
cust_003771,2016-02-14,929,1,21.65,Hibernating / Lost
cust_008546,2017-03-20,529,1,21.65,Hibernating / Lost
cust_017061,2016-10-18,682,1,21.64,At Risk (was frequent)
cust_016906,2017-03-07,542,1,21.63,At Risk (was frequent)
cust_014642,2016-11-07,662,1,21.63,At Risk (was frequent)
cust_011997,2017-05-19,469,1,21.62,Hibernating / Lost
cust_007010,2016-04-05,878,1,21.62,Hibernating / Lost
cust_003272,2017-04-25,493,1,21.6,Hibernating / Lost
cust_012089,2017-08-28,368,1,21.6,Hibernating / Lost
cust_007793,2018-01-16,227,1,21.59,Potential Loyalists
cust_010280,2017-12-22,252,1,21.58,Potential Loyalists
cust_011158,2016-09-14,716,1,21.58,Hibernating / Lost
cust_003335,2016-11-02,667,1,21.58,Hibernating / Lost
cust_008072,2016-05-09,844,1,21.57,Hibernating / Lost
cust_013441,2017-08-31,365,1,21.56,Hibernating / Lost
cust_015540,2016-11-15,654,1,21.56,At Risk (was frequent)
cust_006620,2017-04-29,489,1,21.56,Hibernating / Lost
cust_000539,2017-12-24,250,1,21.56,Potential Loyalists
cust_018127,2017-08-07,389,1,21.55,At Risk (was frequent)
cust_015092,2016-02-08,935,1,21.54,At Risk (was frequent)
cust_005492,2017-12-23,251,1,21.54,Potential Loyalists
cust_013922,2016-09-09,721,1,21.53,Hibernating / Lost
cust_013531,2017-09-12,353,1,21.53,Hibernating / Lost
cust_009387,2017-05-08,480,1,21.53,Hibernating / Lost
cust_017728,2017-05-27,461,1,21.51,At Risk (was frequent)
cust_012004,2017-03-09,540,1,21.51,Hibernating / Lost
cust_014307,2017-06-17,440,1,21.51,At Risk (was frequent)
cust_010248,2017-07-20,407,1,21.5,Hibernating / Lost
cust_012593,2017-09-06,359,1,21.5,Hibernating / Lost
cust_013110,2017-01-12,596,1,21.49,Hibernating / Lost
cust_001125,2016-11-28,641,1,21.49,Hibernating / Lost
cust_008711,2016-05-17,836,1,21.47,Hibernating / Lost
cust_004970,2017-11-15,289,1,21.46,Potential Loyalists
cust_008132,2018-02-11,201,1,21.46,Potential Loyalists
cust_017397,2017-05-10,478,1,21.46,At Risk (was frequent)
cust_006068,2017-05-23,465,1,21.46,Hibernating / Lost
cust_008676,2016-09-03,727,1,21.45,Hibernating / Lost
cust_009705,2017-07-22,405,1,21.44,Hibernating / Lost
cust_003713,2017-11-26,278,1,21.44,Potential Loyalists
cust_004614,2017-09-01,364,1,21.43,Hibernating / Lost
cust_000045,2017-09-04,361,1,21.42,Hibernating / Lost
cust_000401,2016-03-20,894,1,21.42,Hibernating / Lost
cust_015835,2016-12-08,631,1,21.4,At Risk (was frequent)
cust_011448,2016-07-21,771,1,21.4,Hibernating / Lost
cust_007391,2016-04-18,865,1,21.39,Hibernating / Lost
cust_006166,2016-04-10,873,1,21.39,Hibernating / Lost
cust_009535,2017-04-02,516,1,21.37,Hibernating / Lost
cust_005857,2017-03-29,520,1,21.36,Hibernating / Lost
cust_005455,2016-01-04,970,1,21.35,Hibernating / Lost
cust_003548,2016-09-30,700,1,21.34,Hibernating / Lost
cust_007946,2017-12-12,262,1,21.34,Potential Loyalists
cust_018858,2018-01-21,222,1,21.33,Loyal Customers
cust_000615,2017-11-01,303,1,21.31,Potential Loyalists
cust_005066,2016-01-31,943,1,21.29,Hibernating / Lost
cust_001307,2016-11-14,655,1,21.29,Hibernating / Lost
cust_008182,2016-08-13,748,1,21.29,Hibernating / Lost
cust_009517,2016-03-03,911,1,21.28,Hibernating / Lost
cust_009857,2016-06-06,816,1,21.28,Hibernating / Lost
cust_018323,2016-07-05,787,1,21.27,At Risk (was frequent)
cust_015787,2017-01-05,603,1,21.27,At Risk (was frequent)
cust_012966,2016-06-18,804,1,21.27,Hibernating / Lost
cust_018821,2017-08-06,390,1,21.27,At Risk (was frequent)
cust_009186,2017-09-08,357,1,21.24,Hibernating / Lost
cust_018603,2016-02-28,915,1,21.24,At Risk (was frequent)
cust_013520,2016-11-16,653,1,21.24,Hibernating / Lost
cust_014373,2016-02-21,922,1,21.22,At Risk (was frequent)
cust_005451,2017-11-30,274,1,21.21,Potential Loyalists
cust_008785,2016-02-11,932,1,21.21,Hibernating / Lost
cust_005913,2017-11-26,278,1,21.2,Potential Loyalists
cust_003125,2016-06-19,803,1,21.2,Hibernating / Lost
cust_004356,2017-11-24,280,1,21.19,Potential Loyalists
cust_014508,2018-02-17,195,1,21.17,Loyal Customers
cust_017121,2016-07-09,783,1,21.17,At Risk (was frequent)
cust_008326,2017-07-23,404,1,21.17,Hibernating / Lost
cust_004658,2017-07-30,397,1,21.16,Hibernating / Lost
cust_004340,2016-10-15,685,1,21.16,Hibernating / Lost
cust_015763,2016-07-08,784,1,21.15,At Risk (was frequent)
cust_000999,2016-11-08,661,1,21.15,Hibernating / Lost
cust_009527,2016-03-31,883,1,21.13,Hibernating / Lost
cust_014897,2017-04-08,510,1,21.13,At Risk (was frequent)
cust_012960,2017-04-25,493,1,21.11,Hibernating / Lost
cust_007047,2017-12-10,264,1,21.11,Potential Loyalists
cust_014694,2017-06-25,432,1,21.11,At Risk (was frequent)
cust_012913,2017-09-21,344,1,21.11,Hibernating / Lost
cust_017854,2016-06-09,813,1,21.1,At Risk (was frequent)
cust_016377,2016-06-15,807,1,21.09,At Risk (was frequent)
cust_012490,2018-02-10,202,1,21.09,Potential Loyalists
cust_016363,2016-12-24,615,1,21.07,At Risk (was frequent)
cust_009924,2016-06-04,818,1,21.07,Hibernating / Lost
cust_010582,2017-10-30,305,1,21.06,Potential Loyalists
cust_006314,2016-10-17,683,1,21.06,Hibernating / Lost
cust_007762,2017-12-01,273,1,21.05,Potential Loyalists
cust_001391,2017-04-22,496,1,21.04,Hibernating / Lost
cust_018850,2017-12-18,256,1,21.04,Loyal Customers
cust_017342,2017-12-14,260,1,21.03,Loyal Customers
cust_003543,2017-05-19,469,1,21.03,Hibernating / Lost
cust_005187,2017-08-27,369,1,21.03,Hibernating / Lost
cust_008541,2017-04-07,511,1,21.02,Hibernating / Lost
cust_007476,2017-12-31,243,1,21.01,Potential Loyalists
cust_007687,2016-02-07,936,1,21.0,Hibernating / Lost
cust_005560,2016-04-27,856,1,21.0,Hibernating / Lost
cust_013231,2016-03-03,911,1,20.99,Hibernating / Lost
cust_018025,2016-11-08,661,1,20.98,At Risk (was frequent)
cust_018038,2017-09-08,357,1,20.98,At Risk (was frequent)
cust_000027,2016-08-09,752,1,20.98,Hibernating / Lost
cust_018109,2017-11-30,274,1,20.96,Loyal Customers
cust_015056,2016-03-12,902,1,20.96,At Risk (was frequent)
cust_013575,2016-11-14,655,1,20.95,Hibernating / Lost
cust_002196,2017-10-14,321,1,20.95,Potential Loyalists
cust_003779,2018-01-17,226,1,20.95,Potential Loyalists
cust_012885,2017-11-25,279,1,20.94,Potential Loyalists
cust_011578,2017-12-22,252,1,20.93,Potential Loyalists
cust_015730,2017-07-13,414,1,20.93,At Risk (was frequent)
cust_007345,2016-03-26,888,1,20.93,Hibernating / Lost
cust_004831,2017-02-12,565,1,20.92,Hibernating / Lost
cust_008588,2017-04-26,492,1,20.92,Hibernating / Lost
cust_006414,2016-06-02,820,1,20.92,Hibernating / Lost
cust_016864,2016-10-09,691,1,20.91,At Risk (was frequent)
cust_014272,2017-02-10,567,1,20.91,At Risk (was frequent)
cust_014396,2018-01-30,213,1,20.9,Loyal Customers
cust_013184,2016-02-07,936,1,20.9,Hibernating / Lost
cust_015138,2017-09-15,350,1,20.89,At Risk (was frequent)
cust_018718,2017-12-06,268,1,20.89,Loyal Customers
cust_014338,2018-02-19,193,1,20.87,Loyal Customers
cust_009283,2017-10-28,307,1,20.87,Potential Loyalists
cust_004068,2017-06-05,452,1,20.86,Hibernating / Lost
cust_000404,2016-05-26,827,1,20.86,Hibernating / Lost
cust_013705,2017-07-28,399,1,20.84,Hibernating / Lost
cust_017314,2017-05-04,484,1,20.84,At Risk (was frequent)
cust_003470,2016-08-05,756,1,20.83,Hibernating / Lost
cust_001946,2017-09-25,340,1,20.83,Hibernating / Lost
cust_005433,2017-10-09,326,1,20.82,Potential Loyalists
cust_016650,2016-11-21,648,1,20.82,At Risk (was frequent)
cust_003899,2017-01-29,579,1,20.82,Hibernating / Lost
cust_003401,2017-11-12,292,1,20.81,Potential Loyalists
cust_012219,2017-08-04,392,1,20.8,Hibernating / Lost
cust_002002,2017-09-17,348,1,20.8,Hibernating / Lost
cust_016428,2017-11-12,292,1,20.8,Loyal Customers
cust_016848,2016-11-05,664,1,20.8,At Risk (was frequent)
cust_005064,2016-11-10,659,1,20.77,Hibernating / Lost
cust_018856,2017-11-16,288,1,20.76,Loyal Customers
cust_006375,2018-01-13,230,1,20.76,Potential Loyalists
cust_017819,2016-02-19,924,1,20.75,At Risk (was frequent)
cust_001481,2016-11-09,660,1,20.74,Hibernating / Lost
cust_011612,2016-11-23,646,1,20.74,Hibernating / Lost
cust_008403,2016-04-18,865,1,20.74,Hibernating / Lost
cust_013663,2016-04-21,862,1,20.74,Hibernating / Lost
cust_012964,2017-05-14,474,1,20.73,Hibernating / Lost
cust_012732,2017-11-06,298,1,20.72,Potential Loyalists
cust_006518,2016-05-31,822,1,20.72,Hibernating / Lost
cust_006298,2018-01-09,234,1,20.71,Potential Loyalists
cust_003958,2016-10-03,697,1,20.68,Hibernating / Lost
cust_011044,2017-08-28,368,1,20.68,Hibernating / Lost
cust_013267,2017-11-01,303,1,20.67,Potential Loyalists
cust_015857,2016-06-10,812,1,20.67,At Risk (was frequent)
cust_007550,2018-02-25,187,1,20.66,Potential Loyalists
cust_007668,2016-09-30,700,1,20.64,Hibernating / Lost
cust_011947,2016-11-13,656,1,20.62,Hibernating / Lost
cust_008386,2017-08-31,365,1,20.61,Hibernating / Lost
cust_001619,2018-02-20,192,1,20.6,Potential Loyalists
cust_000351,2016-09-14,716,1,20.58,Hibernating / Lost
cust_014754,2017-11-25,279,1,20.58,Loyal Customers
cust_009573,2017-04-25,493,1,20.57,Hibernating / Lost
cust_010443,2017-12-22,252,1,20.55,Potential Loyalists
cust_013054,2018-01-07,236,1,20.54,Potential Loyalists
cust_007448,2018-01-08,235,1,20.53,Potential Loyalists
cust_013352,2016-01-16,958,1,20.53,Hibernating / Lost
cust_007854,2016-05-26,827,1,20.52,Hibernating / Lost
cust_011345,2017-04-19,499,1,20.52,Hibernating / Lost
cust_004915,2018-01-28,215,1,20.52,Potential Loyalists
cust_011633,2017-07-30,397,1,20.51,Hibernating / Lost
cust_015137,2016-01-21,953,1,20.5,At Risk (was frequent)
cust_004976,2016-07-01,791,1,20.48,Hibernating / Lost
cust_011179,2017-12-01,273,1,20.48,Potential Loyalists
cust_012744,2016-07-03,789,1,20.47,Hibernating / Lost
cust_016342,2017-08-24,372,1,20.46,At Risk (was frequent)
cust_014682,2017-09-23,342,1,20.44,At Risk (was frequent)
cust_013830,2017-06-30,427,1,20.43,Hibernating / Lost
cust_006784,2016-02-11,932,1,20.42,Hibernating / Lost
cust_017795,2017-02-06,571,1,20.42,At Risk (was frequent)
cust_003440,2016-04-26,857,1,20.41,Hibernating / Lost
cust_011770,2016-12-21,618,1,20.41,Hibernating / Lost
cust_006015,2016-05-19,834,1,20.41,Hibernating / Lost
cust_012931,2017-05-24,464,1,20.4,Hibernating / Lost
cust_012481,2016-12-01,638,1,20.39,Hibernating / Lost
cust_009795,2016-11-14,655,1,20.38,Hibernating / Lost
cust_004542,2017-12-06,268,1,20.38,Potential Loyalists
cust_016854,2016-03-02,912,1,20.35,At Risk (was frequent)
cust_016170,2018-02-22,190,1,20.35,Loyal Customers
cust_016234,2016-11-26,643,1,20.34,At Risk (was frequent)
cust_012195,2017-04-02,516,1,20.34,Hibernating / Lost
cust_000854,2017-02-16,561,1,20.34,Hibernating / Lost
cust_000373,2018-03-03,181,1,20.34,Potential Loyalists
cust_012374,2017-07-19,408,1,20.33,Hibernating / Lost
cust_017745,2016-03-25,889,1,20.33,At Risk (was frequent)
cust_003151,2016-07-11,781,1,20.33,Hibernating / Lost
cust_002041,2016-03-19,895,1,20.32,Hibernating / Lost
cust_000310,2017-03-04,545,1,20.32,Hibernating / Lost
cust_015505,2017-03-31,518,1,20.31,At Risk (was frequent)
cust_007279,2017-09-13,352,1,20.31,Hibernating / Lost
cust_003744,2017-12-04,270,1,20.31,Potential Loyalists
cust_015791,2016-08-26,735,1,20.31,At Risk (was frequent)
cust_008613,2017-01-10,598,1,20.3,Hibernating / Lost
cust_011279,2016-04-25,858,1,20.29,Hibernating / Lost
cust_012448,2016-04-29,854,1,20.28,Hibernating / Lost
cust_011630,2016-09-29,701,1,20.27,Hibernating / Lost
cust_017934,2017-12-13,261,1,20.26,Loyal Customers
cust_002955,2016-05-10,843,1,20.25,Hibernating / Lost
cust_012781,2016-06-24,798,1,20.24,Hibernating / Lost
cust_000078,2016-09-17,713,1,20.23,Hibernating / Lost
cust_014585,2017-03-05,544,1,20.23,At Risk (was frequent)
cust_003637,2018-01-09,234,1,20.23,Potential Loyalists
cust_009931,2017-04-14,504,1,20.22,Hibernating / Lost
cust_007158,2016-06-27,795,1,20.22,Hibernating / Lost
cust_003888,2016-05-29,824,1,20.21,Hibernating / Lost
cust_003105,2018-01-26,217,1,20.2,Potential Loyalists
cust_008079,2017-11-13,291,1,20.2,Potential Loyalists
cust_008190,2017-07-17,410,1,20.19,Hibernating / Lost
cust_015885,2017-11-22,282,1,20.16,Loyal Customers
cust_004471,2016-07-17,775,1,20.15,Hibernating / Lost
cust_013433,2017-08-27,369,1,20.15,Hibernating / Lost
cust_002861,2016-11-14,655,1,20.14,Hibernating / Lost
cust_011097,2016-03-27,887,1,20.12,Hibernating / Lost
cust_000550,2016-09-10,720,1,20.12,Hibernating / Lost
cust_012600,2016-08-13,748,1,20.11,Hibernating / Lost
cust_018973,2017-01-14,594,1,20.11,At Risk (was frequent)
cust_006621,2016-12-14,625,1,20.1,Hibernating / Lost
cust_013697,2018-03-02,182,1,20.09,Potential Loyalists
cust_013770,2016-08-03,758,1,20.08,Hibernating / Lost
cust_016811,2016-11-23,646,1,20.08,At Risk (was frequent)
cust_014535,2017-11-17,287,1,20.07,Loyal Customers
cust_017176,2017-04-15,503,1,20.05,At Risk (was frequent)
cust_006877,2016-03-19,895,1,20.05,Hibernating / Lost
cust_005518,2017-06-13,444,1,20.02,Hibernating / Lost
cust_000665,2016-10-30,670,1,20.01,Hibernating / Lost
cust_006492,2016-11-12,657,1,20.01,Hibernating / Lost
cust_012270,2016-11-24,645,1,20.0,Hibernating / Lost
cust_015444,2017-07-25,402,1,19.96,At Risk (was frequent)
cust_003801,2016-06-20,802,1,19.96,Hibernating / Lost
cust_010769,2016-09-03,727,1,19.95,Hibernating / Lost
cust_009893,2017-10-12,323,1,19.94,Potential Loyalists
cust_003276,2017-12-24,250,1,19.94,Potential Loyalists
cust_017809,2017-02-12,565,1,19.94,At Risk (was frequent)
cust_015376,2017-09-19,346,1,19.94,At Risk (was frequent)
cust_018155,2016-06-05,817,1,19.93,At Risk (was frequent)
cust_011052,2017-01-26,582,1,19.93,Hibernating / Lost
cust_014390,2017-09-03,362,1,19.92,At Risk (was frequent)
cust_018659,2017-08-29,367,1,19.92,At Risk (was frequent)
cust_007173,2017-04-12,506,1,19.92,Hibernating / Lost
cust_003507,2016-03-07,907,1,19.91,Hibernating / Lost
cust_000815,2016-12-14,625,1,19.91,Hibernating / Lost
cust_013138,2016-07-13,779,1,19.91,Hibernating / Lost
cust_016996,2016-12-29,610,1,19.91,At Risk (was frequent)
cust_000658,2017-04-02,516,1,19.91,Hibernating / Lost
cust_002352,2017-03-24,525,1,19.9,Hibernating / Lost
cust_002129,2016-12-01,638,1,19.88,Hibernating / Lost
cust_016450,2016-02-03,940,1,19.87,At Risk (was frequent)
cust_010249,2016-06-26,796,1,19.87,Hibernating / Lost
cust_007320,2016-10-15,685,1,19.86,Hibernating / Lost
cust_007234,2016-03-13,901,1,19.85,Hibernating / Lost
cust_010838,2017-11-12,292,1,19.84,Potential Loyalists
cust_008632,2017-05-10,478,1,19.83,Hibernating / Lost
cust_007327,2016-04-02,881,1,19.83,Hibernating / Lost
cust_005010,2016-01-19,955,1,19.83,Hibernating / Lost
cust_005859,2017-03-31,518,1,19.83,Hibernating / Lost
cust_012333,2016-07-10,782,1,19.81,Hibernating / Lost
cust_008668,2017-10-08,327,1,19.8,Potential Loyalists
cust_002097,2017-12-06,268,1,19.8,Potential Loyalists
cust_004358,2017-12-18,256,1,19.79,Potential Loyalists
cust_013245,2016-06-09,813,1,19.78,Hibernating / Lost
cust_015731,2016-03-11,903,1,19.77,At Risk (was frequent)
cust_009326,2016-11-26,643,1,19.77,Hibernating / Lost
cust_015250,2017-12-03,271,1,19.76,Loyal Customers
cust_016794,2017-06-08,449,1,19.75,At Risk (was frequent)
cust_005477,2017-03-31,518,1,19.74,Hibernating / Lost
cust_001138,2016-01-19,955,1,19.71,Hibernating / Lost
cust_016532,2016-11-03,666,1,19.71,At Risk (was frequent)
cust_006037,2018-01-27,216,1,19.71,Potential Loyalists
cust_014173,2016-11-20,649,1,19.7,At Risk (was frequent)
cust_002469,2017-08-15,381,1,19.7,Hibernating / Lost
cust_001983,2016-10-14,686,1,19.69,Hibernating / Lost
cust_014828,2017-10-23,312,1,19.69,Loyal Customers
cust_015064,2017-06-02,455,1,19.69,At Risk (was frequent)
cust_005306,2016-11-18,651,1,19.69,Hibernating / Lost
cust_017242,2017-04-07,511,1,19.65,At Risk (was frequent)
cust_018196,2017-12-03,271,1,19.65,Loyal Customers
cust_007257,2017-07-08,419,1,19.64,Hibernating / Lost
cust_000131,2017-09-13,352,1,19.64,Hibernating / Lost
cust_013929,2016-12-28,611,1,19.62,Hibernating / Lost
cust_016768,2016-03-29,885,1,19.62,At Risk (was frequent)
cust_008904,2016-11-27,642,1,19.61,Hibernating / Lost
cust_012227,2017-08-26,370,1,19.61,Hibernating / Lost
cust_004956,2016-09-05,725,1,19.61,Hibernating / Lost
cust_018022,2017-10-07,328,1,19.61,Loyal Customers
cust_018769,2017-11-25,279,1,19.6,Loyal Customers
cust_007659,2017-06-11,446,1,19.6,Hibernating / Lost
cust_002283,2017-07-31,396,1,19.59,Hibernating / Lost
cust_010840,2017-06-01,456,1,19.59,Hibernating / Lost
cust_000018,2016-02-08,935,1,19.59,Hibernating / Lost
cust_012939,2017-05-12,476,1,19.58,Hibernating / Lost
cust_006254,2017-06-29,428,1,19.57,Hibernating / Lost
cust_000986,2017-08-19,377,1,19.57,Hibernating / Lost
cust_011963,2016-09-09,721,1,19.56,Hibernating / Lost
cust_009322,2016-06-29,793,1,19.55,Hibernating / Lost
cust_006155,2017-05-06,482,1,19.53,Hibernating / Lost
cust_000955,2017-01-14,594,1,19.53,Hibernating / Lost
cust_006205,2017-06-02,455,1,19.52,Hibernating / Lost
cust_009335,2017-08-12,384,1,19.51,Hibernating / Lost
cust_007222,2017-08-27,369,1,19.49,Hibernating / Lost
cust_014958,2016-09-07,723,1,19.47,At Risk (was frequent)
cust_015989,2016-12-25,614,1,19.46,At Risk (was frequent)
cust_004638,2017-08-03,393,1,19.45,Hibernating / Lost
cust_017672,2016-07-27,765,1,19.43,At Risk (was frequent)
cust_008005,2017-01-14,594,1,19.42,Hibernating / Lost
cust_014819,2016-07-09,783,1,19.42,At Risk (was frequent)
cust_001120,2016-03-09,905,1,19.41,Hibernating / Lost
cust_003552,2016-09-19,711,1,19.41,Hibernating / Lost
cust_008430,2017-03-25,524,1,19.41,Hibernating / Lost
cust_000831,2016-06-08,814,1,19.41,Hibernating / Lost
cust_011050,2017-11-26,278,1,19.4,Potential Loyalists
cust_013950,2018-02-12,200,1,19.4,Potential Loyalists
cust_002389,2017-09-07,358,1,19.4,Hibernating / Lost
cust_017533,2016-12-23,616,1,19.4,At Risk (was frequent)
cust_006263,2016-08-04,757,1,19.39,Hibernating / Lost
cust_014520,2017-02-26,551,1,19.36,At Risk (was frequent)
cust_010325,2016-09-02,728,1,19.36,Hibernating / Lost
cust_003852,2017-12-19,255,1,19.35,Potential Loyalists
cust_018437,2017-11-06,298,1,19.35,Loyal Customers
cust_015284,2017-10-26,309,1,19.34,Loyal Customers
cust_007319,2016-03-09,905,1,19.31,Hibernating / Lost
cust_012919,2017-11-22,282,1,19.3,Potential Loyalists
cust_015846,2016-12-09,630,1,19.3,At Risk (was frequent)
cust_001115,2016-09-09,721,1,19.29,Hibernating / Lost
cust_015545,2017-02-28,549,1,19.28,At Risk (was frequent)
cust_010467,2017-02-13,564,1,19.27,Hibernating / Lost
cust_017319,2016-09-25,705,1,19.26,At Risk (was frequent)
cust_008600,2016-09-10,720,1,19.25,Hibernating / Lost
cust_016321,2017-12-29,245,1,19.25,Loyal Customers
cust_014943,2017-08-25,371,1,19.25,At Risk (was frequent)
cust_015872,2017-09-02,363,1,19.24,At Risk (was frequent)
cust_016652,2017-07-10,417,1,19.24,At Risk (was frequent)
cust_012433,2016-07-20,772,1,19.23,Hibernating / Lost
cust_008336,2017-04-21,497,1,19.23,Hibernating / Lost
cust_015034,2017-10-21,314,1,19.22,Loyal Customers
cust_012108,2017-11-07,297,1,19.22,Potential Loyalists
cust_001813,2018-01-08,235,1,19.22,Potential Loyalists
cust_001493,2016-07-04,788,1,19.19,Hibernating / Lost
cust_010935,2017-12-16,258,1,19.19,Potential Loyalists
cust_009413,2016-12-18,621,1,19.18,Hibernating / Lost
cust_013396,2017-12-13,261,1,19.16,Potential Loyalists
cust_010140,2018-02-19,193,1,19.16,Potential Loyalists
cust_007034,2016-11-26,643,1,19.16,Hibernating / Lost
cust_015008,2017-05-10,478,1,19.14,At Risk (was frequent)
cust_011690,2017-05-17,471,1,19.14,Hibernating / Lost
cust_011458,2016-07-20,772,1,19.14,Hibernating / Lost
cust_013137,2017-11-23,281,1,19.11,Potential Loyalists
cust_007799,2017-04-11,507,1,19.11,Hibernating / Lost
cust_009009,2017-02-06,571,1,19.11,Hibernating / Lost
cust_002849,2016-07-28,764,1,19.1,Hibernating / Lost
cust_007503,2018-01-08,235,1,19.09,Potential Loyalists
cust_005363,2017-09-13,352,1,19.08,Hibernating / Lost
cust_013720,2017-08-14,382,1,19.07,Hibernating / Lost
cust_006684,2017-03-27,522,1,19.07,Hibernating / Lost
cust_014147,2018-03-03,181,1,19.05,Loyal Customers
cust_014873,2017-10-08,327,1,19.04,Loyal Customers
cust_004566,2017-01-31,577,1,19.03,Hibernating / Lost
cust_011677,2016-10-20,680,1,19.03,Hibernating / Lost
cust_004706,2018-01-15,228,1,19.02,Potential Loyalists
cust_009108,2017-08-11,385,1,19.02,Hibernating / Lost
cust_008387,2016-04-13,870,1,19.02,Hibernating / Lost
cust_011624,2017-02-20,557,1,19.02,Hibernating / Lost
cust_011502,2017-08-21,375,1,19.02,Hibernating / Lost
cust_014852,2017-04-21,497,1,19.01,At Risk (was frequent)
cust_016059,2017-03-02,547,1,19.0,At Risk (was frequent)
cust_018478,2016-03-23,891,1,19.0,At Risk (was frequent)
cust_000069,2017-11-15,289,1,18.99,Potential Loyalists
cust_015336,2017-08-02,394,1,18.98,At Risk (was frequent)
cust_009738,2017-02-07,570,1,18.98,Hibernating / Lost
cust_002750,2016-08-25,736,1,18.97,Hibernating / Lost
cust_002670,2017-03-08,541,1,18.96,Hibernating / Lost
cust_003575,2017-02-12,565,1,18.96,Hibernating / Lost
cust_001579,2017-04-15,503,1,18.95,Hibernating / Lost
cust_018341,2016-12-04,635,1,18.94,At Risk (was frequent)
cust_005352,2016-11-29,640,1,18.94,Hibernating / Lost
cust_000389,2016-05-27,826,1,18.92,Hibernating / Lost
cust_005177,2017-01-13,595,1,18.92,Hibernating / Lost
cust_004370,2016-04-23,860,1,18.91,Hibernating / Lost
cust_002536,2017-07-26,401,1,18.91,Hibernating / Lost
cust_003780,2017-08-06,390,1,18.9,Hibernating / Lost
cust_014810,2016-11-06,663,1,18.9,At Risk (was frequent)
cust_003532,2017-09-12,353,1,18.89,Hibernating / Lost
cust_008172,2017-06-01,456,1,18.89,Hibernating / Lost
cust_008782,2017-09-10,355,1,18.89,Hibernating / Lost
cust_005533,2016-01-16,958,1,18.89,Hibernating / Lost
cust_008378,2016-03-06,908,1,18.89,Hibernating / Lost
cust_000017,2017-12-21,253,1,18.89,Potential Loyalists
cust_018981,2018-01-13,230,1,18.88,Loyal Customers
cust_003446,2016-10-28,672,1,18.87,Hibernating / Lost
cust_015516,2016-05-12,841,1,18.87,At Risk (was frequent)
cust_004896,2016-09-10,720,1,18.87,Hibernating / Lost
cust_003009,2017-08-05,391,1,18.86,Hibernating / Lost
cust_009891,2016-05-17,836,1,18.85,Hibernating / Lost
cust_008592,2016-12-24,615,1,18.84,Hibernating / Lost
cust_002365,2016-07-30,762,1,18.82,Hibernating / Lost
cust_010952,2018-02-04,208,1,18.82,Potential Loyalists
cust_000424,2016-04-06,877,1,18.82,Hibernating / Lost
cust_005376,2017-05-14,474,1,18.81,Hibernating / Lost
cust_006982,2016-05-01,852,1,18.8,Hibernating / Lost
cust_016504,2017-09-24,341,1,18.8,At Risk (was frequent)
cust_002635,2017-08-14,382,1,18.77,Hibernating / Lost
cust_014212,2017-02-28,549,1,18.76,At Risk (was frequent)
cust_003947,2016-01-06,968,1,18.76,Hibernating / Lost
cust_018246,2017-04-30,488,1,18.76,At Risk (was frequent)
cust_018490,2017-09-09,356,1,18.74,At Risk (was frequent)
cust_016214,2016-10-01,699,1,18.74,At Risk (was frequent)
cust_008498,2017-08-02,394,1,18.74,Hibernating / Lost
cust_000469,2017-07-02,425,1,18.73,Hibernating / Lost
cust_013114,2016-07-03,789,1,18.72,Hibernating / Lost
cust_007580,2017-08-20,376,1,18.72,Hibernating / Lost
cust_018148,2017-05-17,471,1,18.72,At Risk (was frequent)
cust_010583,2016-02-25,918,1,18.7,Hibernating / Lost
cust_013822,2017-01-12,596,1,18.69,Hibernating / Lost
cust_017390,2017-11-14,290,1,18.68,Loyal Customers
cust_009523,2016-08-10,751,1,18.68,Hibernating / Lost
cust_002318,2018-03-03,181,1,18.68,Potential Loyalists
cust_016916,2018-02-10,202,1,18.67,Loyal Customers
cust_015466,2017-07-15,412,1,18.65,At Risk (was frequent)
cust_007995,2016-10-08,692,1,18.65,Hibernating / Lost
cust_012124,2018-02-13,199,1,18.65,Potential Loyalists
cust_013748,2017-09-16,349,1,18.65,Hibernating / Lost
cust_018733,2017-09-26,339,1,18.64,Loyal Customers
cust_009964,2018-02-07,205,1,18.63,Potential Loyalists
cust_000477,2017-09-24,341,1,18.63,Hibernating / Lost
cust_007878,2016-08-30,731,1,18.63,Hibernating / Lost
cust_000434,2016-06-22,800,1,18.63,Hibernating / Lost
cust_015224,2016-10-10,690,1,18.62,At Risk (was frequent)
cust_015733,2016-02-11,932,1,18.62,At Risk (was frequent)
cust_006828,2016-11-02,667,1,18.62,Hibernating / Lost
cust_008976,2016-12-12,627,1,18.61,Hibernating / Lost
cust_018380,2018-02-08,204,1,18.6,Loyal Customers
cust_015127,2017-04-12,506,1,18.6,At Risk (was frequent)
cust_014980,2017-07-06,421,1,18.6,At Risk (was frequent)
cust_003010,2017-06-16,441,1,18.59,Hibernating / Lost
cust_014206,2016-10-16,684,1,18.59,At Risk (was frequent)
cust_017804,2016-03-05,909,1,18.58,At Risk (was frequent)
cust_005568,2017-01-19,589,1,18.57,Hibernating / Lost
cust_018810,2018-01-06,237,1,18.57,Loyal Customers
cust_016283,2016-11-07,662,1,18.56,At Risk (was frequent)
cust_003006,2016-11-10,659,1,18.55,Hibernating / Lost
cust_015417,2018-01-24,219,1,18.55,Loyal Customers
cust_000699,2018-03-02,182,1,18.55,Potential Loyalists
cust_002682,2018-02-26,186,1,18.55,Potential Loyalists
cust_002993,2016-05-27,826,1,18.54,Hibernating / Lost
cust_010788,2016-08-06,755,1,18.54,Hibernating / Lost
cust_004728,2017-08-11,385,1,18.54,Hibernating / Lost
cust_009693,2017-11-23,281,1,18.53,Potential Loyalists
cust_013979,2017-02-25,552,1,18.53,Hibernating / Lost
cust_012304,2017-11-28,276,1,18.52,Potential Loyalists
cust_002754,2016-09-18,712,1,18.52,Hibernating / Lost
cust_000977,2016-03-21,893,1,18.5,Hibernating / Lost
cust_003635,2017-06-02,455,1,18.49,Hibernating / Lost
cust_008765,2017-08-29,367,1,18.48,Hibernating / Lost
cust_018213,2016-11-29,640,1,18.48,At Risk (was frequent)
cust_016613,2017-08-27,369,1,18.48,At Risk (was frequent)
cust_011721,2016-05-28,825,1,18.45,Hibernating / Lost
cust_004545,2016-05-28,825,1,18.44,Hibernating / Lost
cust_018337,2016-11-26,643,1,18.43,At Risk (was frequent)
cust_006256,2017-12-30,244,1,18.42,Potential Loyalists
cust_009589,2016-11-25,644,1,18.42,Hibernating / Lost
cust_004169,2016-07-12,780,1,18.4,Hibernating / Lost
cust_012388,2016-06-04,818,1,18.4,Hibernating / Lost
cust_017940,2017-11-18,286,1,18.39,Loyal Customers
cust_000295,2016-06-21,801,1,18.38,Hibernating / Lost
cust_012897,2016-11-12,657,1,18.37,Hibernating / Lost
cust_012376,2016-09-20,710,1,18.37,Hibernating / Lost
cust_000000,2017-10-11,324,1,18.36,Potential Loyalists
cust_011330,2017-12-24,250,1,18.36,Potential Loyalists
cust_016564,2017-12-06,268,1,18.36,Loyal Customers
cust_012020,2017-01-12,596,1,18.36,Hibernating / Lost
cust_016883,2016-12-10,629,1,18.35,At Risk (was frequent)
cust_016081,2017-04-21,497,1,18.34,At Risk (was frequent)
cust_011754,2016-12-08,631,1,18.34,Hibernating / Lost
cust_004435,2017-04-16,502,1,18.34,Hibernating / Lost
cust_013452,2016-10-31,669,1,18.33,Hibernating / Lost
cust_004150,2017-11-26,278,1,18.32,Potential Loyalists
cust_013435,2016-05-02,851,1,18.29,Hibernating / Lost
cust_005487,2017-07-22,405,1,18.28,Hibernating / Lost
cust_010387,2016-10-31,669,1,18.27,Hibernating / Lost
cust_010254,2016-05-26,827,1,18.26,Hibernating / Lost
cust_003968,2016-01-31,943,1,18.25,Hibernating / Lost
cust_009529,2016-03-04,910,1,18.25,Hibernating / Lost
cust_016533,2016-12-07,632,1,18.25,At Risk (was frequent)
cust_001532,2017-09-12,353,1,18.25,Hibernating / Lost
cust_004690,2017-11-20,284,1,18.24,Potential Loyalists
cust_001938,2016-08-06,755,1,18.23,Hibernating / Lost
cust_018314,2017-10-10,325,1,18.23,Loyal Customers
cust_000988,2017-09-09,356,1,18.22,Hibernating / Lost
cust_007414,2017-06-21,436,1,18.2,Hibernating / Lost
cust_013685,2016-08-22,739,1,18.19,Hibernating / Lost
cust_015227,2017-05-29,459,1,18.18,At Risk (was frequent)
cust_000846,2017-02-08,569,1,18.18,Hibernating / Lost
cust_000275,2017-06-30,427,1,18.16,Hibernating / Lost
cust_012027,2016-12-24,615,1,18.16,Hibernating / Lost
cust_003957,2017-12-11,263,1,18.15,Potential Loyalists
cust_006850,2016-09-18,712,1,18.15,Hibernating / Lost
cust_001094,2017-11-19,285,1,18.15,Potential Loyalists
cust_008364,2017-03-17,532,1,18.15,Hibernating / Lost
cust_013011,2016-01-06,968,1,18.14,Hibernating / Lost
cust_011830,2017-04-11,507,1,18.11,Hibernating / Lost
cust_018652,2017-12-11,263,1,18.11,Loyal Customers
cust_017345,2016-06-26,796,1,18.09,At Risk (was frequent)
cust_017751,2017-05-25,463,1,18.08,At Risk (was frequent)
cust_005757,2016-01-16,958,1,18.08,Hibernating / Lost
cust_014504,2016-09-30,700,1,18.07,At Risk (was frequent)
cust_018662,2016-10-26,674,1,18.07,At Risk (was frequent)
cust_008283,2017-07-02,425,1,18.06,Hibernating / Lost
cust_014514,2018-01-26,217,1,18.04,Loyal Customers
cust_011440,2016-11-11,658,1,18.03,Hibernating / Lost
cust_000119,2016-10-12,688,1,18.02,Hibernating / Lost
cust_005536,2017-01-12,596,1,17.99,Hibernating / Lost
cust_004807,2017-09-12,353,1,17.98,Hibernating / Lost
cust_018950,2016-10-20,680,1,17.97,At Risk (was frequent)
cust_011536,2017-09-27,338,1,17.97,Potential Loyalists
cust_013329,2016-02-19,924,1,17.97,Hibernating / Lost
cust_006390,2017-12-09,265,1,17.96,Potential Loyalists
cust_017387,2016-01-07,967,1,17.96,At Risk (was frequent)
cust_012186,2017-08-02,394,1,17.94,Hibernating / Lost
cust_002821,2017-08-08,388,1,17.94,Hibernating / Lost
cust_001199,2016-12-28,611,1,17.91,Hibernating / Lost
cust_018157,2017-07-01,426,1,17.91,At Risk (was frequent)
cust_000340,2016-11-24,645,1,17.9,Hibernating / Lost
cust_013024,2017-11-18,286,1,17.88,Potential Loyalists
cust_007121,2016-05-29,824,1,17.88,Hibernating / Lost
cust_016329,2017-03-01,548,1,17.84,At Risk (was frequent)
cust_016963,2016-11-30,639,1,17.84,At Risk (was frequent)
cust_018861,2016-11-06,663,1,17.82,At Risk (was frequent)
cust_015937,2016-11-28,641,1,17.79,At Risk (was frequent)
cust_004868,2016-05-11,842,1,17.78,Hibernating / Lost
cust_002267,2016-12-25,614,1,17.78,Hibernating / Lost
cust_010630,2016-03-26,888,1,17.78,Hibernating / Lost
cust_003710,2017-05-06,482,1,17.77,Hibernating / Lost
cust_010842,2016-06-12,810,1,17.77,Hibernating / Lost
cust_003604,2017-03-08,541,1,17.77,Hibernating / Lost
cust_015833,2016-09-14,716,1,17.77,At Risk (was frequent)
cust_000973,2017-09-29,336,1,17.76,Potential Loyalists
cust_010291,2017-12-16,258,1,17.75,Potential Loyalists
cust_011078,2017-07-08,419,1,17.74,Hibernating / Lost
cust_006182,2017-05-26,462,1,17.73,Hibernating / Lost
cust_007563,2017-06-26,431,1,17.72,Hibernating / Lost
cust_008417,2016-03-12,902,1,17.72,Hibernating / Lost
cust_013567,2017-05-16,472,1,17.72,Hibernating / Lost
cust_005028,2016-10-30,670,1,17.72,Hibernating / Lost
cust_008022,2017-05-14,474,1,17.72,Hibernating / Lost
cust_015173,2017-12-17,257,1,17.71,Loyal Customers
cust_013968,2017-09-19,346,1,17.69,Hibernating / Lost
cust_005747,2016-07-14,778,1,17.69,Hibernating / Lost
cust_013081,2017-12-11,263,1,17.69,Potential Loyalists
cust_017090,2017-10-06,329,1,17.68,Loyal Customers
cust_017904,2017-05-05,483,1,17.67,At Risk (was frequent)
cust_008756,2018-01-23,220,1,17.66,Potential Loyalists
cust_014640,2016-08-11,750,1,17.65,At Risk (was frequent)
cust_006717,2017-08-18,378,1,17.64,Hibernating / Lost
cust_005866,2016-11-05,664,1,17.63,Hibernating / Lost
cust_003948,2016-04-24,859,1,17.63,Hibernating / Lost
cust_002223,2017-10-29,306,1,17.61,Potential Loyalists
cust_002470,2016-05-27,826,1,17.61,Hibernating / Lost
cust_013410,2017-12-18,256,1,17.6,Potential Loyalists
cust_016443,2017-11-12,292,1,17.6,Loyal Customers
cust_009975,2017-05-16,472,1,17.58,Hibernating / Lost
cust_000293,2017-03-28,521,1,17.58,Hibernating / Lost
cust_018227,2016-04-22,861,1,17.57,At Risk (was frequent)
cust_016333,2017-06-17,440,1,17.56,At Risk (was frequent)
cust_004383,2016-04-15,868,1,17.56,Hibernating / Lost
cust_007691,2018-01-30,213,1,17.55,Potential Loyalists
cust_007447,2017-04-18,500,1,17.55,Hibernating / Lost
cust_007986,2016-12-20,619,1,17.54,Hibernating / Lost
cust_017899,2016-12-28,611,1,17.54,At Risk (was frequent)
cust_015345,2016-08-14,747,1,17.52,At Risk (was frequent)
cust_011268,2017-01-22,586,1,17.52,Hibernating / Lost
cust_005013,2016-10-16,684,1,17.52,Hibernating / Lost
cust_007273,2016-07-10,782,1,17.51,Hibernating / Lost
cust_011490,2016-11-15,654,1,17.5,Hibernating / Lost
cust_002176,2016-02-18,925,1,17.5,Hibernating / Lost
cust_002488,2017-10-18,317,1,17.49,Potential Loyalists
cust_003554,2016-08-09,752,1,17.47,Hibernating / Lost
cust_001530,2017-12-22,252,1,17.46,Potential Loyalists
cust_007834,2018-01-20,223,1,17.46,Potential Loyalists
cust_013200,2016-12-21,618,1,17.45,Hibernating / Lost
cust_011116,2016-03-22,892,1,17.44,Hibernating / Lost
cust_014248,2017-04-15,503,1,17.42,At Risk (was frequent)
cust_013626,2016-12-08,631,1,17.4,Hibernating / Lost
cust_003221,2016-05-08,845,1,17.38,Hibernating / Lost
cust_013763,2017-03-16,533,1,17.38,Hibernating / Lost
cust_005128,2016-04-02,881,1,17.38,Hibernating / Lost
cust_009386,2017-08-17,379,1,17.36,Hibernating / Lost
cust_012000,2017-11-30,274,1,17.33,Potential Loyalists
cust_011459,2017-12-06,268,1,17.33,Potential Loyalists
cust_010590,2016-11-08,661,1,17.3,Hibernating / Lost
cust_017896,2016-10-13,687,1,17.29,At Risk (was frequent)
cust_012415,2017-08-31,365,1,17.28,Hibernating / Lost
cust_003736,2017-07-18,409,1,17.27,Hibernating / Lost
cust_003177,2017-08-25,371,1,17.26,Hibernating / Lost
cust_012060,2017-11-08,296,1,17.25,Potential Loyalists
cust_013768,2017-04-21,497,1,17.25,Hibernating / Lost
cust_003244,2016-04-25,858,1,17.24,Hibernating / Lost
cust_007030,2017-02-08,569,1,17.24,Hibernating / Lost
cust_014109,2017-07-22,405,1,17.23,At Risk (was frequent)
cust_004897,2016-02-09,934,1,17.2,Hibernating / Lost
cust_014732,2016-12-08,631,1,17.2,At Risk (was frequent)
cust_006613,2016-04-01,882,1,17.19,Hibernating / Lost
cust_003593,2016-07-08,784,1,17.18,Hibernating / Lost
cust_013388,2017-10-05,330,1,17.18,Potential Loyalists
cust_017133,2018-01-25,218,1,17.15,Loyal Customers
cust_013540,2016-11-21,648,1,17.14,Hibernating / Lost
cust_014829,2017-09-28,337,1,17.14,Loyal Customers
cust_016585,2018-01-12,231,1,17.13,Loyal Customers
cust_010961,2017-12-01,273,1,17.11,Potential Loyalists
cust_005400,2017-06-09,448,1,17.09,Hibernating / Lost
cust_001863,2017-05-28,460,1,17.07,Hibernating / Lost
cust_003074,2016-11-25,644,1,17.07,Hibernating / Lost
cust_015918,2017-03-02,547,1,17.06,At Risk (was frequent)
cust_018413,2016-12-24,615,1,17.05,At Risk (was frequent)
cust_001428,2018-01-18,225,1,17.04,Potential Loyalists
cust_018678,2017-03-19,530,1,17.03,At Risk (was frequent)
cust_010243,2016-11-19,650,1,17.02,Hibernating / Lost
cust_004389,2017-05-31,457,2,17.01,At Risk (was frequent)
cust_018991,2017-10-30,305,1,17.01,Loyal Customers
cust_002727,2016-03-31,883,1,17.01,Hibernating / Lost
cust_017855,2017-06-02,455,1,16.98,At Risk (was frequent)
cust_012854,2017-04-11,507,1,16.97,Hibernating / Lost
cust_017572,2017-07-17,410,1,16.97,At Risk (was frequent)
cust_004091,2017-10-12,323,1,16.96,Potential Loyalists
cust_006455,2016-09-06,724,1,16.95,Hibernating / Lost
cust_000636,2017-01-16,592,1,16.95,Hibernating / Lost
cust_001233,2017-12-16,258,1,16.94,Potential Loyalists
cust_014809,2016-08-07,754,1,16.93,At Risk (was frequent)
cust_011215,2016-01-20,954,1,16.92,Hibernating / Lost
cust_017674,2017-04-25,493,1,16.91,At Risk (was frequent)
cust_017433,2016-12-03,636,1,16.9,At Risk (was frequent)
cust_006025,2017-06-27,430,1,16.87,Hibernating / Lost
cust_008639,2016-11-02,667,1,16.87,Hibernating / Lost
cust_002548,2017-06-15,442,1,16.85,Hibernating / Lost
cust_003089,2016-09-13,717,1,16.84,Hibernating / Lost
cust_017357,2017-02-19,558,1,16.84,At Risk (was frequent)
cust_006552,2017-05-11,477,1,16.82,Hibernating / Lost
cust_004248,2017-12-20,254,1,16.82,Potential Loyalists
cust_001683,2016-05-05,848,1,16.81,Hibernating / Lost
cust_000682,2016-10-26,674,1,16.81,Hibernating / Lost
cust_014890,2016-09-07,723,1,16.79,At Risk (was frequent)
cust_004406,2017-10-22,313,1,16.73,Potential Loyalists
cust_006675,2016-02-03,940,1,16.69,Hibernating / Lost
cust_013307,2017-08-14,382,1,16.68,Hibernating / Lost
cust_009105,2016-12-31,608,1,16.67,Hibernating / Lost
cust_007451,2017-03-12,537,1,16.65,Hibernating / Lost
cust_017003,2016-05-04,849,1,16.62,At Risk (was frequent)
cust_007904,2017-06-26,431,1,16.62,Hibernating / Lost
cust_018207,2016-02-08,935,1,16.61,At Risk (was frequent)
cust_007360,2017-11-08,296,1,16.61,Potential Loyalists
cust_017538,2016-03-09,905,1,16.6,At Risk (was frequent)
cust_011206,2017-11-28,276,1,16.6,Potential Loyalists
cust_006881,2016-11-28,641,1,16.57,Hibernating / Lost
cust_001142,2016-02-22,921,1,16.56,Hibernating / Lost
cust_015405,2016-12-13,626,1,16.53,At Risk (was frequent)
cust_002825,2016-11-24,645,1,16.53,Hibernating / Lost
cust_000423,2017-08-02,394,1,16.51,Hibernating / Lost
cust_002346,2016-11-23,646,1,16.5,Hibernating / Lost
cust_002718,2016-12-15,624,1,16.49,Hibernating / Lost
cust_008811,2016-10-11,689,1,16.48,Hibernating / Lost
cust_010392,2016-10-27,673,1,16.47,Hibernating / Lost
cust_006736,2017-07-31,396,1,16.46,Hibernating / Lost
cust_013105,2016-08-17,744,1,16.45,Hibernating / Lost
cust_009792,2016-08-19,742,1,16.44,Hibernating / Lost
cust_003389,2018-03-02,182,1,16.43,Potential Loyalists
cust_011355,2017-12-01,273,1,16.42,Potential Loyalists
cust_018781,2016-02-05,938,1,16.41,At Risk (was frequent)
cust_005886,2017-03-01,548,1,16.4,Hibernating / Lost
cust_014399,2016-03-15,899,1,16.39,At Risk (was frequent)
cust_004447,2016-11-01,668,1,16.39,Hibernating / Lost
cust_009643,2017-11-27,277,1,16.38,Potential Loyalists
cust_015583,2018-02-16,196,1,16.38,Loyal Customers
cust_002720,2017-11-16,288,1,16.37,Potential Loyalists
cust_010545,2017-12-03,271,1,16.35,Potential Loyalists
cust_002142,2017-11-11,293,1,16.34,Potential Loyalists
cust_000095,2016-08-28,733,1,16.32,Hibernating / Lost
cust_016085,2017-07-28,399,1,16.32,At Risk (was frequent)
cust_001218,2016-09-20,710,1,16.31,Hibernating / Lost
cust_007808,2017-10-16,319,1,16.31,Potential Loyalists
cust_017499,2016-01-18,956,1,16.31,At Risk (was frequent)
cust_012680,2017-06-13,444,1,16.27,Hibernating / Lost
cust_018339,2018-01-18,225,1,16.24,Loyal Customers
cust_009946,2016-08-01,760,1,16.23,Hibernating / Lost
cust_009751,2017-09-16,349,1,16.15,Hibernating / Lost
cust_002837,2017-12-09,265,1,16.13,Potential Loyalists
cust_010519,2017-08-01,395,1,16.11,Hibernating / Lost
cust_003943,2016-01-01,973,1,16.1,Hibernating / Lost
cust_003157,2017-05-05,483,1,16.1,Hibernating / Lost
cust_014615,2016-08-10,751,1,16.1,At Risk (was frequent)
cust_003733,2016-10-12,688,1,16.09,Hibernating / Lost
cust_001640,2016-04-08,875,1,16.08,Hibernating / Lost
cust_015481,2016-04-04,879,1,16.06,At Risk (was frequent)
cust_009466,2017-06-04,453,1,16.06,Hibernating / Lost
cust_008851,2017-01-24,584,1,16.05,Hibernating / Lost
cust_001860,2016-07-26,766,1,16.03,Hibernating / Lost
cust_003262,2016-11-13,656,1,16.03,Hibernating / Lost
cust_011906,2017-07-12,415,1,16.03,Hibernating / Lost
cust_004536,2017-02-18,559,1,16.02,Hibernating / Lost
cust_011530,2017-04-27,491,1,16.0,Hibernating / Lost
cust_008447,2016-08-11,750,1,15.98,Hibernating / Lost
cust_006696,2018-02-11,201,1,15.96,Potential Loyalists
cust_011979,2017-11-10,294,1,15.96,Potential Loyalists
cust_003858,2016-10-01,699,1,15.92,Hibernating / Lost
cust_012832,2017-12-07,267,1,15.92,Potential Loyalists
cust_001708,2018-02-14,198,1,15.91,Potential Loyalists
cust_000613,2018-01-28,215,1,15.91,Potential Loyalists
cust_017526,2017-10-09,326,1,15.9,Loyal Customers
cust_005142,2017-12-25,249,1,15.88,Potential Loyalists
cust_013049,2017-07-23,404,1,15.87,Hibernating / Lost
cust_004769,2017-05-28,460,1,15.85,Hibernating / Lost
cust_018421,2016-12-27,612,1,15.84,At Risk (was frequent)
cust_014107,2017-04-07,511,1,15.82,At Risk (was frequent)
cust_016467,2017-06-20,437,1,15.8,At Risk (was frequent)
cust_001414,2016-10-09,691,1,15.79,Hibernating / Lost
cust_003848,2017-06-28,429,1,15.78,Hibernating / Lost
cust_007094,2017-10-25,310,1,15.76,Potential Loyalists
cust_016630,2017-03-04,545,1,15.76,At Risk (was frequent)
cust_013310,2017-12-03,271,1,15.75,Potential Loyalists
cust_005985,2016-07-05,787,1,15.75,Hibernating / Lost
cust_013071,2017-01-28,580,1,15.73,Hibernating / Lost
cust_011236,2017-03-25,524,1,15.73,Hibernating / Lost
cust_001637,2016-03-06,908,1,15.72,Hibernating / Lost
cust_004871,2017-03-07,542,1,15.72,Hibernating / Lost
cust_000149,2016-07-17,775,1,15.71,Hibernating / Lost
cust_005501,2017-06-20,437,1,15.69,Hibernating / Lost
cust_008739,2017-11-14,290,1,15.66,Potential Loyalists
cust_012892,2016-11-09,660,1,15.63,Hibernating / Lost
cust_012506,2017-03-03,546,1,15.59,Hibernating / Lost
cust_006706,2018-01-08,235,1,15.58,Potential Loyalists
cust_006574,2017-09-25,340,1,15.58,Hibernating / Lost
cust_013297,2017-06-11,446,1,15.55,Hibernating / Lost
cust_006950,2017-10-25,310,1,15.53,Potential Loyalists
cust_001450,2016-05-17,836,1,15.53,Hibernating / Lost
cust_004702,2016-10-18,682,1,15.52,Hibernating / Lost
cust_009583,2016-06-01,821,1,15.51,Hibernating / Lost
cust_007544,2018-03-02,182,1,15.49,Potential Loyalists
cust_000227,2017-08-25,371,1,15.49,Hibernating / Lost
cust_016108,2016-06-09,813,1,15.49,At Risk (was frequent)
cust_011926,2018-02-22,190,1,15.49,Potential Loyalists
cust_011449,2018-01-20,223,1,15.46,Potential Loyalists
cust_000086,2017-12-21,253,1,15.46,Potential Loyalists
cust_007287,2016-02-07,936,1,15.44,Hibernating / Lost
cust_014446,2016-01-19,955,1,15.43,At Risk (was frequent)
cust_013981,2016-07-01,791,1,15.4,Hibernating / Lost
cust_000161,2017-12-12,262,1,15.4,Potential Loyalists
cust_005171,2017-07-04,423,1,15.39,Hibernating / Lost
cust_017944,2016-03-11,903,1,15.38,At Risk (was frequent)
cust_002466,2016-07-27,765,1,15.36,Hibernating / Lost
cust_005617,2016-07-18,774,1,15.36,Hibernating / Lost
cust_012890,2017-02-16,561,1,15.36,Hibernating / Lost
cust_012942,2016-08-26,735,1,15.35,Hibernating / Lost
cust_015782,2016-11-18,651,1,15.34,At Risk (was frequent)
cust_017863,2016-04-23,860,1,15.3,At Risk (was frequent)
cust_007815,2017-04-30,488,1,15.29,Hibernating / Lost
cust_012217,2016-06-09,813,1,15.29,Hibernating / Lost
cust_000551,2017-11-03,301,1,15.28,Potential Loyalists
cust_015006,2017-08-18,378,1,15.27,At Risk (was frequent)
cust_009537,2018-02-28,184,1,15.26,Potential Loyalists
cust_016582,2016-07-13,779,1,15.26,At Risk (was frequent)
cust_013706,2017-08-04,392,1,15.23,Hibernating / Lost
cust_017178,2017-06-08,449,1,15.22,At Risk (was frequent)
cust_002008,2016-02-21,922,1,15.22,Hibernating / Lost
cust_017461,2017-05-27,461,1,15.22,At Risk (was frequent)
cust_008814,2016-09-17,713,1,15.21,Hibernating / Lost
cust_002247,2017-12-24,250,1,15.21,Potential Loyalists
cust_014998,2016-11-24,645,1,15.2,At Risk (was frequent)
cust_005826,2018-02-22,190,1,15.2,Potential Loyalists
cust_009010,2017-04-09,509,1,15.19,Hibernating / Lost
cust_009284,2017-04-28,490,1,15.19,Hibernating / Lost
cust_012092,2016-03-10,904,1,15.17,Hibernating / Lost
cust_008681,2017-09-06,359,1,15.17,Hibernating / Lost
cust_017229,2016-11-04,665,1,15.15,At Risk (was frequent)
cust_012681,2017-11-12,292,1,15.14,Potential Loyalists
cust_002940,2017-07-09,418,1,15.13,Hibernating / Lost
cust_010092,2017-05-29,459,1,15.12,Hibernating / Lost
cust_015230,2017-09-08,357,1,15.1,At Risk (was frequent)
cust_009609,2017-03-20,529,1,15.1,Hibernating / Lost
cust_007076,2017-12-18,256,1,15.09,Potential Loyalists
cust_015397,2016-06-15,807,1,15.08,At Risk (was frequent)
cust_005773,2016-11-02,667,1,15.08,Hibernating / Lost
cust_012532,2016-06-25,797,1,15.08,Hibernating / Lost
cust_002853,2016-11-11,658,1,15.07,Hibernating / Lost
cust_006386,2017-11-23,281,1,15.06,Potential Loyalists
cust_004161,2018-01-30,213,1,15.05,Potential Loyalists
cust_009269,2017-09-19,346,1,15.05,Hibernating / Lost
cust_015605,2016-08-12,749,1,15.02,At Risk (was frequent)
cust_003208,2016-06-15,807,1,15.02,Hibernating / Lost
cust_008055,2016-05-25,828,1,15.0,Hibernating / Lost
cust_004873,2017-06-04,453,1,14.99,Hibernating / Lost
cust_004533,2018-02-19,193,1,14.93,Potential Loyalists
cust_009068,2016-01-27,947,1,14.92,Hibernating / Lost
cust_016941,2017-11-29,275,1,14.89,Loyal Customers
cust_000633,2016-10-11,689,1,14.89,Hibernating / Lost
cust_012470,2017-09-18,347,1,14.88,Hibernating / Lost
cust_004378,2016-04-06,877,1,14.81,Hibernating / Lost
cust_010048,2017-05-14,474,1,14.8,Hibernating / Lost
cust_017468,2017-11-15,289,1,14.8,Loyal Customers
cust_013716,2017-09-30,335,1,14.8,Potential Loyalists
cust_000417,2018-02-13,199,1,14.8,Potential Loyalists
cust_010547,2016-10-12,688,1,14.78,Hibernating / Lost
cust_006457,2016-10-23,677,1,14.78,Hibernating / Lost
cust_008915,2017-11-15,289,1,14.74,Potential Loyalists
cust_000410,2018-02-01,211,1,14.74,Potential Loyalists
cust_015314,2017-11-09,295,1,14.73,Loyal Customers
cust_001867,2016-04-14,869,1,14.7,Hibernating / Lost
cust_014827,2016-11-12,657,1,14.69,At Risk (was frequent)
cust_014571,2016-08-11,750,1,14.69,At Risk (was frequent)
cust_018152,2017-09-17,348,1,14.67,At Risk (was frequent)
cust_014771,2016-03-24,890,1,14.65,At Risk (was frequent)
cust_015999,2016-08-15,746,1,14.65,At Risk (was frequent)
cust_004954,2016-08-17,744,1,14.64,Hibernating / Lost
cust_006480,2016-05-30,823,1,14.62,Hibernating / Lost
cust_010510,2016-09-23,707,1,14.6,Hibernating / Lost
cust_012872,2017-06-19,438,1,14.56,Hibernating / Lost
cust_003898,2016-12-13,626,1,14.55,Hibernating / Lost
cust_008614,2016-12-01,638,1,14.55,Hibernating / Lost
cust_001919,2016-07-29,763,1,14.54,Hibernating / Lost
cust_007201,2017-11-06,298,1,14.5,Potential Loyalists
cust_000763,2017-10-01,334,1,14.46,Potential Loyalists
cust_015671,2016-02-24,919,1,14.4,At Risk (was frequent)
cust_013167,2017-08-13,383,1,14.36,Hibernating / Lost
cust_018165,2017-01-17,591,1,14.34,At Risk (was frequent)
cust_005548,2018-02-01,211,1,14.32,Potential Loyalists
cust_015431,2017-04-19,499,1,14.31,At Risk (was frequent)
cust_016266,2016-11-06,663,1,14.31,At Risk (was frequent)
cust_004776,2018-01-20,223,1,14.31,Potential Loyalists
cust_015992,2018-02-18,194,1,14.3,Loyal Customers
cust_017761,2017-09-17,348,1,14.29,At Risk (was frequent)
cust_018795,2016-12-04,635,1,14.29,At Risk (was frequent)
cust_007539,2016-07-10,782,1,14.28,Hibernating / Lost
cust_005744,2016-11-20,649,1,14.28,Hibernating / Lost
cust_006104,2016-11-03,666,1,14.27,Hibernating / Lost
cust_004494,2017-09-09,356,1,14.25,Hibernating / Lost
cust_005752,2016-02-07,936,1,14.2,Hibernating / Lost
cust_005867,2017-03-07,542,1,14.2,Hibernating / Lost
cust_013464,2017-05-28,460,1,14.19,Hibernating / Lost
cust_006144,2016-04-10,873,1,14.18,Hibernating / Lost
cust_011505,2018-01-07,236,1,14.15,Potential Loyalists
cust_006477,2017-11-07,297,1,14.14,Potential Loyalists
cust_018628,2016-04-14,869,1,14.13,At Risk (was frequent)
cust_008291,2017-07-26,401,1,14.1,Hibernating / Lost
cust_012350,2017-08-27,369,1,14.08,Hibernating / Lost
cust_018288,2017-09-01,364,1,14.08,At Risk (was frequent)
cust_004474,2016-11-22,647,1,14.08,Hibernating / Lost
cust_017876,2016-06-12,810,1,14.08,At Risk (was frequent)
cust_009237,2018-01-19,224,1,14.07,Potential Loyalists
cust_001992,2016-06-17,805,1,14.07,Hibernating / Lost
cust_010713,2017-11-24,280,1,14.07,Potential Loyalists
cust_015933,2017-11-21,283,1,14.05,Loyal Customers
cust_016951,2017-06-23,434,1,14.04,At Risk (was frequent)
cust_009513,2017-05-25,463,1,14.04,Hibernating / Lost
cust_017058,2016-08-04,757,1,13.99,At Risk (was frequent)
cust_009456,2016-09-25,705,1,13.99,Hibernating / Lost
cust_004509,2016-05-19,834,1,13.99,Hibernating / Lost
cust_015943,2017-08-02,394,1,13.97,At Risk (was frequent)
cust_006734,2016-08-19,742,1,13.95,Hibernating / Lost
cust_015144,2018-01-25,218,1,13.94,Loyal Customers
cust_017270,2017-03-20,529,1,13.94,At Risk (was frequent)
cust_016845,2017-10-22,313,1,13.93,Loyal Customers
cust_012329,2016-01-21,953,1,13.91,Hibernating / Lost
cust_011168,2016-11-11,658,1,13.88,Hibernating / Lost
cust_003540,2016-07-26,766,1,13.88,Hibernating / Lost
cust_017864,2017-01-31,577,1,13.87,At Risk (was frequent)
cust_012426,2017-04-17,501,1,13.87,Hibernating / Lost
cust_007554,2016-06-11,811,1,13.87,Hibernating / Lost
cust_005345,2016-05-17,836,1,13.85,Hibernating / Lost
cust_012661,2017-03-08,541,1,13.84,Hibernating / Lost
cust_015706,2016-02-29,914,1,13.8,At Risk (was frequent)
cust_004532,2016-10-04,696,1,13.76,Hibernating / Lost
cust_008945,2017-05-13,475,1,13.72,Hibernating / Lost
cust_017494,2016-09-12,718,1,13.72,At Risk (was frequent)
cust_009692,2016-08-20,741,1,13.72,Hibernating / Lost
cust_007886,2017-07-08,419,1,13.69,Hibernating / Lost
cust_004218,2016-11-07,662,1,13.61,Hibernating / Lost
cust_008312,2016-03-23,891,1,13.59,Hibernating / Lost
cust_016886,2016-11-14,655,1,13.58,At Risk (was frequent)
cust_013380,2017-07-03,424,1,13.58,Hibernating / Lost
cust_002351,2017-10-03,332,1,13.56,Potential Loyalists
cust_015987,2017-09-27,338,1,13.56,Loyal Customers
cust_005656,2018-02-18,194,1,13.56,Potential Loyalists
cust_005251,2018-02-02,210,1,13.55,Potential Loyalists
cust_015435,2016-06-20,802,1,13.54,At Risk (was frequent)
cust_007600,2017-02-15,562,1,13.53,Hibernating / Lost
cust_017829,2017-04-20,498,1,13.51,At Risk (was frequent)
cust_011419,2017-09-02,363,1,13.48,Hibernating / Lost
cust_004292,2016-08-17,744,1,13.46,Hibernating / Lost
cust_011512,2017-09-03,362,1,13.44,Hibernating / Lost
cust_015483,2016-12-27,612,1,13.43,At Risk (was frequent)
cust_010850,2017-08-13,383,1,13.43,Hibernating / Lost
cust_003563,2016-12-27,612,1,13.43,Hibernating / Lost
cust_004207,2017-07-04,423,1,13.41,Hibernating / Lost
cust_012391,2016-10-19,681,1,13.41,Hibernating / Lost
cust_008783,2017-11-03,301,1,13.39,Potential Loyalists
cust_016925,2016-11-01,668,1,13.39,At Risk (was frequent)
cust_009330,2017-12-31,243,1,13.39,Potential Loyalists
cust_015247,2017-10-23,312,1,13.39,Loyal Customers
cust_002729,2016-12-15,624,1,13.35,Hibernating / Lost
cust_012755,2016-07-08,784,1,13.35,Hibernating / Lost
cust_003315,2016-11-29,640,1,13.29,Hibernating / Lost
cust_002838,2017-11-25,279,1,13.29,Potential Loyalists
cust_006949,2017-08-30,366,1,13.27,Hibernating / Lost
cust_003939,2016-07-03,789,1,13.25,Hibernating / Lost
cust_017882,2016-05-03,850,1,13.22,At Risk (was frequent)
cust_010164,2017-12-18,256,1,13.19,Potential Loyalists
cust_003667,2016-10-30,670,1,13.19,Hibernating / Lost
cust_010693,2016-10-22,678,1,13.18,Hibernating / Lost
cust_016144,2016-08-12,749,1,13.12,At Risk (was frequent)
cust_005439,2016-12-30,609,1,13.11,Hibernating / Lost
cust_015570,2017-01-08,600,1,13.11,At Risk (was frequent)
cust_016406,2016-04-10,873,1,13.09,At Risk (was frequent)
cust_006332,2017-03-02,547,1,13.07,Hibernating / Lost
cust_010574,2017-10-17,318,1,12.95,Potential Loyalists
cust_007073,2016-03-24,890,1,12.88,Hibernating / Lost
cust_006094,2016-04-12,871,1,12.88,Hibernating / Lost
cust_010900,2017-08-01,395,1,12.86,Hibernating / Lost
cust_015381,2016-06-05,817,1,12.85,At Risk (was frequent)
cust_018120,2017-09-23,342,1,12.76,At Risk (was frequent)
cust_000090,2017-11-12,292,1,12.76,Potential Loyalists
cust_001966,2017-10-31,304,1,12.75,Potential Loyalists
cust_013765,2016-05-15,838,1,12.74,Hibernating / Lost
cust_014621,2016-03-21,893,1,12.74,At Risk (was frequent)
cust_014814,2018-02-17,195,1,12.71,Loyal Customers
cust_017887,2017-08-14,382,1,12.7,At Risk (was frequent)
cust_006752,2017-05-10,478,1,12.68,Hibernating / Lost
cust_004451,2017-07-08,419,1,12.6,Hibernating / Lost
cust_001045,2018-02-22,190,1,12.55,Potential Loyalists
cust_009939,2017-02-24,553,1,12.54,Hibernating / Lost
cust_014979,2016-09-10,720,1,12.5,At Risk (was frequent)
cust_012307,2016-11-14,655,1,12.46,Hibernating / Lost
cust_012346,2017-09-22,343,1,12.45,Hibernating / Lost
cust_001700,2016-02-29,914,1,12.42,Hibernating / Lost
cust_009297,2016-12-30,609,1,12.4,Hibernating / Lost
cust_007889,2017-10-02,333,1,12.38,Potential Loyalists
cust_006354,2016-12-14,625,1,12.36,Hibernating / Lost
cust_017299,2016-10-28,672,1,12.35,At Risk (was frequent)
cust_006961,2017-09-09,356,1,12.35,Hibernating / Lost
cust_003185,2016-04-06,877,1,12.33,Hibernating / Lost
cust_013294,2017-02-16,561,1,12.29,Hibernating / Lost
cust_011322,2017-10-11,324,1,12.27,Potential Loyalists
cust_014259,2017-03-28,521,1,12.26,At Risk (was frequent)
cust_000455,2016-05-31,822,1,12.23,Hibernating / Lost
cust_014762,2016-06-18,804,1,12.21,At Risk (was frequent)
cust_009236,2018-03-02,182,1,12.17,Potential Loyalists
cust_018612,2017-10-07,328,1,12.14,Loyal Customers
cust_013305,2017-08-26,370,1,12.1,Hibernating / Lost
cust_004097,2017-11-19,285,1,12.07,Potential Loyalists
cust_015615,2016-02-04,939,1,12.05,At Risk (was frequent)
cust_000919,2017-10-28,307,1,11.97,Potential Loyalists
cust_005008,2017-06-08,449,1,11.96,Hibernating / Lost
cust_012084,2017-05-24,464,1,11.93,Hibernating / Lost
cust_004522,2017-01-21,587,1,11.88,Hibernating / Lost
cust_018378,2017-09-20,345,1,11.87,At Risk (was frequent)
cust_004507,2016-02-12,931,1,11.81,Hibernating / Lost
cust_000150,2016-08-30,731,1,11.74,Hibernating / Lost
cust_000981,2017-06-17,440,1,11.73,Hibernating / Lost
cust_000693,2016-06-04,818,1,11.66,Hibernating / Lost
cust_011697,2016-04-23,860,1,11.62,Hibernating / Lost
cust_008640,2017-05-23,465,1,11.62,Hibernating / Lost
cust_008733,2018-01-25,218,1,11.61,Potential Loyalists
cust_002254,2016-11-18,651,1,11.58,Hibernating / Lost
cust_006673,2017-04-02,516,1,11.55,Hibernating / Lost
cust_005873,2018-02-11,201,1,11.54,Potential Loyalists
cust_006544,2016-07-09,783,1,11.47,Hibernating / Lost
cust_000012,2016-12-20,619,1,11.4,Hibernating / Lost
cust_000960,2017-06-24,433,1,11.4,Hibernating / Lost
cust_004482,2016-03-16,898,1,11.4,Hibernating / Lost
cust_016466,2017-11-02,302,1,11.4,Loyal Customers
cust_004942,2017-07-06,421,1,11.4,Hibernating / Lost
cust_018744,2016-06-07,815,1,11.4,At Risk (was frequent)
cust_017713,2018-01-26,217,1,11.4,Loyal Customers
cust_007156,2017-03-16,533,1,11.4,Hibernating / Lost
cust_001713,2016-11-05,664,1,11.4,Hibernating / Lost
cust_014402,2018-01-17,226,1,11.4,Loyal Customers
cust_002969,2018-01-31,212,1,11.4,Potential Loyalists
cust_016341,2017-07-29,398,1,11.4,At Risk (was frequent)
cust_010183,2017-11-21,283,1,11.4,Potential Loyalists
cust_007951,2017-12-10,264,1,11.4,Potential Loyalists
cust_009497,2016-04-30,853,1,0.0,Hibernating / Lost
cust_007471,2017-07-21,406,1,0.0,Hibernating / Lost
cust_014055,2017-08-19,377,1,0.0,At Risk (was frequent)
cust_008488,2016-12-04,635,1,0.0,Hibernating / Lost
cust_013083,2016-02-29,914,1,0.0,Hibernating / Lost
cust_016922,2017-05-06,482,1,0.0,At Risk (was frequent)
cust_000025,2016-09-24,706,1,0.0,Hibernating / Lost
cust_010873,2017-05-31,457,1,0.0,Hibernating / Lost
cust_018443,2016-07-28,764,1,0.0,At Risk (was frequent)
cust_016069,2016-09-18,712,1,0.0,At Risk (was frequent)
cust_013211,2016-02-19,924,1,0.0,Hibernating / Lost
cust_009536,2017-08-25,371,1,0.0,Hibernating / Lost
cust_007262,2017-08-17,379,1,0.0,Hibernating / Lost
cust_012328,2016-12-02,637,1,0.0,Hibernating / Lost
cust_009947,2017-03-27,522,1,0.0,Hibernating / Lost
cust_004616,2017-04-23,495,1,0.0,Hibernating / Lost
cust_015676,2017-12-03,271,1,0.0,Loyal Customers
cust_014737,2016-11-12,657,1,0.0,At Risk (was frequent)
cust_018353,2016-03-21,893,1,0.0,At Risk (was frequent)
cust_004393,2017-11-17,287,1,0.0,Potential Loyalists
cust_000443,2016-04-04,879,1,0.0,Hibernating / Lost
cust_018330,2017-12-06,268,1,0.0,Loyal Customers
cust_006133,2017-06-26,431,1,0.0,Hibernating / Lost
cust_004105,2017-01-26,582,1,0.0,Hibernating / Lost
cust_016181,2016-03-28,886,1,0.0,At Risk (was frequent)
cust_015181,2017-08-26,370,1,0.0,At Risk (was frequent)
cust_016697,2018-01-08,235,1,0.0,Loyal Customers
cust_016179,2016-03-09,905,1,0.0,At Risk (was frequent)
cust_016782,2018-02-02,210,1,0.0,Loyal Customers
cust_005027,2017-03-30,519,1,0.0,Hibernating / Lost
cust_007323,2017-08-09,387,1,0.0,Hibernating / Lost
cust_010450,2016-08-19,742,1,0.0,Hibernating / Lost
cust_006401,2018-01-08,235,1,0.0,Potential Loyalists
cust_012341,2018-01-09,234,1,0.0,Potential Loyalists
cust_009354,2017-09-17,348,1,0.0,Hibernating / Lost
cust_006180,2016-06-06,816,1,0.0,Hibernating / Lost
cust_009161,2017-09-10,355,1,0.0,Hibernating / Lost
cust_016547,2017-05-19,469,1,0.0,At Risk (was frequent)
cust_014276,2017-12-28,246,1,0.0,Loyal Customers
cust_013634,2017-11-24,280,1,0.0,Potential Loyalists
cust_016572,2017-11-02,302,1,0.0,Loyal Customers
cust_012956,2016-07-06,786,1,0.0,Hibernating / Lost
cust_010342,2017-03-05,544,1,0.0,Hibernating / Lost
cust_005603,2018-02-03,209,1,0.0,Potential Loyalists
cust_001739,2017-03-28,521,1,0.0,Hibernating / Lost
cust_012908,2018-01-31,212,1,0.0,Potential Loyalists
cust_004654,2016-06-18,804,1,0.0,Hibernating / Lost
cust_002172,2017-11-18,286,1,0.0,Potential Loyalists
cust_001670,2016-10-12,688,1,0.0,Hibernating / Lost
cust_005566,2016-10-01,699,1,0.0,Hibernating / Lost
cust_009216,2017-01-14,594,1,0.0,Hibernating / Lost
cust_006941,2017-06-02,455,1,0.0,Hibernating / Lost
cust_006967,2017-05-12,476,1,0.0,Hibernating / Lost
cust_014348,2016-10-25,675,1,0.0,At Risk (was frequent)
