product_id,product_category_name,product_weight_g,product_length_cm,product_height_cm,product_width_cm,product_cost
prod_00000,home_appliances,2362,93.5,3.9,47.5,71.18
prod_00001,food_drink,2513,14.0,9.6,36.6,13.85
prod_00002,diapers_and_hygiene,387,27.8,35.4,11.6,19.8
prod_00003,watches_gifts,468,39.4,7.0,25.2,19.33
prod_00004,watches_gifts,1962,38.2,21.8,60.6,28.8
prod_00005,stationery,839,25.8,10.6,33.6,28.17
prod_00006,small_appliances,2769,11.1,13.3,26.4,9.83
prod_00007,diapers_and_hygiene,3300,15.3,4.3,15.0,9.57
prod_00008,garden_tools,400,33.3,11.3,15.0,40.05
prod_00009,watches_gifts,582,9.2,15.3,38.0,79.94
prod_00010,cool_stuff,1254,40.7,13.0,15.7,49.86
prod_00011,industry_commerce_and_business,97,52.4,11.8,30.8,71.21
prod_00012,health_beauty,178,44.2,18.5,24.9,9.43
prod_00013,stationery,523,48.5,5.2,29.9,25.5
prod_00014,computers_accessories,4070,9.4,15.8,23.8,23.43
prod_00015,watches_gifts,1403,26.3,2.4,32.9,20.91
prod_00016,christmas_supplies,670,17.5,25.3,41.4,17.45
prod_00017,bed_bath_table,464,12.3,12.0,24.0,18.82
prod_00018,perfumery,382,23.5,20.9,39.6,38.57
prod_00019,christmas_supplies,713,61.2,2.0,50.4,16.77
prod_00020,fashion_underwear_beach,678,69.3,19.2,30.7,39.44
prod_00021,sports_leisure,966,18.7,7.9,37.5,32.79
prod_00022,home_appliances,1662,31.2,13.4,13.3,46.06
prod_00023,diapers_and_hygiene,1088,36.6,19.4,24.2,14.01
prod_00024,electronics,2045,26.4,12.6,10.8,36.15
prod_00025,office_furniture,911,54.2,18.1,19.9,85.4
prod_00026,office_furniture,3470,23.7,10.7,24.4,52.74
prod_00027,books_general,2010,21.6,26.5,63.2,12.21
prod_00028,telephony,1374,19.3,12.0,17.4,10.98
prod_00029,food_drink,1666,26.3,12.2,25.8,6.11
prod_00030,art,730,5.4,12.3,15.8,7.49
prod_00031,housewares,953,26.9,13.2,23.4,44.98
prod_00032,luggage_accessories,924,32.2,5.4,33.1,16.63
prod_00033,luggage_accessories,602,33.2,6.9,35.8,38.87
prod_00034,music,319,16.9,22.7,21.8,9.48
prod_00035,stationery,1732,32.9,20.9,18.8,9.91
prod_00036,home_appliances,2274,32.6,20.2,5.0,60.45
prod_00037,food_drink,1558,32.9,17.1,53.7,28.25
prod_00038,unknown,1086,44.7,9.5,20.9,59.55
prod_00039,luggage_accessories,4529,16.5,8.8,7.4,32.28
prod_00040,christmas_supplies,662,26.5,12.8,46.9,27.56
prod_00041,books_general,1409,10.7,24.8,8.5,7.29
prod_00042,perfumery,2504,42.6,14.8,46.9,63.94
prod_00043,small_appliances,423,17.9,6.6,11.0,49.17
prod_00044,sports_leisure,1828,48.0,4.6,12.3,43.88
prod_00045,party_supplies,3622,48.8,21.3,14.1,11.12
prod_00046,fashion_bags_accessories,1157,27.9,29.3,20.1,19.94
prod_00047,sports_leisure,1317,27.1,3.7,47.1,14.58
prod_00048,air_conditioning,666,13.3,21.7,14.4,40.46
prod_00049,market_place,1653,30.7,16.9,33.1,7.81
prod_00050,pet_shop,588,44.5,7.7,29.5,31.03
prod_00051,sports_leisure,1105,35.0,14.9,27.0,21.75
prod_00052,music,278,57.4,5.9,42.9,14.65
prod_00053,market_place,50,25.0,11.4,28.2,18.28
prod_00054,air_conditioning,786,24.9,13.3,29.3,40.98
prod_00055,luggage_accessories,775,18.6,26.3,37.3,15.1
prod_00056,unknown,843,75.6,11.1,20.4,20.78
prod_00057,garden_tools,1967,13.2,8.3,25.9,14.55
prod_00058,christmas_supplies,2319,42.9,16.1,30.7,8.77
prod_00059,office_furniture,1454,44.9,18.4,40.8,147.02
prod_00060,consoles_games,1871,44.0,8.1,24.2,31.88
prod_00061,baby,604,19.5,6.5,25.7,75.44
prod_00062,market_place,479,14.6,6.9,32.7,15.8
prod_00063,music,1677,27.9,26.4,24.5,19.15
prod_00064,unknown,418,39.9,17.9,17.6,41.46
prod_00065,small_appliances,373,21.9,10.6,37.3,42.31
prod_00066,art,6123,25.9,23.9,28.2,37.52
prod_00067,baby,1216,22.1,8.1,21.3,12.43
prod_00068,baby,776,31.8,12.5,14.1,23.01
prod_00069,unknown,702,30.7,5.8,8.6,21.07
prod_00070,sports_leisure,287,62.4,23.3,33.6,10.93
prod_00071,electronics,1431,40.3,7.6,17.4,43.37
prod_00072,construction_tools,909,15.0,7.8,10.6,114.29
prod_00073,air_conditioning,2273,15.7,16.3,16.3,66.21
prod_00074,housewares,1715,43.3,2.2,30.6,49.08
prod_00075,consoles_games,884,30.6,4.9,17.3,238.15
prod_00076,watches_gifts,137,73.4,19.8,30.9,222.42
prod_00077,air_conditioning,1218,73.3,6.8,19.3,208.38
prod_00078,pet_shop,1136,18.6,43.3,25.8,90.28
prod_00079,furniture_living_room,102,35.2,14.5,27.0,54.98
prod_00080,electronics,1575,15.8,3.5,36.3,79.74
prod_00081,watches_gifts,404,42.9,2.0,36.9,45.89
prod_00082,christmas_supplies,2356,66.8,30.1,26.3,13.97
prod_00083,market_place,1083,32.8,14.5,15.4,13.15
prod_00084,unknown,685,24.5,11.6,45.1,47.33
prod_00085,electronics,1352,37.0,14.4,21.0,53.66
prod_00086,cds_dvds_musicals,1290,47.3,3.5,5.7,5.91
prod_00087,cds_dvds_musicals,1254,47.4,12.8,30.0,10.4
prod_00088,construction_tools,2144,24.6,7.1,30.6,24.39
prod_00089,toys,1414,21.6,12.3,21.5,14.09
prod_00090,books_general,633,34.3,9.6,11.0,9.21
prod_00091,market_place,932,25.5,14.0,9.7,9.86
prod_00092,fashion_underwear_beach,2946,54.2,10.6,22.3,27.36
prod_00093,sports_leisure,584,25.3,9.2,14.6,25.44
prod_00094,home_appliances,1556,31.6,6.6,40.7,129.89
prod_00095,pet_shop,2199,36.6,3.6,21.9,27.6
prod_00096,party_supplies,1667,13.5,3.0,20.5,11.88
prod_00097,office_furniture,1224,22.5,5.1,59.9,58.43
prod_00098,fashion_bags_accessories,1372,71.8,18.9,6.3,12.89
prod_00099,small_appliances,1744,46.3,6.3,25.7,36.92
prod_00100,telephony,578,25.2,8.3,8.8,56.12
prod_00101,furniture_decor,1142,43.0,8.3,47.5,62.25
prod_00102,books_general,4512,53.8,9.7,10.4,6.35
prod_00103,art,1591,27.2,17.0,31.3,7.57
prod_00104,food_drink,1257,45.2,10.6,29.0,8.48
prod_00105,fashion_shoes,857,42.1,21.0,8.7,73.48
prod_00106,health_beauty,583,15.9,5.1,31.4,19.05
prod_00107,art,1406,27.3,19.7,19.3,11.43
prod_00108,construction_tools,1479,63.2,28.1,34.4,16.81
prod_00109,baby,1083,70.8,12.7,18.6,15.5
prod_00110,signaling_and_security,5713,46.5,6.0,31.4,23.48
prod_00111,music,630,22.1,17.2,24.4,18.81
prod_00112,music,505,7.7,12.8,31.4,19.18
prod_00113,baby,867,20.6,15.5,34.1,14.26
prod_00114,art,1110,14.7,21.3,23.0,26.06
prod_00115,construction_tools,557,65.5,10.0,21.1,54.81
prod_00116,office_furniture,1381,10.5,9.0,33.7,25.7
prod_00117,music,1494,16.2,48.2,19.4,11.01
prod_00118,books_general,1892,33.9,17.4,23.3,11.35
prod_00119,telephony,756,30.5,23.5,52.0,33.55
prod_00120,toys,2782,61.7,20.6,25.9,8.09
prod_00121,fashion_bags_accessories,1803,40.8,23.7,36.9,29.4
prod_00122,party_supplies,619,28.3,15.8,17.9,17.32
prod_00123,cds_dvds_musicals,554,54.7,22.1,31.2,18.55
prod_00124,stationery,916,24.8,8.3,23.6,8.13
prod_00125,music,1496,64.1,3.6,21.4,9.22
prod_00126,music,1658,19.1,6.9,8.2,10.74
prod_00127,electronics,1801,5.0,11.7,14.7,77.29
prod_00128,electronics,4325,29.9,10.7,7.6,73.71
prod_00129,signaling_and_security,195,8.5,12.9,61.9,44.58
prod_00130,fashion_shoes,1060,47.7,8.0,24.3,18.44
prod_00131,watches_gifts,4091,33.0,2.5,26.0,49.35
prod_00132,cds_dvds_musicals,1954,64.2,9.9,40.2,6.52
prod_00133,fashion_underwear_beach,477,26.8,4.6,29.7,15.22
prod_00134,furniture_living_room,1330,13.3,12.5,21.3,132.99
prod_00135,cds_dvds_musicals,1011,38.3,16.2,21.4,5.72
prod_00136,christmas_supplies,983,22.9,9.7,14.0,11.64
prod_00137,perfumery,744,44.3,5.7,32.5,17.79
prod_00138,consoles_games,1251,19.3,13.3,33.1,78.65
prod_00139,telephony,2441,58.6,49.7,26.1,60.08
prod_00140,market_place,801,31.6,17.4,23.9,15.81
prod_00141,electronics,1810,28.4,18.1,33.3,66.49
prod_00142,fashion_bags_accessories,2037,56.7,9.1,13.8,56.23
prod_00143,books_technical,2767,48.0,7.3,30.5,19.85
prod_00144,electronics,546,20.8,23.7,53.5,115.85
prod_00145,home_appliances,1177,47.3,2.0,18.2,100.83
prod_00146,construction_tools,673,42.6,7.8,22.7,6.53
prod_00147,cool_stuff,1252,29.2,31.7,46.5,31.57
prod_00148,housewares,1246,45.5,12.0,26.1,9.2
prod_00149,luggage_accessories,428,58.5,3.9,38.4,18.55
prod_00150,furniture_decor,1308,29.6,16.5,31.5,87.05
prod_00151,perfumery,4467,29.7,9.8,32.8,28.66
prod_00152,books_general,1662,28.9,3.3,17.6,22.62
prod_00153,housewares,347,20.3,14.7,17.3,8.02
prod_00154,market_place,515,29.5,13.4,35.8,7.91
prod_00155,music,1132,27.8,12.9,11.6,17.82
prod_00156,books_general,526,27.0,17.2,23.3,9.01
prod_00157,toys,2668,26.8,5.5,33.3,27.11
prod_00158,bed_bath_table,306,16.1,15.6,22.7,21.31
prod_00159,signaling_and_security,1670,50.4,14.0,24.0,30.14
prod_00160,perfumery,241,22.5,23.4,53.6,26.44
prod_00161,luggage_accessories,1118,60.1,7.7,39.3,31.45
prod_00162,garden_tools,458,18.1,25.8,49.2,32.75
prod_00163,watches_gifts,1889,66.8,20.4,74.1,115.92
prod_00164,costruction_tools_garden,2372,25.4,11.7,47.1,26.54
prod_00165,party_supplies,1493,47.6,12.9,20.2,9.36
prod_00166,industry_commerce_and_business,2447,32.8,2.0,16.0,36.52
prod_00167,music,67,14.9,12.7,20.4,22.91
prod_00168,cool_stuff,1296,15.4,19.6,33.6,49.13
prod_00169,christmas_supplies,1654,21.5,10.6,21.5,6.2
prod_00170,books_general,1807,24.7,23.4,18.0,5.86
prod_00171,telephony,1585,30.1,16.7,52.2,18.96
prod_00172,housewares,1835,36.4,37.2,21.1,19.27
prod_00173,industry_commerce_and_business,1285,28.1,8.1,32.3,44.83
prod_00174,baby,351,35.4,18.5,31.8,30.88
prod_00175,costruction_tools_garden,739,38.3,4.7,8.4,29.93
prod_00176,housewares,2677,27.5,11.3,50.6,31.81
prod_00177,baby,2477,42.3,17.3,13.4,32.82
prod_00178,baby,1632,46.9,19.2,10.9,23.85
prod_00179,baby,1917,38.8,10.1,19.9,47.15
prod_00180,books_general,2283,39.9,24.9,16.1,6.46
prod_00181,christmas_supplies,1619,33.9,28.0,46.7,12.56
prod_00182,christmas_supplies,2626,52.6,8.2,29.5,15.31
prod_00183,music,2568,30.5,11.5,18.9,15.55
prod_00184,garden_tools,5377,21.7,10.7,10.7,8.48
prod_00185,diapers_and_hygiene,766,30.9,9.1,31.2,8.78
prod_00186,small_appliances,777,15.1,27.0,22.2,40.1
prod_00187,small_appliances,1533,14.0,26.8,33.4,35.54
prod_00188,books_technical,3935,47.1,11.0,29.6,31.53
prod_00189,costruction_tools_garden,2765,60.6,18.5,16.4,50.06
prod_00190,diapers_and_hygiene,2084,25.8,23.2,35.5,9.38
prod_00191,fashion_shoes,2892,47.3,14.8,12.5,42.97
prod_00192,pet_shop,1675,10.9,10.4,21.7,21.51
prod_00193,music,925,9.8,7.8,23.2,11.37
prod_00194,cool_stuff,4575,53.3,19.5,24.9,56.55
prod_00195,toys,1588,38.9,5.0,12.0,21.3
prod_00196,pet_shop,2530,30.5,10.6,45.5,27.67
prod_00197,sports_leisure,66,65.4,9.5,16.4,47.95
prod_00198,perfumery,91,28.4,4.8,9.2,51.79
prod_00199,cds_dvds_musicals,1327,17.4,12.1,30.1,14.54
prod_00200,art,527,12.9,11.3,61.4,66.23
prod_00201,office_furniture,1419,30.9,6.7,8.4,81.8
prod_00202,electronics,776,33.8,26.4,14.6,47.02
prod_00203,construction_tools,5880,27.5,19.6,39.6,51.28
prod_00204,books_technical,2395,47.8,13.0,25.8,23.14
prod_00205,small_appliances,3079,57.4,21.3,12.3,42.49
prod_00206,bed_bath_table,121,25.7,24.3,23.1,59.37
prod_00207,small_appliances,2065,10.9,27.1,54.0,11.67
prod_00208,electronics,1014,35.5,8.1,48.0,167.68
prod_00209,books_technical,3119,53.1,21.3,81.2,42.19
prod_00210,industry_commerce_and_business,1860,25.7,11.4,36.4,67.74
prod_00211,diapers_and_hygiene,1133,39.9,14.5,19.6,12.1
prod_00212,pet_shop,390,16.7,8.3,39.2,18.69
prod_00213,fashion_bags_accessories,1308,35.1,12.7,17.4,25.02
prod_00214,construction_tools,2636,40.3,21.5,24.1,58.25
prod_00215,telephony,3238,35.6,31.0,17.4,45.58
prod_00216,party_supplies,876,73.9,11.9,36.3,16.29
prod_00217,food_drink,5276,60.2,6.8,34.7,15.8
prod_00218,industry_commerce_and_business,2499,43.5,33.6,18.3,77.95
prod_00219,perfumery,537,50.6,7.9,43.7,47.59
prod_00220,perfumery,428,35.0,3.6,50.6,17.47
prod_00221,industry_commerce_and_business,1066,29.9,8.8,19.7,78.09
prod_00222,small_appliances,875,24.3,2.1,31.5,76.9
prod_00223,books_technical,1684,16.5,23.6,52.1,16.88
prod_00224,furniture_living_room,1206,61.6,3.1,30.1,114.29
prod_00225,construction_tools,936,75.3,7.5,21.7,19.69
prod_00226,pet_shop,257,31.3,5.6,24.7,21.02
prod_00227,luggage_accessories,1900,31.6,13.7,19.5,19.85
prod_00228,perfumery,233,41.1,31.0,44.4,68.8
prod_00229,unknown,2504,28.5,16.9,41.7,71.12
prod_00230,cool_stuff,140,17.7,5.0,67.4,36.15
prod_00231,electronics,218,14.8,40.3,17.1,144.08
prod_00232,christmas_supplies,534,74.0,15.7,18.9,35.72
prod_00233,diapers_and_hygiene,811,11.8,22.2,11.0,10.12
prod_00234,unknown,676,36.3,4.2,33.7,15.21
prod_00235,toys,808,12.7,36.5,13.6,33.4
prod_00236,food_drink,1440,29.2,10.0,65.7,7.61
prod_00237,party_supplies,546,25.6,3.9,16.1,12.6
prod_00238,art,1450,13.9,14.7,67.6,59.14
prod_00239,unknown,68,41.8,22.2,5.0,16.68
prod_00240,music,527,17.0,18.4,8.0,18.37
prod_00241,art,205,12.9,18.2,13.3,22.23
prod_00242,costruction_tools_garden,2485,44.1,17.4,29.7,30.65
prod_00243,auto,615,25.7,13.9,24.5,46.76
prod_00244,costruction_tools_garden,1817,20.5,4.2,15.9,82.11
prod_00245,computers_accessories,164,45.4,11.2,23.8,64.21
prod_00246,home_appliances,3203,16.5,10.3,18.5,102.37
prod_00247,pet_shop,1260,11.0,27.1,33.3,57.81
prod_00248,construction_tools,1152,55.5,23.6,13.9,33.26
prod_00249,books_technical,261,68.9,9.4,27.5,11.0
prod_00250,auto,467,28.8,20.2,28.1,114.39
prod_00251,fashion_underwear_beach,961,5.0,12.3,24.9,15.6
prod_00252,market_place,485,28.6,3.7,31.3,20.1
prod_00253,pet_shop,2317,46.7,2.0,23.7,15.39
prod_00254,baby,1231,52.8,18.8,36.1,31.38
prod_00255,toys,490,17.5,6.2,24.9,12.41
prod_00256,cool_stuff,2075,26.3,6.2,45.4,36.16
prod_00257,construction_tools,859,34.9,8.0,27.5,24.5
prod_00258,fashion_underwear_beach,2009,45.4,19.1,43.9,9.96
prod_00259,fashion_bags_accessories,747,43.0,23.8,18.7,22.37
prod_00260,electronics,1727,39.7,23.5,14.8,15.89
prod_00261,baby,834,52.7,3.3,36.0,12.46
prod_00262,garden_tools,2318,29.8,7.8,25.1,30.72
prod_00263,market_place,168,61.9,6.9,6.4,14.36
prod_00264,luggage_accessories,359,22.9,19.1,16.9,17.25
prod_00265,baby,1032,43.4,7.9,29.7,33.12
prod_00266,industry_commerce_and_business,640,24.7,11.7,24.0,29.26
prod_00267,fashion_shoes,812,29.0,20.1,16.5,45.61
prod_00268,watches_gifts,1873,31.4,13.2,25.0,38.55
prod_00269,stationery,798,24.0,15.7,27.1,9.87
prod_00270,bed_bath_table,1489,53.8,11.5,9.3,24.68
prod_00271,health_beauty,524,25.3,22.4,43.3,81.75
prod_00272,perfumery,125,30.5,23.7,48.2,22.53
prod_00273,construction_tools,2000,40.9,17.4,16.9,40.09
prod_00274,air_conditioning,3699,89.7,23.8,60.4,96.89
prod_00275,housewares,1374,41.6,47.9,24.1,10.03
prod_00276,food_drink,1078,31.9,19.9,17.9,6.57
prod_00277,auto,1266,9.9,12.5,17.7,30.7
prod_00278,housewares,2907,28.6,15.9,58.4,27.74
prod_00279,books_technical,1387,21.8,25.2,14.0,16.21
prod_00280,costruction_tools_garden,2069,26.2,9.9,27.4,29.12
prod_00281,fashion_underwear_beach,2005,24.4,9.4,29.1,25.23
prod_00282,computers_accessories,2456,40.7,15.7,36.1,26.52
prod_00283,computers_accessories,1060,28.3,12.4,26.3,48.5
prod_00284,stationery,738,19.1,6.9,56.3,6.84
prod_00285,construction_tools,1741,47.7,14.3,61.6,45.24
prod_00286,art,2336,15.6,28.1,49.9,17.01
prod_00287,baby,2649,31.2,17.1,30.6,34.26
prod_00288,telephony,3153,28.7,5.9,39.8,15.21
prod_00289,party_supplies,2191,36.8,18.7,21.5,11.44
prod_00290,watches_gifts,703,53.0,10.9,44.1,19.6
prod_00291,health_beauty,1373,96.5,39.1,18.5,15.93
prod_00292,consoles_games,1282,31.9,17.9,15.4,173.59
prod_00293,electronics,1177,21.6,8.8,15.1,58.26
prod_00294,pet_shop,1744,20.5,19.6,33.7,10.69
prod_00295,industry_commerce_and_business,983,20.4,14.9,52.9,28.04
prod_00296,party_supplies,984,36.1,26.6,55.0,6.55
prod_00297,baby,3850,8.6,9.4,6.7,11.12
prod_00298,art,1105,15.0,17.8,41.0,23.23
prod_00299,pet_shop,2444,36.2,4.2,14.8,10.48
prod_00300,sports_leisure,2542,48.9,13.9,73.6,29.26
prod_00301,party_supplies,1402,49.0,5.8,12.2,12.71
prod_00302,housewares,1016,32.7,14.6,9.4,14.17
prod_00303,fashion_underwear_beach,544,45.8,16.6,41.4,18.66
prod_00304,air_conditioning,229,53.4,17.4,20.8,44.28
prod_00305,cool_stuff,1835,25.1,9.3,20.2,53.56
prod_00306,baby,1575,50.8,14.2,16.7,15.6
prod_00307,home_appliances,2033,12.3,24.7,18.3,50.74
prod_00308,signaling_and_security,780,14.8,33.0,42.4,22.52
prod_00309,auto,4111,25.9,14.5,15.1,68.37
prod_00310,books_general,1679,11.4,25.1,23.6,11.59
prod_00311,construction_tools,1072,41.0,7.3,14.2,7.74
prod_00312,computers_accessories,115,23.2,10.3,26.9,59.14
prod_00313,cds_dvds_musicals,856,28.9,15.4,20.0,6.62
prod_00314,food_drink,2102,29.4,12.4,32.3,10.2
prod_00315,fashion_shoes,3098,25.6,11.7,34.4,30.33
prod_00316,telephony,1209,20.4,23.6,53.3,25.11
prod_00317,watches_gifts,3443,40.0,6.5,71.1,56.45
prod_00318,unknown,506,22.9,7.0,17.7,118.44
prod_00319,furniture_living_room,1611,29.2,5.2,36.4,28.81
prod_00320,small_appliances,1644,37.0,15.7,19.8,19.86
prod_00321,auto,1846,53.2,10.8,33.9,37.15
prod_00322,furniture_living_room,1340,51.2,22.3,33.2,17.53
prod_00323,toys,1546,24.0,14.9,32.6,17.71
prod_00324,books_technical,494,19.8,9.2,37.8,32.54
prod_00325,unknown,2898,58.5,8.3,27.8,30.45
prod_00326,market_place,2278,22.9,2.0,20.9,10.88
prod_00327,bed_bath_table,1501,39.2,12.0,27.0,18.82
prod_00328,art,2316,11.0,5.9,68.5,46.66
prod_00329,unknown,2961,8.5,24.0,18.8,17.32
prod_00330,art,1827,31.9,10.5,21.8,13.79
prod_00331,health_beauty,4407,27.2,4.5,17.0,10.27
prod_00332,office_furniture,1937,44.3,26.7,8.3,51.18
prod_00333,computers_accessories,570,20.5,12.1,24.7,56.87
prod_00334,furniture_decor,1446,35.6,18.7,35.1,21.61
prod_00335,books_technical,2379,43.1,9.3,15.5,31.4
prod_00336,cds_dvds_musicals,2963,20.9,27.2,49.2,9.69
prod_00337,computers_accessories,1362,25.9,7.6,31.8,91.23
prod_00338,art,529,16.4,10.8,42.6,15.31
prod_00339,perfumery,998,45.1,3.5,30.2,38.08
prod_00340,perfumery,330,40.3,26.9,23.6,29.97
prod_00341,toys,2081,41.8,8.5,21.1,48.64
prod_00342,construction_tools,847,27.2,15.9,29.6,42.19
prod_00343,telephony,654,40.0,17.3,31.0,34.06
prod_00344,consoles_games,2226,5.3,24.4,19.5,56.52
prod_00345,garden_tools,3397,28.4,15.2,23.2,17.78
prod_00346,sports_leisure,652,63.4,12.5,61.8,30.39
prod_00347,stationery,1368,30.6,23.0,27.3,19.29
prod_00348,books_general,1032,49.7,17.1,28.7,7.31
prod_00349,unknown,3057,27.2,11.4,54.3,35.04
prod_00350,fashion_bags_accessories,1129,56.9,27.5,31.2,29.66
prod_00351,perfumery,483,19.8,17.9,25.5,42.25
prod_00352,air_conditioning,1171,37.9,5.5,41.9,24.51
prod_00353,books_general,2633,21.9,30.4,37.3,6.54
prod_00354,food_drink,984,34.8,9.1,29.1,6.85
prod_00355,christmas_supplies,714,22.9,24.3,30.4,15.8
prod_00356,luggage_accessories,1089,30.5,4.6,22.1,15.83
prod_00357,party_supplies,498,24.7,22.9,13.6,8.67
prod_00358,consoles_games,1031,42.3,5.8,34.6,39.71
prod_00359,electronics,761,38.6,15.0,10.7,49.68
prod_00360,perfumery,4940,21.5,17.6,14.0,16.27
prod_00361,auto,155,21.2,11.5,23.1,65.62
prod_00362,music,568,18.9,13.5,21.9,14.84
prod_00363,cds_dvds_musicals,713,16.9,6.7,36.5,8.7
prod_00364,air_conditioning,501,43.8,21.5,41.2,56.29
prod_00365,watches_gifts,1622,18.3,15.5,66.2,13.32
prod_00366,furniture_living_room,641,36.3,7.5,9.7,34.55
prod_00367,auto,293,23.6,15.8,32.6,27.65
prod_00368,signaling_and_security,1277,49.0,16.1,31.9,36.07
prod_00369,cool_stuff,938,71.0,13.9,29.9,52.17
prod_00370,housewares,669,5.0,2.0,34.6,21.65
prod_00371,fashion_shoes,3005,19.6,10.5,38.3,60.58
prod_00372,signaling_and_security,1662,23.4,21.3,50.0,24.77
prod_00373,christmas_supplies,1529,27.6,18.2,30.4,10.5
prod_00374,furniture_decor,1689,26.8,17.9,57.5,68.95
prod_00375,perfumery,1627,14.7,15.4,30.5,37.99
prod_00376,watches_gifts,978,71.7,22.8,20.3,33.92
prod_00377,toys,648,27.3,9.1,29.1,58.34
prod_00378,office_furniture,1299,38.6,7.9,16.2,78.04
prod_00379,baby,963,39.1,34.7,16.7,19.82
prod_00380,sports_leisure,152,12.8,8.5,24.1,16.58
prod_00381,furniture_living_room,460,25.4,5.4,22.3,94.37
prod_00382,sports_leisure,866,43.8,11.4,49.3,31.71
prod_00383,auto,2259,58.7,14.2,24.0,39.24
prod_00384,bed_bath_table,1303,25.7,22.8,15.0,33.07
prod_00385,furniture_decor,548,14.2,10.5,26.4,65.76
prod_00386,consoles_games,423,22.3,10.5,30.3,108.0
prod_00387,food_drink,2600,25.1,13.4,27.8,19.6
prod_00388,costruction_tools_garden,1015,24.6,9.4,14.5,46.08
prod_00389,computers_accessories,50,18.9,4.6,51.9,63.92
prod_00390,health_beauty,1067,13.4,5.7,9.1,12.19
prod_00391,perfumery,1929,16.4,26.4,27.6,91.14
prod_00392,market_place,410,22.4,20.1,14.3,6.37
prod_00393,music,1229,43.4,13.1,43.2,14.37
prod_00394,luggage_accessories,1319,51.6,18.2,32.6,13.85
prod_00395,fashion_bags_accessories,435,32.2,20.4,30.3,23.36
prod_00396,watches_gifts,2764,16.6,8.8,23.0,26.58
prod_00397,unknown,1337,23.1,6.6,49.7,18.33
prod_00398,watches_gifts,863,8.7,24.8,23.0,54.57
prod_00399,sports_leisure,1020,59.2,2.4,60.1,14.58
prod_00400,industry_commerce_and_business,356,21.3,18.3,16.4,48.35
prod_00401,baby,341,37.0,14.9,26.5,46.82
prod_00402,luggage_accessories,797,49.8,23.4,37.7,15.16
prod_00403,small_appliances,839,67.3,18.7,33.8,19.57
prod_00404,small_appliances,967,45.8,18.1,25.4,44.06
prod_00405,construction_tools,2931,24.5,7.1,9.8,36.05
prod_00406,luggage_accessories,1855,39.4,20.9,28.6,32.86
prod_00407,health_beauty,185,66.1,17.0,21.5,30.99
prod_00408,furniture_decor,2560,21.1,7.7,18.9,22.17
prod_00409,consoles_games,791,13.0,14.9,38.9,60.33
prod_00410,electronics,1984,19.0,6.1,8.6,48.35
prod_00411,small_appliances,846,38.1,12.0,25.9,25.55
prod_00412,music,1273,24.9,42.7,5.0,22.81
prod_00413,fashion_underwear_beach,385,29.1,6.8,33.9,6.53
prod_00414,cool_stuff,1493,41.3,4.6,39.1,19.07
prod_00415,perfumery,2145,18.7,5.8,28.4,15.14
prod_00416,music,231,28.4,11.9,20.5,23.02
prod_00417,garden_tools,2169,22.9,19.5,49.3,16.1
prod_00418,furniture_living_room,645,64.7,13.6,51.0,38.08
prod_00419,small_appliances,3575,45.1,5.1,31.1,13.22
prod_00420,music,2010,25.0,19.4,54.8,10.28
prod_00421,cds_dvds_musicals,1769,24.2,3.1,16.4,12.53
prod_00422,home_appliances,1025,68.4,5.5,24.6,71.9
prod_00423,toys,5535,65.6,9.1,6.2,19.08
prod_00424,stationery,796,38.0,24.3,13.7,6.33
prod_00425,electronics,471,29.8,14.0,13.0,60.07
prod_00426,garden_tools,665,14.8,14.3,33.8,23.23
prod_00427,pet_shop,2419,19.0,5.2,14.3,14.03
prod_00428,garden_tools,1254,14.2,9.7,8.3,31.71
prod_00429,market_place,1116,50.8,22.3,18.1,23.03
prod_00430,music,806,15.0,16.4,19.3,9.61
prod_00431,diapers_and_hygiene,1071,24.1,19.8,12.2,12.17
prod_00432,computers_accessories,760,9.8,13.1,27.3,44.11
prod_00433,costruction_tools_garden,1890,12.2,22.5,29.8,64.3
prod_00434,furniture_decor,949,42.3,5.1,10.5,118.59
prod_00435,perfumery,676,35.1,11.7,36.4,18.11
prod_00436,telephony,2281,30.3,17.9,15.8,52.24
prod_00437,watches_gifts,485,24.3,4.0,19.2,81.48
prod_00438,telephony,1268,11.3,2.0,32.8,19.18
prod_00439,health_beauty,151,22.6,34.7,19.3,14.23
prod_00440,luggage_accessories,313,27.5,14.1,13.8,21.68
prod_00441,sports_leisure,867,40.9,3.7,26.4,22.72
prod_00442,electronics,748,49.4,13.9,43.4,59.06
prod_00443,books_technical,747,42.9,5.6,40.8,17.32
prod_00444,art,2023,35.0,7.1,18.3,29.04
prod_00445,industry_commerce_and_business,2107,30.1,24.8,15.1,13.37
prod_00446,housewares,1458,33.3,9.3,16.9,10.01
prod_00447,art,461,21.8,9.2,41.0,25.0
prod_00448,market_place,1065,31.4,5.4,16.7,19.24
prod_00449,telephony,3913,27.4,10.6,53.4,15.47
prod_00450,construction_tools,5183,81.9,14.6,32.6,50.27
prod_00451,christmas_supplies,2296,33.7,9.3,24.9,29.96
prod_00452,electronics,478,8.3,39.9,18.1,72.27
prod_00453,telephony,1072,23.6,6.4,26.6,18.06
prod_00454,industry_commerce_and_business,1388,25.9,6.4,13.8,83.43
prod_00455,unknown,1236,45.8,10.3,10.7,21.36
prod_00456,unknown,2464,35.9,37.2,32.7,6.85
prod_00457,diapers_and_hygiene,1961,35.0,20.0,24.8,9.7
prod_00458,industry_commerce_and_business,454,56.0,9.1,37.1,81.59
prod_00459,construction_tools,691,65.8,9.1,29.3,41.26
prod_00460,telephony,2290,42.2,6.3,18.0,10.76
prod_00461,pet_shop,2996,24.6,10.1,40.8,29.81
prod_00462,auto,1401,25.0,11.5,19.1,21.99
prod_00463,home_appliances,3248,5.0,19.4,46.5,30.32
prod_00464,market_place,1284,52.5,17.1,18.8,6.88
prod_00465,party_supplies,533,24.9,9.9,11.7,20.56
prod_00466,baby,1837,29.1,29.5,50.7,15.98
prod_00467,cool_stuff,6691,23.4,8.3,18.5,40.95
prod_00468,music,359,16.5,4.5,19.2,13.98
prod_00469,bed_bath_table,3166,78.8,15.1,12.0,24.8
prod_00470,fashion_shoes,1764,29.2,23.8,23.8,37.18
prod_00471,music,655,60.0,12.7,12.9,12.72
prod_00472,small_appliances,155,25.1,5.3,49.2,33.1
prod_00473,stationery,87,21.2,14.3,20.7,8.64
prod_00474,luggage_accessories,745,40.5,15.4,15.3,18.1
prod_00475,stationery,1563,49.3,16.4,25.9,12.19
prod_00476,cds_dvds_musicals,2175,50.9,14.5,70.3,8.57
prod_00477,home_appliances,2531,27.3,25.6,26.6,78.99
prod_00478,health_beauty,1463,42.6,6.2,22.3,32.59
prod_00479,unknown,1299,22.5,2.0,25.6,58.89
prod_00480,sports_leisure,891,31.2,3.2,38.0,17.06
prod_00481,party_supplies,1591,25.9,5.2,36.3,6.22
prod_00482,fashion_underwear_beach,664,23.9,21.4,28.9,10.67
prod_00483,stationery,379,31.9,10.6,41.6,6.73
prod_00484,home_appliances,1239,16.2,30.9,26.4,40.58
prod_00485,pet_shop,2061,47.3,5.8,23.2,25.04
prod_00486,cool_stuff,301,24.0,30.5,26.1,35.13
prod_00487,baby,745,46.2,7.2,18.9,63.6
prod_00488,consoles_games,1204,18.1,11.5,38.4,105.04
prod_00489,cool_stuff,1185,23.9,3.7,18.4,103.27
prod_00490,costruction_tools_garden,1730,16.2,28.2,7.6,50.06
prod_00491,computers_accessories,3840,15.8,12.5,10.7,101.59
prod_00492,luggage_accessories,88,19.5,40.9,30.4,23.5
prod_00493,fashion_bags_accessories,3954,18.3,24.4,16.8,13.1
prod_00494,fashion_shoes,3727,16.3,11.3,36.7,23.31
prod_00495,watches_gifts,2200,30.2,8.0,24.9,37.62
prod_00496,stationery,1381,40.1,22.0,38.3,8.07
prod_00497,music,676,41.1,13.3,8.1,7.16
prod_00498,baby,2182,10.8,7.7,18.3,31.05
prod_00499,housewares,1435,25.9,13.9,15.0,9.74
prod_00500,office_furniture,907,24.5,2.7,77.3,18.63
prod_00501,watches_gifts,2142,56.5,16.6,20.0,19.25
prod_00502,toys,2405,26.4,18.5,10.6,17.83
prod_00503,construction_tools,2981,28.9,5.7,30.1,19.41
prod_00504,fashion_shoes,611,13.1,26.0,14.3,25.35
prod_00505,market_place,2724,19.2,22.9,40.3,17.29
prod_00506,books_general,921,12.7,15.7,43.7,14.47
prod_00507,food_drink,1384,31.1,6.8,15.1,8.09
prod_00508,sports_leisure,1592,57.4,19.2,57.0,11.95
prod_00509,fashion_bags_accessories,2574,19.6,10.2,17.1,18.85
prod_00510,bed_bath_table,1990,26.5,14.7,28.7,32.94
prod_00511,bed_bath_table,895,18.4,20.3,40.9,39.82
prod_00512,garden_tools,107,21.6,4.6,30.4,26.06
prod_00513,fashion_underwear_beach,1716,31.5,3.6,20.0,29.82
prod_00514,signaling_and_security,1341,70.6,9.6,11.8,92.15
prod_00515,costruction_tools_garden,355,56.0,37.0,55.9,26.23
prod_00516,market_place,1464,64.1,41.9,30.7,27.76
prod_00517,costruction_tools_garden,1192,46.4,16.4,61.8,28.32
prod_00518,telephony,2961,26.3,23.2,33.0,61.32
prod_00519,food_drink,4134,24.5,12.8,57.7,18.68
prod_00520,signaling_and_security,2364,19.6,13.9,16.2,10.05
prod_00521,furniture_decor,1139,6.0,11.5,16.9,21.59
prod_00522,home_appliances,1278,26.1,24.9,22.8,28.64
prod_00523,food_drink,592,57.8,31.1,15.5,6.51
prod_00524,home_appliances,698,57.5,13.7,9.6,100.99
prod_00525,food_drink,1087,83.5,13.9,17.8,36.5
prod_00526,unknown,999,32.7,11.9,32.7,10.56
prod_00527,home_appliances,334,14.8,31.5,12.6,104.81
prod_00528,sports_leisure,2982,38.8,21.6,13.4,55.76
prod_00529,perfumery,3267,71.0,6.7,18.5,33.97
prod_00530,garden_tools,2917,61.5,36.3,14.6,22.95
prod_00531,home_appliances,3342,23.0,2.0,19.0,53.13
prod_00532,fashion_underwear_beach,4934,15.6,29.7,23.7,20.24
prod_00533,home_appliances,602,15.4,23.7,13.1,103.99
prod_00534,garden_tools,4795,20.3,13.8,18.7,28.78
prod_00535,toys,890,22.0,13.6,24.8,27.45
prod_00536,books_general,1905,25.3,12.3,15.8,8.87
prod_00537,health_beauty,252,41.3,6.9,11.8,7.13
prod_00538,garden_tools,797,24.8,34.7,16.5,35.83
prod_00539,signaling_and_security,2411,30.5,13.3,20.6,14.93
prod_00540,computers_accessories,1971,12.2,6.8,9.3,76.0
prod_00541,consoles_games,876,19.6,33.5,33.0,112.23
prod_00542,garden_tools,1277,19.2,17.5,21.2,10.73
prod_00543,computers_accessories,726,11.0,18.1,16.5,34.58
prod_00544,consoles_games,2407,24.5,37.8,10.2,260.08
prod_00545,office_furniture,3117,12.2,19.6,30.9,45.77
prod_00546,telephony,605,23.6,8.8,43.9,15.41
prod_00547,furniture_decor,1179,31.7,19.6,18.2,54.79
prod_00548,housewares,319,58.3,7.4,59.1,12.28
prod_00549,market_place,1431,18.6,9.9,24.2,6.39
prod_00550,industry_commerce_and_business,1764,31.3,16.1,24.6,65.86
prod_00551,telephony,1520,21.1,23.0,37.6,17.73
prod_00552,perfumery,1664,11.8,9.2,31.7,38.35
prod_00553,fashion_bags_accessories,1082,58.6,12.0,12.6,17.61
prod_00554,fashion_bags_accessories,1103,32.5,12.0,17.9,34.89
prod_00555,cool_stuff,1062,37.8,25.4,40.8,36.39
prod_00556,sports_leisure,776,63.3,13.6,32.0,6.23
prod_00557,office_furniture,861,23.5,36.0,59.4,64.65
prod_00558,fashion_bags_accessories,1706,14.4,9.9,29.6,20.03
prod_00559,fashion_bags_accessories,2984,18.5,9.4,32.6,57.22
prod_00560,cool_stuff,510,13.7,29.4,16.5,42.43
prod_00561,party_supplies,1100,50.7,18.7,43.6,17.39
prod_00562,pet_shop,411,72.4,48.1,6.2,17.06
prod_00563,consoles_games,788,31.5,28.8,26.8,49.42
prod_00564,garden_tools,904,41.9,5.5,33.1,21.76
prod_00565,air_conditioning,1356,47.4,13.4,28.6,55.49
prod_00566,signaling_and_security,1328,65.4,16.0,24.3,63.46
prod_00567,health_beauty,1170,70.9,15.4,22.9,17.85
prod_00568,party_supplies,1606,9.5,12.2,24.8,6.79
prod_00569,books_technical,557,21.4,15.2,13.7,13.54
prod_00570,computers_accessories,1365,29.7,15.7,28.5,98.49
prod_00571,music,2011,20.0,9.2,16.6,10.73
prod_00572,computers_accessories,551,25.6,24.8,18.3,43.31
prod_00573,sports_leisure,199,36.6,33.7,12.8,43.49
prod_00574,computers_accessories,2393,7.1,20.6,85.9,29.17
prod_00575,construction_tools,424,36.1,17.2,27.5,9.85
prod_00576,pet_shop,755,46.7,12.8,11.3,14.0
prod_00577,electronics,1970,30.1,16.0,26.1,84.38
prod_00578,housewares,525,6.4,16.9,43.3,15.56
prod_00579,garden_tools,2280,24.5,6.9,28.3,10.02
prod_00580,food_drink,663,34.8,24.1,23.9,22.0
prod_00581,diapers_and_hygiene,592,48.3,10.4,15.8,10.98
prod_00582,music,413,44.9,30.3,28.4,13.98
prod_00583,computers_accessories,668,28.0,2.0,35.7,64.1
prod_00584,luggage_accessories,1787,20.6,14.9,35.9,14.69
prod_00585,books_technical,755,28.7,24.3,27.0,19.36
prod_00586,office_furniture,2400,10.4,20.4,27.0,79.66
prod_00587,housewares,1207,21.7,5.6,46.9,33.47
prod_00588,art,1290,52.7,28.8,44.4,26.97
prod_00589,construction_tools,575,28.6,8.2,22.2,54.57
prod_00590,health_beauty,2646,35.5,9.9,56.8,5.9
prod_00591,garden_tools,2022,13.3,10.5,11.5,20.77
prod_00592,electronics,1983,48.1,4.2,27.6,39.38
prod_00593,sports_leisure,1034,27.3,15.3,29.1,48.36
prod_00594,perfumery,363,34.9,25.2,15.3,60.97
prod_00595,home_appliances,1342,38.8,29.9,10.1,33.81
prod_00596,party_supplies,1733,47.3,12.2,15.5,12.18
prod_00597,furniture_decor,1745,32.3,13.5,39.2,43.56
prod_00598,fashion_shoes,1581,27.6,21.2,39.8,49.85
prod_00599,christmas_supplies,1534,15.1,12.4,34.7,6.36
prod_00600,unknown,660,12.6,26.5,16.7,7.87
prod_00601,christmas_supplies,689,31.9,13.1,40.1,15.14
prod_00602,watches_gifts,417,35.1,7.5,17.4,9.2
prod_00603,air_conditioning,2419,38.0,15.5,28.5,75.78
prod_00604,art,4011,18.7,4.8,24.7,22.79
prod_00605,perfumery,6611,21.8,15.4,20.2,62.75
prod_00606,furniture_living_room,1413,31.7,17.2,33.8,28.85
prod_00607,office_furniture,1537,23.3,8.3,37.2,60.33
prod_00608,furniture_living_room,1067,87.0,16.8,16.2,66.46
prod_00609,unknown,1396,21.6,11.4,25.5,12.26
prod_00610,diapers_and_hygiene,523,36.3,8.0,36.3,14.04
prod_00611,diapers_and_hygiene,1050,44.2,4.3,5.0,11.76
prod_00612,stationery,596,45.6,5.2,30.4,9.34
prod_00613,luggage_accessories,944,23.1,32.1,36.6,28.58
prod_00614,electronics,643,38.9,11.2,31.1,63.52
prod_00615,air_conditioning,1734,36.5,17.0,31.9,104.36
prod_00616,fashion_shoes,1891,39.7,12.1,23.8,27.36
prod_00617,home_appliances,1502,31.4,32.5,35.4,77.33
prod_00618,housewares,692,44.4,8.1,12.4,13.31
prod_00619,market_place,389,33.4,14.2,15.6,8.41
prod_00620,perfumery,1906,14.0,9.9,31.6,36.32
prod_00621,garden_tools,1203,32.9,24.2,35.4,13.04
prod_00622,telephony,189,34.8,16.8,43.4,56.83
prod_00623,art,1334,42.9,13.9,52.6,24.31
prod_00624,computers_accessories,1545,32.0,5.7,16.9,28.12
prod_00625,air_conditioning,269,66.2,40.8,13.5,76.7
prod_00626,industry_commerce_and_business,1755,28.1,12.3,38.8,26.67
prod_00627,health_beauty,316,22.5,7.2,19.7,6.61
prod_00628,fashion_underwear_beach,628,56.1,4.3,24.3,12.1
prod_00629,fashion_shoes,318,27.7,5.1,36.8,28.7
prod_00630,fashion_bags_accessories,570,30.5,13.8,27.6,36.5
prod_00631,books_general,392,34.8,24.4,34.8,10.53
prod_00632,electronics,2409,33.4,16.2,16.0,126.75
prod_00633,construction_tools,990,39.6,4.5,29.2,22.1
prod_00634,consoles_games,828,41.6,13.8,28.9,65.07
prod_00635,air_conditioning,2566,21.4,28.6,43.1,178.77
prod_00636,pet_shop,2476,15.8,10.9,47.8,7.73
prod_00637,stationery,883,16.9,16.2,19.5,9.33
prod_00638,christmas_supplies,1481,53.1,11.2,14.4,8.22
prod_00639,air_conditioning,738,26.5,18.4,35.9,64.42
prod_00640,party_supplies,1112,44.0,8.0,9.5,9.87
prod_00641,cds_dvds_musicals,464,42.2,2.0,37.1,11.41
prod_00642,electronics,1641,30.5,6.0,38.6,76.36
prod_00643,costruction_tools_garden,2635,18.5,10.0,18.6,15.36
prod_00644,perfumery,2326,42.7,12.9,5.1,25.82
prod_00645,baby,1246,29.9,10.3,40.6,23.66
prod_00646,construction_tools,168,15.2,10.2,49.5,60.45
prod_00647,diapers_and_hygiene,709,23.4,24.5,47.8,28.99
prod_00648,fashion_shoes,1111,12.0,6.7,48.6,50.24
prod_00649,stationery,343,24.0,13.8,11.8,7.71
prod_00650,construction_tools,285,31.3,4.7,25.9,33.62
prod_00651,baby,3132,28.3,20.6,28.8,27.74
prod_00652,books_general,2142,26.6,15.9,26.7,7.67
prod_00653,fashion_bags_accessories,1733,31.1,40.3,35.0,33.16
prod_00654,small_appliances,1973,38.4,6.5,13.9,9.0
prod_00655,stationery,405,45.8,33.4,9.4,15.31
prod_00656,perfumery,553,48.8,7.1,7.6,24.45
prod_00657,diapers_and_hygiene,1416,20.1,10.9,41.0,9.35
prod_00658,fashion_bags_accessories,1498,51.2,5.3,11.8,63.4
prod_00659,sports_leisure,323,30.0,40.0,26.6,12.04
prod_00660,stationery,1343,25.1,17.4,18.2,14.25
prod_00661,office_furniture,1127,17.1,17.5,18.6,81.7
prod_00662,furniture_decor,2276,6.1,7.6,22.6,40.72
prod_00663,toys,1504,37.1,2.1,19.1,9.13
prod_00664,watches_gifts,3373,36.4,10.6,9.4,93.28
prod_00665,furniture_living_room,888,22.3,9.3,22.6,42.51
prod_00666,cds_dvds_musicals,432,22.7,3.3,16.2,6.87
prod_00667,diapers_and_hygiene,3314,27.8,11.0,15.7,9.03
prod_00668,stationery,1561,24.9,13.9,56.5,10.47
prod_00669,unknown,1132,19.6,18.1,10.7,20.53
prod_00670,garden_tools,572,16.1,2.3,22.0,25.15
prod_00671,air_conditioning,896,51.4,5.6,27.8,50.46
prod_00672,fashion_shoes,858,23.4,7.8,56.6,42.21
prod_00673,costruction_tools_garden,414,36.3,25.1,13.1,44.57
prod_00674,music,110,39.8,24.9,46.6,25.31
prod_00675,office_furniture,841,37.2,16.8,22.5,41.91
prod_00676,cool_stuff,2008,40.9,10.9,22.9,22.19
prod_00677,office_furniture,2787,37.0,26.0,34.0,21.07
prod_00678,luggage_accessories,2337,21.2,15.6,50.2,94.03
prod_00679,diapers_and_hygiene,2430,25.6,25.2,19.0,13.73
prod_00680,party_supplies,462,50.8,17.3,28.8,7.72
prod_00681,telephony,1436,23.0,3.7,26.8,103.99
prod_00682,fashion_underwear_beach,1742,30.0,2.0,26.2,31.47
prod_00683,computers_accessories,1822,38.5,10.2,36.9,20.02
prod_00684,books_general,1112,59.8,22.1,16.8,7.27
prod_00685,art,1309,48.6,9.2,20.4,14.37
prod_00686,sports_leisure,2290,18.1,28.9,9.5,13.55
prod_00687,market_place,1698,35.7,20.9,32.6,12.47
prod_00688,party_supplies,1926,33.7,27.5,25.5,15.75
prod_00689,food_drink,810,25.7,10.4,49.6,6.9
prod_00690,electronics,1855,30.4,6.8,12.9,84.27
prod_00691,computers_accessories,1296,21.1,6.1,60.1,95.58
prod_00692,christmas_supplies,2133,27.6,18.3,35.4,17.23
prod_00693,christmas_supplies,660,23.1,4.0,5.2,14.54
prod_00694,fashion_shoes,2015,31.6,4.2,34.6,20.98
prod_00695,art,906,25.3,8.9,17.9,27.56
prod_00696,bed_bath_table,2022,62.0,15.3,21.5,11.71
prod_00697,pet_shop,1442,32.1,7.9,19.6,28.93
prod_00698,health_beauty,1226,29.1,24.9,45.2,18.51
prod_00699,party_supplies,946,26.8,27.7,8.6,20.39
prod_00700,books_general,1136,25.3,2.0,23.2,7.89
prod_00701,christmas_supplies,843,15.2,17.5,24.2,10.53
prod_00702,fashion_shoes,930,44.0,9.3,19.3,16.64
prod_00703,furniture_decor,1666,56.1,22.7,14.8,44.14
prod_00704,unknown,227,22.9,17.9,6.0,13.27
prod_00705,perfumery,2002,50.6,14.8,23.4,19.39
prod_00706,music,2026,86.5,12.3,32.6,8.45
prod_00707,watches_gifts,969,71.1,4.2,25.6,61.28
prod_00708,food_drink,1335,54.9,43.6,14.8,6.02
prod_00709,auto,519,16.3,5.5,24.3,24.0
prod_00710,furniture_living_room,1589,16.2,33.6,49.9,82.96
prod_00711,garden_tools,580,40.8,19.9,17.2,18.41
prod_00712,home_appliances,50,30.1,9.6,27.5,101.99
prod_00713,construction_tools,2716,9.1,8.6,29.5,29.13
prod_00714,unknown,467,24.3,4.0,11.2,22.45
prod_00715,fashion_shoes,1117,39.9,13.7,21.0,36.13
prod_00716,air_conditioning,1372,27.8,3.9,21.1,146.27
prod_00717,party_supplies,1663,30.2,25.7,25.0,21.97
prod_00718,perfumery,1194,16.2,15.7,44.4,64.83
prod_00719,signaling_and_security,1463,24.1,13.1,12.7,22.31
prod_00720,signaling_and_security,951,40.9,14.2,45.8,20.48
prod_00721,art,276,23.5,16.1,33.8,26.16
prod_00722,stationery,1159,52.6,10.7,60.9,23.21
prod_00723,food_drink,1828,30.6,11.7,7.1,22.9
prod_00724,fashion_shoes,494,37.0,35.7,5.0,30.41
prod_00725,sports_leisure,1383,40.4,24.2,77.5,42.14
prod_00726,baby,3821,39.6,19.4,10.9,34.86
prod_00727,books_general,1102,17.9,9.6,15.4,11.72
prod_00728,watches_gifts,1146,19.6,2.8,15.5,50.68
prod_00729,consoles_games,252,9.0,18.1,13.2,81.65
prod_00730,costruction_tools_garden,441,25.6,14.1,33.0,22.26
prod_00731,watches_gifts,585,18.8,11.5,21.9,27.59
prod_00732,furniture_living_room,1778,23.2,12.7,16.8,27.66
prod_00733,garden_tools,526,26.9,5.8,55.4,9.81
prod_00734,office_furniture,1566,32.6,7.1,6.4,54.55
prod_00735,auto,634,28.0,24.3,40.2,43.36
prod_00736,diapers_and_hygiene,263,27.7,2.2,23.9,13.81
prod_00737,furniture_decor,1933,35.6,22.3,16.6,73.72
prod_00738,diapers_and_hygiene,866,29.6,29.7,17.7,17.01
prod_00739,air_conditioning,1672,45.5,17.9,20.8,140.1
prod_00740,industry_commerce_and_business,253,29.6,17.4,15.6,27.19
prod_00741,food_drink,95,60.0,7.0,37.1,6.79
prod_00742,telephony,1288,17.5,7.8,19.8,54.64
prod_00743,party_supplies,426,25.3,10.1,34.4,25.24
prod_00744,fashion_underwear_beach,1274,21.3,4.9,17.9,32.5
prod_00745,diapers_and_hygiene,1295,33.2,7.4,27.2,11.82
prod_00746,signaling_and_security,1174,17.5,14.1,27.2,10.52
prod_00747,fashion_shoes,2417,45.9,9.7,24.9,35.66
prod_00748,stationery,1546,13.4,14.9,46.5,16.09
prod_00749,computers_accessories,3818,19.3,24.2,48.9,106.67
prod_00750,computers_accessories,885,13.9,14.8,36.1,125.97
prod_00751,stationery,350,27.1,17.5,41.9,19.09
prod_00752,luggage_accessories,671,32.5,3.9,35.1,19.61
prod_00753,furniture_living_room,928,12.3,24.0,19.1,24.45
prod_00754,home_appliances,4031,24.6,3.8,22.9,81.85
prod_00755,cool_stuff,1225,48.5,9.3,7.2,21.5
prod_00756,fashion_shoes,2479,55.3,6.0,14.2,74.77
prod_00757,market_place,826,42.4,2.9,10.9,5.76
prod_00758,art,745,7.0,14.3,16.5,21.66
prod_00759,cds_dvds_musicals,242,31.1,18.4,28.4,9.63
prod_00760,fashion_underwear_beach,3946,51.2,30.1,18.7,13.54
prod_00761,christmas_supplies,3049,23.3,15.6,38.0,9.25
prod_00762,consoles_games,1394,15.4,7.4,14.5,25.98
prod_00763,party_supplies,973,49.4,9.6,33.6,9.34
prod_00764,stationery,1261,52.9,3.2,13.8,9.3
prod_00765,housewares,336,29.5,10.2,44.9,29.85
prod_00766,consoles_games,1670,15.4,13.0,14.5,46.72
prod_00767,housewares,2882,11.4,17.9,31.1,23.07
prod_00768,unknown,2980,34.8,20.9,16.8,20.74
prod_00769,signaling_and_security,253,21.4,17.6,52.5,41.29
prod_00770,air_conditioning,2463,28.5,6.8,51.4,20.31
prod_00771,auto,338,27.0,5.5,30.6,152.32
prod_00772,food_drink,105,18.7,20.0,30.3,11.15
prod_00773,sports_leisure,2527,11.1,2.8,36.5,5.92
prod_00774,baby,771,23.6,38.5,33.3,17.03
prod_00775,books_technical,2288,31.7,7.8,39.0,11.41
prod_00776,toys,2149,32.4,25.9,14.3,16.08
prod_00777,cds_dvds_musicals,1962,20.7,8.8,24.9,6.94
prod_00778,industry_commerce_and_business,1249,52.4,18.6,17.5,33.3
prod_00779,sports_leisure,378,16.3,5.6,51.0,17.81
prod_00780,bed_bath_table,930,5.9,13.5,12.0,12.55
prod_00781,unknown,3013,46.7,3.4,55.6,18.53
prod_00782,office_furniture,2329,31.2,16.1,25.2,95.7
prod_00783,furniture_living_room,970,23.7,5.6,39.3,36.1
prod_00784,home_appliances,960,37.1,6.2,18.6,59.35
prod_00785,consoles_games,1841,26.2,9.9,11.4,42.08
prod_00786,books_technical,1319,13.3,11.3,50.0,17.05
prod_00787,fashion_shoes,1010,15.7,17.9,32.0,35.98
prod_00788,watches_gifts,1733,25.4,16.9,12.6,39.57
prod_00789,pet_shop,1692,22.1,14.4,23.4,31.08
prod_00790,books_general,688,46.1,22.2,22.5,10.97
prod_00791,computers_accessories,1520,21.6,16.6,31.4,24.64
prod_00792,stationery,1618,20.9,17.3,14.3,20.48
prod_00793,air_conditioning,1178,19.6,6.2,12.5,58.06
prod_00794,pet_shop,625,18.7,23.3,26.7,63.54
prod_00795,housewares,907,19.0,21.6,14.8,23.41
prod_00796,health_beauty,517,14.4,14.8,50.8,56.85
prod_00797,fashion_shoes,1550,31.8,21.1,37.4,57.09
prod_00798,construction_tools,255,27.3,12.8,36.9,41.68
prod_00799,diapers_and_hygiene,3223,26.8,31.0,7.1,6.81
prod_00800,office_furniture,2791,11.8,14.0,19.0,30.56
prod_00801,party_supplies,1646,35.5,12.6,21.2,14.18
prod_00802,garden_tools,2236,37.2,16.7,13.5,23.32
prod_00803,construction_tools,2133,58.6,34.7,33.4,24.85
prod_00804,housewares,1334,36.3,9.0,31.1,28.02
prod_00805,fashion_shoes,1033,64.3,16.0,36.1,33.82
prod_00806,telephony,942,20.4,9.5,41.5,57.08
prod_00807,furniture_living_room,3302,60.1,12.5,40.4,25.12
prod_00808,fashion_bags_accessories,605,36.8,7.3,80.9,47.64
prod_00809,telephony,616,34.6,17.0,24.5,42.53
prod_00810,furniture_decor,2372,26.4,13.3,22.3,82.36
prod_00811,furniture_living_room,2221,23.7,20.9,33.2,75.09
prod_00812,party_supplies,986,21.2,24.3,45.2,12.03
prod_00813,garden_tools,1775,61.1,26.5,9.4,18.65
prod_00814,electronics,1943,26.0,9.7,15.9,230.02
prod_00815,auto,360,37.2,16.7,18.0,31.55
prod_00816,luggage_accessories,2913,41.1,27.4,25.8,45.73
prod_00817,consoles_games,1942,40.8,7.3,19.1,63.15
prod_00818,diapers_and_hygiene,1669,31.9,14.1,41.8,5.76
prod_00819,cool_stuff,1953,59.6,7.6,27.7,18.71
prod_00820,furniture_decor,1527,35.7,34.5,23.3,44.1
prod_00821,fashion_shoes,1126,21.0,27.3,31.3,46.84
prod_00822,market_place,1343,24.2,18.4,7.8,15.76
prod_00823,art,327,12.2,18.2,30.5,33.03
prod_00824,industry_commerce_and_business,4182,33.6,8.1,15.0,61.64
prod_00825,signaling_and_security,1112,38.7,29.1,38.1,21.3
prod_00826,market_place,4136,40.3,10.9,8.6,19.11
prod_00827,fashion_bags_accessories,1360,36.8,8.7,32.3,30.64
prod_00828,consoles_games,739,26.5,25.1,15.3,57.59
prod_00829,housewares,2857,29.0,10.3,45.7,21.24
prod_00830,consoles_games,1620,29.0,8.9,9.9,79.97
prod_00831,fashion_bags_accessories,5180,46.2,21.6,25.3,17.62
prod_00832,health_beauty,723,9.6,5.8,35.3,16.42
prod_00833,garden_tools,2938,22.9,18.6,29.6,45.36
prod_00834,office_furniture,3043,16.8,14.2,29.5,122.35
prod_00835,stationery,2057,71.2,20.5,11.9,13.44
prod_00836,art,3060,50.6,17.4,11.5,17.69
prod_00837,home_appliances,1132,23.4,46.9,28.9,24.17
prod_00838,diapers_and_hygiene,603,13.6,15.1,26.7,18.72
prod_00839,books_general,796,15.7,10.3,13.8,17.11
prod_00840,health_beauty,1291,45.9,13.3,13.4,29.19
prod_00841,garden_tools,2132,12.0,17.2,23.5,7.05
prod_00842,books_technical,641,29.2,33.4,20.2,18.92
prod_00843,small_appliances,943,42.3,19.3,59.9,26.08
prod_00844,toys,686,14.9,7.9,47.0,32.0
prod_00845,office_furniture,2399,29.1,84.1,37.4,39.99
prod_00846,christmas_supplies,4114,23.6,23.7,49.9,11.49
prod_00847,stationery,514,22.0,7.5,17.3,16.92
prod_00848,health_beauty,1835,20.1,6.2,18.8,10.88
prod_00849,toys,2607,44.0,5.4,43.6,14.74
prod_00850,party_supplies,1055,55.8,12.9,25.3,11.69
prod_00851,costruction_tools_garden,346,25.4,13.2,26.1,70.3
prod_00852,food_drink,2839,34.7,8.6,12.9,19.5
prod_00853,christmas_supplies,324,29.4,4.8,42.6,24.37
prod_00854,computers_accessories,3410,10.3,6.3,33.1,53.38
prod_00855,baby,674,24.9,19.5,21.4,55.92
prod_00856,sports_leisure,276,9.2,11.1,18.8,9.76
prod_00857,bed_bath_table,846,22.6,6.8,46.1,67.69
prod_00858,food_drink,1214,28.7,14.2,17.4,37.61
prod_00859,party_supplies,1414,40.7,15.9,10.6,13.7
prod_00860,watches_gifts,1945,33.2,16.9,47.4,74.13
prod_00861,cds_dvds_musicals,1510,44.6,13.9,47.8,8.69
prod_00862,office_furniture,3895,18.4,12.6,17.4,40.96
prod_00863,sports_leisure,1171,52.4,26.3,65.7,18.55
prod_00864,christmas_supplies,1569,55.8,6.5,23.8,13.23
prod_00865,industry_commerce_and_business,1475,8.9,11.6,17.5,58.1
prod_00866,fashion_shoes,241,11.6,3.2,32.6,38.51
prod_00867,cds_dvds_musicals,428,28.3,10.6,11.8,18.65
prod_00868,electronics,1295,21.7,14.8,14.7,68.91
prod_00869,air_conditioning,1710,23.4,21.5,29.0,29.06
prod_00870,construction_tools,147,33.0,3.2,26.4,97.98
prod_00871,art,4013,45.4,14.6,39.2,8.46
prod_00872,sports_leisure,1810,17.9,36.2,12.8,19.11
prod_00873,telephony,1240,49.1,17.7,60.1,38.21
prod_00874,diapers_and_hygiene,1751,19.9,5.7,20.0,11.48
prod_00875,baby,807,75.9,10.6,25.9,10.42
prod_00876,toys,1426,52.6,18.1,19.5,15.28
prod_00877,air_conditioning,1597,21.0,8.8,11.7,27.7
prod_00878,telephony,2862,13.7,15.6,24.5,50.04
prod_00879,office_furniture,1091,20.7,15.1,35.0,96.72
prod_00880,baby,333,19.3,12.8,22.6,11.68
prod_00881,garden_tools,589,38.3,5.2,15.6,38.11
prod_00882,diapers_and_hygiene,1023,9.0,8.2,39.9,15.18
prod_00883,garden_tools,372,11.7,38.3,40.7,16.53
prod_00884,furniture_decor,532,37.7,10.2,21.9,11.37
prod_00885,books_general,594,18.8,11.0,29.9,5.92
prod_00886,industry_commerce_and_business,969,22.7,11.0,39.8,33.73
prod_00887,housewares,1794,42.2,21.2,34.8,35.55
prod_00888,cds_dvds_musicals,933,46.4,11.4,29.5,7.87
prod_00889,small_appliances,1881,51.4,12.9,34.1,18.02
prod_00890,food_drink,1241,40.5,14.6,31.0,12.78
prod_00891,housewares,549,26.0,22.5,25.2,9.18
prod_00892,art,1617,24.9,13.0,12.6,20.35
prod_00893,pet_shop,1439,23.5,13.8,14.4,12.54
prod_00894,food_drink,1916,14.9,9.1,31.7,8.26
prod_00895,fashion_bags_accessories,2199,17.5,15.8,19.4,29.91
prod_00896,party_supplies,2923,48.1,18.6,31.1,27.04
prod_00897,pet_shop,1837,19.9,19.3,12.4,78.52
prod_00898,housewares,1404,14.9,35.0,16.5,10.07
prod_00899,christmas_supplies,1922,50.1,7.8,22.6,9.46
prod_00900,air_conditioning,860,12.7,13.3,6.2,85.28
prod_00901,toys,808,32.0,11.4,15.3,40.26
prod_00902,small_appliances,3193,7.7,31.4,17.6,8.88
prod_00903,stationery,789,61.8,19.8,27.4,13.21
prod_00904,small_appliances,607,58.6,4.1,21.8,21.79
prod_00905,diapers_and_hygiene,1836,15.7,8.6,28.1,6.86
prod_00906,signaling_and_security,866,27.4,10.6,25.6,15.08
prod_00907,garden_tools,2184,16.8,4.6,21.4,15.5
prod_00908,diapers_and_hygiene,2779,16.8,13.9,17.7,10.6
prod_00909,consoles_games,684,23.1,9.4,26.1,140.51
prod_00910,books_technical,1994,38.8,35.8,45.2,20.77
prod_00911,costruction_tools_garden,773,38.9,15.7,17.6,54.19
prod_00912,home_appliances,1041,36.6,10.3,58.8,66.73
prod_00913,construction_tools,1564,26.0,6.8,26.3,22.55
prod_00914,construction_tools,810,39.9,12.6,38.3,32.05
prod_00915,industry_commerce_and_business,1463,14.8,29.9,30.1,69.75
prod_00916,stationery,1109,32.3,11.5,32.3,21.31
prod_00917,baby,2218,29.1,12.7,15.2,21.86
prod_00918,fashion_bags_accessories,2222,25.2,24.3,19.3,15.5
prod_00919,telephony,813,32.9,15.5,9.3,44.56
prod_00920,electronics,1589,8.5,20.9,22.3,86.21
prod_00921,computers_accessories,2456,17.0,16.4,33.9,113.91
prod_00922,furniture_decor,524,37.3,15.9,22.4,23.12
prod_00923,cds_dvds_musicals,1104,28.8,4.0,39.3,6.43
prod_00924,furniture_decor,1540,12.3,6.1,20.3,59.35
prod_00925,fashion_shoes,504,28.4,14.5,17.0,24.15
prod_00926,costruction_tools_garden,894,21.8,7.2,18.8,25.87
prod_00927,cds_dvds_musicals,3630,48.7,12.6,35.5,15.72
prod_00928,construction_tools,787,15.4,5.8,52.5,16.23
prod_00929,telephony,860,15.7,24.4,61.8,112.97
prod_00930,party_supplies,1822,35.0,7.8,33.7,7.85
prod_00931,food_drink,449,26.5,6.8,38.4,19.78
prod_00932,pet_shop,1122,25.9,4.9,10.6,22.8
prod_00933,furniture_decor,612,76.1,19.2,12.3,43.19
prod_00934,health_beauty,1460,39.5,12.6,15.6,14.88
prod_00935,toys,50,24.2,23.9,46.6,35.32
prod_00936,watches_gifts,1316,11.4,9.2,46.3,31.92
prod_00937,industry_commerce_and_business,1570,23.5,6.0,68.8,29.77
prod_00938,garden_tools,912,14.6,12.3,15.4,58.28
prod_00939,baby,959,17.6,26.7,23.7,23.98
prod_00940,art,824,17.9,3.9,9.2,12.63
prod_00941,luggage_accessories,1111,46.8,15.3,11.2,12.82
prod_00942,garden_tools,3221,12.9,16.2,21.3,57.74
prod_00943,stationery,2265,44.6,29.2,15.8,9.65
prod_00944,office_furniture,1110,35.8,7.4,15.9,167.07
prod_00945,books_general,894,35.5,3.7,18.1,13.28
prod_00946,party_supplies,2121,17.2,9.8,49.2,12.08
prod_00947,industry_commerce_and_business,1392,41.7,20.7,42.0,54.51
prod_00948,art,493,16.2,13.1,14.3,60.93
prod_00949,health_beauty,1013,56.3,17.2,41.4,6.56
prod_00950,auto,2997,47.4,6.3,16.5,42.9
prod_00951,fashion_shoes,1771,61.0,11.1,10.5,29.12
prod_00952,sports_leisure,902,29.2,13.4,17.7,23.98
prod_00953,fashion_bags_accessories,310,26.5,4.4,28.7,27.23
prod_00954,watches_gifts,1455,23.2,13.4,15.2,34.88
prod_00955,party_supplies,1246,75.3,10.4,33.3,13.12
prod_00956,sports_leisure,1084,38.6,52.3,18.4,27.68
prod_00957,watches_gifts,2138,14.6,12.8,29.8,19.75
prod_00958,garden_tools,1787,53.1,30.1,14.2,26.6
prod_00959,watches_gifts,321,26.0,17.1,24.9,64.96
prod_00960,fashion_shoes,1251,5.9,11.8,15.4,22.09
prod_00961,fashion_bags_accessories,406,19.2,27.6,21.7,71.28
prod_00962,christmas_supplies,835,47.4,5.7,59.3,31.23
prod_00963,unknown,377,35.8,9.6,19.7,56.69
prod_00964,small_appliances,391,39.3,21.5,12.1,49.02
prod_00965,books_general,1586,52.8,2.2,25.7,10.27
prod_00966,pet_shop,1475,10.3,12.5,25.9,42.89
prod_00967,air_conditioning,1183,19.4,12.5,25.8,169.12
prod_00968,garden_tools,777,29.5,15.0,32.4,31.57
prod_00969,furniture_living_room,351,48.1,11.1,19.2,35.39
prod_00970,air_conditioning,838,16.1,20.9,34.0,72.35
prod_00971,industry_commerce_and_business,1480,24.2,7.7,24.4,69.1
prod_00972,pet_shop,1456,28.6,22.7,11.8,39.81
prod_00973,market_place,2955,18.9,6.2,36.4,12.54
prod_00974,industry_commerce_and_business,2678,28.4,15.7,26.9,32.5
prod_00975,pet_shop,1218,26.4,25.7,33.1,59.34
prod_00976,party_supplies,831,21.5,7.2,12.5,6.53
prod_00977,housewares,626,41.7,8.5,37.4,11.55
prod_00978,fashion_bags_accessories,299,38.0,23.1,67.0,11.77
prod_00979,computers_accessories,449,42.6,14.3,12.0,28.16
prod_00980,furniture_decor,1482,44.4,3.7,40.0,79.67
prod_00981,home_appliances,1874,59.3,14.7,27.0,141.63
prod_00982,auto,970,12.0,18.9,24.5,39.49
prod_00983,electronics,5068,12.8,23.7,37.7,96.03
prod_00984,consoles_games,453,39.9,15.5,35.6,81.18
prod_00985,pet_shop,269,22.6,17.5,45.0,11.97
prod_00986,unknown,5011,21.1,31.8,12.8,33.41
prod_00987,food_drink,334,19.4,21.8,45.8,23.65
prod_00988,stationery,960,43.3,10.9,29.6,14.56
prod_00989,perfumery,672,73.0,11.8,9.4,21.05
prod_00990,costruction_tools_garden,1561,44.3,25.1,19.8,29.71
prod_00991,housewares,904,22.0,15.3,27.3,11.21
prod_00992,small_appliances,1878,42.2,13.9,19.6,28.46
prod_00993,consoles_games,2168,12.6,10.7,23.0,96.42
prod_00994,telephony,296,5.1,24.6,18.1,27.33
prod_00995,pet_shop,608,25.5,7.5,57.0,9.76
prod_00996,perfumery,1991,10.3,9.6,84.5,98.46
prod_00997,telephony,2469,22.6,24.5,34.3,35.8
prod_00998,market_place,1366,31.2,24.4,25.6,17.89
prod_00999,telephony,1645,79.6,42.8,14.0,26.05
prod_01000,books_general,3081,50.0,12.6,45.0,6.27
prod_01001,watches_gifts,913,10.4,10.8,32.0,40.18
prod_01002,consoles_games,1355,11.0,11.5,14.8,67.73
prod_01003,luggage_accessories,2680,18.9,4.1,14.9,40.95
prod_01004,auto,2793,64.8,2.6,23.2,68.78
prod_01005,costruction_tools_garden,1117,10.7,15.4,25.8,49.31
prod_01006,cds_dvds_musicals,625,19.5,10.3,33.9,14.25
prod_01007,christmas_supplies,1108,19.5,7.9,24.0,38.7
prod_01008,watches_gifts,1190,34.9,13.8,35.3,52.33
prod_01009,cds_dvds_musicals,606,42.8,15.6,19.6,14.47
prod_01010,party_supplies,686,38.2,12.0,24.1,13.99
prod_01011,costruction_tools_garden,2795,32.5,12.2,45.9,11.34
prod_01012,telephony,1699,12.3,10.2,36.1,30.53
prod_01013,luggage_accessories,963,30.0,19.8,24.8,19.38
prod_01014,computers_accessories,479,53.6,9.2,29.1,52.98
prod_01015,fashion_underwear_beach,693,62.4,6.8,24.1,10.06
prod_01016,furniture_living_room,247,34.5,9.9,11.3,70.76
prod_01017,office_furniture,1392,10.5,15.0,5.0,94.84
prod_01018,office_furniture,661,34.8,20.5,53.6,106.19
prod_01019,health_beauty,1473,26.4,35.4,15.4,46.19
prod_01020,furniture_living_room,1977,11.5,13.9,20.4,15.72
prod_01021,party_supplies,1488,15.6,30.3,77.1,6.24
prod_01022,consoles_games,872,17.2,8.7,13.7,371.67
prod_01023,baby,579,40.0,7.7,23.4,43.17
prod_01024,art,417,61.1,17.0,47.4,19.74
prod_01025,computers_accessories,2617,37.0,18.5,59.4,52.69
prod_01026,home_appliances,1442,40.6,14.7,31.8,55.87
prod_01027,office_furniture,912,27.4,53.0,45.3,15.25
prod_01028,home_appliances,1800,20.9,9.0,22.2,40.77
prod_01029,christmas_supplies,2340,37.5,27.1,5.0,12.51
prod_01030,consoles_games,673,32.7,7.9,43.2,49.28
prod_01031,diapers_and_hygiene,1411,18.1,19.4,24.5,7.16
prod_01032,sports_leisure,1432,31.6,13.5,20.9,99.52
prod_01033,music,2994,28.3,15.3,19.9,9.57
prod_01034,fashion_underwear_beach,902,24.1,17.1,34.9,16.65
prod_01035,auto,561,20.5,13.8,34.7,51.21
prod_01036,auto,1525,34.5,12.2,24.9,53.91
prod_01037,cds_dvds_musicals,1904,21.3,3.4,31.0,6.77
prod_01038,market_place,1328,73.0,22.3,13.6,26.27
prod_01039,pet_shop,3130,36.4,5.4,22.4,30.07
prod_01040,sports_leisure,900,34.7,10.3,13.9,12.77
prod_01041,fashion_underwear_beach,1352,25.9,16.0,13.6,12.84
prod_01042,art,320,23.0,6.2,29.6,13.72
prod_01043,bed_bath_table,534,9.0,12.2,25.6,21.47
prod_01044,home_appliances,676,18.8,20.9,19.6,91.14
prod_01045,furniture_living_room,1021,10.3,10.2,21.8,65.69
prod_01046,signaling_and_security,373,10.3,12.3,30.8,43.41
prod_01047,baby,1782,14.3,7.1,35.3,30.78
prod_01048,home_appliances,627,50.8,11.0,32.5,68.35
prod_01049,cds_dvds_musicals,4495,50.7,5.6,9.2,6.44
prod_01050,sports_leisure,646,19.0,14.9,6.0,39.74
prod_01051,unknown,1252,12.1,4.6,16.2,95.88
prod_01052,luggage_accessories,1139,22.4,8.8,6.0,16.9
prod_01053,cds_dvds_musicals,495,39.8,13.6,50.5,9.71
prod_01054,market_place,1024,45.7,11.7,21.4,19.8
prod_01055,music,1014,31.4,16.5,11.7,19.36
prod_01056,air_conditioning,2169,34.2,12.3,21.3,97.99
prod_01057,christmas_supplies,1566,32.6,3.4,7.9,18.5
prod_01058,consoles_games,1764,10.8,6.1,11.9,131.16
prod_01059,construction_tools,2137,12.8,13.2,20.4,29.38
prod_01060,market_place,1784,62.4,24.1,18.7,17.34
prod_01061,telephony,1402,31.3,21.7,20.4,21.18
prod_01062,industry_commerce_and_business,671,7.7,52.2,31.3,90.23
prod_01063,costruction_tools_garden,1338,35.3,9.5,39.7,12.46
prod_01064,pet_shop,569,16.8,20.5,26.4,38.82
prod_01065,toys,1084,47.5,19.6,40.7,23.24
prod_01066,fashion_bags_accessories,979,45.0,31.0,18.9,40.67
prod_01067,consoles_games,1028,38.7,26.3,43.5,51.76
prod_01068,books_general,377,31.1,15.5,26.6,11.33
prod_01069,costruction_tools_garden,50,53.3,18.6,38.0,31.38
prod_01070,books_general,844,56.0,16.6,19.1,11.64
prod_01071,party_supplies,2481,17.0,12.9,26.0,6.75
prod_01072,diapers_and_hygiene,1238,38.5,17.8,63.4,13.48
prod_01073,books_technical,2361,20.7,14.6,25.9,8.02
prod_01074,stationery,572,15.7,14.2,39.5,8.02
prod_01075,fashion_underwear_beach,812,55.9,31.8,42.0,6.55
prod_01076,consoles_games,4670,41.6,15.7,33.7,120.81
prod_01077,pet_shop,603,32.5,13.9,36.8,26.67
prod_01078,luggage_accessories,1740,17.9,11.9,19.1,37.66
prod_01079,stationery,1738,56.8,11.3,15.9,22.89
prod_01080,furniture_living_room,1607,86.1,6.0,14.0,39.81
prod_01081,health_beauty,1755,16.6,12.9,30.6,27.88
prod_01082,music,595,14.6,24.8,25.5,12.8
prod_01083,furniture_living_room,877,28.3,9.3,29.5,40.56
prod_01084,construction_tools,62,39.8,39.6,12.7,82.79
prod_01085,office_furniture,3061,23.6,2.3,17.2,185.44
prod_01086,garden_tools,1748,120.0,17.4,39.0,17.29
prod_01087,fashion_underwear_beach,677,30.9,14.9,27.6,21.1
prod_01088,music,578,20.6,31.5,26.7,12.42
prod_01089,fashion_bags_accessories,2510,21.9,8.6,22.3,31.68
prod_01090,housewares,638,65.9,5.5,16.4,19.63
prod_01091,stationery,675,27.0,11.5,44.2,10.95
prod_01092,garden_tools,476,55.0,10.4,47.9,6.93
prod_01093,stationery,1980,10.0,4.1,26.1,26.89
prod_01094,pet_shop,2338,48.0,13.9,8.3,17.43
prod_01095,computers_accessories,984,18.4,9.9,23.5,43.04
prod_01096,music,2348,42.1,28.2,49.6,9.73
prod_01097,auto,1512,18.3,14.1,17.5,23.75
prod_01098,signaling_and_security,450,22.7,7.9,19.8,39.81
prod_01099,music,2916,15.4,13.0,38.1,11.11
prod_01100,baby,472,42.5,14.8,19.6,17.05
prod_01101,fashion_shoes,1040,45.9,18.4,25.3,31.87
prod_01102,computers_accessories,986,18.8,13.4,6.9,45.0
prod_01103,computers_accessories,855,11.6,38.5,48.5,93.32
prod_01104,diapers_and_hygiene,168,54.6,5.8,36.5,6.75
prod_01105,air_conditioning,4056,20.0,9.8,42.7,46.81
prod_01106,watches_gifts,197,26.2,8.0,15.1,58.01
prod_01107,baby,3037,16.9,10.7,53.7,16.11
prod_01108,garden_tools,561,40.4,15.8,24.1,13.65
prod_01109,electronics,730,41.0,15.2,44.6,50.12
prod_01110,baby,2842,59.1,18.1,30.2,21.07
prod_01111,perfumery,1629,48.7,14.0,37.3,31.89
prod_01112,office_furniture,331,47.1,14.5,31.3,41.5
prod_01113,telephony,324,27.5,14.2,19.5,17.65
prod_01114,signaling_and_security,1464,25.8,10.1,10.0,46.6
prod_01115,cds_dvds_musicals,464,40.2,9.6,46.3,16.63
prod_01116,costruction_tools_garden,1684,26.7,7.9,5.0,10.58
prod_01117,watches_gifts,1806,49.6,18.7,39.4,16.78
prod_01118,cds_dvds_musicals,614,16.3,2.7,46.2,13.76
prod_01119,food_drink,763,9.9,14.3,11.4,27.19
prod_01120,telephony,1498,37.8,20.7,20.1,7.84
prod_01121,music,591,21.4,23.8,10.7,17.09
prod_01122,fashion_bags_accessories,1240,14.9,2.1,18.0,65.28
prod_01123,air_conditioning,4853,77.2,10.3,42.4,44.18
prod_01124,home_appliances,1550,28.9,8.2,37.1,161.52
prod_01125,air_conditioning,865,13.0,9.8,34.6,57.98
prod_01126,watches_gifts,4326,20.0,26.7,20.2,53.97
prod_01127,stationery,2078,24.6,8.2,5.4,7.86
prod_01128,baby,475,37.4,20.7,12.4,41.12
prod_01129,cool_stuff,559,20.1,14.5,22.3,59.65
prod_01130,toys,224,26.4,9.5,14.0,58.96
prod_01131,stationery,1479,33.0,8.9,39.6,23.16
prod_01132,housewares,134,36.2,15.3,54.5,16.43
prod_01133,books_technical,4323,27.5,12.6,30.0,76.24
prod_01134,small_appliances,949,65.3,3.8,11.4,60.18
prod_01135,food_drink,2167,40.7,7.0,47.1,16.83
prod_01136,books_technical,883,39.5,15.6,26.8,11.82
prod_01137,watches_gifts,1460,38.8,5.7,24.9,15.57
prod_01138,sports_leisure,1050,49.7,22.3,33.2,11.5
prod_01139,consoles_games,1213,31.9,4.6,12.7,47.31
prod_01140,home_appliances,2637,16.2,11.1,20.4,148.52
prod_01141,auto,3512,35.3,19.0,24.0,53.99
prod_01142,air_conditioning,3334,37.6,6.6,28.7,44.99
prod_01143,fashion_shoes,7322,53.6,5.4,30.2,28.54
prod_01144,music,648,15.3,17.1,33.1,10.61
prod_01145,computers_accessories,1564,17.4,21.0,18.3,85.69
prod_01146,luggage_accessories,661,29.3,11.6,8.8,18.9
prod_01147,garden_tools,2564,39.4,10.1,22.2,28.72
prod_01148,unknown,496,13.7,4.4,23.6,44.68
prod_01149,construction_tools,2668,15.5,13.7,8.6,23.81
prod_01150,luggage_accessories,1361,44.1,3.4,17.7,65.46
prod_01151,baby,1097,14.0,26.9,27.4,20.13
prod_01152,auto,1195,17.6,12.0,19.2,22.95
prod_01153,perfumery,418,45.5,7.1,26.8,55.38
prod_01154,fashion_bags_accessories,452,39.1,8.8,18.8,28.04
prod_01155,telephony,1379,20.2,14.3,34.4,41.04
prod_01156,telephony,1372,36.8,9.8,14.6,16.36
prod_01157,auto,687,33.3,12.9,25.1,72.29
prod_01158,home_appliances,941,26.9,6.4,25.7,246.35
prod_01159,fashion_bags_accessories,1659,23.3,24.1,38.8,12.83
prod_01160,electronics,588,36.1,8.9,20.9,93.73
prod_01161,cds_dvds_musicals,196,14.7,2.6,54.1,6.46
prod_01162,auto,3134,35.9,10.3,53.1,213.6
prod_01163,christmas_supplies,1451,31.7,8.1,15.1,27.73
prod_01164,music,794,32.9,23.2,24.7,14.05
prod_01165,telephony,659,17.1,7.1,12.0,15.55
prod_01166,toys,583,54.3,9.7,31.9,12.52
prod_01167,telephony,2557,20.2,14.6,19.1,58.55
prod_01168,baby,354,22.0,18.2,26.6,10.55
prod_01169,fashion_bags_accessories,1561,26.3,27.9,21.9,12.78
prod_01170,housewares,1560,39.0,7.5,82.9,16.84
prod_01171,bed_bath_table,2005,32.4,26.1,23.2,25.79
prod_01172,consoles_games,857,11.4,22.7,22.1,92.67
prod_01173,books_technical,2958,28.6,8.0,40.1,14.59
prod_01174,toys,2046,29.9,7.4,43.0,34.34
prod_01175,industry_commerce_and_business,834,55.0,16.4,28.6,24.94
prod_01176,stationery,633,24.4,12.8,43.6,15.03
prod_01177,signaling_and_security,1053,37.3,16.4,75.8,38.59
prod_01178,auto,811,95.0,10.5,21.2,57.14
prod_01179,small_appliances,546,50.3,13.5,12.9,51.6
prod_01180,costruction_tools_garden,1236,16.6,12.0,30.6,23.48
prod_01181,sports_leisure,946,41.6,16.3,41.5,16.97
prod_01182,party_supplies,3434,36.0,7.2,51.9,5.8
prod_01183,fashion_bags_accessories,810,24.0,14.2,33.4,9.24
prod_01184,furniture_living_room,628,41.9,27.5,25.4,41.63
prod_01185,pet_shop,1176,16.5,26.7,16.4,21.64
prod_01186,market_place,1417,20.5,15.1,46.4,7.23
prod_01187,bed_bath_table,1498,26.5,7.1,29.3,13.91
prod_01188,industry_commerce_and_business,1487,23.4,35.0,8.9,118.31
prod_01189,pet_shop,1206,39.6,16.3,63.3,41.26
prod_01190,art,1141,28.2,33.0,13.3,7.68
prod_01191,home_appliances,1813,22.1,16.7,41.9,44.17
prod_01192,pet_shop,503,49.9,2.0,28.1,29.99
prod_01193,construction_tools,632,38.9,34.8,9.3,23.93
prod_01194,signaling_and_security,270,12.7,20.9,23.9,19.52
prod_01195,food_drink,510,12.6,13.2,21.3,10.27
prod_01196,christmas_supplies,2389,22.2,3.7,10.7,26.46
prod_01197,furniture_living_room,1759,13.6,22.2,31.8,87.83
prod_01198,air_conditioning,3738,45.9,16.6,39.0,48.27
prod_01199,fashion_bags_accessories,3165,21.0,40.4,24.8,30.88
prod_01200,construction_tools,1770,37.3,31.2,21.0,35.89
prod_01201,costruction_tools_garden,1309,72.3,32.5,33.0,19.75
prod_01202,furniture_decor,1193,41.4,14.9,5.0,31.97
prod_01203,cds_dvds_musicals,124,9.1,14.5,19.7,6.22
prod_01204,bed_bath_table,1095,21.5,16.7,20.5,47.35
prod_01205,fashion_shoes,730,25.9,8.6,25.2,76.3
prod_01206,home_appliances,531,33.1,13.5,10.3,51.62
prod_01207,home_appliances,1575,44.7,11.9,7.5,42.32
prod_01208,furniture_living_room,995,78.9,25.7,14.0,84.4
prod_01209,furniture_living_room,1249,62.1,28.7,31.6,99.55
prod_01210,electronics,463,28.1,19.4,20.3,31.51
prod_01211,construction_tools,2108,27.9,7.7,14.0,35.53
prod_01212,fashion_shoes,807,58.9,36.1,58.4,29.35
prod_01213,costruction_tools_garden,1515,28.9,22.1,21.0,21.42
prod_01214,small_appliances,863,21.2,16.0,25.2,38.06
prod_01215,market_place,96,46.3,18.3,46.0,9.13
prod_01216,food_drink,1621,34.0,5.1,27.2,8.24
prod_01217,art,1047,12.5,11.9,32.9,15.59
prod_01218,computers_accessories,250,24.5,27.0,15.9,19.53
prod_01219,cds_dvds_musicals,412,13.9,4.9,26.0,6.73
prod_01220,auto,2150,5.9,4.8,54.7,71.26
prod_01221,garden_tools,264,66.4,22.2,30.8,13.45
prod_01222,air_conditioning,790,30.8,17.6,28.5,214.89
prod_01223,sports_leisure,3954,25.0,4.9,22.1,76.42
prod_01224,food_drink,1651,22.1,11.2,11.9,8.38
prod_01225,costruction_tools_garden,1949,29.1,16.0,43.5,127.4
prod_01226,art,929,22.0,14.9,24.2,28.16
prod_01227,books_general,227,16.8,16.7,17.2,7.43
prod_01228,industry_commerce_and_business,1339,22.7,10.7,11.2,9.52
prod_01229,computers_accessories,440,56.1,15.4,29.3,69.55
prod_01230,signaling_and_security,400,45.8,19.3,13.1,33.55
prod_01231,watches_gifts,1227,22.7,18.5,43.7,52.86
prod_01232,toys,469,69.8,10.9,17.8,18.15
prod_01233,housewares,1123,27.9,20.4,26.3,10.08
prod_01234,electronics,650,18.9,7.1,30.5,50.76
prod_01235,music,1094,34.7,8.8,28.7,16.2
prod_01236,cool_stuff,748,60.5,22.2,39.1,30.83
prod_01237,luggage_accessories,1117,54.7,20.1,18.7,22.86
prod_01238,fashion_underwear_beach,2992,19.4,11.5,25.3,6.91
prod_01239,pet_shop,1980,14.9,8.7,33.8,26.32
prod_01240,party_supplies,1024,23.8,9.5,52.0,6.49
prod_01241,consoles_games,2678,37.7,18.9,37.7,126.45
prod_01242,fashion_bags_accessories,1531,42.8,16.9,41.2,18.26
prod_01243,art,2555,50.9,8.4,21.3,14.44
prod_01244,small_appliances,296,31.6,20.1,30.8,104.65
prod_01245,pet_shop,474,32.2,11.2,48.3,19.68
prod_01246,toys,1328,31.1,7.3,24.7,16.57
prod_01247,garden_tools,1004,47.7,10.1,30.9,27.66
prod_01248,watches_gifts,1119,43.2,14.1,9.7,13.15
prod_01249,auto,1713,19.0,19.7,35.4,88.21
prod_01250,garden_tools,1338,40.6,18.9,28.4,35.61
prod_01251,music,2113,46.1,12.6,34.3,14.6
prod_01252,sports_leisure,2073,48.0,15.1,21.5,6.08
prod_01253,pet_shop,495,34.0,11.9,8.3,18.48
prod_01254,party_supplies,101,33.0,8.4,36.3,6.31
prod_01255,costruction_tools_garden,466,28.5,12.8,17.1,62.71
prod_01256,electronics,439,30.0,3.6,10.3,130.93
prod_01257,sports_leisure,1184,64.4,29.0,27.4,33.71
prod_01258,food_drink,1173,30.6,14.8,55.4,6.11
prod_01259,bed_bath_table,957,19.8,17.2,15.7,50.86
prod_01260,books_general,1574,34.3,8.6,17.5,9.81
prod_01261,books_general,5123,42.4,14.8,37.2,24.82
prod_01262,telephony,941,47.0,16.2,22.6,38.32
prod_01263,music,1369,16.7,11.6,36.2,14.39
prod_01264,telephony,1119,57.9,11.9,22.0,26.03
prod_01265,auto,693,41.6,5.6,20.1,96.7
prod_01266,luggage_accessories,1724,56.3,34.2,16.2,37.11
prod_01267,art,905,13.3,8.5,29.7,33.87
prod_01268,cool_stuff,573,48.9,9.2,16.1,35.86
prod_01269,christmas_supplies,612,16.2,30.0,19.5,14.57
prod_01270,christmas_supplies,2166,25.3,17.7,43.4,20.08
prod_01271,costruction_tools_garden,1694,42.3,19.8,67.2,69.79
prod_01272,housewares,759,15.3,5.4,31.6,27.02
prod_01273,toys,1555,21.9,14.7,44.2,21.25
prod_01274,books_general,1129,13.2,5.4,20.7,6.4
prod_01275,art,1386,41.7,7.7,22.2,28.16
prod_01276,luggage_accessories,678,18.8,37.0,28.1,13.04
prod_01277,consoles_games,452,29.6,6.8,17.3,81.51
prod_01278,auto,901,36.0,19.2,20.0,36.97
prod_01279,diapers_and_hygiene,526,34.1,7.3,35.6,6.44
prod_01280,baby,491,32.6,7.9,25.6,28.41
prod_01281,fashion_bags_accessories,314,32.6,49.5,23.5,78.11
prod_01282,diapers_and_hygiene,102,13.7,12.6,22.9,8.26
prod_01283,fashion_shoes,770,26.0,5.1,14.1,51.31
prod_01284,cool_stuff,2448,32.4,19.7,27.5,116.93
prod_01285,bed_bath_table,2045,30.7,25.9,17.3,38.66
prod_01286,consoles_games,3295,27.6,20.7,9.6,56.86
prod_01287,art,472,20.2,11.9,13.0,20.16
prod_01288,consoles_games,1804,33.8,12.2,23.1,100.17
prod_01289,books_technical,1020,36.9,9.6,34.2,32.69
prod_01290,cool_stuff,612,23.5,6.3,38.7,72.59
prod_01291,costruction_tools_garden,2259,47.1,16.1,11.3,6.68
prod_01292,costruction_tools_garden,1028,58.5,11.6,32.5,19.62
prod_01293,fashion_underwear_beach,195,29.9,5.5,57.1,13.41
prod_01294,costruction_tools_garden,2030,19.2,12.8,39.7,18.64
prod_01295,fashion_shoes,1479,15.2,8.6,27.0,6.49
prod_01296,stationery,1236,25.1,15.6,28.1,8.84
prod_01297,music,389,28.8,14.7,26.6,11.53
prod_01298,food_drink,1346,14.8,10.6,19.2,9.75
prod_01299,food_drink,2997,24.7,13.1,40.6,7.05
prod_01300,unknown,1449,45.9,13.8,14.8,22.79
prod_01301,books_general,269,8.2,22.2,27.7,10.99
prod_01302,bed_bath_table,1530,30.8,12.9,9.5,17.61
prod_01303,fashion_shoes,1460,21.8,9.7,42.5,68.2
prod_01304,fashion_shoes,1909,29.2,11.3,27.1,33.99
prod_01305,fashion_bags_accessories,1430,60.1,32.8,10.8,15.14
prod_01306,art,493,28.5,7.4,49.6,8.95
prod_01307,signaling_and_security,1186,26.4,11.7,24.0,28.4
prod_01308,health_beauty,913,40.4,11.6,12.2,35.48
prod_01309,garden_tools,1295,34.0,11.9,59.6,13.19
prod_01310,garden_tools,2317,30.9,4.1,22.0,28.35
prod_01311,signaling_and_security,649,34.6,6.2,16.3,33.39
prod_01312,office_furniture,3630,52.1,11.2,28.4,178.62
prod_01313,cds_dvds_musicals,1523,44.5,9.4,13.0,10.51
prod_01314,luggage_accessories,2038,25.5,15.5,19.2,18.03
prod_01315,costruction_tools_garden,1851,58.5,24.0,46.7,45.29
prod_01316,furniture_decor,1479,22.5,16.2,61.5,59.28
prod_01317,housewares,1681,30.8,14.1,22.3,13.63
prod_01318,electronics,50,32.6,17.1,31.5,33.94
prod_01319,perfumery,1849,24.9,14.9,47.7,44.25
prod_01320,music,529,55.4,13.1,21.9,12.76
prod_01321,watches_gifts,1076,24.3,21.7,15.9,15.14
prod_01322,stationery,1471,27.4,2.0,34.5,14.79
prod_01323,auto,2388,47.7,11.0,11.9,29.63
prod_01324,telephony,529,23.0,6.1,15.0,12.83
prod_01325,telephony,786,14.4,9.2,10.6,28.38
prod_01326,garden_tools,876,31.3,8.5,46.0,44.02
prod_01327,fashion_shoes,1306,16.9,37.7,26.1,57.4
prod_01328,electronics,920,15.9,24.8,35.1,126.02
prod_01329,consoles_games,1686,8.3,14.2,15.5,93.27
prod_01330,home_appliances,204,9.0,8.6,30.9,94.18
prod_01331,music,1012,9.5,21.6,31.4,12.13
prod_01332,industry_commerce_and_business,3195,62.3,13.9,59.5,24.57
prod_01333,office_furniture,922,9.5,11.1,33.6,27.92
prod_01334,market_place,1527,16.6,14.0,38.6,8.8
prod_01335,music,2141,27.6,11.2,27.2,22.2
prod_01336,books_technical,1491,39.5,17.0,5.0,29.42
prod_01337,housewares,3845,41.5,5.7,29.5,9.47
prod_01338,art,1207,19.2,17.0,23.0,18.12
prod_01339,watches_gifts,1746,30.5,11.2,22.4,32.43
prod_01340,electronics,1347,27.2,21.9,19.7,61.85
prod_01341,market_place,2775,29.7,25.1,22.4,9.07
prod_01342,electronics,818,31.7,28.1,17.7,161.58
prod_01343,auto,4049,35.9,43.4,36.8,42.36
prod_01344,christmas_supplies,662,21.6,39.3,14.2,17.06
prod_01345,sports_leisure,3400,51.0,27.5,55.6,27.51
prod_01346,cool_stuff,475,66.6,21.5,35.3,21.02
prod_01347,art,1786,24.4,6.3,41.7,18.78
prod_01348,cds_dvds_musicals,1129,77.2,2.4,14.8,14.25
prod_01349,furniture_decor,2111,22.3,23.1,18.9,91.9
prod_01350,music,1554,30.8,7.7,26.6,6.74
prod_01351,diapers_and_hygiene,2032,27.3,54.3,25.3,6.66
prod_01352,computers_accessories,460,30.2,4.7,35.3,50.46
prod_01353,electronics,247,48.3,21.0,25.3,132.74
prod_01354,home_appliances,393,26.6,14.8,57.0,75.09
prod_01355,housewares,384,15.5,5.1,15.0,24.19
prod_01356,garden_tools,455,21.4,14.8,13.3,10.35
prod_01357,telephony,701,26.6,8.3,18.4,24.41
prod_01358,telephony,695,32.2,12.6,22.5,7.74
prod_01359,electronics,1150,19.3,12.7,43.5,59.58
prod_01360,home_appliances,563,20.4,8.4,30.4,18.31
prod_01361,auto,603,32.8,10.6,5.3,87.45
prod_01362,baby,966,33.3,7.9,5.6,50.04
prod_01363,telephony,2312,45.0,3.7,23.6,38.46
prod_01364,air_conditioning,807,21.3,14.1,20.1,32.22
prod_01365,garden_tools,1093,37.7,27.5,23.9,27.77
prod_01366,christmas_supplies,1232,27.4,8.2,22.5,38.81
prod_01367,small_appliances,504,22.9,35.1,52.9,38.63
prod_01368,air_conditioning,872,27.8,39.2,40.3,139.01
prod_01369,market_place,645,29.8,10.1,19.0,10.83
prod_01370,cool_stuff,2164,14.6,11.6,25.1,20.03
prod_01371,fashion_underwear_beach,2043,15.2,10.2,21.5,15.7
prod_01372,baby,590,40.2,6.3,7.2,8.29
prod_01373,computers_accessories,1077,24.0,11.6,19.5,193.89
prod_01374,cool_stuff,1747,32.3,10.8,19.6,34.96
prod_01375,unknown,1434,39.6,13.9,17.3,34.51
prod_01376,housewares,1547,27.9,14.4,19.1,14.94
prod_01377,bed_bath_table,507,38.0,6.0,21.7,10.2
prod_01378,party_supplies,3318,29.9,18.6,31.7,24.68
prod_01379,office_furniture,689,30.6,11.5,18.1,23.28
prod_01380,electronics,673,50.2,6.8,46.8,90.24
prod_01381,party_supplies,349,26.4,11.4,14.9,14.47
prod_01382,auto,999,40.4,14.7,42.8,46.68
prod_01383,electronics,2480,13.1,30.3,29.2,41.08
prod_01384,food_drink,1423,31.7,27.7,12.6,11.63
prod_01385,pet_shop,1061,56.4,9.6,21.4,14.23
prod_01386,electronics,1941,80.0,12.0,53.9,115.76
prod_01387,cool_stuff,2439,13.5,7.8,15.0,51.87
prod_01388,health_beauty,2040,24.0,16.1,54.7,18.17
prod_01389,furniture_decor,176,17.1,9.9,32.2,28.57
prod_01390,watches_gifts,1953,26.9,11.8,29.4,130.98
prod_01391,air_conditioning,1591,43.6,23.6,31.2,34.29
prod_01392,market_place,579,51.1,6.0,21.1,7.01
prod_01393,consoles_games,1596,51.9,27.7,5.0,77.77
prod_01394,air_conditioning,2484,12.8,17.0,15.4,58.96
prod_01395,watches_gifts,715,29.5,27.0,25.7,78.77
prod_01396,garden_tools,2141,21.0,20.3,30.0,32.95
prod_01397,electronics,1446,26.1,22.4,32.9,67.29
prod_01398,christmas_supplies,50,22.6,13.5,32.3,20.24
prod_01399,pet_shop,1121,13.2,6.7,36.4,29.11
prod_01400,food_drink,1405,51.3,9.1,65.1,35.2
prod_01401,cool_stuff,900,19.4,8.1,28.7,42.21
prod_01402,food_drink,1486,21.3,3.1,45.5,8.11
prod_01403,sports_leisure,1031,56.5,23.6,33.5,28.09
prod_01404,auto,4592,11.8,12.6,68.6,8.3
prod_01405,office_furniture,850,35.7,7.6,26.6,54.02
prod_01406,sports_leisure,594,46.6,38.3,25.1,47.85
prod_01407,industry_commerce_and_business,2067,54.3,47.6,44.1,71.68
prod_01408,industry_commerce_and_business,939,34.5,5.5,44.2,53.02
prod_01409,small_appliances,1075,40.8,11.6,22.1,41.5
prod_01410,toys,1005,46.5,11.2,32.9,36.78
prod_01411,computers_accessories,1988,27.1,7.3,36.6,121.28
prod_01412,pet_shop,451,17.9,23.2,35.6,27.5
prod_01413,small_appliances,2138,58.6,3.1,31.2,22.54
prod_01414,costruction_tools_garden,1685,38.7,32.9,9.1,9.12
prod_01415,fashion_underwear_beach,3637,29.5,13.9,35.8,25.89
prod_01416,housewares,1325,13.6,36.6,36.7,22.19
prod_01417,computers_accessories,483,7.3,13.2,31.9,53.89
prod_01418,air_conditioning,1336,35.3,11.1,20.8,46.19
prod_01419,watches_gifts,1460,6.9,24.3,51.2,73.6
prod_01420,party_supplies,2631,29.3,36.4,15.2,10.76
prod_01421,computers_accessories,482,19.9,33.1,44.6,50.19
prod_01422,cds_dvds_musicals,269,22.6,4.2,15.1,8.65
prod_01423,diapers_and_hygiene,1357,52.2,28.4,41.8,11.03
prod_01424,construction_tools,3742,20.0,10.8,15.5,18.5
prod_01425,sports_leisure,1863,30.0,12.4,40.6,37.46
prod_01426,industry_commerce_and_business,1939,20.0,10.7,56.9,32.13
prod_01427,telephony,340,33.7,9.1,57.0,21.21
prod_01428,office_furniture,1195,31.4,11.7,50.8,85.75
prod_01429,art,2664,29.3,7.1,26.5,10.19
prod_01430,music,1473,46.6,28.5,19.0,18.91
prod_01431,health_beauty,250,11.9,20.1,5.0,19.28
prod_01432,luggage_accessories,1177,10.0,15.4,24.4,10.83
prod_01433,watches_gifts,1772,15.0,10.7,42.9,99.57
prod_01434,music,1082,31.5,9.5,35.6,13.9
prod_01435,pet_shop,538,36.6,17.4,71.7,27.16
prod_01436,baby,2111,5.0,15.7,20.0,39.41
prod_01437,consoles_games,822,36.3,25.3,58.8,176.88
prod_01438,computers_accessories,1576,63.5,9.6,25.4,57.77
prod_01439,art,1154,24.3,9.0,15.1,24.8
prod_01440,auto,797,59.3,19.6,30.7,48.27
prod_01441,toys,4020,35.0,22.1,35.1,16.62
prod_01442,furniture_living_room,725,56.0,45.6,48.4,18.48
prod_01443,books_general,1228,50.9,4.0,19.9,10.23
prod_01444,furniture_living_room,1151,24.3,29.4,30.7,104.45
prod_01445,furniture_living_room,1332,43.7,14.7,26.8,65.39
prod_01446,fashion_shoes,3825,24.3,10.0,22.0,17.05
prod_01447,industry_commerce_and_business,1774,62.9,17.6,55.8,93.21
prod_01448,electronics,791,25.5,17.2,35.4,51.03
prod_01449,food_drink,3063,37.4,10.1,6.7,6.86
prod_01450,air_conditioning,1995,68.7,4.3,31.0,122.59
prod_01451,diapers_and_hygiene,804,38.2,29.4,10.4,6.34
prod_01452,christmas_supplies,2754,23.0,8.5,29.4,40.47
prod_01453,air_conditioning,336,14.0,7.7,11.5,120.88
prod_01454,cool_stuff,434,11.9,9.1,35.5,32.57
prod_01455,costruction_tools_garden,231,36.2,21.4,10.3,39.71
prod_01456,music,129,27.8,10.9,15.6,37.81
prod_01457,baby,2622,15.1,9.2,39.5,37.04
prod_01458,books_general,1344,41.4,16.9,26.5,11.39
prod_01459,cool_stuff,256,41.1,15.5,12.1,160.53
prod_01460,office_furniture,1128,27.6,9.3,54.1,53.23
prod_01461,air_conditioning,2187,57.2,4.2,21.3,87.57
prod_01462,telephony,619,10.6,21.2,23.3,16.81
prod_01463,perfumery,900,23.4,15.7,24.4,12.1
prod_01464,air_conditioning,4146,38.1,3.3,36.9,52.74
prod_01465,construction_tools,967,16.2,31.8,22.2,39.46
prod_01466,diapers_and_hygiene,280,43.4,3.2,24.9,10.95
prod_01467,bed_bath_table,751,49.7,8.1,46.1,10.15
prod_01468,cds_dvds_musicals,237,5.6,8.5,43.2,12.18
prod_01469,luggage_accessories,1878,58.1,9.4,24.1,18.68
prod_01470,christmas_supplies,544,37.0,9.2,24.5,18.98
prod_01471,watches_gifts,528,22.0,5.9,5.1,70.94
prod_01472,art,4395,12.5,14.8,29.1,13.38
prod_01473,electronics,389,46.3,23.2,40.2,36.9
prod_01474,fashion_bags_accessories,322,14.7,14.7,21.6,64.56
prod_01475,fashion_bags_accessories,456,37.0,16.2,50.1,42.54
prod_01476,market_place,2235,15.0,11.1,9.6,15.66
prod_01477,books_general,1706,29.0,14.4,16.2,20.52
prod_01478,home_appliances,743,45.3,16.9,48.1,70.83
prod_01479,sports_leisure,686,22.2,20.1,39.4,18.58
prod_01480,art,1613,57.9,8.8,9.2,9.98
prod_01481,auto,1383,38.6,8.0,10.4,40.49
prod_01482,furniture_decor,1018,16.2,2.4,35.7,62.3
prod_01483,fashion_underwear_beach,1749,13.1,37.0,32.1,27.19
prod_01484,electronics,427,18.7,35.7,23.0,64.31
prod_01485,pet_shop,552,28.3,12.9,49.2,43.31
prod_01486,industry_commerce_and_business,1815,60.6,13.4,18.4,38.43
prod_01487,furniture_decor,1468,66.3,30.5,7.0,25.2
prod_01488,baby,1190,21.7,6.0,36.9,11.89
prod_01489,office_furniture,4293,21.3,7.5,41.1,34.73
prod_01490,air_conditioning,2030,41.8,31.6,19.0,33.44
prod_01491,fashion_underwear_beach,762,41.6,11.0,13.7,38.97
prod_01492,stationery,597,53.4,6.8,7.2,15.84
prod_01493,pet_shop,1520,54.1,17.5,26.3,23.96
prod_01494,art,2617,18.0,8.8,31.3,39.94
prod_01495,home_appliances,198,11.6,28.6,42.6,27.78
prod_01496,signaling_and_security,1440,38.9,14.3,32.2,33.16
prod_01497,costruction_tools_garden,887,32.3,9.0,19.8,101.71
prod_01498,toys,1344,8.2,9.3,29.1,20.93
prod_01499,cool_stuff,298,11.4,17.0,43.6,130.63
prod_01500,costruction_tools_garden,2616,37.9,11.8,31.0,47.73
prod_01501,garden_tools,3108,27.0,10.9,40.5,46.39
prod_01502,perfumery,1900,38.4,20.6,14.1,64.29
prod_01503,auto,3535,15.6,30.8,36.2,44.04
prod_01504,fashion_underwear_beach,852,39.8,19.0,32.3,12.46
prod_01505,toys,1414,34.4,8.3,22.1,19.16
prod_01506,market_place,1920,41.2,6.6,44.0,7.58
prod_01507,party_supplies,1535,22.5,19.9,64.7,11.88
prod_01508,food_drink,944,20.0,18.9,11.1,12.91
prod_01509,party_supplies,1027,12.5,10.4,9.0,26.32
prod_01510,health_beauty,2919,24.6,12.0,22.7,27.92
prod_01511,construction_tools,1144,48.6,8.7,25.3,144.96
prod_01512,auto,2515,55.3,6.7,26.3,12.18
prod_01513,christmas_supplies,1098,14.8,9.1,18.7,7.53
prod_01514,cds_dvds_musicals,2504,28.2,2.0,10.1,6.54
prod_01515,perfumery,1241,61.1,25.6,23.3,78.34
prod_01516,fashion_shoes,1808,65.2,5.3,25.4,31.02
prod_01517,fashion_underwear_beach,664,24.0,13.1,22.3,7.62
prod_01518,furniture_living_room,1412,50.8,2.8,25.7,38.27
prod_01519,home_appliances,673,46.5,18.6,29.5,31.43
prod_01520,sports_leisure,834,44.6,21.8,23.8,12.76
prod_01521,construction_tools,891,10.5,13.8,18.6,119.85
prod_01522,fashion_bags_accessories,1013,21.0,12.6,25.8,20.17
prod_01523,luggage_accessories,2308,26.7,8.6,30.7,33.76
prod_01524,industry_commerce_and_business,808,26.3,25.2,27.0,44.19
prod_01525,music,1306,28.1,4.5,66.8,10.31
prod_01526,health_beauty,2510,68.7,10.0,31.8,12.02
prod_01527,food_drink,1781,24.5,8.0,26.3,9.44
prod_01528,electronics,203,35.2,7.8,17.1,89.85
prod_01529,consoles_games,290,34.6,24.9,17.3,167.72
prod_01530,party_supplies,1556,28.3,12.2,22.3,17.08
prod_01531,industry_commerce_and_business,774,15.3,8.6,22.6,23.95
prod_01532,sports_leisure,248,30.2,16.0,22.2,46.91
prod_01533,fashion_bags_accessories,728,8.1,15.2,32.5,31.83
prod_01534,music,1599,37.0,21.6,43.3,9.48
prod_01535,small_appliances,883,7.2,17.0,37.0,35.19
prod_01536,cool_stuff,1212,35.3,12.5,34.8,50.57
prod_01537,office_furniture,949,20.4,13.0,16.1,48.26
prod_01538,industry_commerce_and_business,644,16.6,4.3,46.5,57.31
prod_01539,auto,1392,42.1,16.6,16.9,25.81
prod_01540,music,220,23.0,7.2,30.3,30.73
prod_01541,music,574,29.4,15.0,33.8,6.0
prod_01542,signaling_and_security,2024,10.7,30.4,47.2,44.8
prod_01543,unknown,299,57.3,13.8,60.8,24.25
prod_01544,garden_tools,1166,30.9,10.6,21.8,31.0
prod_01545,small_appliances,827,30.9,10.5,29.0,20.5
prod_01546,office_furniture,764,51.5,16.2,45.1,92.52
prod_01547,electronics,2161,37.4,14.6,63.4,65.25
prod_01548,costruction_tools_garden,2460,5.1,19.1,23.0,17.58
prod_01549,air_conditioning,455,60.2,8.9,16.5,37.0
prod_01550,cool_stuff,1020,24.0,11.7,12.1,40.2
prod_01551,air_conditioning,157,58.4,20.9,9.3,26.36
prod_01552,auto,2076,23.6,21.8,18.1,111.38
prod_01553,electronics,1120,20.7,21.9,40.7,134.65
prod_01554,health_beauty,278,36.1,19.7,41.9,55.53
prod_01555,perfumery,599,75.6,20.0,31.8,81.52
prod_01556,diapers_and_hygiene,417,50.7,15.0,22.5,8.83
prod_01557,construction_tools,569,38.1,5.2,32.5,21.08
prod_01558,cds_dvds_musicals,177,35.8,5.5,27.2,5.79
prod_01559,computers_accessories,2898,30.1,13.7,23.1,39.47
prod_01560,market_place,472,57.1,14.0,31.0,37.62
prod_01561,stationery,1164,42.7,7.7,22.0,7.98
prod_01562,music,1588,12.4,8.0,30.9,9.63
prod_01563,party_supplies,2463,16.6,12.5,33.4,8.57
prod_01564,office_furniture,1195,38.8,40.1,37.5,59.91
prod_01565,computers_accessories,937,15.0,6.8,10.4,112.44
prod_01566,home_appliances,1234,30.9,10.3,46.8,25.34
prod_01567,housewares,453,44.5,21.6,25.4,8.67
prod_01568,construction_tools,488,36.2,19.4,61.1,91.19
prod_01569,sports_leisure,920,13.6,15.7,40.8,40.63
prod_01570,market_place,108,17.2,3.6,16.8,10.7
prod_01571,toys,656,36.8,11.4,35.1,51.11
prod_01572,garden_tools,786,71.5,34.1,45.2,10.89
prod_01573,bed_bath_table,3892,27.5,7.8,23.7,36.92
prod_01574,signaling_and_security,2683,45.2,7.6,16.1,29.48
prod_01575,food_drink,1584,36.4,29.6,14.7,15.26
prod_01576,luggage_accessories,2113,20.3,12.4,11.9,7.78
prod_01577,sports_leisure,484,45.5,3.8,7.5,22.85
prod_01578,fashion_bags_accessories,1259,10.5,6.2,25.6,39.05
prod_01579,diapers_and_hygiene,1933,43.8,9.1,15.1,9.11
prod_01580,fashion_shoes,488,37.5,15.3,19.0,63.41
prod_01581,housewares,291,21.4,11.6,61.9,30.13
prod_01582,housewares,1464,15.8,7.4,33.5,11.4
prod_01583,cool_stuff,326,22.4,11.7,16.5,59.93
prod_01584,diapers_and_hygiene,1690,19.4,7.8,76.0,6.38
prod_01585,watches_gifts,2434,25.2,35.2,30.8,41.24
prod_01586,christmas_supplies,503,23.7,6.0,5.0,21.49
prod_01587,books_general,540,21.4,9.8,72.6,6.49
prod_01588,christmas_supplies,2385,10.2,9.0,54.5,21.16
prod_01589,luggage_accessories,1200,14.5,9.1,31.4,23.45
prod_01590,perfumery,2170,49.1,6.5,25.5,22.63
prod_01591,luggage_accessories,947,21.7,28.3,40.4,39.13
prod_01592,watches_gifts,1005,25.5,41.8,30.0,25.08
prod_01593,baby,1176,23.0,16.4,21.0,14.62
prod_01594,garden_tools,3377,57.7,15.5,20.4,39.43
prod_01595,housewares,2054,19.2,4.4,43.7,17.16
prod_01596,furniture_decor,637,18.4,28.0,16.5,16.29
prod_01597,telephony,1328,38.0,7.8,43.3,54.41
prod_01598,computers_accessories,895,32.1,4.0,27.6,40.39
prod_01599,stationery,763,38.5,18.1,10.6,6.21
prod_01600,sports_leisure,1656,37.3,23.8,45.1,5.93
prod_01601,sports_leisure,1421,46.1,27.8,16.7,43.09
prod_01602,art,508,13.4,9.9,18.0,9.74
prod_01603,furniture_decor,1179,36.1,9.2,24.2,18.17
prod_01604,furniture_decor,744,18.5,14.8,26.3,52.07
prod_01605,health_beauty,1582,8.3,11.6,31.5,29.43
prod_01606,housewares,716,37.1,18.3,43.9,11.0
prod_01607,office_furniture,1010,36.1,14.9,43.2,86.11
prod_01608,luggage_accessories,781,28.8,7.4,20.0,82.55
prod_01609,music,211,46.5,28.3,20.4,20.67
prod_01610,fashion_shoes,3266,18.5,18.4,41.6,57.43
prod_01611,furniture_decor,1169,40.2,23.5,15.1,47.86
prod_01612,costruction_tools_garden,3342,26.7,7.5,27.5,26.89
prod_01613,health_beauty,1209,27.8,18.1,52.5,16.57
prod_01614,pet_shop,1872,9.1,21.0,21.6,27.52
prod_01615,electronics,674,46.7,14.6,11.8,27.38
prod_01616,signaling_and_security,689,35.4,6.4,16.7,20.37
prod_01617,toys,1119,39.4,13.8,17.3,9.63
prod_01618,market_place,3322,17.1,19.9,16.0,14.54
prod_01619,construction_tools,525,33.3,24.4,23.6,42.27
prod_01620,office_furniture,157,26.7,4.7,71.9,36.02
prod_01621,party_supplies,2347,36.3,14.4,34.7,16.14
prod_01622,cds_dvds_musicals,1954,32.5,5.4,24.8,5.65
prod_01623,electronics,818,63.3,20.0,25.9,39.61
prod_01624,construction_tools,4194,53.7,23.0,18.6,55.52
prod_01625,books_technical,4313,25.1,7.1,25.9,28.16
prod_01626,fashion_bags_accessories,195,37.1,6.2,51.4,15.38
prod_01627,watches_gifts,660,24.0,8.9,28.0,42.75
prod_01628,home_appliances,1113,45.9,11.9,43.1,35.84
prod_01629,sports_leisure,1551,27.3,8.2,40.2,23.96
prod_01630,watches_gifts,1386,22.2,21.0,70.2,40.17
prod_01631,consoles_games,1165,33.1,24.5,39.9,111.78
prod_01632,air_conditioning,454,51.6,14.0,67.8,79.32
prod_01633,air_conditioning,1693,47.6,8.4,44.7,76.74
prod_01634,cool_stuff,1762,22.9,11.6,31.5,19.22
prod_01635,consoles_games,2235,60.6,14.0,17.7,95.53
prod_01636,watches_gifts,396,17.7,11.3,42.9,56.12
prod_01637,music,979,20.8,12.5,44.8,15.82
prod_01638,cool_stuff,786,44.9,23.4,45.4,22.81
prod_01639,air_conditioning,389,8.4,8.0,5.0,108.95
prod_01640,food_drink,967,29.5,36.8,21.3,5.97
prod_01641,books_technical,476,25.0,14.3,34.4,15.73
prod_01642,perfumery,328,62.3,10.9,22.2,28.99
prod_01643,diapers_and_hygiene,1972,15.9,7.9,20.3,6.54
prod_01644,books_technical,815,16.9,8.3,18.5,17.68
prod_01645,market_place,633,66.5,13.3,10.8,14.66
prod_01646,industry_commerce_and_business,2616,25.2,14.2,33.5,16.38
prod_01647,signaling_and_security,1799,50.6,10.7,19.5,26.15
prod_01648,furniture_decor,137,23.1,5.4,21.6,13.04
prod_01649,signaling_and_security,1558,20.3,13.3,24.8,103.6
prod_01650,costruction_tools_garden,1553,51.9,8.4,36.3,34.88
prod_01651,garden_tools,935,74.5,3.8,31.0,22.22
prod_01652,toys,907,53.8,18.7,30.3,24.12
prod_01653,music,240,22.3,4.3,6.7,14.04
prod_01654,garden_tools,4162,28.8,10.4,43.5,35.64
prod_01655,construction_tools,964,17.4,12.3,59.3,15.28
prod_01656,books_technical,1497,19.0,26.4,29.9,32.97
prod_01657,market_place,1007,18.5,4.0,14.8,23.26
prod_01658,christmas_supplies,642,23.4,19.9,20.6,12.57
prod_01659,computers_accessories,2079,31.2,21.7,15.2,48.47
prod_01660,toys,1298,29.4,30.8,55.8,6.88
prod_01661,art,970,41.7,24.0,21.6,8.66
prod_01662,fashion_shoes,1486,32.1,12.6,30.6,39.58
prod_01663,cool_stuff,1081,39.8,20.4,24.3,65.96
prod_01664,baby,3494,42.9,27.1,35.4,33.7
prod_01665,perfumery,2030,22.5,3.3,17.1,33.33
prod_01666,small_appliances,1665,27.0,5.4,30.0,85.66
prod_01667,baby,273,112.0,15.1,21.7,42.85
prod_01668,pet_shop,1706,21.5,21.5,46.4,18.37
prod_01669,construction_tools,1676,40.9,18.3,7.2,146.46
prod_01670,pet_shop,484,13.9,15.9,23.0,12.65
prod_01671,watches_gifts,266,43.5,30.6,44.1,16.66
prod_01672,pet_shop,1972,19.6,10.7,41.6,18.54
prod_01673,christmas_supplies,2146,30.0,8.2,11.3,9.52
prod_01674,housewares,692,12.6,9.5,39.3,15.53
prod_01675,perfumery,665,28.4,15.3,16.2,50.84
prod_01676,books_technical,1282,28.7,12.3,18.9,19.8
prod_01677,pet_shop,812,26.4,22.2,42.9,22.85
prod_01678,books_general,260,36.5,8.5,22.7,10.0
prod_01679,small_appliances,479,49.7,16.4,10.8,7.96
prod_01680,books_general,1458,16.9,20.4,14.0,5.47
prod_01681,unknown,504,26.8,27.1,27.7,13.36
prod_01682,furniture_decor,2221,13.1,6.1,22.3,20.76
prod_01683,music,1657,9.7,9.4,22.1,10.15
prod_01684,construction_tools,1501,31.8,11.7,35.1,82.41
prod_01685,sports_leisure,1262,16.2,4.9,32.0,25.98
prod_01686,electronics,617,29.3,15.8,23.2,31.22
prod_01687,consoles_games,1821,32.5,15.7,41.9,52.01
prod_01688,furniture_decor,602,10.7,14.9,35.3,100.81
prod_01689,art,2307,35.0,11.3,31.0,38.37
prod_01690,auto,3136,48.5,25.4,20.5,56.26
prod_01691,perfumery,1293,39.0,9.5,45.2,15.07
prod_01692,construction_tools,2863,17.1,24.1,22.0,41.63
prod_01693,food_drink,485,28.3,9.4,23.0,16.03
prod_01694,music,1670,30.0,6.0,56.4,12.46
prod_01695,costruction_tools_garden,1143,27.0,12.6,16.7,25.01
prod_01696,auto,1996,13.5,14.1,16.6,34.98
prod_01697,food_drink,147,18.7,16.6,23.5,8.19
prod_01698,food_drink,1914,25.8,2.5,14.8,6.29
prod_01699,home_appliances,669,32.3,10.6,15.0,136.8
prod_01700,small_appliances,1186,21.4,35.3,55.6,45.15
prod_01701,health_beauty,4115,5.8,8.9,23.3,16.34
prod_01702,costruction_tools_garden,1710,9.0,21.7,31.5,39.68
prod_01703,diapers_and_hygiene,1553,22.1,55.0,11.9,12.17
prod_01704,home_appliances,1463,63.3,39.0,15.9,269.55
prod_01705,small_appliances,2473,35.1,6.6,59.4,44.69
prod_01706,furniture_living_room,2044,31.8,20.7,14.8,71.36
prod_01707,furniture_decor,1475,18.5,21.4,32.0,37.62
prod_01708,pet_shop,1345,22.7,18.8,5.0,17.13
prod_01709,cds_dvds_musicals,1280,8.5,5.9,11.4,16.04
prod_01710,party_supplies,1096,17.8,14.8,23.1,16.83
prod_01711,party_supplies,389,34.3,14.8,41.3,8.0
prod_01712,furniture_living_room,1684,31.9,5.3,26.9,59.64
prod_01713,diapers_and_hygiene,727,20.3,10.9,24.2,14.77
prod_01714,office_furniture,995,27.0,15.2,36.7,14.65
prod_01715,market_place,2140,29.4,12.4,29.8,8.69
prod_01716,fashion_underwear_beach,1115,20.9,19.6,9.7,19.29
prod_01717,art,1050,36.2,10.8,26.0,6.37
prod_01718,music,1296,31.6,13.9,20.7,5.89
prod_01719,computers_accessories,898,23.1,22.5,23.7,43.27
prod_01720,sports_leisure,4057,14.1,33.0,20.4,32.68
prod_01721,electronics,3695,22.2,5.8,26.2,95.17
prod_01722,office_furniture,3631,21.5,19.2,32.6,129.54
prod_01723,books_general,1467,20.3,9.7,12.8,10.12
prod_01724,home_appliances,689,11.0,16.7,18.2,45.64
prod_01725,office_furniture,2180,54.9,5.5,36.1,21.73
prod_01726,christmas_supplies,903,53.6,25.7,38.4,12.16
prod_01727,perfumery,2313,26.5,7.9,51.7,50.09
prod_01728,furniture_living_room,662,32.2,22.7,27.2,77.79
prod_01729,small_appliances,1544,35.9,6.0,17.6,36.11
prod_01730,home_appliances,2539,26.7,4.7,18.4,84.03
prod_01731,diapers_and_hygiene,944,33.4,11.5,26.8,17.82
prod_01732,diapers_and_hygiene,941,38.4,14.9,15.9,9.99
prod_01733,office_furniture,295,31.0,40.9,49.9,110.02
prod_01734,construction_tools,679,41.8,14.7,20.3,26.02
prod_01735,fashion_underwear_beach,1446,19.9,6.6,46.4,15.86
prod_01736,telephony,1608,28.3,20.7,14.8,22.21
prod_01737,consoles_games,1779,92.5,28.1,23.8,124.79
prod_01738,garden_tools,189,46.6,7.6,21.9,11.55
prod_01739,housewares,907,31.4,22.3,11.7,15.96
prod_01740,furniture_decor,333,16.9,26.1,22.8,12.54
prod_01741,fashion_underwear_beach,1393,29.1,20.9,29.7,18.88
prod_01742,bed_bath_table,240,45.1,8.6,6.9,50.72
prod_01743,market_place,435,40.5,15.0,34.1,21.61
prod_01744,consoles_games,2019,9.4,16.7,31.0,112.77
prod_01745,stationery,747,11.3,25.3,25.9,19.24
prod_01746,costruction_tools_garden,2879,11.6,9.0,37.5,50.99
prod_01747,small_appliances,1812,36.1,22.6,38.8,41.23
prod_01748,music,948,11.7,12.1,84.4,16.47
prod_01749,cds_dvds_musicals,2243,16.5,10.6,11.4,5.56
prod_01750,health_beauty,1013,26.2,13.6,53.6,15.71
prod_01751,garden_tools,1940,48.8,2.1,42.3,23.43
prod_01752,fashion_shoes,651,37.0,2.8,31.0,24.96
prod_01753,diapers_and_hygiene,2333,24.6,3.5,14.9,6.28
prod_01754,watches_gifts,266,42.4,17.1,21.1,21.34
prod_01755,computers_accessories,434,72.4,11.3,19.5,59.84
prod_01756,party_supplies,507,29.2,8.7,24.5,18.5
prod_01757,diapers_and_hygiene,711,13.6,12.9,36.8,9.7
prod_01758,watches_gifts,1484,16.8,22.9,48.5,233.08
prod_01759,electronics,1161,16.7,12.6,61.2,40.07
prod_01760,pet_shop,1956,18.9,6.4,21.2,27.61
prod_01761,garden_tools,2563,23.7,44.6,28.5,44.19
prod_01762,perfumery,235,32.7,13.3,16.5,56.02
prod_01763,electronics,2773,12.4,26.3,43.3,96.07
prod_01764,market_place,995,13.8,21.1,32.0,22.47
prod_01765,toys,3585,38.2,10.1,23.4,22.3
prod_01766,electronics,626,21.5,32.7,11.0,212.07
prod_01767,baby,165,17.7,9.1,28.7,51.11
prod_01768,costruction_tools_garden,1827,25.1,17.0,30.3,20.25
prod_01769,watches_gifts,1747,53.0,15.7,9.1,48.92
prod_01770,auto,446,40.9,16.5,12.9,15.26
prod_01771,cool_stuff,489,39.5,29.7,28.4,76.08
prod_01772,unknown,2058,62.1,13.5,58.5,14.87
prod_01773,party_supplies,1536,33.5,15.1,45.6,24.87
prod_01774,furniture_living_room,918,64.9,15.5,23.7,39.75
prod_01775,unknown,1649,67.5,40.0,21.9,14.19
prod_01776,music,1427,12.6,25.2,17.9,36.81
prod_01777,furniture_living_room,538,10.6,4.5,16.9,49.76
prod_01778,food_drink,2165,16.1,9.3,22.7,7.39
prod_01779,fashion_bags_accessories,1884,50.4,14.1,67.2,52.59
prod_01780,art,1182,25.4,29.3,21.8,48.28
prod_01781,luggage_accessories,2059,23.8,30.9,26.2,27.57
prod_01782,auto,3881,42.9,13.0,13.4,37.11
prod_01783,cds_dvds_musicals,483,20.9,9.2,34.7,9.81
prod_01784,baby,951,31.4,11.9,26.0,11.56
prod_01785,fashion_bags_accessories,989,38.2,14.4,21.1,17.82
prod_01786,cool_stuff,2028,17.0,11.4,15.2,97.05
prod_01787,books_general,704,14.8,26.7,17.4,10.21
prod_01788,cool_stuff,1950,29.1,10.8,20.4,23.45
prod_01789,market_place,775,31.0,7.6,21.1,9.74
prod_01790,fashion_shoes,433,41.3,11.8,15.1,60.82
prod_01791,music,1235,15.9,16.1,24.8,6.13
prod_01792,art,761,19.2,26.9,29.1,18.1
prod_01793,bed_bath_table,1328,67.1,7.2,37.8,85.09
prod_01794,art,1569,46.1,16.2,56.9,48.11
prod_01795,computers_accessories,255,26.7,16.5,8.9,65.7
prod_01796,office_furniture,836,49.8,18.3,31.3,114.92
prod_01797,perfumery,1236,15.9,10.8,22.3,63.4
prod_01798,market_place,2065,25.1,18.1,7.4,12.41
prod_01799,cds_dvds_musicals,1893,5.0,20.7,18.6,11.56
prod_01800,industry_commerce_and_business,579,30.9,10.7,9.6,138.78
prod_01801,electronics,1028,23.6,15.1,35.9,28.75
prod_01802,party_supplies,1628,24.0,12.2,33.6,14.96
prod_01803,perfumery,973,40.3,8.3,27.7,41.33
prod_01804,unknown,630,46.4,5.6,17.6,24.98
prod_01805,stationery,1128,22.3,9.1,49.4,13.16
prod_01806,office_furniture,1520,13.0,9.5,14.1,56.44
prod_01807,books_general,531,11.5,5.5,21.3,12.75
prod_01808,food_drink,1755,8.0,17.4,23.3,22.64
prod_01809,auto,1291,61.5,21.6,25.0,59.26
prod_01810,toys,1800,40.3,12.0,73.5,17.52
prod_01811,party_supplies,1109,36.0,13.1,54.5,6.97
prod_01812,construction_tools,3503,20.7,9.9,33.0,25.86
prod_01813,auto,1499,20.7,12.7,26.1,51.14
prod_01814,art,1944,47.2,18.2,25.9,10.44
prod_01815,construction_tools,1750,10.6,16.2,37.2,61.75
prod_01816,art,1017,22.8,12.6,44.8,21.51
prod_01817,christmas_supplies,1404,50.6,9.5,13.9,28.93
prod_01818,christmas_supplies,718,22.8,20.6,57.1,10.12
prod_01819,fashion_shoes,3337,39.3,10.2,32.2,20.89
prod_01820,air_conditioning,1620,27.2,5.8,19.5,119.75
prod_01821,diapers_and_hygiene,598,5.0,14.6,24.3,10.88
prod_01822,baby,2847,26.6,3.9,33.1,19.21
prod_01823,health_beauty,1058,29.4,15.8,33.9,26.74
prod_01824,perfumery,2135,25.6,16.5,15.3,47.12
prod_01825,market_place,247,14.4,9.1,25.4,6.16
prod_01826,small_appliances,2507,25.7,9.9,29.0,65.06
prod_01827,furniture_decor,1573,8.3,22.3,45.1,30.23
prod_01828,small_appliances,557,22.6,37.8,47.5,71.21
prod_01829,telephony,1553,40.9,13.6,13.0,12.48
prod_01830,unknown,3119,59.8,2.8,26.8,50.8
prod_01831,fashion_shoes,736,54.9,9.2,18.9,25.88
prod_01832,market_place,727,15.7,16.6,32.7,7.0
prod_01833,electronics,1005,11.8,12.3,71.6,106.94
prod_01834,electronics,1227,30.9,15.9,42.5,18.18
prod_01835,books_general,2232,28.4,14.6,34.2,8.1
prod_01836,music,1635,37.8,14.8,38.9,20.26
prod_01837,luggage_accessories,1005,19.8,3.0,52.6,22.62
prod_01838,perfumery,1448,28.9,9.9,40.6,21.65
prod_01839,consoles_games,3457,28.1,9.3,14.3,113.71
prod_01840,perfumery,1837,23.1,9.2,59.3,28.91
prod_01841,office_furniture,1089,10.2,19.0,28.1,36.75
prod_01842,housewares,982,40.6,6.2,32.1,34.65
prod_01843,consoles_games,1387,31.0,3.0,47.5,40.0
prod_01844,telephony,2213,42.0,9.1,69.9,25.3
prod_01845,office_furniture,652,47.1,7.9,21.2,77.34
prod_01846,food_drink,2011,26.8,13.6,46.2,6.86
prod_01847,art,1072,40.7,7.9,20.6,41.74
prod_01848,construction_tools,1195,60.6,11.3,30.7,34.57
prod_01849,sports_leisure,5284,70.4,10.3,11.8,39.41
prod_01850,auto,1874,33.0,26.2,20.6,73.61
prod_01851,computers_accessories,781,34.3,8.0,30.0,41.12
prod_01852,costruction_tools_garden,1569,32.7,18.3,35.1,26.05
prod_01853,art,2288,37.2,12.6,34.1,17.25
prod_01854,small_appliances,1888,46.1,22.5,43.3,42.76
prod_01855,telephony,133,32.3,30.6,22.2,16.44
prod_01856,bed_bath_table,1159,68.3,12.5,25.6,12.11
prod_01857,art,1618,63.5,4.0,26.2,36.1
prod_01858,toys,1527,29.4,6.2,23.1,14.5
prod_01859,computers_accessories,833,29.3,5.2,16.7,56.16
prod_01860,telephony,1910,22.1,9.9,28.2,26.23
prod_01861,cool_stuff,2514,38.2,9.0,39.8,30.76
prod_01862,market_place,263,24.2,15.0,31.7,27.29
prod_01863,signaling_and_security,238,21.6,21.5,21.6,29.37
prod_01864,baby,1560,37.8,3.7,28.5,20.03
prod_01865,books_technical,2019,15.2,13.2,20.9,14.68
prod_01866,sports_leisure,738,46.5,8.2,35.5,21.18
prod_01867,bed_bath_table,143,38.5,13.4,40.5,17.49
prod_01868,sports_leisure,1173,61.8,9.9,40.9,19.31
prod_01869,christmas_supplies,1544,33.3,19.5,24.3,37.85
prod_01870,fashion_shoes,944,41.6,6.5,21.2,47.79
prod_01871,luggage_accessories,2327,6.1,8.5,43.3,23.97
prod_01872,bed_bath_table,1478,44.3,12.0,23.3,40.04
prod_01873,bed_bath_table,674,52.7,10.6,28.3,10.39
prod_01874,food_drink,733,31.4,11.9,31.6,23.89
prod_01875,computers_accessories,1192,22.0,4.4,27.1,113.39
prod_01876,watches_gifts,895,33.7,28.1,38.0,144.18
prod_01877,office_furniture,222,46.5,9.5,12.5,91.66
prod_01878,fashion_underwear_beach,1389,49.6,6.8,33.9,19.24
prod_01879,auto,749,10.2,12.1,18.0,83.82
prod_01880,construction_tools,856,99.9,13.2,22.0,24.26
prod_01881,books_general,479,21.6,34.9,29.6,9.02
prod_01882,unknown,3172,42.0,23.5,10.8,34.18
prod_01883,stationery,1798,55.7,10.4,24.9,22.03
prod_01884,sports_leisure,3688,28.0,31.5,22.8,15.65
prod_01885,construction_tools,940,50.6,28.1,25.6,22.44
prod_01886,air_conditioning,1869,10.2,6.8,22.2,80.47
prod_01887,pet_shop,1406,7.8,39.4,28.3,35.25
prod_01888,signaling_and_security,697,51.5,9.6,20.5,23.8
prod_01889,housewares,933,48.4,14.2,26.6,24.99
prod_01890,bed_bath_table,1796,35.9,25.7,29.6,54.17
prod_01891,small_appliances,479,46.6,3.7,44.0,58.73
prod_01892,telephony,2342,64.3,11.9,48.7,44.28
prod_01893,fashion_underwear_beach,1324,56.6,15.5,13.1,14.8
prod_01894,christmas_supplies,2139,28.8,23.0,45.7,35.28
prod_01895,perfumery,1548,33.5,12.9,16.7,30.53
prod_01896,small_appliances,266,26.3,3.8,26.7,45.94
prod_01897,books_general,1160,24.5,34.8,11.2,24.48
prod_01898,watches_gifts,2376,44.2,13.1,8.2,74.44
prod_01899,signaling_and_security,1310,26.1,15.8,69.5,19.95
prod_01900,garden_tools,1182,44.2,4.8,27.0,11.61
prod_01901,luggage_accessories,1309,27.9,27.4,24.1,25.03
prod_01902,books_general,203,30.1,9.7,31.3,15.1
prod_01903,housewares,2541,18.5,8.2,24.4,22.63
prod_01904,cds_dvds_musicals,101,43.6,24.0,40.2,21.21
prod_01905,garden_tools,2896,9.8,5.1,30.4,27.76
prod_01906,fashion_underwear_beach,889,52.5,16.0,37.1,12.55
prod_01907,diapers_and_hygiene,1625,81.6,8.0,18.1,5.94
prod_01908,diapers_and_hygiene,184,30.7,17.1,12.1,15.36
prod_01909,industry_commerce_and_business,2004,30.0,19.7,42.5,43.66
prod_01910,furniture_living_room,1777,11.9,9.4,32.0,17.36
prod_01911,small_appliances,1703,22.4,26.5,14.3,28.33
prod_01912,toys,174,46.8,13.2,14.4,13.21
prod_01913,christmas_supplies,620,50.2,35.1,28.7,10.91
prod_01914,home_appliances,1554,32.7,24.2,35.7,65.74
prod_01915,costruction_tools_garden,2495,45.4,14.0,16.6,18.27
prod_01916,unknown,543,18.7,14.0,53.8,21.58
prod_01917,music,556,36.7,5.5,38.0,8.73
prod_01918,auto,1482,59.3,24.0,43.9,28.95
prod_01919,music,4984,40.4,8.9,28.3,7.43
prod_01920,health_beauty,707,63.8,14.9,27.1,14.19
prod_01921,computers_accessories,880,64.8,34.9,13.6,26.5
prod_01922,fashion_bags_accessories,780,37.9,26.2,18.1,35.29
prod_01923,home_appliances,1074,5.0,7.1,25.5,72.86
prod_01924,cds_dvds_musicals,2628,49.7,13.2,32.4,12.83
prod_01925,fashion_bags_accessories,1118,14.3,15.8,29.6,66.72
prod_01926,bed_bath_table,5293,5.1,28.1,9.1,37.45
prod_01927,perfumery,1275,8.9,25.8,16.1,39.3
prod_01928,construction_tools,2797,51.4,18.2,30.5,60.15
prod_01929,small_appliances,933,38.1,17.3,32.8,36.05
prod_01930,market_place,391,33.2,13.1,22.0,13.04
prod_01931,cool_stuff,1117,39.9,15.6,36.4,33.05
prod_01932,pet_shop,1721,9.3,11.3,36.1,13.33
prod_01933,pet_shop,625,26.2,20.8,67.2,39.43
prod_01934,costruction_tools_garden,2510,20.5,17.8,27.2,34.66
prod_01935,office_furniture,811,31.9,23.5,21.6,114.11
prod_01936,luggage_accessories,480,32.5,23.2,16.7,45.89
prod_01937,auto,4661,39.1,8.8,12.7,30.21
prod_01938,cds_dvds_musicals,597,42.1,2.5,35.4,13.25
prod_01939,health_beauty,791,9.6,8.4,33.5,5.6
prod_01940,computers_accessories,1922,26.4,15.5,13.6,169.94
prod_01941,industry_commerce_and_business,908,29.6,11.3,35.5,21.59
prod_01942,home_appliances,496,14.1,11.0,29.0,80.4
prod_01943,pet_shop,729,13.2,8.1,23.2,27.24
prod_01944,fashion_underwear_beach,3848,8.9,16.8,8.6,29.08
prod_01945,books_technical,1764,12.1,3.9,33.3,17.37
prod_01946,cool_stuff,2011,45.3,18.2,57.4,11.05
prod_01947,telephony,1431,10.7,18.4,17.8,27.5
prod_01948,health_beauty,1609,11.8,23.2,29.1,17.64
prod_01949,industry_commerce_and_business,854,31.2,58.1,34.6,13.72
prod_01950,auto,1304,36.6,2.2,6.5,44.8
prod_01951,fashion_shoes,157,29.2,17.9,16.3,17.38
prod_01952,construction_tools,2275,15.8,19.9,11.6,52.18
prod_01953,watches_gifts,848,13.4,8.4,57.3,37.87
prod_01954,unknown,424,30.7,11.8,6.2,252.34
prod_01955,furniture_decor,1359,27.5,9.7,23.1,30.79
prod_01956,telephony,1016,23.8,18.6,30.7,44.51
prod_01957,housewares,2220,44.3,24.7,17.7,16.52
prod_01958,luggage_accessories,1136,26.5,6.0,7.0,11.21
prod_01959,fashion_shoes,716,12.7,16.9,23.6,29.67
prod_01960,christmas_supplies,1156,23.9,27.6,17.6,19.78
prod_01961,consoles_games,3010,38.8,8.8,32.4,109.08
prod_01962,garden_tools,2270,25.6,2.0,38.2,20.29
prod_01963,fashion_underwear_beach,1761,38.4,7.5,13.6,7.85
prod_01964,party_supplies,2337,42.3,6.9,18.5,17.18
prod_01965,office_furniture,1856,26.5,7.8,19.0,67.15
prod_01966,bed_bath_table,559,29.1,34.6,38.0,38.14
prod_01967,toys,2023,24.8,39.1,27.5,18.83
prod_01968,christmas_supplies,2525,38.8,29.6,13.9,6.12
prod_01969,office_furniture,2621,24.3,11.1,43.9,70.24
prod_01970,diapers_and_hygiene,458,36.9,30.2,17.7,9.56
prod_01971,furniture_living_room,793,32.7,2.5,20.2,106.16
prod_01972,bed_bath_table,699,8.9,6.7,15.7,24.15
prod_01973,industry_commerce_and_business,926,37.9,21.0,28.5,43.21
prod_01974,costruction_tools_garden,1635,31.2,9.3,22.0,39.96
prod_01975,cds_dvds_musicals,1334,53.6,6.1,50.2,5.96
prod_01976,diapers_and_hygiene,1335,14.5,16.6,27.7,7.04
prod_01977,garden_tools,350,33.0,16.9,16.3,19.27
prod_01978,christmas_supplies,769,22.5,17.8,26.2,9.21
prod_01979,auto,2750,9.5,19.0,53.7,33.08
prod_01980,diapers_and_hygiene,2518,7.7,16.1,13.0,24.24
prod_01981,telephony,1121,59.0,12.5,33.3,61.43
prod_01982,small_appliances,2026,33.1,13.9,8.7,37.19
prod_01983,unknown,1532,26.1,21.2,48.5,166.68
prod_01984,furniture_decor,2180,11.3,15.8,20.5,24.62
prod_01985,sports_leisure,2087,57.3,10.0,16.0,108.91
prod_01986,food_drink,1190,19.3,8.3,52.1,9.65
prod_01987,sports_leisure,1769,33.9,13.8,25.3,72.84
prod_01988,unknown,1604,30.5,27.5,25.8,70.99
prod_01989,party_supplies,1214,70.8,19.2,20.7,6.15
prod_01990,pet_shop,1026,28.7,28.3,21.1,56.28
prod_01991,home_appliances,3510,21.7,11.0,8.2,55.68
prod_01992,consoles_games,1215,33.3,15.1,33.1,54.82
prod_01993,market_place,1942,35.2,16.4,11.6,18.06
prod_01994,fashion_shoes,3337,95.4,21.8,40.9,17.61
prod_01995,furniture_living_room,1766,28.4,11.0,14.4,63.83
prod_01996,watches_gifts,1712,14.2,19.1,27.0,23.88
prod_01997,unknown,1220,23.8,26.6,18.9,10.98
prod_01998,music,1625,33.3,12.9,20.7,22.72
prod_01999,cds_dvds_musicals,961,36.5,7.7,22.8,9.32
