customer_unique_id,customer_city,customer_state,customer_zip_code_prefix
cust_000000,florianopolis,SC,6603
cust_000001,porto alegre,RS,14317
cust_000002,campinas,SP,39244
cust_000003,santos,SP,66989
cust_000004,campinas,SP,44362
cust_000005,belo horizonte,MG,76486
cust_000006,recife,PE,69542
cust_000007,campinas,SP,71243
cust_000008,campinas,SP,91293
cust_000009,duque de caxias,RJ,8960
cust_000010,santos,SP,57878
cust_000011,sao paulo,SP,34835
cust_000012,belo horizonte,MG,76349
cust_000013,sorocaba,SP,80972
cust_000014,brasilia,DF,64705
cust_000015,duque de caxias,RJ,74095
cust_000016,contagem,MG,91079
cust_000017,santos,SP,56081
cust_000018,sorocaba,SP,81266
cust_000019,niteroi,RJ,11357
cust_000020,londrina,PR,25483
cust_000021,cuiaba,MT,90874
cust_000022,sorocaba,SP,23007
cust_000023,niteroi,RJ,1933
cust_000024,belo horizonte,MG,91276
cust_000025,sorocaba,SP,36467
cust_000026,feira de santana,BA,60146
cust_000027,campinas,SP,77294
cust_000028,goiania,GO,45511
cust_000029,duque de caxias,RJ,3026
cust_000030,sao paulo,SP,70313
cust_000031,londrina,PR,65684
cust_000032,sao paulo,SP,28889
cust_000033,curitiba,PR,66256
cust_000034,salvador,BA,81050
cust_000035,belo horizonte,MG,98238
cust_000036,sao paulo,SP,53245
cust_000037,niteroi,RJ,7598
cust_000038,niteroi,RJ,87226
cust_000039,porto alegre,RS,43979
cust_000040,contagem,MG,64725
cust_000041,santos,SP,88881
cust_000042,curitiba,PR,26761
cust_000043,florianopolis,SC,1361
cust_000044,caxias do sul,RS,96579
cust_000045,campinas,SP,16941
cust_000046,duque de caxias,RJ,40840
cust_000047,duque de caxias,RJ,79214
cust_000048,feira de santana,BA,76826
cust_000049,salvador,BA,17345
cust_000050,goiania,GO,26297
cust_000051,sorocaba,SP,69181
cust_000052,londrina,PR,42290
cust_000053,goiania,GO,50851
cust_000054,sorocaba,Unknown,74089
cust_000055,santos,SP,86178
cust_000056,sao paulo,SP,69928
cust_000057,uberlandia,MG,18106
cust_000058,campinas,SP,93959
cust_000059,campinas,SP,56714
cust_000060,niteroi,RJ,79983
cust_000061,joinville,SC,61645
cust_000062,brasilia,DF,33093
cust_000063,curitiba,PR,65421
cust_000064,recife,PE,86465
cust_000065,uberlandia,MG,82694
cust_000066,salvador,BA,92184
cust_000067,santos,SP,6379
cust_000068,brasilia,DF,95454
cust_000069,recife,PE,33381
cust_000070,porto alegre,RS,90144
cust_000071,duque de caxias,RJ,53199
cust_000072,sorocaba,SP,69840
cust_000073,campinas,SP,78436
cust_000074,campinas,SP,79784
cust_000075,sorocaba,SP,32655
cust_000076,sorocaba,SP,65136
cust_000077,sorocaba,SP,56899
cust_000078,goiania,GO,32651
cust_000079,belo horizonte,MG,4742
cust_000080,brasilia,DF,81792
cust_000081,rio de janeiro,RJ,42850
cust_000082,santos,SP,23529
cust_000083,campinas,SP,34352
cust_000084,brasilia,DF,43698
cust_000085,campinas,SP,99561
cust_000086,porto alegre,RS,35006
cust_000087,sorocaba,SP,14195
cust_000088,sao paulo,SP,18042
cust_000089,santos,SP,91953
cust_000090,duque de caxias,RJ,80091
cust_000091,sao paulo,SP,1349
cust_000092,brasilia,DF,47720
cust_000093,santos,SP,27662
cust_000094,sorocaba,SP,53171
cust_000095,campinas,SP,60399
cust_000096,maceio,AL,50701
cust_000097,belo horizonte,Unknown,49215
cust_000098,contagem,MG,69246
cust_000099,duque de caxias,RJ,71478
cust_000100,goiania,GO,18413
cust_000101,santos,SP,68980
cust_000102,florianopolis,SC,50579
cust_000103,feira de santana,BA,41477
cust_000104,sao paulo,SP,26764
cust_000105,sorocaba,SP,55781
cust_000106,rio de janeiro,RJ,97193
cust_000107,santos,SP,47167
cust_000108,santos,SP,6957
cust_000109,campinas,SP,25092
cust_000110,sorocaba,SP,92910
cust_000111,caxias do sul,RS,80409
cust_000112,niteroi,RJ,6931
cust_000113,contagem,MG,80739
cust_000114,rio de janeiro,RJ,11817
cust_000115,sao paulo,SP,30742
cust_000116,niteroi,Unknown,90719
cust_000117,recife,PE,65169
cust_000118,sao paulo,SP,65136
cust_000119,uberlandia,MG,22236
cust_000120,salvador,BA,33116
cust_000121,uberlandia,MG,10227
cust_000122,sao paulo,SP,59247
cust_000123,campinas,SP,49135
cust_000124,uberlandia,MG,17448
cust_000125,curitiba,PR,29894
cust_000126,londrina,PR,7421
cust_000127,caxias do sul,RS,7333
cust_000128,sao paulo,SP,5873
cust_000129,joinville,SC,32961
cust_000130,contagem,MG,27731
cust_000131,joao pessoa,PB,19658
cust_000132,curitiba,PR,18760
cust_000133,rio de janeiro,RJ,94988
cust_000134,caxias do sul,RS,40928
cust_000135,belo horizonte,Unknown,52376
cust_000136,sorocaba,SP,87789
cust_000137,niteroi,RJ,99765
cust_000138,sorocaba,SP,38476
cust_000139,santos,SP,77063
cust_000140,londrina,PR,40457
cust_000141,sorocaba,SP,27560
cust_000142,londrina,PR,12956
cust_000143,rio de janeiro,RJ,35497
cust_000144,feira de santana,BA,98880
cust_000145,curitiba,Unknown,17756
cust_000146,curitiba,PR,15379
cust_000147,rio de janeiro,RJ,26320
cust_000148,campo grande,MS,34492
cust_000149,campinas,SP,38774
cust_000150,florianopolis,SC,94627
cust_000151,duque de caxias,RJ,93082
cust_000152,campinas,SP,46037
cust_000153,contagem,MG,88832
cust_000154,rio de janeiro,Unknown,34471
cust_000155,campinas,SP,40034
cust_000156,santos,SP,71800
cust_000157,sorocaba,SP,86926
cust_000158,joao pessoa,PB,4269
cust_000159,contagem,MG,59219
cust_000160,santos,SP,32798
cust_000161,londrina,PR,39711
cust_000162,uberlandia,MG,58442
cust_000163,londrina,PR,51800
cust_000164,contagem,MG,99108
cust_000165,sorocaba,SP,44740
cust_000166,santos,SP,96786
cust_000167,curitiba,PR,68236
cust_000168,londrina,PR,62991
cust_000169,curitiba,PR,53954
cust_000170,sorocaba,SP,34670
cust_000171,florianopolis,SC,59064
cust_000172,rio de janeiro,RJ,55454
cust_000173,porto alegre,RS,11529
cust_000174,sorocaba,SP,93452
cust_000175,curitiba,PR,88822
cust_000176,natal,RN,67049
cust_000177,sao paulo,SP,67260
cust_000178,florianopolis,SC,15771
cust_000179,contagem,MG,60084
cust_000180,sao paulo,SP,97181
cust_000181,sorocaba,Unknown,13194
cust_000182,curitiba,PR,90317
cust_000183,santos,SP,35789
cust_000184,santos,SP,22460
cust_000185,goiania,GO,90281
cust_000186,contagem,MG,66027
cust_000187,curitiba,PR,80360
cust_000188,uberlandia,MG,87943
cust_000189,niteroi,RJ,2070
cust_000190,curitiba,PR,22831
cust_000191,santos,SP,24410
cust_000192,santos,SP,92439
cust_000193,uberlandia,MG,53076
cust_000194,vitoria,ES,18824
cust_000195,santos,SP,70141
cust_000196,sao luis,MA,36359
cust_000197,londrina,PR,58153
cust_000198,niteroi,RJ,94368
cust_000199,niteroi,Unknown,27724
cust_000200,campinas,SP,94719
cust_000201,belo horizonte,MG,74515
cust_000202,campinas,SP,3305
cust_000203,rio de janeiro,RJ,40055
cust_000204,sorocaba,SP,86772
cust_000205,cuiaba,MT,85793
cust_000206,santos,SP,69677
cust_000207,niteroi,RJ,69359
cust_000208,santos,SP,87299
cust_000209,sorocaba,SP,15076
cust_000210,sorocaba,SP,46729
cust_000211,florianopolis,SC,35756
cust_000212,uberlandia,MG,98168
cust_000213,duque de caxias,RJ,76913
cust_000214,feira de santana,BA,75074
cust_000215,sorocaba,SP,10443
cust_000216,salvador,BA,76175
cust_000217,campinas,SP,83763
cust_000218,goiania,GO,43266
cust_000219,vitoria,ES,86483
cust_000220,salvador,Unknown,39839
cust_000221,campinas,SP,65675
cust_000222,niteroi,RJ,21350
cust_000223,feira de santana,BA,51590
cust_000224,rio de janeiro,Unknown,6766
cust_000225,sorocaba,SP,12802
cust_000226,duque de caxias,RJ,90243
cust_000227,campinas,SP,70434
cust_000228,rio de janeiro,RJ,59478
cust_000229,sorocaba,SP,41054
cust_000230,belo horizonte,MG,56252
cust_000231,sorocaba,SP,70901
cust_000232,sorocaba,SP,34464
cust_000233,campinas,SP,33028
cust_000234,belem,PA,74229
cust_000235,uberlandia,MG,54460
cust_000236,uberlandia,MG,41280
cust_000237,joinville,SC,45264
cust_000238,contagem,MG,81122
cust_000239,sorocaba,SP,52252
cust_000240,belo horizonte,MG,8902
cust_000241,sorocaba,SP,83062
cust_000242,contagem,MG,25495
cust_000243,santos,SP,8324
cust_000244,fortaleza,CE,29057
cust_000245,rio de janeiro,RJ,12790
cust_000246,santos,SP,3309
cust_000247,uberlandia,MG,70241
cust_000248,campinas,SP,66680
cust_000249,niteroi,RJ,31509
cust_000250,goiania,GO,70459
cust_000251,curitiba,PR,4760
cust_000252,caxias do sul,RS,41925
cust_000253,rio de janeiro,RJ,57986
cust_000254,rio de janeiro,RJ,79749
cust_000255,campinas,SP,28051
cust_000256,uberlandia,Unknown,95418
cust_000257,contagem,MG,37890
cust_000258,campinas,SP,73932
cust_000259,sorocaba,SP,18776
cust_000260,sao paulo,SP,67653
cust_000261,santos,SP,56573
cust_000262,sorocaba,SP,45512
cust_000263,campinas,SP,26098
cust_000264,rio de janeiro,RJ,55794
cust_000265,niteroi,RJ,41684
cust_000266,sao paulo,SP,29522
cust_000267,rio de janeiro,RJ,53047
cust_000268,salvador,BA,25166
cust_000269,campinas,SP,65746
cust_000270,santos,SP,3594
cust_000271,rio de janeiro,RJ,25202
cust_000272,campinas,SP,48605
cust_000273,sorocaba,SP,13641
cust_000274,niteroi,RJ,23282
cust_000275,santos,SP,43041
cust_000276,feira de santana,BA,47268
cust_000277,brasilia,Unknown,34769
cust_000278,sorocaba,SP,81422
cust_000279,rio de janeiro,RJ,51609
cust_000280,cuiaba,MT,37345
cust_000281,niteroi,RJ,51838
cust_000282,maceio,AL,32867
cust_000283,curitiba,Unknown,6033
cust_000284,santos,SP,45236
cust_000285,campinas,SP,36864
cust_000286,sao paulo,SP,50053
cust_000287,joinville,SC,51958
cust_000288,santos,SP,27993
cust_000289,porto alegre,RS,46013
cust_000290,rio de janeiro,RJ,60391
cust_000291,feira de santana,BA,24909
cust_000292,curitiba,PR,3870
cust_000293,sorocaba,SP,19348
cust_000294,sao paulo,SP,49125
cust_000295,rio de janeiro,RJ,69398
cust_000296,joinville,SC,65252
cust_000297,porto alegre,RS,77635
cust_000298,duque de caxias,RJ,47159
cust_000299,feira de santana,BA,87919
cust_000300,rio de janeiro,RJ,97847
cust_000301,sorocaba,SP,2721
cust_000302,goiania,GO,16348
cust_000303,duque de caxias,RJ,40513
cust_000304,salvador,BA,45851
cust_000305,santos,SP,21393
cust_000306,uberlandia,MG,29887
cust_000307,sao paulo,SP,5454
cust_000308,santos,SP,90418
cust_000309,sorocaba,SP,78895
cust_000310,curitiba,PR,18780
cust_000311,sorocaba,SP,40664
cust_000312,santos,SP,52620
cust_000313,santos,SP,45183
cust_000314,niteroi,RJ,43007
cust_000315,contagem,MG,55676
cust_000316,caxias do sul,RS,91804
cust_000317,caxias do sul,RS,53008
cust_000318,niteroi,RJ,56202
cust_000319,rio de janeiro,RJ,26690
cust_000320,santos,SP,47099
cust_000321,duque de caxias,RJ,67842
cust_000322,goiania,Unknown,59070
cust_000323,duque de caxias,RJ,49150
cust_000324,vitoria,ES,71429
cust_000325,santos,SP,22596
cust_000326,curitiba,PR,4166
cust_000327,caxias do sul,Unknown,31885
cust_000328,caxias do sul,RS,25429
cust_000329,uberlandia,MG,91399
cust_000330,sao paulo,SP,24336
cust_000331,londrina,PR,91194
cust_000332,niteroi,RJ,42141
cust_000333,rio de janeiro,RJ,71763
cust_000334,santos,SP,58060
cust_000335,sorocaba,SP,1530
cust_000336,fortaleza,CE,91672
cust_000337,sorocaba,SP,48064
cust_000338,campinas,SP,57010
cust_000339,sorocaba,SP,27129
cust_000340,belo horizonte,MG,18963
cust_000341,curitiba,PR,4855
cust_000342,belem,PA,53059
cust_000343,uberlandia,MG,31972
cust_000344,santos,SP,43428
cust_000345,sao paulo,SP,98208
cust_000346,campinas,SP,64927
cust_000347,belo horizonte,MG,73984
cust_000348,sao luis,MA,64045
cust_000349,campinas,SP,18310
cust_000350,santos,SP,66353
cust_000351,porto alegre,RS,88832
cust_000352,contagem,MG,99730
cust_000353,belo horizonte,MG,5700
cust_000354,niteroi,RJ,3732
cust_000355,sorocaba,SP,97912
cust_000356,duque de caxias,RJ,76460
cust_000357,sorocaba,SP,2602
cust_000358,porto alegre,RS,85628
cust_000359,campinas,SP,94139
cust_000360,duque de caxias,RJ,25268
cust_000361,campo grande,MS,22156
cust_000362,rio de janeiro,RJ,75981
cust_000363,sorocaba,SP,30953
cust_000364,vitoria,ES,11393
cust_000365,sao paulo,SP,69821
cust_000366,curitiba,Unknown,54710
cust_000367,sao paulo,SP,28410
cust_000368,brasilia,DF,32916
cust_000369,sao paulo,Unknown,47466
cust_000370,sorocaba,SP,23571
cust_000371,campo grande,Unknown,6169
cust_000372,belo horizonte,MG,65069
cust_000373,campinas,SP,29964
cust_000374,sorocaba,SP,40859
cust_000375,sorocaba,SP,31646
cust_000376,campinas,SP,17439
cust_000377,niteroi,RJ,54826
cust_000378,niteroi,RJ,61052
cust_000379,belem,PA,50582
cust_000380,londrina,PR,51173
cust_000381,belem,PA,71778
cust_000382,rio de janeiro,RJ,5181
cust_000383,duque de caxias,RJ,77602
cust_000384,contagem,MG,82254
cust_000385,sao paulo,SP,16037
cust_000386,sorocaba,SP,98687
cust_000387,feira de santana,BA,46199
cust_000388,porto alegre,RS,34883
cust_000389,sorocaba,SP,30371
cust_000390,niteroi,RJ,98741
cust_000391,sao paulo,SP,55357
cust_000392,belo horizonte,MG,99585
cust_000393,sao paulo,SP,71954
cust_000394,goiania,GO,46972
cust_000395,niteroi,RJ,3849
cust_000396,santos,SP,92145
cust_000397,curitiba,PR,23544
cust_000398,fortaleza,CE,78445
cust_000399,feira de santana,BA,13664
cust_000400,rio de janeiro,RJ,83613
cust_000401,sorocaba,SP,3684
cust_000402,belo horizonte,MG,13128
cust_000403,salvador,BA,30412
cust_000404,natal,RN,78250
cust_000405,niteroi,RJ,99705
cust_000406,caxias do sul,Unknown,24417
cust_000407,santos,SP,58050
cust_000408,sorocaba,SP,74999
cust_000409,campinas,SP,89162
cust_000410,sorocaba,Unknown,24353
cust_000411,duque de caxias,RJ,12035
cust_000412,sao paulo,SP,78607
cust_000413,caxias do sul,RS,4323
cust_000414,contagem,MG,89481
cust_000415,santos,SP,40809
cust_000416,caxias do sul,RS,50671
cust_000417,santos,Unknown,50118
cust_000418,santos,SP,43889
cust_000419,sao luis,MA,2231
cust_000420,campinas,SP,15423
cust_000421,sao paulo,SP,35956
cust_000422,belo horizonte,MG,24362
cust_000423,sao paulo,SP,81800
cust_000424,santos,SP,99228
cust_000425,curitiba,PR,21389
cust_000426,uberlandia,MG,73349
cust_000427,duque de caxias,RJ,51097
cust_000428,recife,PE,77139
cust_000429,sao paulo,SP,76549
cust_000430,duque de caxias,RJ,81585
cust_000431,campinas,SP,96238
cust_000432,sorocaba,SP,58779
cust_000433,natal,RN,92476
cust_000434,londrina,PR,44669
cust_000435,campinas,SP,5790
cust_000436,sorocaba,SP,35460
cust_000437,sorocaba,SP,69577
cust_000438,caxias do sul,RS,3699
cust_000439,sorocaba,SP,82893
cust_000440,belem,PA,81161
cust_000441,santos,SP,23995
cust_000442,sao paulo,SP,86622
cust_000443,belem,PA,77785
cust_000444,recife,PE,34951
cust_000445,santos,SP,92559
cust_000446,rio de janeiro,RJ,51986
cust_000447,goiania,GO,45206
cust_000448,caxias do sul,RS,58223
cust_000449,contagem,MG,98575
cust_000450,belo horizonte,MG,66088
cust_000451,belem,PA,51841
cust_000452,niteroi,RJ,65338
cust_000453,santos,SP,73906
cust_000454,rio de janeiro,RJ,20475
cust_000455,londrina,PR,53535
cust_000456,duque de caxias,RJ,68979
cust_000457,sao paulo,SP,20027
cust_000458,porto alegre,RS,75500
cust_000459,rio de janeiro,RJ,2047
cust_000460,campo grande,MS,2709
cust_000461,santos,SP,39766
cust_000462,caxias do sul,RS,62169
cust_000463,contagem,MG,12741
cust_000464,campinas,SP,42254
cust_000465,rio de janeiro,RJ,19384
cust_000466,campinas,SP,88626
cust_000467,florianopolis,SC,73614
cust_000468,curitiba,PR,94428
cust_000469,santos,SP,37793
cust_000470,rio de janeiro,RJ,58790
cust_000471,campo grande,MS,36507
cust_000472,santos,SP,40560
cust_000473,fortaleza,CE,55201
cust_000474,sorocaba,SP,93867
cust_000475,campinas,SP,87267
cust_000476,duque de caxias,RJ,27709
cust_000477,campinas,SP,31530
cust_000478,goiania,GO,49762
cust_000479,caxias do sul,RS,76217
cust_000480,caxias do sul,RS,35958
cust_000481,caxias do sul,RS,7588
cust_000482,caxias do sul,RS,16209
cust_000483,curitiba,PR,40528
cust_000484,caxias do sul,RS,89534
cust_000485,feira de santana,BA,69709
cust_000486,belo horizonte,MG,25797
cust_000487,sorocaba,SP,59672
cust_000488,rio de janeiro,RJ,79737
cust_000489,niteroi,RJ,28697
cust_000490,campinas,SP,75565
cust_000491,santos,SP,64776
cust_000492,sao paulo,SP,67016
cust_000493,sorocaba,SP,14173
cust_000494,salvador,BA,11789
cust_000495,curitiba,PR,46102
cust_000496,sorocaba,SP,40663
cust_000497,vitoria,ES,31458
cust_000498,cuiaba,MT,92758
cust_000499,brasilia,DF,25414
cust_000500,sao paulo,SP,37225
cust_000501,sorocaba,SP,5795
cust_000502,niteroi,RJ,3011
cust_000503,porto alegre,Unknown,33328
cust_000504,contagem,MG,72830
cust_000505,caxias do sul,RS,60025
cust_000506,londrina,PR,69071
cust_000507,cuiaba,MT,75369
cust_000508,niteroi,RJ,58434
cust_000509,fortaleza,CE,45313
cust_000510,salvador,BA,36923
cust_000511,santos,SP,4917
cust_000512,feira de santana,BA,32957
cust_000513,sorocaba,SP,50375
cust_000514,santos,SP,23724
cust_000515,maceio,AL,15126
cust_000516,rio de janeiro,RJ,59582
cust_000517,niteroi,RJ,48766
cust_000518,cuiaba,MT,99617
cust_000519,santos,SP,82151
cust_000520,sorocaba,SP,78558
cust_000521,campinas,SP,50336
cust_000522,rio de janeiro,RJ,65828
cust_000523,sorocaba,SP,88575
cust_000524,sorocaba,Unknown,57380
cust_000525,salvador,BA,26132
cust_000526,sao paulo,SP,70826
cust_000527,uberlandia,MG,12847
cust_000528,sao paulo,SP,50689
cust_000529,rio de janeiro,RJ,85634
cust_000530,uberlandia,MG,84894
cust_000531,niteroi,RJ,77651
cust_000532,sao paulo,SP,58604
cust_000533,campinas,SP,35428
cust_000534,santos,SP,25497
cust_000535,sorocaba,SP,50428
cust_000536,duque de caxias,RJ,56766
cust_000537,campinas,SP,32651
cust_000538,santos,SP,25295
cust_000539,campinas,SP,77114
cust_000540,joinville,SC,54030
cust_000541,rio de janeiro,RJ,48937
cust_000542,niteroi,RJ,80654
cust_000543,belo horizonte,MG,97005
cust_000544,santos,SP,73027
cust_000545,campinas,SP,78253
cust_000546,campinas,SP,27764
cust_000547,niteroi,RJ,86141
cust_000548,santos,SP,73199
cust_000549,campinas,SP,56592
cust_000550,fortaleza,CE,13254
cust_000551,londrina,PR,52582
cust_000552,sorocaba,SP,64888
cust_000553,fortaleza,CE,20735
cust_000554,santos,SP,32171
cust_000555,santos,SP,78511
cust_000556,santos,SP,62096
cust_000557,belem,PA,24558
cust_000558,sao paulo,SP,86372
cust_000559,florianopolis,SC,84608
cust_000560,contagem,MG,14242
cust_000561,duque de caxias,RJ,7515
cust_000562,sao paulo,SP,69950
cust_000563,sao paulo,SP,8273
cust_000564,caxias do sul,RS,68648
cust_000565,santos,SP,54388
cust_000566,niteroi,RJ,75934
cust_000567,sorocaba,SP,4145
cust_000568,florianopolis,SC,96959
cust_000569,caxias do sul,Unknown,10142
cust_000570,duque de caxias,RJ,48812
cust_000571,niteroi,RJ,81422
cust_000572,campinas,SP,14494
cust_000573,sao paulo,SP,75233
cust_000574,sorocaba,Unknown,69898
cust_000575,caxias do sul,RS,87854
cust_000576,campinas,SP,54984
cust_000577,sao paulo,SP,31617
cust_000578,campinas,SP,81377
cust_000579,campinas,SP,16180
cust_000580,uberlandia,MG,79504
cust_000581,caxias do sul,RS,17433
cust_000582,campinas,SP,73578
cust_000583,sao paulo,SP,5105
cust_000584,contagem,MG,40307
cust_000585,contagem,MG,88418
cust_000586,brasilia,DF,48093
cust_000587,salvador,BA,3739
cust_000588,feira de santana,BA,91688
cust_000589,brasilia,DF,60283
cust_000590,goiania,GO,44160
cust_000591,uberlandia,MG,88762
cust_000592,contagem,MG,59072
cust_000593,curitiba,PR,60289
cust_000594,sao paulo,SP,68667
cust_000595,santos,SP,18280
cust_000596,fortaleza,CE,12457
cust_000597,rio de janeiro,RJ,61151
cust_000598,sao paulo,SP,77171
cust_000599,sao paulo,Unknown,96129
cust_000600,campinas,SP,2480
cust_000601,sorocaba,SP,8647
cust_000602,niteroi,RJ,98224
cust_000603,duque de caxias,RJ,18195
cust_000604,duque de caxias,RJ,57271
cust_000605,sao paulo,SP,47750
cust_000606,duque de caxias,RJ,17637
cust_000607,sao paulo,SP,77104
cust_000608,sao paulo,SP,78634
cust_000609,uberlandia,MG,28859
cust_000610,campinas,SP,84607
cust_000611,fortaleza,CE,60905
cust_000612,belo horizonte,MG,21272
cust_000613,campinas,SP,27435
cust_000614,campinas,SP,5084
cust_000615,santos,SP,56842
cust_000616,sorocaba,SP,52924
cust_000617,fortaleza,CE,18826
cust_000618,porto alegre,RS,64415
cust_000619,florianopolis,SC,31095
cust_000620,belo horizonte,MG,17657
cust_000621,fortaleza,CE,19252
cust_000622,recife,PE,56598
cust_000623,sorocaba,SP,92641
cust_000624,santos,SP,53112
cust_000625,campinas,SP,62449
cust_000626,sao paulo,SP,86495
cust_000627,duque de caxias,RJ,65477
cust_000628,sao paulo,SP,81766
cust_000629,florianopolis,SC,54163
cust_000630,sorocaba,SP,14063
cust_000631,florianopolis,SC,66281
cust_000632,sorocaba,SP,70994
cust_000633,santos,SP,45298
cust_000634,brasilia,DF,50783
cust_000635,niteroi,RJ,10201
cust_000636,londrina,PR,47159
cust_000637,goiania,GO,92306
cust_000638,sao paulo,SP,17071
cust_000639,campinas,SP,64410
cust_000640,campinas,SP,75016
cust_000641,santos,SP,71744
cust_000642,vitoria,ES,86967
cust_000643,florianopolis,Unknown,20775
cust_000644,sorocaba,SP,21345
cust_000645,caxias do sul,RS,34196
cust_000646,belem,PA,3911
cust_000647,sorocaba,SP,1588
cust_000648,sorocaba,SP,61305
cust_000649,feira de santana,BA,30547
cust_000650,curitiba,PR,98145
cust_000651,santos,SP,85656
cust_000652,niteroi,RJ,68201
cust_000653,campinas,SP,82180
cust_000654,belo horizonte,MG,26017
cust_000655,contagem,MG,70342
cust_000656,santos,SP,87399
cust_000657,florianopolis,SC,16641
cust_000658,niteroi,RJ,54267
cust_000659,caxias do sul,RS,99014
cust_000660,contagem,MG,51465
cust_000661,rio de janeiro,RJ,81837
cust_000662,santos,SP,6670
cust_000663,campinas,SP,35250
cust_000664,curitiba,PR,7006
cust_000665,belo horizonte,MG,71942
cust_000666,sorocaba,SP,58350
cust_000667,campo grande,MS,20458
cust_000668,feira de santana,BA,80861
cust_000669,sorocaba,SP,54609
cust_000670,santos,SP,75562
cust_000671,niteroi,RJ,71611
cust_000672,campinas,SP,94134
cust_000673,campo grande,MS,23735
cust_000674,belo horizonte,MG,50772
cust_000675,santos,SP,17042
cust_000676,rio de janeiro,RJ,62450
cust_000677,sorocaba,SP,36970
cust_000678,rio de janeiro,RJ,63091
cust_000679,sorocaba,SP,8378
cust_000680,salvador,BA,38639
cust_000681,curitiba,PR,46769
cust_000682,fortaleza,CE,1281
cust_000683,campinas,SP,14230
cust_000684,santos,SP,84050
cust_000685,joinville,SC,49356
cust_000686,campinas,SP,7642
cust_000687,campinas,SP,14866
cust_000688,joao pessoa,PB,95966
cust_000689,joinville,SC,17909
cust_000690,brasilia,DF,84540
cust_000691,campinas,SP,25374
cust_000692,belo horizonte,MG,11274
cust_000693,duque de caxias,RJ,84010
cust_000694,duque de caxias,RJ,13080
cust_000695,santos,SP,81792
cust_000696,brasilia,DF,73973
cust_000697,sao paulo,SP,99000
cust_000698,uberlandia,MG,54822
cust_000699,brasilia,DF,92923
cust_000700,joinville,SC,65241
cust_000701,sorocaba,SP,2817
cust_000702,contagem,MG,29705
cust_000703,niteroi,RJ,2418
cust_000704,sorocaba,SP,88484
cust_000705,santos,SP,41256
cust_000706,belo horizonte,MG,54753
cust_000707,florianopolis,SC,80598
cust_000708,vitoria,ES,56980
cust_000709,campinas,SP,92306
cust_000710,santos,SP,99066
cust_000711,sao paulo,SP,20966
cust_000712,natal,RN,77382
cust_000713,brasilia,DF,19723
cust_000714,cuiaba,MT,69191
cust_000715,duque de caxias,RJ,54240
cust_000716,sao paulo,SP,86797
cust_000717,uberlandia,MG,18743
cust_000718,campinas,SP,99102
cust_000719,sao paulo,SP,51225
cust_000720,santos,SP,81440
cust_000721,sorocaba,SP,81421
cust_000722,sorocaba,SP,80831
cust_000723,belem,PA,25061
cust_000724,londrina,PR,19942
cust_000725,londrina,PR,10106
cust_000726,sorocaba,SP,87460
cust_000727,londrina,PR,61070
cust_000728,sao paulo,SP,88239
cust_000729,sorocaba,SP,34272
cust_000730,santos,SP,60107
cust_000731,santos,SP,6633
cust_000732,brasilia,DF,65411
cust_000733,feira de santana,BA,90322
cust_000734,santos,SP,62752
cust_000735,contagem,MG,85219
cust_000736,sorocaba,SP,54949
cust_000737,sao paulo,SP,44252
cust_000738,contagem,MG,19154
cust_000739,londrina,PR,25041
cust_000740,florianopolis,SC,66111
cust_000741,sao paulo,SP,40446
cust_000742,niteroi,RJ,38560
cust_000743,campinas,SP,56320
cust_000744,campinas,SP,54113
cust_000745,sao paulo,SP,80489
cust_000746,santos,SP,90209
cust_000747,campinas,SP,13556
cust_000748,sao paulo,SP,11808
cust_000749,porto alegre,RS,82645
cust_000750,campinas,SP,95589
cust_000751,santos,SP,54289
cust_000752,vitoria,ES,57250
cust_000753,goiania,GO,72627
cust_000754,santos,SP,95031
cust_000755,santos,SP,36380
cust_000756,santos,SP,20864
cust_000757,campo grande,MS,81909
cust_000758,campinas,SP,6374
cust_000759,sorocaba,SP,11221
cust_000760,londrina,PR,62479
cust_000761,caxias do sul,RS,32290
cust_000762,campinas,SP,53158
cust_000763,campinas,SP,50396
cust_000764,sorocaba,SP,73753
cust_000765,campinas,SP,17927
cust_000766,sorocaba,SP,60542
cust_000767,florianopolis,SC,75177
cust_000768,londrina,PR,51913
cust_000769,caxias do sul,RS,31490
cust_000770,caxias do sul,RS,90351
cust_000771,rio de janeiro,RJ,13916
cust_000772,santos,SP,33017
cust_000773,londrina,Unknown,55416
cust_000774,sao paulo,SP,27882
cust_000775,santos,SP,65542
cust_000776,sorocaba,SP,80594
cust_000777,londrina,PR,53466
cust_000778,contagem,MG,35811
cust_000779,duque de caxias,RJ,60774
cust_000780,rio de janeiro,RJ,56743
cust_000781,feira de santana,BA,81423
cust_000782,campinas,SP,61790
cust_000783,sorocaba,SP,1607
cust_000784,londrina,Unknown,30151
cust_000785,contagem,MG,37084
cust_000786,rio de janeiro,RJ,36218
cust_000787,campinas,SP,86115
cust_000788,vitoria,ES,5029
cust_000789,sorocaba,SP,74653
cust_000790,goiania,GO,28673
cust_000791,joinville,SC,55519
cust_000792,brasilia,DF,33282
cust_000793,sao paulo,SP,7899
cust_000794,niteroi,RJ,2663
cust_000795,sao paulo,SP,39738
cust_000796,santos,SP,82492
cust_000797,sao paulo,SP,35387
cust_000798,sao paulo,SP,88648
cust_000799,santos,SP,91730
cust_000800,contagem,MG,18550
cust_000801,santos,SP,83612
cust_000802,santos,SP,60937
cust_000803,santos,SP,56216
cust_000804,porto alegre,RS,44754
cust_000805,sao paulo,SP,95358
cust_000806,londrina,PR,13653
cust_000807,sorocaba,SP,1559
cust_000808,belo horizonte,MG,3471
cust_000809,curitiba,PR,88605
cust_000810,rio de janeiro,RJ,66690
cust_000811,belo horizonte,MG,51541
cust_000812,belem,PA,8889
cust_000813,campinas,SP,14215
cust_000814,sao paulo,SP,89210
cust_000815,belem,PA,87444
cust_000816,salvador,BA,79175
cust_000817,uberlandia,MG,87744
cust_000818,santos,SP,72704
cust_000819,santos,SP,75734
cust_000820,brasilia,DF,84432
cust_000821,caxias do sul,RS,45807
cust_000822,santos,SP,11555
cust_000823,sao paulo,SP,12767
cust_000824,florianopolis,SC,63062
cust_000825,belo horizonte,MG,20149
cust_000826,campo grande,MS,21432
cust_000827,sorocaba,Unknown,88410
cust_000828,sorocaba,SP,52455
cust_000829,campinas,SP,47812
cust_000830,duque de caxias,RJ,36496
cust_000831,campinas,SP,27526
cust_000832,campinas,SP,13116
cust_000833,santos,SP,93856
cust_000834,sorocaba,SP,73718
cust_000835,feira de santana,BA,86150
cust_000836,sorocaba,SP,30884
cust_000837,duque de caxias,RJ,11467
cust_000838,porto alegre,RS,13167
cust_000839,campinas,SP,97663
cust_000840,niteroi,RJ,88061
cust_000841,brasilia,DF,93016
cust_000842,belo horizonte,MG,14328
cust_000843,rio de janeiro,RJ,42335
cust_000844,feira de santana,BA,21336
cust_000845,vitoria,ES,58771
cust_000846,salvador,BA,3347
cust_000847,campinas,SP,40135
cust_000848,uberlandia,MG,52338
cust_000849,niteroi,RJ,27975
cust_000850,santos,SP,82705
cust_000851,rio de janeiro,RJ,8306
cust_000852,salvador,BA,85270
cust_000853,campinas,SP,2004
cust_000854,recife,PE,74633
cust_000855,maceio,AL,66693
cust_000856,sao paulo,SP,47662
cust_000857,sorocaba,SP,5766
cust_000858,cuiaba,MT,89054
cust_000859,santos,SP,91158
cust_000860,joinville,SC,76945
cust_000861,sorocaba,SP,95238
cust_000862,sorocaba,SP,89033
cust_000863,sao paulo,SP,82788
cust_000864,sorocaba,SP,24706
cust_000865,belem,PA,83266
cust_000866,sao paulo,SP,60526
cust_000867,santos,SP,8757
cust_000868,caxias do sul,RS,3136
cust_000869,cuiaba,MT,26249
cust_000870,santos,SP,52626
cust_000871,florianopolis,SC,96784
cust_000872,sao paulo,SP,87810
cust_000873,salvador,BA,97074
cust_000874,londrina,PR,74107
cust_000875,recife,PE,13620
cust_000876,contagem,MG,77840
cust_000877,vitoria,ES,39077
cust_000878,santos,SP,32391
cust_000879,curitiba,PR,53516
cust_000880,londrina,PR,40416
cust_000881,sorocaba,SP,63428
cust_000882,belem,PA,98638
cust_000883,florianopolis,SC,32697
cust_000884,goiania,GO,27460
cust_000885,campinas,SP,97061
cust_000886,brasilia,DF,9537
cust_000887,campinas,SP,84403
cust_000888,campo grande,MS,39512
cust_000889,santos,SP,96367
cust_000890,contagem,MG,76955
cust_000891,sao paulo,SP,15127
cust_000892,caxias do sul,RS,52837
cust_000893,sao paulo,SP,27194
cust_000894,goiania,GO,5327
cust_000895,goiania,GO,61880
cust_000896,campinas,SP,66807
cust_000897,salvador,BA,81779
cust_000898,porto alegre,RS,73824
cust_000899,duque de caxias,RJ,61260
cust_000900,sorocaba,SP,60674
cust_000901,sao paulo,SP,61763
cust_000902,santos,SP,17962
cust_000903,duque de caxias,RJ,64233
cust_000904,duque de caxias,RJ,19914
cust_000905,niteroi,RJ,58212
cust_000906,cuiaba,MT,41325
cust_000907,sorocaba,SP,84777
cust_000908,brasilia,DF,36462
cust_000909,florianopolis,SC,1709
cust_000910,londrina,PR,11086
cust_000911,duque de caxias,RJ,21282
cust_000912,santos,SP,86073
cust_000913,brasilia,DF,76019
cust_000914,curitiba,PR,92536
cust_000915,feira de santana,BA,73605
cust_000916,campinas,SP,15237
cust_000917,uberlandia,MG,5650
cust_000918,santos,SP,56671
cust_000919,belo horizonte,MG,53869
cust_000920,londrina,PR,43547
cust_000921,campinas,SP,59438
cust_000922,sao paulo,SP,41491
cust_000923,santos,SP,24288
cust_000924,sorocaba,SP,58452
cust_000925,sao paulo,SP,40170
cust_000926,santos,SP,46036
cust_000927,sorocaba,Unknown,82862
cust_000928,porto alegre,RS,45698
cust_000929,florianopolis,SC,94013
cust_000930,santos,SP,15219
cust_000931,santos,SP,65399
cust_000932,curitiba,PR,71352
cust_000933,sao paulo,SP,10548
cust_000934,campinas,SP,58412
cust_000935,niteroi,RJ,72066
cust_000936,sao luis,MA,6544
cust_000937,santos,SP,82333
cust_000938,campo grande,MS,38167
cust_000939,campinas,SP,64738
cust_000940,sao paulo,SP,22560
cust_000941,sorocaba,SP,14911
cust_000942,florianopolis,SC,39606
cust_000943,rio de janeiro,RJ,16047
cust_000944,uberlandia,MG,12766
cust_000945,campo grande,MS,57597
cust_000946,niteroi,RJ,61443
cust_000947,santos,SP,92620
cust_000948,caxias do sul,RS,58570
cust_000949,sao paulo,SP,55213
cust_000950,contagem,MG,59684
cust_000951,brasilia,DF,99242
cust_000952,rio de janeiro,RJ,37244
cust_000953,sorocaba,SP,68931
cust_000954,uberlandia,MG,72481
cust_000955,sorocaba,SP,18215
cust_000956,sao paulo,SP,84421
cust_000957,niteroi,RJ,42653
cust_000958,campinas,SP,42217
cust_000959,campinas,SP,23165
cust_000960,belo horizonte,MG,43871
cust_000961,campinas,SP,58496
cust_000962,sorocaba,SP,89945
cust_000963,aracaju,SE,32209
cust_000964,sao paulo,SP,60910
cust_000965,santos,SP,87343
cust_000966,goiania,GO,51457
cust_000967,sao paulo,SP,20746
cust_000968,fortaleza,CE,73976
cust_000969,porto alegre,RS,57440
cust_000970,niteroi,RJ,31703
cust_000971,sao paulo,SP,86309
cust_000972,sorocaba,SP,4242
cust_000973,feira de santana,BA,97034
cust_000974,santos,SP,70489
cust_000975,londrina,PR,68697
cust_000976,salvador,BA,64959
cust_000977,porto alegre,RS,98801
cust_000978,sorocaba,SP,43425
cust_000979,londrina,PR,98622
cust_000980,curitiba,PR,5538
cust_000981,sao paulo,SP,92983
cust_000982,recife,PE,94065
cust_000983,campinas,SP,27824
cust_000984,campo grande,MS,73345
cust_000985,santos,SP,39451
cust_000986,sao paulo,SP,39168
cust_000987,caxias do sul,RS,52953
cust_000988,sorocaba,SP,20904
cust_000989,campinas,SP,23880
cust_000990,santos,SP,55978
cust_000991,salvador,BA,99220
cust_000992,santos,SP,3104
cust_000993,belo horizonte,MG,46636
cust_000994,contagem,MG,46262
cust_000995,niteroi,RJ,75065
cust_000996,santos,SP,98849
cust_000997,campinas,SP,56409
cust_000998,cuiaba,MT,74179
cust_000999,florianopolis,SC,14537
cust_001000,belem,PA,98507
cust_001001,londrina,PR,95188
cust_001002,feira de santana,BA,40205
cust_001003,campo grande,MS,72091
cust_001004,duque de caxias,RJ,9625
cust_001005,fortaleza,CE,58721
cust_001006,sao paulo,SP,96544
cust_001007,sao paulo,SP,16377
cust_001008,rio de janeiro,RJ,86658
cust_001009,niteroi,RJ,97743
cust_001010,niteroi,RJ,56690
cust_001011,niteroi,RJ,78666
cust_001012,rio de janeiro,RJ,23754
cust_001013,goiania,GO,45137
cust_001014,sao paulo,SP,74135
cust_001015,sorocaba,SP,43537
cust_001016,caxias do sul,RS,2903
cust_001017,belo horizonte,MG,82191
cust_001018,feira de santana,BA,91527
cust_001019,campinas,SP,59278
cust_001020,santos,SP,70020
cust_001021,vitoria,ES,16236
cust_001022,campinas,SP,18403
cust_001023,porto alegre,RS,91896
cust_001024,santos,SP,17289
cust_001025,niteroi,RJ,93823
cust_001026,salvador,Unknown,6739
cust_001027,sao paulo,SP,47884
cust_001028,sorocaba,SP,77277
cust_001029,londrina,PR,10394
cust_001030,campinas,Unknown,13657
cust_001031,sorocaba,SP,74150
cust_001032,rio de janeiro,RJ,52486
cust_001033,rio de janeiro,RJ,80577
cust_001034,belo horizonte,Unknown,36460
cust_001035,sao paulo,SP,74426
cust_001036,sorocaba,SP,55358
cust_001037,sorocaba,Unknown,7478
cust_001038,recife,PE,69785
cust_001039,campinas,SP,92071
cust_001040,vitoria,ES,21785
cust_001041,campinas,SP,79825
cust_001042,campinas,SP,20848
cust_001043,londrina,PR,92566
cust_001044,sao paulo,SP,34422
cust_001045,uberlandia,MG,65010
cust_001046,fortaleza,CE,93582
cust_001047,brasilia,DF,56131
cust_001048,niteroi,RJ,44958
cust_001049,caxias do sul,RS,49508
cust_001050,campinas,SP,26438
cust_001051,joinville,SC,5450
cust_001052,sao paulo,SP,52435
cust_001053,sao paulo,SP,79148
cust_001054,duque de caxias,RJ,18856
cust_001055,sorocaba,SP,92299
cust_001056,londrina,PR,76753
cust_001057,sao paulo,SP,66250
cust_001058,campinas,SP,32607
cust_001059,porto alegre,RS,72046
cust_001060,rio de janeiro,RJ,98280
cust_001061,cuiaba,MT,29409
cust_001062,campinas,SP,63358
cust_001063,campinas,SP,42718
cust_001064,sao paulo,SP,61544
cust_001065,duque de caxias,RJ,26037
cust_001066,campinas,SP,29761
cust_001067,joinville,SC,87775
cust_001068,sorocaba,SP,18662
cust_001069,belem,PA,84016
cust_001070,rio de janeiro,RJ,8698
cust_001071,porto alegre,RS,89953
cust_001072,santos,SP,85710
cust_001073,sorocaba,SP,93076
cust_001074,campinas,SP,97981
cust_001075,duque de caxias,RJ,95316
cust_001076,belo horizonte,MG,22310
cust_001077,santos,SP,88171
cust_001078,sorocaba,SP,99348
cust_001079,natal,RN,55036
cust_001080,santos,SP,61974
cust_001081,sao paulo,SP,88407
cust_001082,sao paulo,SP,78883
cust_001083,campinas,SP,79932
cust_001084,santos,SP,98845
cust_001085,uberlandia,MG,84078
cust_001086,contagem,MG,97550
cust_001087,caxias do sul,Unknown,92389
cust_001088,campinas,SP,57234
cust_001089,sao paulo,SP,58978
cust_001090,joinville,SC,53179
cust_001091,santos,SP,32580
cust_001092,santos,SP,67899
cust_001093,duque de caxias,RJ,60726
cust_001094,caxias do sul,RS,22757
cust_001095,sorocaba,SP,86033
cust_001096,fortaleza,CE,39491
cust_001097,sorocaba,SP,46983
cust_001098,natal,RN,82930
cust_001099,sao paulo,SP,61390
cust_001100,curitiba,PR,11869
cust_001101,sao paulo,SP,32117
cust_001102,salvador,BA,46445
cust_001103,duque de caxias,RJ,73428
cust_001104,goiania,GO,32253
cust_001105,curitiba,PR,47522
cust_001106,contagem,MG,58666
cust_001107,santos,SP,54314
cust_001108,campinas,SP,19750
cust_001109,maceio,AL,50777
cust_001110,belem,PA,92876
cust_001111,sao paulo,SP,66161
cust_001112,santos,SP,79376
cust_001113,sorocaba,SP,73033
cust_001114,sao paulo,SP,9045
cust_001115,campinas,SP,46492
cust_001116,feira de santana,BA,33259
cust_001117,sorocaba,SP,50637
cust_001118,goiania,GO,5276
cust_001119,sao luis,MA,23584
cust_001120,santos,SP,13195
cust_001121,duque de caxias,RJ,6249
cust_001122,duque de caxias,RJ,42940
cust_001123,santos,SP,78383
cust_001124,londrina,PR,33615
cust_001125,uberlandia,MG,78073
cust_001126,sorocaba,SP,52540
cust_001127,recife,PE,67403
cust_001128,sorocaba,SP,29798
cust_001129,campinas,SP,42629
cust_001130,natal,RN,33885
cust_001131,campinas,SP,42680
cust_001132,sao paulo,SP,95858
cust_001133,sao paulo,SP,12228
cust_001134,campinas,SP,87614
cust_001135,rio de janeiro,RJ,92261
cust_001136,caxias do sul,RS,2324
cust_001137,campinas,SP,41131
cust_001138,contagem,MG,60624
cust_001139,sao paulo,SP,30689
cust_001140,campinas,SP,15073
cust_001141,vitoria,ES,39666
cust_001142,joinville,SC,79153
cust_001143,curitiba,PR,48490
cust_001144,campinas,SP,83758
cust_001145,niteroi,RJ,37614
cust_001146,brasilia,DF,66376
cust_001147,goiania,GO,77785
cust_001148,porto alegre,RS,67642
cust_001149,niteroi,RJ,45164
cust_001150,santos,SP,85291
cust_001151,santos,SP,17596
cust_001152,sao paulo,SP,11081
cust_001153,santos,SP,4552
cust_001154,sorocaba,SP,71058
cust_001155,rio de janeiro,RJ,35924
cust_001156,belo horizonte,MG,12873
cust_001157,uberlandia,MG,20004
cust_001158,belo horizonte,MG,5188
cust_001159,campinas,SP,41740
cust_001160,niteroi,RJ,64220
cust_001161,natal,RN,26372
cust_001162,rio de janeiro,RJ,27936
cust_001163,goiania,GO,97158
cust_001164,campinas,SP,5542
cust_001165,belo horizonte,MG,84209
cust_001166,duque de caxias,RJ,7249
cust_001167,caxias do sul,RS,78958
cust_001168,recife,PE,97988
cust_001169,duque de caxias,RJ,31119
cust_001170,curitiba,PR,23086
cust_001171,goiania,GO,24423
cust_001172,joinville,SC,41375
cust_001173,campinas,SP,27482
cust_001174,sorocaba,SP,27386
cust_001175,goiania,GO,17600
cust_001176,londrina,PR,93596
cust_001177,cuiaba,MT,30199
cust_001178,sorocaba,SP,8308
cust_001179,florianopolis,SC,32116
cust_001180,florianopolis,SC,54776
cust_001181,brasilia,DF,12396
cust_001182,caxias do sul,RS,48300
cust_001183,campinas,SP,98831
cust_001184,caxias do sul,RS,69518
cust_001185,belo horizonte,MG,35127
cust_001186,santos,SP,89932
cust_001187,sorocaba,SP,33712
cust_001188,recife,PE,1039
cust_001189,campinas,SP,24615
cust_001190,sorocaba,SP,2639
cust_001191,belo horizonte,MG,49951
cust_001192,sao luis,MA,38350
cust_001193,porto alegre,RS,7772
cust_001194,campinas,SP,40759
cust_001195,campinas,SP,19962
cust_001196,santos,SP,89156
cust_001197,sorocaba,SP,60667
cust_001198,salvador,BA,28607
cust_001199,santos,SP,75509
cust_001200,sorocaba,SP,84984
cust_001201,goiania,GO,77228
cust_001202,santos,SP,9837
cust_001203,sorocaba,SP,50681
cust_001204,rio de janeiro,RJ,8662
cust_001205,santos,SP,62888
cust_001206,campinas,SP,74766
cust_001207,joao pessoa,PB,3554
cust_001208,brasilia,DF,76500
cust_001209,curitiba,PR,25123
cust_001210,caxias do sul,RS,10354
cust_001211,sorocaba,SP,28862
cust_001212,salvador,BA,99311
cust_001213,rio de janeiro,RJ,29686
cust_001214,campinas,SP,8965
cust_001215,sorocaba,Unknown,8555
cust_001216,niteroi,RJ,88533
cust_001217,campinas,SP,65740
cust_001218,santos,SP,20198
cust_001219,santos,SP,63362
cust_001220,rio de janeiro,RJ,3176
cust_001221,sao paulo,SP,68562
cust_001222,uberlandia,MG,85623
cust_001223,santos,SP,78341
cust_001224,uberlandia,MG,19248
cust_001225,campinas,SP,35888
cust_001226,sorocaba,SP,53411
cust_001227,belo horizonte,MG,8581
cust_001228,uberlandia,MG,82852
cust_001229,campinas,SP,61126
cust_001230,niteroi,RJ,16316
cust_001231,salvador,BA,75309
cust_001232,santos,SP,74363
cust_001233,rio de janeiro,RJ,16902
cust_001234,niteroi,RJ,53622
cust_001235,brasilia,DF,32165
cust_001236,duque de caxias,RJ,26330
cust_001237,vitoria,ES,80776
cust_001238,contagem,MG,5114
cust_001239,belo horizonte,MG,43169
cust_001240,sorocaba,SP,27030
cust_001241,uberlandia,MG,33666
cust_001242,sorocaba,SP,43050
cust_001243,sao paulo,SP,58378
cust_001244,sorocaba,SP,37424
cust_001245,caxias do sul,RS,54950
cust_001246,londrina,PR,71972
cust_001247,belem,PA,18627
cust_001248,sorocaba,SP,41572
cust_001249,recife,PE,54126
cust_001250,brasilia,DF,38653
cust_001251,brasilia,DF,55949
cust_001252,londrina,PR,81411
cust_001253,campinas,SP,61523
cust_001254,goiania,Unknown,46928
cust_001255,contagem,MG,66654
cust_001256,londrina,PR,98562
cust_001257,sorocaba,SP,2727
cust_001258,santos,SP,57871
cust_001259,sorocaba,SP,1521
cust_001260,niteroi,RJ,93782
cust_001261,campinas,SP,73790
cust_001262,recife,PE,88336
cust_001263,sao paulo,SP,57604
cust_001264,campinas,SP,41989
cust_001265,sorocaba,SP,1457
cust_001266,sao paulo,SP,61653
cust_001267,sorocaba,SP,90901
cust_001268,caxias do sul,RS,14939
cust_001269,maceio,AL,25186
cust_001270,sao paulo,SP,53174
cust_001271,sao paulo,SP,53819
cust_001272,curitiba,PR,42973
cust_001273,santos,SP,15612
cust_001274,porto alegre,RS,48890
cust_001275,belo horizonte,MG,50882
cust_001276,brasilia,DF,19242
cust_001277,sao paulo,SP,61196
cust_001278,natal,RN,86755
cust_001279,campo grande,MS,9617
cust_001280,santos,SP,8917
cust_001281,niteroi,RJ,57149
cust_001282,sorocaba,SP,78338
cust_001283,sorocaba,SP,11119
cust_001284,natal,RN,94467
cust_001285,sao paulo,SP,48207
cust_001286,sorocaba,SP,11527
cust_001287,sao paulo,SP,45279
cust_001288,uberlandia,MG,43934
cust_001289,brasilia,DF,39642
cust_001290,uberlandia,MG,58909
cust_001291,belo horizonte,MG,25422
cust_001292,santos,SP,99141
cust_001293,caxias do sul,RS,29294
cust_001294,sorocaba,SP,86672
cust_001295,duque de caxias,RJ,82043
cust_001296,contagem,MG,42008
cust_001297,sao luis,Unknown,20091
cust_001298,londrina,PR,96822
cust_001299,porto alegre,RS,57717
cust_001300,duque de caxias,RJ,33794
cust_001301,campinas,SP,15944
cust_001302,duque de caxias,RJ,34658
cust_001303,uberlandia,MG,65571
cust_001304,caxias do sul,RS,51119
cust_001305,contagem,MG,7595
cust_001306,sao paulo,SP,78177
cust_001307,sorocaba,SP,32805
cust_001308,sorocaba,SP,20024
cust_001309,porto alegre,RS,70273
cust_001310,sao luis,MA,74503
cust_001311,niteroi,RJ,82363
cust_001312,porto alegre,RS,1267
cust_001313,caxias do sul,RS,39344
cust_001314,sao paulo,SP,26985
cust_001315,santos,SP,58482
cust_001316,santos,SP,97471
cust_001317,belem,PA,12861
cust_001318,sao paulo,SP,65989
cust_001319,duque de caxias,RJ,44997
cust_001320,campinas,SP,46793
cust_001321,uberlandia,MG,94238
cust_001322,sorocaba,SP,73443
cust_001323,campo grande,MS,10370
cust_001324,sao paulo,SP,44089
cust_001325,belem,PA,74506
cust_001326,uberlandia,MG,11562
cust_001327,santos,SP,51080
cust_001328,curitiba,PR,50258
cust_001329,niteroi,RJ,8266
cust_001330,santos,SP,95583
cust_001331,caxias do sul,RS,37632
cust_001332,belo horizonte,MG,27987
cust_001333,contagem,MG,9814
cust_001334,londrina,PR,6234
cust_001335,uberlandia,MG,20421
cust_001336,santos,SP,74392
cust_001337,sorocaba,SP,27527
cust_001338,santos,SP,45985
cust_001339,uberlandia,MG,66493
cust_001340,sorocaba,SP,34135
cust_001341,santos,SP,41315
cust_001342,florianopolis,SC,49265
cust_001343,santos,SP,90506
cust_001344,sorocaba,SP,93069
cust_001345,brasilia,DF,29675
cust_001346,caxias do sul,RS,25774
cust_001347,londrina,PR,41009
cust_001348,santos,SP,20851
cust_001349,contagem,MG,57275
cust_001350,belem,PA,53856
cust_001351,sao paulo,SP,47096
cust_001352,sorocaba,SP,46867
cust_001353,sorocaba,SP,86044
cust_001354,recife,PE,15829
cust_001355,sao paulo,SP,76883
cust_001356,duque de caxias,RJ,58484
cust_001357,niteroi,RJ,79505
cust_001358,campo grande,MS,57873
cust_001359,campinas,SP,77334
cust_001360,rio de janeiro,RJ,60937
cust_001361,cuiaba,MT,71484
cust_001362,campinas,SP,41941
cust_001363,contagem,MG,89502
cust_001364,santos,SP,29714
cust_001365,sao paulo,SP,72006
cust_001366,campinas,SP,33504
cust_001367,sao paulo,SP,79335
cust_001368,campinas,SP,83600
cust_001369,joinville,SC,19294
cust_001370,duque de caxias,RJ,62883
cust_001371,sorocaba,SP,53275
cust_001372,porto alegre,RS,40403
cust_001373,vitoria,ES,28626
cust_001374,santos,SP,61712
cust_001375,campinas,SP,82529
cust_001376,campinas,SP,35611
cust_001377,brasilia,DF,34081
cust_001378,brasilia,DF,86401
cust_001379,duque de caxias,RJ,75794
cust_001380,sorocaba,SP,73034
cust_001381,duque de caxias,RJ,59629
cust_001382,caxias do sul,RS,10993
cust_001383,campinas,SP,15896
cust_001384,sao paulo,SP,6560
cust_001385,sorocaba,SP,32111
cust_001386,porto alegre,RS,4308
cust_001387,natal,RN,47646
cust_001388,campinas,SP,3725
cust_001389,fortaleza,CE,99553
cust_001390,duque de caxias,RJ,50193
cust_001391,contagem,MG,2279
cust_001392,goiania,GO,18903
cust_001393,belo horizonte,MG,19590
cust_001394,sorocaba,SP,67778
cust_001395,santos,SP,77222
cust_001396,florianopolis,SC,48792
cust_001397,niteroi,RJ,72954
cust_001398,campinas,SP,10254
cust_001399,uberlandia,MG,32059
cust_001400,sao paulo,SP,1577
cust_001401,sao paulo,SP,41332
cust_001402,feira de santana,BA,4635
cust_001403,santos,SP,79305
cust_001404,sao paulo,SP,53799
cust_001405,santos,SP,75569
cust_001406,belem,PA,59073
cust_001407,campinas,SP,4699
cust_001408,sorocaba,SP,35948
cust_001409,santos,SP,2209
cust_001410,campinas,SP,8811
cust_001411,sao paulo,SP,94077
cust_001412,sorocaba,SP,93533
cust_001413,santos,SP,12846
cust_001414,belo horizonte,MG,41165
cust_001415,sao paulo,SP,29602
cust_001416,sao paulo,SP,43501
cust_001417,caxias do sul,RS,61377
cust_001418,sorocaba,SP,38763
cust_001419,santos,SP,81403
cust_001420,maceio,AL,6887
cust_001421,belo horizonte,MG,58767
cust_001422,belo horizonte,MG,71333
cust_001423,rio de janeiro,RJ,55993
cust_001424,campo grande,MS,66815
cust_001425,sao paulo,SP,62285
cust_001426,sao paulo,SP,17281
cust_001427,salvador,BA,79145
cust_001428,santos,SP,27589
cust_001429,contagem,MG,18629
cust_001430,sorocaba,SP,55144
cust_001431,sao paulo,SP,63890
cust_001432,contagem,MG,38299
cust_001433,niteroi,RJ,6991
cust_001434,belo horizonte,MG,99793
cust_001435,sao paulo,SP,81488
cust_001436,campinas,SP,50150
cust_001437,porto alegre,RS,35590
cust_001438,campinas,SP,88339
cust_001439,uberlandia,MG,36120
cust_001440,duque de caxias,RJ,21256
cust_001441,sao paulo,SP,25960
cust_001442,santos,SP,56065
cust_001443,florianopolis,SC,74943
cust_001444,campinas,SP,32857
cust_001445,santos,SP,20111
cust_001446,campo grande,MS,93514
cust_001447,campinas,SP,10588
cust_001448,florianopolis,SC,55566
cust_001449,campinas,SP,18588
cust_001450,campinas,SP,65740
cust_001451,duque de caxias,RJ,38137
cust_001452,campinas,SP,8525
cust_001453,londrina,PR,17570
cust_001454,sorocaba,SP,49280
cust_001455,niteroi,RJ,15322
cust_001456,joinville,SC,58367
cust_001457,uberlandia,MG,80266
cust_001458,niteroi,RJ,29749
cust_001459,sao paulo,SP,93766
cust_001460,santos,SP,73840
cust_001461,fortaleza,CE,9450
cust_001462,contagem,MG,47190
cust_001463,uberlandia,MG,55835
cust_001464,duque de caxias,RJ,56569
cust_001465,santos,SP,46589
cust_001466,sao paulo,SP,36731
cust_001467,sao paulo,SP,57323
cust_001468,niteroi,RJ,67973
cust_001469,sao paulo,SP,84939
cust_001470,sorocaba,SP,11213
cust_001471,niteroi,RJ,14722
cust_001472,niteroi,RJ,51116
cust_001473,santos,SP,42990
cust_001474,joinville,SC,89667
cust_001475,uberlandia,MG,57794
cust_001476,santos,SP,24282
cust_001477,curitiba,PR,85183
cust_001478,rio de janeiro,RJ,86975
cust_001479,rio de janeiro,RJ,5044
cust_001480,recife,PE,88619
cust_001481,sao paulo,SP,37003
cust_001482,belo horizonte,MG,23812
cust_001483,campinas,SP,12416
cust_001484,sao paulo,SP,8991
cust_001485,rio de janeiro,RJ,6918
cust_001486,campinas,SP,76676
cust_001487,santos,SP,90529
cust_001488,rio de janeiro,RJ,95898
cust_001489,santos,SP,51515
cust_001490,niteroi,RJ,26315
cust_001491,sao paulo,SP,88989
cust_001492,sao paulo,SP,91386
cust_001493,duque de caxias,RJ,40700
cust_001494,niteroi,RJ,21608
cust_001495,caxias do sul,RS,84091
cust_001496,maceio,AL,36570
cust_001497,santos,SP,54123
cust_001498,sao paulo,SP,88703
cust_001499,brasilia,DF,17469
cust_001500,contagem,MG,31101
cust_001501,natal,RN,21960
cust_001502,porto alegre,RS,75813
cust_001503,curitiba,PR,12623
cust_001504,sao paulo,SP,15549
cust_001505,campinas,SP,33738
cust_001506,contagem,MG,38497
cust_001507,rio de janeiro,RJ,74774
cust_001508,londrina,PR,94132
cust_001509,maceio,AL,59878
cust_001510,sao paulo,SP,23401
cust_001511,duque de caxias,RJ,66443
cust_001512,goiania,GO,70467
cust_001513,feira de santana,BA,9358
cust_001514,feira de santana,BA,92034
cust_001515,contagem,MG,51611
cust_001516,maceio,AL,78709
cust_001517,santos,SP,6077
cust_001518,santos,SP,94849
cust_001519,sorocaba,SP,97259
cust_001520,rio de janeiro,RJ,94430
cust_001521,florianopolis,SC,53371
cust_001522,rio de janeiro,RJ,12249
cust_001523,belo horizonte,MG,45694
cust_001524,sao paulo,SP,60564
cust_001525,porto alegre,RS,45399
cust_001526,santos,SP,43262
cust_001527,duque de caxias,RJ,35646
cust_001528,santos,SP,68590
cust_001529,rio de janeiro,RJ,57706
cust_001530,rio de janeiro,RJ,74511
cust_001531,uberlandia,MG,8928
cust_001532,niteroi,RJ,25278
cust_001533,sao luis,MA,88005
cust_001534,recife,PE,80186
cust_001535,sorocaba,SP,67696
cust_001536,campinas,SP,41510
cust_001537,sao paulo,SP,43364
cust_001538,sao paulo,SP,66016
cust_001539,santos,SP,77366
cust_001540,recife,PE,43342
cust_001541,belem,PA,89858
cust_001542,sorocaba,SP,35265
cust_001543,curitiba,PR,32721
cust_001544,salvador,BA,69695
cust_001545,sao paulo,SP,79258
cust_001546,goiania,GO,54648
cust_001547,joao pessoa,PB,95216
cust_001548,sao luis,MA,85438
cust_001549,londrina,PR,21510
cust_001550,campinas,SP,78814
cust_001551,sorocaba,SP,81251
cust_001552,maceio,AL,86964
cust_001553,sorocaba,SP,53014
cust_001554,niteroi,RJ,76810
cust_001555,sao paulo,SP,72672
cust_001556,niteroi,RJ,91766
cust_001557,campinas,SP,30387
cust_001558,feira de santana,BA,16509
cust_001559,duque de caxias,RJ,76880
cust_001560,sorocaba,SP,64407
cust_001561,campinas,SP,97671
cust_001562,belo horizonte,MG,9158
cust_001563,florianopolis,SC,4442
cust_001564,fortaleza,CE,50464
cust_001565,brasilia,DF,61114
cust_001566,duque de caxias,RJ,86272
cust_001567,feira de santana,Unknown,67165
cust_001568,niteroi,RJ,72833
cust_001569,contagem,MG,39401
cust_001570,porto alegre,RS,58709
cust_001571,sorocaba,SP,14904
cust_001572,niteroi,RJ,69703
cust_001573,porto alegre,Unknown,14899
cust_001574,campinas,SP,18155
cust_001575,londrina,PR,17418
cust_001576,sorocaba,SP,93148
cust_001577,uberlandia,MG,18210
cust_001578,salvador,BA,22034
cust_001579,campinas,Unknown,99553
cust_001580,sorocaba,SP,17529
cust_001581,uberlandia,MG,54835
cust_001582,campinas,SP,14860
cust_001583,sorocaba,SP,45320
cust_001584,curitiba,PR,93684
cust_001585,sorocaba,SP,33541
cust_001586,belo horizonte,MG,46624
cust_001587,santos,SP,87739
cust_001588,sao paulo,SP,53772
cust_001589,sao paulo,SP,94907
cust_001590,campo grande,MS,38523
cust_001591,niteroi,RJ,23928
cust_001592,santos,SP,3700
cust_001593,sao paulo,SP,40145
cust_001594,uberlandia,MG,7599
cust_001595,uberlandia,MG,58016
cust_001596,campinas,SP,2560
cust_001597,sorocaba,SP,11178
cust_001598,duque de caxias,RJ,54360
cust_001599,belo horizonte,MG,61155
cust_001600,feira de santana,BA,20154
cust_001601,belo horizonte,MG,74510
cust_001602,caxias do sul,RS,40809
cust_001603,niteroi,RJ,19523
cust_001604,contagem,MG,46571
cust_001605,belo horizonte,MG,92364
cust_001606,santos,SP,53724
cust_001607,vitoria,Unknown,85611
cust_001608,santos,SP,89386
cust_001609,belo horizonte,MG,23406
cust_001610,uberlandia,MG,5280
cust_001611,brasilia,DF,67423
cust_001612,sorocaba,SP,49928
cust_001613,recife,PE,36618
cust_001614,sao paulo,SP,14054
cust_001615,campinas,SP,15603
cust_001616,brasilia,DF,92724
cust_001617,campinas,SP,15184
cust_001618,belo horizonte,MG,91827
cust_001619,niteroi,RJ,27269
cust_001620,vitoria,ES,14853
cust_001621,florianopolis,SC,52474
cust_001622,sao paulo,SP,12618
cust_001623,feira de santana,BA,27978
cust_001624,campinas,SP,11876
cust_001625,belo horizonte,MG,2959
cust_001626,londrina,PR,10710
cust_001627,caxias do sul,RS,96868
cust_001628,contagem,MG,16651
cust_001629,feira de santana,BA,22905
cust_001630,belo horizonte,MG,16413
cust_001631,belem,PA,8441
cust_001632,campinas,SP,17186
cust_001633,santos,Unknown,11178
cust_001634,joinville,SC,15708
cust_001635,sorocaba,SP,46235
cust_001636,duque de caxias,RJ,38413
cust_001637,joinville,SC,18816
cust_001638,rio de janeiro,RJ,26135
cust_001639,campinas,SP,47128
cust_001640,sao paulo,SP,42290
cust_001641,campinas,SP,12932
cust_001642,santos,SP,89479
cust_001643,santos,SP,39555
cust_001644,salvador,BA,35844
cust_001645,santos,SP,57824
cust_001646,florianopolis,SC,29360
cust_001647,sao luis,MA,62607
cust_001648,santos,SP,91520
cust_001649,sao luis,MA,84603
cust_001650,sorocaba,SP,32838
cust_001651,belo horizonte,MG,10363
cust_001652,maceio,AL,13078
cust_001653,salvador,BA,21857
cust_001654,sorocaba,SP,62278
cust_001655,campinas,SP,49830
cust_001656,sao paulo,SP,28897
cust_001657,vitoria,ES,20366
cust_001658,campinas,SP,52475
cust_001659,niteroi,RJ,96179
cust_001660,campinas,SP,77029
cust_001661,sorocaba,SP,26380
cust_001662,campinas,SP,56990
cust_001663,campinas,SP,51324
cust_001664,belo horizonte,MG,81067
cust_001665,duque de caxias,RJ,35104
cust_001666,duque de caxias,Unknown,35125
cust_001667,niteroi,RJ,45355
cust_001668,sorocaba,SP,17698
cust_001669,curitiba,PR,87123
cust_001670,niteroi,RJ,40071
cust_001671,duque de caxias,RJ,86234
cust_001672,sorocaba,SP,41780
cust_001673,campinas,SP,67909
cust_001674,salvador,BA,71880
cust_001675,brasilia,DF,79342
cust_001676,sorocaba,SP,68996
cust_001677,santos,SP,69277
cust_001678,sao paulo,SP,31627
cust_001679,caxias do sul,RS,7200
cust_001680,campinas,SP,93002
cust_001681,natal,RN,84619
cust_001682,santos,SP,28282
cust_001683,sao luis,MA,3075
cust_001684,campinas,SP,99648
cust_001685,sorocaba,SP,9150
cust_001686,campinas,SP,4237
cust_001687,santos,SP,98855
cust_001688,maceio,AL,67699
cust_001689,niteroi,RJ,60618
cust_001690,sorocaba,SP,62400
cust_001691,natal,RN,74401
cust_001692,santos,SP,58907
cust_001693,sao paulo,SP,74951
cust_001694,sorocaba,SP,78133
cust_001695,rio de janeiro,RJ,21921
cust_001696,fortaleza,CE,59496
cust_001697,santos,SP,33867
cust_001698,curitiba,PR,61381
cust_001699,campinas,SP,17858
cust_001700,sorocaba,SP,87857
cust_001701,porto alegre,RS,27285
cust_001702,curitiba,PR,19487
cust_001703,contagem,MG,13057
cust_001704,campinas,SP,53584
cust_001705,campinas,SP,36247
cust_001706,londrina,PR,71497
cust_001707,contagem,MG,42340
cust_001708,santos,SP,31479
cust_001709,sao paulo,SP,32092
cust_001710,curitiba,PR,22728
cust_001711,santos,SP,70070
cust_001712,belo horizonte,MG,13761
cust_001713,caxias do sul,RS,91221
cust_001714,sorocaba,SP,27005
cust_001715,niteroi,RJ,1977
cust_001716,duque de caxias,RJ,66941
cust_001717,contagem,MG,71407
cust_001718,recife,PE,61880
cust_001719,duque de caxias,RJ,36761
cust_001720,campinas,SP,18003
cust_001721,sao paulo,SP,87456
cust_001722,contagem,MG,49623
cust_001723,santos,SP,48076
cust_001724,londrina,PR,22162
cust_001725,campinas,SP,78407
cust_001726,sao paulo,SP,93660
cust_001727,sorocaba,SP,64864
cust_001728,goiania,GO,72688
cust_001729,caxias do sul,RS,71201
cust_001730,duque de caxias,RJ,18159
cust_001731,sao paulo,SP,46910
cust_001732,belem,PA,29681
cust_001733,recife,PE,40866
cust_001734,sorocaba,SP,85454
cust_001735,londrina,PR,83294
cust_001736,fortaleza,CE,56154
cust_001737,campinas,SP,12560
cust_001738,santos,SP,36239
cust_001739,rio de janeiro,RJ,72606
cust_001740,santos,SP,60243
cust_001741,londrina,PR,56295
cust_001742,rio de janeiro,Unknown,39558
cust_001743,santos,SP,96977
cust_001744,campinas,SP,91230
cust_001745,porto alegre,RS,64784
cust_001746,sao paulo,SP,87479
cust_001747,sorocaba,SP,18717
cust_001748,sao paulo,SP,16878
cust_001749,salvador,BA,71652
cust_001750,sorocaba,SP,68066
cust_001751,santos,SP,25173
cust_001752,florianopolis,SC,83920
cust_001753,santos,SP,74994
cust_001754,porto alegre,RS,21912
cust_001755,sao paulo,SP,61394
cust_001756,salvador,BA,87278
cust_001757,sorocaba,SP,77140
cust_001758,santos,SP,42535
cust_001759,campinas,SP,82039
cust_001760,belem,PA,31464
cust_001761,feira de santana,BA,97514
cust_001762,santos,SP,98421
cust_001763,sao paulo,SP,30850
cust_001764,sorocaba,SP,69111
cust_001765,sao paulo,SP,96307
cust_001766,sorocaba,SP,29759
cust_001767,recife,PE,71847
cust_001768,sao paulo,SP,53438
cust_001769,goiania,GO,44909
cust_001770,campinas,SP,64702
cust_001771,salvador,BA,48217
cust_001772,duque de caxias,RJ,71481
cust_001773,campinas,SP,96026
cust_001774,joinville,SC,21729
cust_001775,sao paulo,SP,18440
cust_001776,goiania,GO,62042
cust_001777,londrina,PR,96175
cust_001778,natal,RN,84878
cust_001779,salvador,BA,41077
cust_001780,campinas,SP,80561
cust_001781,sao paulo,SP,91270
cust_001782,porto alegre,RS,30132
cust_001783,santos,SP,11371
cust_001784,rio de janeiro,RJ,97048
cust_001785,santos,Unknown,16730
cust_001786,contagem,MG,2246
cust_001787,sorocaba,SP,32597
cust_001788,sorocaba,SP,78121
cust_001789,campo grande,MS,74904
cust_001790,brasilia,DF,32393
cust_001791,sorocaba,SP,68896
cust_001792,campinas,SP,94178
cust_001793,curitiba,PR,1691
cust_001794,santos,SP,86243
cust_001795,contagem,MG,60454
cust_001796,florianopolis,SC,88234
cust_001797,sao paulo,SP,5851
cust_001798,sao paulo,SP,25934
cust_001799,santos,SP,38908
cust_001800,sao paulo,SP,79844
cust_001801,contagem,MG,68050
cust_001802,sorocaba,SP,33932
cust_001803,cuiaba,MT,24942
cust_001804,londrina,PR,45273
cust_001805,campinas,SP,17402
cust_001806,rio de janeiro,RJ,90528
cust_001807,santos,SP,83267
cust_001808,santos,SP,72324
cust_001809,contagem,MG,48427
cust_001810,sao paulo,SP,64415
cust_001811,sao paulo,SP,26120
cust_001812,sao paulo,SP,13768
cust_001813,santos,SP,24045
cust_001814,belo horizonte,MG,54289
cust_001815,aracaju,SE,95950
cust_001816,contagem,MG,13227
cust_001817,natal,Unknown,31183
cust_001818,uberlandia,MG,8427
cust_001819,sorocaba,SP,44667
cust_001820,goiania,GO,94710
cust_001821,campinas,SP,6055
cust_001822,sao paulo,SP,59646
cust_001823,vitoria,ES,16321
cust_001824,belo horizonte,MG,1608
cust_001825,belem,PA,54262
cust_001826,sao paulo,SP,47433
cust_001827,londrina,PR,90130
cust_001828,sorocaba,SP,29387
cust_001829,santos,SP,63799
cust_001830,recife,PE,16236
cust_001831,sao paulo,SP,58286
cust_001832,porto alegre,RS,82092
cust_001833,recife,PE,39168
cust_001834,goiania,GO,16207
cust_001835,santos,SP,51039
cust_001836,sorocaba,SP,17468
cust_001837,belem,PA,64987
cust_001838,belo horizonte,MG,24027
cust_001839,rio de janeiro,RJ,66390
cust_001840,sorocaba,SP,71531
cust_001841,campinas,SP,99909
cust_001842,cuiaba,MT,19882
cust_001843,niteroi,RJ,93215
cust_001844,florianopolis,SC,32814
cust_001845,campinas,SP,16301
cust_001846,campinas,SP,90331
cust_001847,contagem,MG,57484
cust_001848,goiania,GO,56948
cust_001849,santos,SP,30877
cust_001850,sao paulo,SP,18127
cust_001851,rio de janeiro,RJ,7083
cust_001852,santos,SP,86129
cust_001853,sorocaba,SP,3041
cust_001854,contagem,MG,51703
cust_001855,sorocaba,SP,27416
cust_001856,uberlandia,MG,83587
cust_001857,sao paulo,SP,70559
cust_001858,porto alegre,RS,8795
cust_001859,joinville,SC,13693
cust_001860,feira de santana,BA,17020
cust_001861,porto alegre,RS,71614
cust_001862,belo horizonte,MG,10089
cust_001863,santos,SP,24220
cust_001864,niteroi,RJ,48641
cust_001865,santos,SP,19319
cust_001866,porto alegre,RS,39350
cust_001867,campinas,SP,31097
cust_001868,santos,SP,42184
cust_001869,duque de caxias,RJ,3752
cust_001870,belo horizonte,MG,37287
cust_001871,sorocaba,SP,54113
cust_001872,rio de janeiro,RJ,42990
cust_001873,contagem,MG,94201
cust_001874,belem,PA,38741
cust_001875,porto alegre,RS,31134
cust_001876,santos,SP,16806
cust_001877,brasilia,DF,61797
cust_001878,campinas,SP,57338
cust_001879,sao paulo,SP,6163
cust_001880,sorocaba,SP,87046
cust_001881,rio de janeiro,RJ,97868
cust_001882,uberlandia,MG,99413
cust_001883,rio de janeiro,RJ,78034
cust_001884,feira de santana,BA,12613
cust_001885,belo horizonte,MG,89734
cust_001886,sao paulo,SP,41711
cust_001887,duque de caxias,RJ,86517
cust_001888,londrina,PR,24867
cust_001889,niteroi,RJ,68975
cust_001890,niteroi,RJ,57122
cust_001891,duque de caxias,RJ,46428
cust_001892,niteroi,RJ,36675
cust_001893,sao paulo,SP,6295
cust_001894,brasilia,DF,87896
cust_001895,sao paulo,SP,72579
cust_001896,santos,SP,93584
cust_001897,londrina,PR,52176
cust_001898,brasilia,DF,33183
cust_001899,uberlandia,MG,61945
cust_001900,niteroi,RJ,36284
cust_001901,sao luis,MA,93972
cust_001902,sorocaba,SP,53960
cust_001903,sao paulo,SP,68076
cust_001904,uberlandia,MG,63916
cust_001905,rio de janeiro,RJ,39467
cust_001906,uberlandia,MG,75492
cust_001907,campo grande,MS,49642
cust_001908,campinas,SP,10906
cust_001909,santos,SP,41466
cust_001910,rio de janeiro,RJ,6058
cust_001911,duque de caxias,RJ,73773
cust_001912,caxias do sul,RS,68143
cust_001913,cuiaba,MT,89726
cust_001914,porto alegre,RS,48389
cust_001915,joao pessoa,PB,99161
cust_001916,campinas,SP,67601
cust_001917,sao paulo,SP,39216
cust_001918,campinas,SP,30858
cust_001919,florianopolis,SC,94825
cust_001920,sorocaba,SP,18044
cust_001921,sorocaba,SP,2638
cust_001922,santos,SP,12013
cust_001923,sorocaba,SP,69255
cust_001924,belo horizonte,MG,78846
cust_001925,recife,PE,51404
cust_001926,sorocaba,SP,40899
cust_001927,niteroi,RJ,19141
cust_001928,sorocaba,SP,9204
cust_001929,sorocaba,SP,74770
cust_001930,sao paulo,SP,25429
cust_001931,contagem,MG,98480
cust_001932,contagem,MG,86289
cust_001933,contagem,MG,77277
cust_001934,salvador,BA,48671
cust_001935,sorocaba,SP,36474
cust_001936,curitiba,PR,85480
cust_001937,porto alegre,RS,5736
cust_001938,santos,SP,94587
cust_001939,sao paulo,SP,82506
cust_001940,santos,SP,7628
cust_001941,sao paulo,SP,22723
cust_001942,santos,SP,94378
cust_001943,sao paulo,SP,66627
cust_001944,recife,PE,37735
cust_001945,recife,PE,83496
cust_001946,contagem,MG,70128
cust_001947,londrina,PR,92501
cust_001948,aracaju,SE,40909
cust_001949,sao paulo,SP,59238
cust_001950,rio de janeiro,RJ,61846
cust_001951,contagem,MG,5215
cust_001952,belem,PA,67306
cust_001953,florianopolis,SC,72018
cust_001954,santos,SP,14165
cust_001955,porto alegre,RS,81339
cust_001956,campinas,SP,43680
cust_001957,sorocaba,SP,43251
cust_001958,duque de caxias,Unknown,21452
cust_001959,caxias do sul,RS,85348
cust_001960,campinas,SP,12811
cust_001961,sorocaba,SP,97887
cust_001962,porto alegre,RS,59601
cust_001963,campinas,SP,24385
cust_001964,brasilia,DF,68345
cust_001965,rio de janeiro,RJ,71903
cust_001966,contagem,MG,26498
cust_001967,sao paulo,SP,87790
cust_001968,cuiaba,MT,1725
cust_001969,fortaleza,CE,13588
cust_001970,sorocaba,SP,97104
cust_001971,contagem,MG,76269
cust_001972,joinville,SC,48009
cust_001973,sao paulo,SP,32282
cust_001974,uberlandia,MG,65530
cust_001975,brasilia,DF,69337
cust_001976,rio de janeiro,RJ,8446
cust_001977,belem,PA,43883
cust_001978,campinas,SP,62400
cust_001979,belem,PA,59238
cust_001980,natal,RN,76496
cust_001981,sao paulo,SP,91278
cust_001982,duque de caxias,RJ,5691
cust_001983,uberlandia,MG,53710
cust_001984,recife,PE,52833
cust_001985,sorocaba,SP,21577
cust_001986,santos,SP,15059
cust_001987,florianopolis,SC,90487
cust_001988,sorocaba,SP,15544
cust_001989,belo horizonte,MG,44778
cust_001990,belo horizonte,MG,61864
cust_001991,sao luis,MA,48263
cust_001992,campinas,SP,62305
cust_001993,cuiaba,MT,3827
cust_001994,contagem,MG,55822
cust_001995,fortaleza,CE,81051
cust_001996,sorocaba,SP,51506
cust_001997,contagem,MG,99211
cust_001998,feira de santana,BA,47528
cust_001999,florianopolis,SC,31465
cust_002000,sorocaba,SP,48640
cust_002001,niteroi,RJ,30733
cust_002002,santos,SP,34111
cust_002003,campinas,SP,45811
cust_002004,porto alegre,RS,26475
cust_002005,cuiaba,MT,4440
cust_002006,belo horizonte,MG,27298
cust_002007,santos,SP,4044
cust_002008,campinas,Unknown,90900
cust_002009,sao paulo,SP,86933
cust_002010,campinas,SP,27403
cust_002011,brasilia,DF,89708
cust_002012,campinas,SP,38076
cust_002013,santos,SP,37882
cust_002014,curitiba,PR,50903
cust_002015,sao paulo,SP,91334
cust_002016,santos,SP,74525
cust_002017,duque de caxias,RJ,63867
cust_002018,campinas,SP,77931
cust_002019,uberlandia,MG,87684
cust_002020,niteroi,RJ,72445
cust_002021,porto alegre,RS,47366
cust_002022,sorocaba,SP,30999
cust_002023,sorocaba,SP,47156
cust_002024,belo horizonte,MG,17145
cust_002025,santos,SP,61030
cust_002026,sorocaba,SP,81884
cust_002027,santos,SP,3781
cust_002028,santos,SP,87573
cust_002029,sorocaba,SP,64212
cust_002030,joao pessoa,PB,91378
cust_002031,niteroi,RJ,71116
cust_002032,duque de caxias,RJ,85975
cust_002033,sao paulo,SP,75378
cust_002034,santos,SP,36775
cust_002035,curitiba,PR,54421
cust_002036,curitiba,PR,16196
cust_002037,sao luis,MA,83946
cust_002038,santos,SP,67371
cust_002039,sorocaba,SP,58856
cust_002040,caxias do sul,RS,65291
cust_002041,sorocaba,SP,70287
cust_002042,santos,SP,25541
cust_002043,campinas,SP,61679
cust_002044,sao paulo,SP,62401
cust_002045,feira de santana,BA,69264
cust_002046,goiania,GO,99825
cust_002047,contagem,MG,34352
cust_002048,sao paulo,SP,17684
cust_002049,londrina,PR,99212
cust_002050,belo horizonte,MG,38478
cust_002051,joinville,SC,29198
cust_002052,rio de janeiro,RJ,39713
cust_002053,cuiaba,MT,79153
cust_002054,sao paulo,SP,22139
cust_002055,uberlandia,MG,2983
cust_002056,salvador,BA,79018
cust_002057,recife,PE,51864
cust_002058,vitoria,ES,71022
cust_002059,sao paulo,Unknown,27279
cust_002060,caxias do sul,RS,22479
cust_002061,sorocaba,SP,46744
cust_002062,belo horizonte,MG,85920
cust_002063,santos,SP,73888
cust_002064,sao paulo,SP,43153
cust_002065,belem,PA,17257
cust_002066,feira de santana,BA,55539
cust_002067,duque de caxias,RJ,6465
cust_002068,santos,SP,68803
cust_002069,santos,SP,43840
cust_002070,sao paulo,SP,87540
cust_002071,sao paulo,SP,96812
cust_002072,fortaleza,CE,23456
cust_002073,duque de caxias,RJ,12539
cust_002074,santos,SP,59641
cust_002075,porto alegre,RS,5838
cust_002076,sorocaba,SP,67485
cust_002077,campinas,SP,87990
cust_002078,sorocaba,SP,88750
cust_002079,sorocaba,SP,76937
cust_002080,rio de janeiro,RJ,77456
cust_002081,caxias do sul,Unknown,25854
cust_002082,duque de caxias,RJ,91528
cust_002083,feira de santana,BA,75730
cust_002084,fortaleza,CE,8447
cust_002085,feira de santana,BA,59628
cust_002086,cuiaba,MT,43119
cust_002087,belem,PA,16409
cust_002088,feira de santana,BA,31326
cust_002089,campinas,SP,93611
cust_002090,sao paulo,SP,50220
cust_002091,curitiba,PR,16232
cust_002092,brasilia,DF,81269
cust_002093,salvador,BA,24859
cust_002094,contagem,MG,49763
cust_002095,salvador,BA,13840
cust_002096,porto alegre,RS,4479
cust_002097,caxias do sul,RS,98023
cust_002098,sao paulo,SP,67410
cust_002099,niteroi,RJ,60576
cust_002100,santos,SP,2019
cust_002101,santos,SP,61385
cust_002102,duque de caxias,RJ,10677
cust_002103,sao paulo,SP,16129
cust_002104,fortaleza,CE,73044
cust_002105,rio de janeiro,RJ,51803
cust_002106,porto alegre,RS,83268
cust_002107,santos,SP,36356
cust_002108,brasilia,DF,32493
cust_002109,niteroi,RJ,82726
cust_002110,contagem,MG,57331
cust_002111,contagem,MG,91513
cust_002112,duque de caxias,RJ,55170
cust_002113,uberlandia,MG,19399
cust_002114,londrina,PR,6504
cust_002115,joinville,SC,22576
cust_002116,sao paulo,SP,54939
cust_002117,belem,PA,65880
cust_002118,campinas,SP,2086
cust_002119,sorocaba,SP,27571
cust_002120,sao paulo,SP,82176
cust_002121,santos,SP,40169
cust_002122,sorocaba,SP,75064
cust_002123,brasilia,DF,37950
cust_002124,uberlandia,MG,29087
cust_002125,campo grande,MS,69467
cust_002126,sao paulo,SP,26970
cust_002127,belo horizonte,MG,66347
cust_002128,santos,SP,19821
cust_002129,niteroi,RJ,75466
cust_002130,santos,SP,95322
cust_002131,porto alegre,RS,90783
cust_002132,curitiba,PR,84732
cust_002133,santos,SP,1969
cust_002134,sorocaba,SP,83935
cust_002135,sao paulo,SP,62670
cust_002136,santos,SP,47154
cust_002137,caxias do sul,RS,80755
cust_002138,niteroi,RJ,81339
cust_002139,salvador,BA,93473
cust_002140,natal,RN,59564
cust_002141,sao paulo,SP,70448
cust_002142,fortaleza,CE,30646
cust_002143,joinville,SC,67634
cust_002144,santos,SP,43612
cust_002145,feira de santana,BA,64782
cust_002146,duque de caxias,RJ,41499
cust_002147,porto alegre,RS,18510
cust_002148,porto alegre,RS,35830
cust_002149,recife,PE,34199
cust_002150,londrina,PR,24987
cust_002151,feira de santana,BA,11378
cust_002152,santos,SP,40425
cust_002153,sao luis,MA,50925
cust_002154,uberlandia,MG,60329
cust_002155,joinville,SC,61894
cust_002156,brasilia,DF,20422
cust_002157,campinas,SP,15395
cust_002158,campinas,SP,15042
cust_002159,salvador,BA,68533
cust_002160,belem,PA,69331
cust_002161,londrina,PR,51903
cust_002162,niteroi,RJ,53106
cust_002163,sorocaba,SP,64222
cust_002164,rio de janeiro,RJ,35864
cust_002165,campinas,SP,74844
cust_002166,recife,PE,90881
cust_002167,belo horizonte,MG,24547
cust_002168,sorocaba,SP,46670
cust_002169,niteroi,RJ,32321
cust_002170,vitoria,ES,33841
cust_002171,belo horizonte,MG,39548
cust_002172,santos,SP,22409
cust_002173,duque de caxias,RJ,35536
cust_002174,rio de janeiro,RJ,32993
cust_002175,santos,SP,81560
cust_002176,curitiba,PR,28100
cust_002177,sao paulo,SP,10593
cust_002178,rio de janeiro,RJ,86813
cust_002179,niteroi,RJ,90365
cust_002180,duque de caxias,RJ,89305
cust_002181,belo horizonte,MG,19145
cust_002182,caxias do sul,RS,41845
cust_002183,sorocaba,SP,29775
cust_002184,sorocaba,Unknown,26834
cust_002185,joinville,SC,91806
cust_002186,fortaleza,CE,13904
cust_002187,sorocaba,SP,60847
cust_002188,santos,SP,71896
cust_002189,vitoria,ES,7756
cust_002190,sao paulo,SP,88028
cust_002191,natal,RN,23352
cust_002192,salvador,BA,41700
cust_002193,campinas,SP,54603
cust_002194,sorocaba,SP,87614
cust_002195,natal,RN,98786
cust_002196,sao paulo,SP,25503
cust_002197,duque de caxias,RJ,41435
cust_002198,santos,SP,61262
cust_002199,contagem,MG,41726
cust_002200,salvador,BA,9028
cust_002201,uberlandia,MG,78232
cust_002202,campinas,SP,56748
cust_002203,uberlandia,MG,13759
cust_002204,contagem,MG,64228
cust_002205,campinas,SP,90711
cust_002206,londrina,PR,64792
cust_002207,contagem,MG,48223
cust_002208,santos,SP,78098
cust_002209,cuiaba,MT,27895
cust_002210,rio de janeiro,RJ,10379
cust_002211,sao paulo,SP,49539
cust_002212,sao paulo,SP,28577
cust_002213,santos,SP,49543
cust_002214,sao paulo,SP,69612
cust_002215,sorocaba,SP,84813
cust_002216,florianopolis,SC,59614
cust_002217,belo horizonte,MG,61272
cust_002218,santos,SP,94994
cust_002219,porto alegre,RS,90928
cust_002220,londrina,PR,78632
cust_002221,niteroi,RJ,91013
cust_002222,maceio,AL,47626
cust_002223,sorocaba,SP,76951
cust_002224,sorocaba,SP,53840
cust_002225,sao paulo,SP,61890
cust_002226,sorocaba,SP,66309
cust_002227,rio de janeiro,RJ,8767
cust_002228,sorocaba,SP,2012
cust_002229,uberlandia,MG,95344
cust_002230,recife,PE,37056
cust_002231,florianopolis,SC,6041
cust_002232,caxias do sul,RS,13068
cust_002233,belo horizonte,MG,4863
cust_002234,londrina,PR,24704
cust_002235,rio de janeiro,RJ,73195
cust_002236,sao paulo,SP,83120
cust_002237,campinas,SP,7204
cust_002238,campinas,SP,55298
cust_002239,contagem,MG,66448
cust_002240,duque de caxias,RJ,86184
cust_002241,campinas,SP,90605
cust_002242,santos,SP,88992
cust_002243,florianopolis,SC,71986
cust_002244,campinas,SP,80788
cust_002245,niteroi,RJ,74719
cust_002246,sao paulo,SP,76444
cust_002247,santos,SP,90312
cust_002248,curitiba,PR,17443
cust_002249,campinas,SP,9534
cust_002250,sao paulo,SP,27659
cust_002251,natal,RN,95197
cust_002252,niteroi,RJ,70702
cust_002253,contagem,MG,47567
cust_002254,uberlandia,MG,30803
cust_002255,santos,SP,20746
cust_002256,santos,SP,38139
cust_002257,campinas,SP,95173
cust_002258,sorocaba,SP,93697
cust_002259,santos,SP,97300
cust_002260,belo horizonte,MG,70880
cust_002261,sao paulo,SP,59022
cust_002262,santos,SP,11556
cust_002263,belo horizonte,MG,59673
cust_002264,rio de janeiro,RJ,72398
cust_002265,belo horizonte,MG,42604
cust_002266,sorocaba,SP,79584
cust_002267,porto alegre,RS,59395
cust_002268,brasilia,DF,91417
cust_002269,rio de janeiro,RJ,11603
cust_002270,feira de santana,BA,68826
cust_002271,sao paulo,SP,35087
cust_002272,sao paulo,SP,10474
cust_002273,sorocaba,SP,31161
cust_002274,rio de janeiro,RJ,76761
cust_002275,goiania,GO,19348
cust_002276,sao paulo,SP,65972
cust_002277,sorocaba,SP,20949
cust_002278,recife,PE,46156
cust_002279,sao paulo,SP,15399
cust_002280,uberlandia,MG,76292
cust_002281,campinas,Unknown,87336
cust_002282,cuiaba,MT,52986
cust_002283,sao paulo,SP,39806
cust_002284,curitiba,PR,93295
cust_002285,rio de janeiro,RJ,94673
cust_002286,natal,RN,93227
cust_002287,maceio,AL,78530
cust_002288,joinville,SC,23319
cust_002289,sao paulo,SP,16881
cust_002290,niteroi,RJ,44617
cust_002291,brasilia,DF,57218
cust_002292,belo horizonte,MG,20653
cust_002293,goiania,GO,15412
cust_002294,florianopolis,SC,33740
cust_002295,santos,SP,35738
cust_002296,campinas,SP,23086
cust_002297,campinas,SP,46704
cust_002298,porto alegre,RS,51679
cust_002299,rio de janeiro,RJ,10590
cust_002300,sorocaba,SP,1063
cust_002301,londrina,PR,4572
cust_002302,campinas,SP,79347
cust_002303,sao paulo,SP,80833
cust_002304,duque de caxias,RJ,16734
cust_002305,niteroi,RJ,94262
cust_002306,sao paulo,SP,28137
cust_002307,curitiba,PR,89645
cust_002308,brasilia,DF,18315
cust_002309,caxias do sul,RS,81918
cust_002310,cuiaba,MT,36041
cust_002311,sao paulo,SP,78413
cust_002312,campinas,SP,8626
cust_002313,santos,SP,57677
cust_002314,curitiba,Unknown,86030
cust_002315,sao paulo,SP,13591
cust_002316,vitoria,ES,42079
cust_002317,uberlandia,MG,89305
cust_002318,florianopolis,Unknown,92496
cust_002319,duque de caxias,Unknown,50509
cust_002320,curitiba,PR,5649
cust_002321,duque de caxias,RJ,94393
cust_002322,duque de caxias,RJ,18086
cust_002323,joinville,SC,41625
cust_002324,campinas,SP,83745
cust_002325,recife,PE,11892
cust_002326,porto alegre,RS,46916
cust_002327,curitiba,PR,62646
cust_002328,campinas,SP,6884
cust_002329,campinas,SP,48933
cust_002330,sorocaba,SP,5621
cust_002331,uberlandia,MG,64984
cust_002332,sorocaba,SP,89589
cust_002333,aracaju,SE,21141
cust_002334,campo grande,MS,26908
cust_002335,campinas,SP,13812
cust_002336,londrina,PR,41677
cust_002337,campinas,SP,1381
cust_002338,sorocaba,SP,89802
cust_002339,santos,SP,10461
cust_002340,salvador,BA,67095
cust_002341,recife,PE,32734
cust_002342,sorocaba,SP,77273
cust_002343,sao paulo,SP,6067
cust_002344,duque de caxias,Unknown,47678
cust_002345,duque de caxias,RJ,10186
cust_002346,sao paulo,SP,69829
cust_002347,feira de santana,BA,20039
cust_002348,vitoria,ES,58847
cust_002349,sorocaba,SP,41284
cust_002350,brasilia,DF,17858
cust_002351,caxias do sul,RS,20071
cust_002352,uberlandia,MG,57695
cust_002353,salvador,BA,22317
cust_002354,duque de caxias,RJ,92631
cust_002355,niteroi,RJ,76583
cust_002356,santos,SP,35177
cust_002357,porto alegre,RS,39797
cust_002358,santos,SP,49893
cust_002359,campinas,SP,80445
cust_002360,niteroi,RJ,42191
cust_002361,sorocaba,SP,41650
cust_002362,santos,SP,69173
cust_002363,santos,SP,26416
cust_002364,brasilia,DF,63074
cust_002365,uberlandia,MG,39076
cust_002366,sorocaba,SP,48228
cust_002367,brasilia,DF,77655
cust_002368,feira de santana,BA,5680
cust_002369,sao paulo,SP,65510
cust_002370,uberlandia,MG,27188
cust_002371,santos,SP,1915
cust_002372,rio de janeiro,RJ,32137
cust_002373,porto alegre,RS,78103
cust_002374,campinas,SP,73515
cust_002375,niteroi,RJ,26431
cust_002376,sao paulo,SP,40232
cust_002377,niteroi,RJ,87125
cust_002378,sao paulo,SP,38451
cust_002379,feira de santana,BA,26201
cust_002380,niteroi,RJ,45140
cust_002381,sao paulo,SP,78564
cust_002382,curitiba,PR,43765
cust_002383,sorocaba,SP,51980
cust_002384,belo horizonte,MG,72048
cust_002385,niteroi,RJ,86217
cust_002386,sao paulo,SP,67359
cust_002387,sorocaba,SP,41205
cust_002388,campinas,SP,76523
cust_002389,londrina,PR,78198
cust_002390,caxias do sul,RS,21533
cust_002391,sao paulo,SP,69867
cust_002392,campinas,SP,74402
cust_002393,goiania,GO,30880
cust_002394,sao paulo,SP,30323
cust_002395,sorocaba,SP,67735
cust_002396,caxias do sul,RS,1006
cust_002397,campinas,SP,29757
cust_002398,cuiaba,MT,64318
cust_002399,campinas,SP,45983
cust_002400,brasilia,DF,2167
cust_002401,sao paulo,SP,13593
cust_002402,sorocaba,SP,10701
cust_002403,sao paulo,SP,53547
cust_002404,sao luis,MA,5072
cust_002405,rio de janeiro,RJ,76500
cust_002406,campinas,SP,61029
cust_002407,vitoria,ES,50912
cust_002408,campinas,SP,21580
cust_002409,sorocaba,SP,19411
cust_002410,campinas,SP,81106
cust_002411,salvador,BA,61958
cust_002412,sao paulo,SP,36274
cust_002413,campinas,SP,21712
cust_002414,vitoria,ES,34182
cust_002415,belo horizonte,MG,30829
cust_002416,santos,SP,51963
cust_002417,contagem,MG,27163
cust_002418,santos,SP,77728
cust_002419,duque de caxias,RJ,6730
cust_002420,santos,SP,69942
cust_002421,contagem,MG,1624
cust_002422,curitiba,PR,21447
cust_002423,sorocaba,SP,93833
cust_002424,sorocaba,SP,76586
cust_002425,sao paulo,SP,98266
cust_002426,curitiba,PR,51173
cust_002427,joinville,SC,14636
cust_002428,florianopolis,SC,98752
cust_002429,sao luis,MA,76245
cust_002430,feira de santana,BA,52163
cust_002431,sao luis,MA,77061
cust_002432,contagem,MG,29331
cust_002433,sorocaba,SP,79124
cust_002434,contagem,MG,76352
cust_002435,santos,SP,14749
cust_002436,sorocaba,SP,3899
cust_002437,santos,SP,84802
cust_002438,santos,SP,72737
cust_002439,porto alegre,RS,30053
cust_002440,sorocaba,SP,54774
cust_002441,campinas,SP,3927
cust_002442,fortaleza,CE,18389
cust_002443,belo horizonte,MG,9761
cust_002444,sorocaba,SP,3386
cust_002445,sorocaba,SP,14627
cust_002446,sorocaba,SP,5611
cust_002447,fortaleza,CE,94424
cust_002448,sorocaba,SP,9096
cust_002449,vitoria,ES,14012
cust_002450,sorocaba,SP,49284
cust_002451,florianopolis,SC,60572
cust_002452,sao paulo,SP,71050
cust_002453,rio de janeiro,RJ,10645
cust_002454,sao paulo,SP,14246
cust_002455,sorocaba,Unknown,2619
cust_002456,maceio,AL,16737
cust_002457,curitiba,PR,19914
cust_002458,campinas,SP,81587
cust_002459,londrina,PR,59497
cust_002460,sorocaba,SP,23564
cust_002461,belem,PA,12683
cust_002462,rio de janeiro,RJ,82961
cust_002463,sorocaba,SP,71602
cust_002464,santos,SP,10409
cust_002465,sorocaba,SP,56365
cust_002466,belem,PA,83855
cust_002467,sorocaba,SP,27747
cust_002468,campinas,SP,73525
cust_002469,feira de santana,BA,39340
cust_002470,santos,SP,15618
cust_002471,santos,SP,28989
cust_002472,caxias do sul,RS,34456
cust_002473,sorocaba,SP,4912
cust_002474,salvador,BA,33977
cust_002475,contagem,MG,96636
cust_002476,sao paulo,SP,14250
cust_002477,rio de janeiro,RJ,2131
cust_002478,santos,SP,38334
cust_002479,niteroi,RJ,96227
cust_002480,belo horizonte,MG,68105
cust_002481,joinville,SC,51832
cust_002482,rio de janeiro,RJ,73323
cust_002483,florianopolis,SC,1985
cust_002484,sao paulo,SP,21087
cust_002485,belem,PA,84399
cust_002486,sorocaba,SP,72455
cust_002487,salvador,BA,46655
cust_002488,duque de caxias,RJ,27399
cust_002489,santos,SP,23527
cust_002490,campinas,SP,5207
cust_002491,fortaleza,CE,88341
cust_002492,salvador,BA,20268
cust_002493,curitiba,PR,81606
cust_002494,santos,SP,34881
cust_002495,uberlandia,MG,90999
cust_002496,sorocaba,SP,4554
cust_002497,belo horizonte,MG,52177
cust_002498,santos,SP,10434
cust_002499,salvador,BA,1153
cust_002500,caxias do sul,RS,36268
cust_002501,sao paulo,SP,64084
cust_002502,belo horizonte,MG,92533
cust_002503,campinas,Unknown,15990
cust_002504,campinas,SP,63943
cust_002505,sao paulo,SP,80393
cust_002506,santos,SP,93502
cust_002507,campinas,Unknown,28587
cust_002508,caxias do sul,RS,4686
cust_002509,londrina,PR,95701
cust_002510,duque de caxias,RJ,86940
cust_002511,joao pessoa,PB,26093
cust_002512,recife,PE,14433
cust_002513,sao paulo,SP,53846
cust_002514,niteroi,RJ,24457
cust_002515,fortaleza,CE,56812
cust_002516,sorocaba,SP,10931
cust_002517,sao paulo,SP,92805
cust_002518,vitoria,ES,41708
cust_002519,florianopolis,SC,14935
cust_002520,feira de santana,BA,21042
cust_002521,goiania,GO,66809
cust_002522,sao paulo,SP,74195
cust_002523,caxias do sul,RS,11518
cust_002524,joinville,Unknown,75736
cust_002525,sorocaba,Unknown,93599
cust_002526,sorocaba,SP,29757
cust_002527,sorocaba,SP,62070
cust_002528,londrina,PR,80178
cust_002529,porto alegre,RS,94244
cust_002530,recife,PE,17201
cust_002531,sao paulo,SP,88961
cust_002532,contagem,MG,4985
cust_002533,campinas,SP,55851
cust_002534,vitoria,ES,17338
cust_002535,belo horizonte,MG,12210
cust_002536,curitiba,Unknown,25331
cust_002537,sao paulo,SP,16519
cust_002538,santos,SP,5982
cust_002539,santos,SP,30739
cust_002540,salvador,BA,11868
cust_002541,sao paulo,SP,38940
cust_002542,feira de santana,BA,30967
cust_002543,campinas,SP,52528
cust_002544,rio de janeiro,RJ,85391
cust_002545,sao paulo,SP,14872
cust_002546,campinas,SP,85690
cust_002547,rio de janeiro,RJ,54367
cust_002548,sao paulo,SP,99362
cust_002549,rio de janeiro,RJ,41356
cust_002550,contagem,MG,10702
cust_002551,santos,SP,21810
cust_002552,contagem,MG,1182
cust_002553,belo horizonte,MG,86757
cust_002554,sao paulo,SP,56994
cust_002555,santos,SP,88319
cust_002556,sorocaba,SP,60720
cust_002557,santos,SP,93455
cust_002558,sao paulo,SP,24381
cust_002559,belo horizonte,MG,33862
cust_002560,sao paulo,SP,79906
cust_002561,goiania,GO,82369
cust_002562,londrina,Unknown,95638
cust_002563,campinas,SP,88811
cust_002564,belo horizonte,MG,33836
cust_002565,campinas,SP,67869
cust_002566,sorocaba,SP,94636
cust_002567,joao pessoa,PB,27255
cust_002568,niteroi,RJ,11323
cust_002569,sorocaba,SP,50824
cust_002570,brasilia,DF,48087
cust_002571,fortaleza,CE,69725
cust_002572,niteroi,RJ,20519
cust_002573,caxias do sul,RS,45410
cust_002574,florianopolis,SC,58858
cust_002575,londrina,PR,58694
cust_002576,niteroi,RJ,8041
cust_002577,feira de santana,BA,11097
cust_002578,rio de janeiro,RJ,50931
cust_002579,sao paulo,SP,37697
cust_002580,sao paulo,SP,18143
cust_002581,sorocaba,SP,80732
cust_002582,sorocaba,SP,42327
cust_002583,sao paulo,SP,58333
cust_002584,niteroi,RJ,69116
cust_002585,vitoria,ES,72764
cust_002586,santos,SP,34044
cust_002587,sorocaba,SP,3420
cust_002588,salvador,BA,54503
cust_002589,sorocaba,SP,24722
cust_002590,londrina,PR,97176
cust_002591,niteroi,RJ,89592
cust_002592,contagem,MG,87655
cust_002593,sao paulo,SP,78472
cust_002594,campinas,SP,99698
cust_002595,contagem,MG,95640
cust_002596,sao paulo,SP,18526
cust_002597,santos,SP,61838
cust_002598,sorocaba,Unknown,49918
cust_002599,caxias do sul,RS,4139
cust_002600,duque de caxias,RJ,78639
cust_002601,caxias do sul,RS,11843
cust_002602,curitiba,PR,92970
cust_002603,santos,SP,69878
cust_002604,recife,PE,24848
cust_002605,feira de santana,BA,4605
cust_002606,santos,SP,98786
cust_002607,niteroi,RJ,81030
cust_002608,campinas,SP,44693
cust_002609,fortaleza,CE,80639
cust_002610,campinas,SP,77437
cust_002611,campinas,SP,61550
cust_002612,fortaleza,CE,52319
cust_002613,belo horizonte,MG,5322
cust_002614,sorocaba,SP,30462
cust_002615,contagem,MG,31709
cust_002616,florianopolis,SC,11781
cust_002617,sao paulo,SP,71214
cust_002618,niteroi,RJ,17023
cust_002619,contagem,Unknown,26638
cust_002620,duque de caxias,RJ,65091
cust_002621,aracaju,SE,52438
cust_002622,rio de janeiro,RJ,55832
cust_002623,uberlandia,MG,85550
cust_002624,joinville,SC,43842
cust_002625,santos,SP,62183
cust_002626,campinas,SP,62982
cust_002627,sao luis,MA,13416
cust_002628,londrina,PR,51231
cust_002629,santos,SP,55310
cust_002630,sorocaba,SP,14990
cust_002631,sao paulo,SP,13651
cust_002632,santos,SP,26893
cust_002633,campinas,SP,43125
cust_002634,contagem,MG,43746
cust_002635,santos,SP,23605
cust_002636,uberlandia,MG,40384
cust_002637,cuiaba,MT,29851
cust_002638,joao pessoa,PB,90349
cust_002639,feira de santana,BA,65917
cust_002640,rio de janeiro,RJ,94248
cust_002641,niteroi,RJ,65266
cust_002642,duque de caxias,RJ,53870
cust_002643,sao paulo,SP,49538
cust_002644,brasilia,DF,27299
cust_002645,porto alegre,RS,18633
cust_002646,belo horizonte,MG,80087
cust_002647,campinas,SP,39575
cust_002648,sao paulo,SP,19001
cust_002649,goiania,GO,42313
cust_002650,santos,SP,49724
cust_002651,sao paulo,SP,67416
cust_002652,belo horizonte,MG,99429
cust_002653,porto alegre,RS,97477
cust_002654,santos,SP,87601
cust_002655,sao paulo,SP,82909
cust_002656,joinville,SC,93027
cust_002657,belem,PA,71864
cust_002658,niteroi,RJ,10689
cust_002659,florianopolis,SC,24681
cust_002660,sao paulo,SP,46752
cust_002661,caxias do sul,RS,78711
cust_002662,uberlandia,MG,77140
cust_002663,brasilia,DF,87916
cust_002664,joinville,SC,16445
cust_002665,sorocaba,SP,60129
cust_002666,sao paulo,SP,77126
cust_002667,feira de santana,BA,39991
cust_002668,sao paulo,SP,34836
cust_002669,caxias do sul,RS,66436
cust_002670,rio de janeiro,RJ,88833
cust_002671,sao paulo,SP,46028
cust_002672,porto alegre,RS,42342
cust_002673,niteroi,RJ,8557
cust_002674,brasilia,DF,25776
cust_002675,campinas,SP,8895
cust_002676,campinas,SP,91768
cust_002677,sao paulo,SP,84522
cust_002678,santos,SP,71565
cust_002679,uberlandia,MG,22277
cust_002680,sorocaba,SP,46833
cust_002681,campinas,SP,2181
cust_002682,natal,RN,96140
cust_002683,santos,SP,6250
cust_002684,sorocaba,SP,60635
cust_002685,goiania,GO,50113
cust_002686,contagem,MG,59116
cust_002687,campinas,SP,9185
cust_002688,sao luis,MA,36761
cust_002689,rio de janeiro,RJ,82989
cust_002690,campinas,SP,83635
cust_002691,campinas,SP,40948
cust_002692,vitoria,ES,58942
cust_002693,campinas,SP,80247
cust_002694,salvador,BA,62542
cust_002695,campinas,SP,42380
cust_002696,sao paulo,SP,93683
cust_002697,brasilia,DF,99450
cust_002698,maceio,AL,27722
cust_002699,sorocaba,SP,5823
cust_002700,sao paulo,SP,79299
cust_002701,londrina,PR,11618
cust_002702,duque de caxias,RJ,81265
cust_002703,sorocaba,SP,78176
cust_002704,campinas,SP,7275
cust_002705,vitoria,ES,55272
cust_002706,sorocaba,SP,72510
cust_002707,sorocaba,SP,9004
cust_002708,sorocaba,SP,83206
cust_002709,sorocaba,SP,11780
cust_002710,niteroi,RJ,54099
cust_002711,santos,SP,3000
cust_002712,belo horizonte,MG,12006
cust_002713,sorocaba,SP,73649
cust_002714,campinas,SP,8813
cust_002715,goiania,GO,89965
cust_002716,rio de janeiro,RJ,3331
cust_002717,campinas,SP,63097
cust_002718,sorocaba,SP,37244
cust_002719,belo horizonte,MG,60956
cust_002720,joinville,SC,62499
cust_002721,belo horizonte,MG,64736
cust_002722,joinville,SC,57441
cust_002723,santos,Unknown,95579
cust_002724,sao luis,MA,51467
cust_002725,santos,SP,85377
cust_002726,sao paulo,SP,42307
cust_002727,duque de caxias,RJ,61465
cust_002728,sorocaba,SP,68405
cust_002729,duque de caxias,RJ,39333
cust_002730,campinas,SP,88439
cust_002731,curitiba,PR,27820
cust_002732,londrina,PR,82821
cust_002733,belo horizonte,MG,19791
cust_002734,santos,SP,71788
cust_002735,campinas,SP,83379
cust_002736,salvador,BA,29940
cust_002737,duque de caxias,RJ,26334
cust_002738,niteroi,RJ,94103
cust_002739,sao paulo,SP,63746
cust_002740,sorocaba,SP,86260
cust_002741,santos,SP,94879
cust_002742,porto alegre,RS,94828
cust_002743,brasilia,DF,82156
cust_002744,maceio,AL,62285
cust_002745,niteroi,RJ,94806
cust_002746,niteroi,RJ,33964
cust_002747,londrina,PR,54972
cust_002748,santos,SP,45762
cust_002749,duque de caxias,RJ,34684
cust_002750,porto alegre,RS,33408
cust_002751,santos,SP,97244
cust_002752,sao paulo,SP,35741
cust_002753,campinas,SP,11492
cust_002754,uberlandia,MG,43131
cust_002755,sorocaba,SP,38074
cust_002756,campinas,SP,93564
cust_002757,sao paulo,SP,78213
cust_002758,feira de santana,BA,50249
cust_002759,recife,PE,83030
cust_002760,fortaleza,CE,41032
cust_002761,feira de santana,BA,23087
cust_002762,santos,SP,64297
cust_002763,sorocaba,SP,62546
cust_002764,rio de janeiro,RJ,29347
cust_002765,niteroi,RJ,17948
cust_002766,curitiba,PR,1871
cust_002767,sorocaba,Unknown,39064
cust_002768,belem,Unknown,73258
cust_002769,campinas,SP,80640
cust_002770,uberlandia,MG,33912
cust_002771,goiania,GO,66622
cust_002772,rio de janeiro,RJ,24510
cust_002773,londrina,PR,19563
cust_002774,londrina,PR,53967
cust_002775,joinville,SC,31833
cust_002776,salvador,BA,16948
cust_002777,santos,SP,24763
cust_002778,sorocaba,SP,28518
cust_002779,joinville,SC,32130
cust_002780,uberlandia,MG,51717
cust_002781,contagem,MG,87314
cust_002782,sao paulo,SP,97463
cust_002783,sao paulo,SP,57911
cust_002784,duque de caxias,RJ,25147
cust_002785,sao luis,MA,20263
cust_002786,campinas,SP,47236
cust_002787,santos,Unknown,67794
cust_002788,santos,SP,53273
cust_002789,duque de caxias,RJ,14069
cust_002790,sorocaba,SP,71577
cust_002791,porto alegre,RS,31793
cust_002792,sorocaba,SP,52677
cust_002793,sorocaba,SP,86074
cust_002794,campinas,SP,73606
cust_002795,sao paulo,SP,53129
cust_002796,feira de santana,BA,86555
cust_002797,fortaleza,CE,20906
cust_002798,londrina,PR,28995
cust_002799,goiania,GO,27588
cust_002800,santos,SP,83729
cust_002801,recife,PE,84021
cust_002802,rio de janeiro,RJ,27009
cust_002803,curitiba,PR,19981
cust_002804,uberlandia,MG,81124
cust_002805,santos,SP,45598
cust_002806,santos,SP,64028
cust_002807,sorocaba,SP,20559
cust_002808,sorocaba,SP,57284
cust_002809,niteroi,RJ,68776
cust_002810,natal,RN,46928
cust_002811,sao paulo,SP,82213
cust_002812,belo horizonte,MG,54996
cust_002813,rio de janeiro,RJ,54295
cust_002814,santos,SP,24223
cust_002815,sao paulo,SP,67120
cust_002816,sao paulo,SP,50308
cust_002817,rio de janeiro,RJ,65244
cust_002818,santos,SP,61241
cust_002819,campinas,SP,37472
cust_002820,sorocaba,SP,38774
cust_002821,salvador,BA,31885
cust_002822,feira de santana,BA,38801
cust_002823,santos,Unknown,84682
cust_002824,contagem,MG,35394
cust_002825,belem,PA,13075
cust_002826,sao paulo,SP,81971
cust_002827,santos,SP,22566
cust_002828,santos,SP,39059
cust_002829,campinas,SP,21045
cust_002830,feira de santana,BA,58451
cust_002831,feira de santana,BA,27362
cust_002832,niteroi,RJ,97248
cust_002833,santos,SP,43304
cust_002834,salvador,BA,3979
cust_002835,campinas,SP,55732
cust_002836,sorocaba,SP,22770
cust_002837,sao paulo,SP,35700
cust_002838,brasilia,DF,92596
cust_002839,porto alegre,RS,18789
cust_002840,contagem,MG,71953
cust_002841,curitiba,PR,69259
cust_002842,sao paulo,SP,38269
cust_002843,sorocaba,SP,44868
cust_002844,salvador,BA,9887
cust_002845,fortaleza,CE,48292
cust_002846,rio de janeiro,RJ,51879
cust_002847,campinas,SP,60233
cust_002848,natal,RN,78602
cust_002849,sorocaba,SP,92995
cust_002850,sorocaba,SP,42865
cust_002851,campinas,SP,88382
cust_002852,campinas,SP,84553
cust_002853,uberlandia,MG,31384
cust_002854,contagem,MG,29758
cust_002855,sao paulo,Unknown,54103
cust_002856,campinas,SP,50020
cust_002857,rio de janeiro,RJ,37868
cust_002858,rio de janeiro,RJ,9928
cust_002859,santos,SP,79628
cust_002860,sao paulo,SP,53030
cust_002861,brasilia,DF,18424
cust_002862,natal,RN,86243
cust_002863,sorocaba,SP,92589
cust_002864,porto alegre,RS,16067
cust_002865,goiania,GO,53052
cust_002866,sorocaba,SP,61346
cust_002867,fortaleza,CE,24409
cust_002868,niteroi,RJ,32111
cust_002869,uberlandia,MG,39182
cust_002870,niteroi,RJ,35987
cust_002871,campinas,SP,67882
cust_002872,joinville,SC,1849
cust_002873,curitiba,PR,65394
cust_002874,sao paulo,SP,53765
cust_002875,belo horizonte,MG,76102
cust_002876,cuiaba,MT,98546
cust_002877,goiania,GO,43749
cust_002878,belo horizonte,MG,15539
cust_002879,sao paulo,SP,44191
cust_002880,sao paulo,SP,24190
cust_002881,sao paulo,SP,51382
cust_002882,feira de santana,BA,23403
cust_002883,florianopolis,SC,2044
cust_002884,fortaleza,CE,56650
cust_002885,campinas,SP,32851
cust_002886,campo grande,MS,19800
cust_002887,campo grande,MS,1245
cust_002888,caxias do sul,RS,95212
cust_002889,goiania,GO,84035
cust_002890,niteroi,RJ,69935
cust_002891,sao paulo,SP,37736
cust_002892,santos,SP,62903
cust_002893,santos,SP,54176
cust_002894,campinas,SP,1393
cust_002895,caxias do sul,RS,91357
cust_002896,sao paulo,SP,47587
cust_002897,sorocaba,SP,47000
cust_002898,santos,SP,81133
cust_002899,porto alegre,RS,71509
cust_002900,vitoria,ES,51191
cust_002901,sorocaba,SP,85264
cust_002902,joinville,SC,74088
cust_002903,sao luis,MA,57977
cust_002904,caxias do sul,RS,68523
cust_002905,curitiba,PR,17222
cust_002906,belo horizonte,MG,93016
cust_002907,natal,RN,88331
cust_002908,campinas,SP,37297
cust_002909,florianopolis,SC,4925
cust_002910,santos,SP,82710
cust_002911,campinas,SP,50975
cust_002912,londrina,PR,26782
cust_002913,salvador,BA,99681
cust_002914,goiania,GO,56195
cust_002915,belem,PA,21278
cust_002916,curitiba,PR,62175
cust_002917,duque de caxias,RJ,76339
cust_002918,vitoria,ES,44828
cust_002919,santos,SP,68825
cust_002920,sao paulo,Unknown,11134
cust_002921,duque de caxias,RJ,28286
cust_002922,belo horizonte,MG,43985
cust_002923,caxias do sul,RS,12287
cust_002924,salvador,BA,20501
cust_002925,campinas,SP,54376
cust_002926,joinville,SC,49243
cust_002927,belo horizonte,MG,36745
cust_002928,cuiaba,MT,3041
cust_002929,campinas,SP,40386
cust_002930,uberlandia,MG,48857
cust_002931,curitiba,PR,98625
cust_002932,rio de janeiro,RJ,38355
cust_002933,campinas,SP,51943
cust_002934,campinas,SP,2337
cust_002935,sao paulo,SP,18774
cust_002936,duque de caxias,RJ,62652
cust_002937,belo horizonte,MG,48926
cust_002938,uberlandia,MG,31987
cust_002939,caxias do sul,RS,40152
cust_002940,campinas,SP,58654
cust_002941,santos,SP,43584
cust_002942,curitiba,PR,88705
cust_002943,joinville,SC,22675
cust_002944,caxias do sul,RS,86575
cust_002945,curitiba,PR,92400
cust_002946,campo grande,MS,50852
cust_002947,vitoria,ES,18142
cust_002948,uberlandia,MG,47654
cust_002949,campinas,SP,90626
cust_002950,campinas,SP,53796
cust_002951,contagem,MG,63141
cust_002952,niteroi,RJ,39641
cust_002953,sao paulo,SP,58606
cust_002954,campinas,SP,30214
cust_002955,vitoria,ES,27113
cust_002956,santos,SP,16605
cust_002957,joinville,SC,70191
cust_002958,recife,PE,91593
cust_002959,caxias do sul,RS,36454
cust_002960,campinas,SP,7102
cust_002961,brasilia,DF,40922
cust_002962,belo horizonte,MG,35165
cust_002963,sao paulo,SP,62498
cust_002964,belo horizonte,MG,17477
cust_002965,sorocaba,SP,78601
cust_002966,caxias do sul,RS,6992
cust_002967,fortaleza,CE,39028
cust_002968,rio de janeiro,RJ,18102
cust_002969,cuiaba,MT,87389
cust_002970,duque de caxias,RJ,46140
cust_002971,brasilia,DF,91187
cust_002972,joinville,SC,56335
cust_002973,sao paulo,SP,76023
cust_002974,fortaleza,CE,89541
cust_002975,fortaleza,CE,82591
cust_002976,campinas,SP,68699
cust_002977,florianopolis,SC,79601
cust_002978,santos,SP,80393
cust_002979,santos,SP,67325
cust_002980,sao paulo,SP,55776
cust_002981,duque de caxias,RJ,51446
cust_002982,campinas,SP,20925
cust_002983,campinas,SP,58020
cust_002984,cuiaba,MT,85134
cust_002985,rio de janeiro,RJ,85299
cust_002986,feira de santana,Unknown,47976
cust_002987,sao paulo,SP,49069
cust_002988,sorocaba,SP,77352
cust_002989,joinville,SC,98019
cust_002990,sao paulo,SP,1628
cust_002991,rio de janeiro,Unknown,70380
cust_002992,maceio,AL,45117
cust_002993,sao paulo,SP,23836
cust_002994,duque de caxias,RJ,34548
cust_002995,belo horizonte,MG,99399
cust_002996,santos,SP,30422
cust_002997,caxias do sul,RS,50838
cust_002998,rio de janeiro,RJ,67809
cust_002999,santos,SP,27145
cust_003000,rio de janeiro,RJ,82628
cust_003001,duque de caxias,Unknown,8168
cust_003002,uberlandia,MG,86530
cust_003003,vitoria,ES,69872
cust_003004,londrina,PR,80271
cust_003005,campinas,SP,10112
cust_003006,sao luis,MA,81353
cust_003007,joinville,SC,28795
cust_003008,santos,SP,83672
cust_003009,sao paulo,SP,35712
cust_003010,santos,SP,69662
cust_003011,sao paulo,SP,99328
cust_003012,duque de caxias,RJ,76230
cust_003013,sorocaba,SP,9060
cust_003014,sao luis,MA,22894
cust_003015,duque de caxias,RJ,13684
cust_003016,campinas,SP,95766
cust_003017,sao luis,MA,32981
cust_003018,duque de caxias,RJ,50810
cust_003019,sorocaba,SP,58145
cust_003020,campinas,SP,27012
cust_003021,porto alegre,RS,37550
cust_003022,rio de janeiro,RJ,45999
cust_003023,uberlandia,MG,2414
cust_003024,brasilia,DF,82502
cust_003025,porto alegre,RS,90615
cust_003026,brasilia,DF,69555
cust_003027,londrina,PR,44195
cust_003028,caxias do sul,RS,16107
cust_003029,sao paulo,SP,33456
cust_003030,rio de janeiro,RJ,44425
cust_003031,niteroi,RJ,20652
cust_003032,duque de caxias,RJ,75757
cust_003033,sorocaba,SP,45659
cust_003034,contagem,MG,69702
cust_003035,campinas,SP,52009
cust_003036,uberlandia,MG,19767
cust_003037,campinas,SP,65571
cust_003038,recife,PE,74543
cust_003039,sao paulo,SP,43083
cust_003040,londrina,Unknown,67808
cust_003041,contagem,MG,98332
cust_003042,sorocaba,SP,25192
cust_003043,salvador,BA,89069
cust_003044,belem,PA,31449
cust_003045,londrina,PR,5303
cust_003046,cuiaba,Unknown,42520
cust_003047,rio de janeiro,RJ,82171
cust_003048,fortaleza,CE,67698
cust_003049,goiania,GO,33913
cust_003050,curitiba,PR,95191
cust_003051,salvador,BA,98418
cust_003052,curitiba,PR,99478
cust_003053,duque de caxias,RJ,55795
cust_003054,niteroi,RJ,69234
cust_003055,sorocaba,SP,53494
cust_003056,contagem,MG,41831
cust_003057,sao paulo,SP,52999
cust_003058,londrina,PR,7777
cust_003059,rio de janeiro,RJ,17129
cust_003060,santos,SP,59705
cust_003061,campinas,SP,42475
cust_003062,campinas,SP,48690
cust_003063,uberlandia,MG,91620
cust_003064,sorocaba,SP,67400
cust_003065,sao paulo,SP,8133
cust_003066,sao paulo,SP,96481
cust_003067,santos,SP,86455
cust_003068,sao paulo,SP,17513
cust_003069,campinas,SP,85264
cust_003070,porto alegre,RS,37690
cust_003071,curitiba,Unknown,37855
cust_003072,campo grande,MS,58038
cust_003073,santos,SP,90654
cust_003074,campinas,SP,35720
cust_003075,sao paulo,SP,57984
cust_003076,uberlandia,MG,18428
cust_003077,campinas,SP,9459
cust_003078,sao paulo,SP,60255
cust_003079,contagem,MG,24288
cust_003080,campinas,SP,4898
cust_003081,niteroi,RJ,1837
cust_003082,uberlandia,MG,38326
cust_003083,salvador,BA,25650
cust_003084,sorocaba,SP,97295
cust_003085,sao paulo,SP,48366
cust_003086,duque de caxias,RJ,48342
cust_003087,santos,SP,16442
cust_003088,sao paulo,SP,11057
cust_003089,rio de janeiro,RJ,30642
cust_003090,sorocaba,SP,83593
cust_003091,sao paulo,SP,62452
cust_003092,porto alegre,RS,18724
cust_003093,feira de santana,BA,4650
cust_003094,sao paulo,SP,25832
cust_003095,uberlandia,MG,28040
cust_003096,natal,RN,96280
cust_003097,campinas,SP,17880
cust_003098,curitiba,PR,77734
cust_003099,sao paulo,SP,39218
cust_003100,belem,PA,32868
cust_003101,santos,SP,21708
cust_003102,campinas,SP,65079
cust_003103,sao luis,MA,69377
cust_003104,caxias do sul,Unknown,49288
cust_003105,sorocaba,SP,94843
cust_003106,florianopolis,SC,89356
cust_003107,recife,PE,79081
cust_003108,rio de janeiro,RJ,56468
cust_003109,santos,SP,52550
cust_003110,campinas,SP,66419
cust_003111,vitoria,ES,58681
cust_003112,santos,SP,15764
cust_003113,sorocaba,SP,65790
cust_003114,sao paulo,SP,25736
cust_003115,sao paulo,SP,74219
cust_003116,niteroi,RJ,3627
cust_003117,sorocaba,SP,5882
cust_003118,campinas,SP,59235
cust_003119,campinas,SP,78723
cust_003120,sorocaba,SP,56688
cust_003121,sorocaba,SP,17808
cust_003122,sorocaba,SP,31473
cust_003123,londrina,PR,44924
cust_003124,sorocaba,SP,23980
cust_003125,sao paulo,SP,96290
cust_003126,uberlandia,MG,45849
cust_003127,londrina,PR,89285
cust_003128,caxias do sul,RS,11274
cust_003129,joao pessoa,PB,47109
cust_003130,sao paulo,SP,85441
cust_003131,santos,SP,28747
cust_003132,sao paulo,SP,83355
cust_003133,campinas,SP,75929
cust_003134,sao luis,MA,60017
cust_003135,contagem,MG,5372
cust_003136,joinville,SC,90255
cust_003137,joao pessoa,PB,48246
cust_003138,brasilia,Unknown,61734
cust_003139,sao paulo,SP,69173
cust_003140,goiania,GO,49600
cust_003141,niteroi,RJ,16776
cust_003142,campinas,SP,60397
cust_003143,niteroi,RJ,60372
cust_003144,fortaleza,CE,9458
cust_003145,joinville,SC,20709
cust_003146,sorocaba,SP,22531
cust_003147,brasilia,DF,36849
cust_003148,rio de janeiro,RJ,56273
cust_003149,caxias do sul,RS,61682
cust_003150,sao paulo,Unknown,12112
cust_003151,santos,SP,86033
cust_003152,santos,SP,81148
cust_003153,goiania,GO,10147
cust_003154,joao pessoa,PB,17852
cust_003155,campinas,SP,84165
cust_003156,sorocaba,SP,42426
cust_003157,santos,SP,44901
cust_003158,londrina,PR,48971
cust_003159,niteroi,RJ,99119
cust_003160,uberlandia,MG,16634
cust_003161,santos,SP,94185
cust_003162,sao paulo,SP,24974
cust_003163,fortaleza,CE,89965
cust_003164,contagem,MG,48954
cust_003165,campinas,SP,76099
cust_003166,sao paulo,SP,11571
cust_003167,campinas,SP,37148
cust_003168,santos,SP,19529
cust_003169,santos,SP,57801
cust_003170,porto alegre,RS,3296
cust_003171,sao paulo,SP,38716
cust_003172,santos,SP,51137
cust_003173,duque de caxias,RJ,48272
cust_003174,sao paulo,SP,82405
cust_003175,duque de caxias,RJ,61087
cust_003176,goiania,GO,81269
cust_003177,campinas,SP,50530
cust_003178,florianopolis,Unknown,36134
cust_003179,campinas,SP,29955
cust_003180,sorocaba,SP,69056
cust_003181,campinas,SP,92254
cust_003182,caxias do sul,Unknown,98999
cust_003183,santos,SP,23980
cust_003184,joinville,SC,42916
cust_003185,campinas,SP,62495
cust_003186,belo horizonte,MG,91468
cust_003187,campinas,SP,31663
cust_003188,sorocaba,SP,78075
cust_003189,contagem,MG,84230
cust_003190,campinas,SP,18506
cust_003191,sao paulo,SP,32050
cust_003192,belo horizonte,MG,44978
cust_003193,curitiba,PR,85076
cust_003194,caxias do sul,RS,93147
cust_003195,santos,SP,17468
cust_003196,campinas,SP,17587
cust_003197,sorocaba,SP,39030
cust_003198,sao paulo,SP,6705
cust_003199,campinas,SP,52003
cust_003200,santos,SP,27458
cust_003201,campinas,SP,39283
cust_003202,niteroi,RJ,1480
cust_003203,sorocaba,SP,23909
cust_003204,santos,SP,13582
cust_003205,santos,SP,23143
cust_003206,sao paulo,SP,43200
cust_003207,joinville,SC,24237
cust_003208,sao paulo,SP,76678
cust_003209,sao paulo,SP,45717
cust_003210,brasilia,DF,22158
cust_003211,sao paulo,SP,62821
cust_003212,campinas,SP,85115
cust_003213,londrina,PR,50349
cust_003214,uberlandia,MG,98800
cust_003215,vitoria,ES,36273
cust_003216,goiania,GO,46953
cust_003217,caxias do sul,RS,42983
cust_003218,sao paulo,SP,99220
cust_003219,duque de caxias,RJ,72387
cust_003220,campinas,Unknown,58202
cust_003221,niteroi,RJ,37165
cust_003222,fortaleza,CE,6962
cust_003223,sao paulo,SP,90309
cust_003224,goiania,GO,11946
cust_003225,duque de caxias,RJ,72922
cust_003226,santos,SP,51780
cust_003227,brasilia,DF,70282
cust_003228,duque de caxias,RJ,92258
cust_003229,duque de caxias,RJ,20336
cust_003230,rio de janeiro,RJ,10749
cust_003231,sorocaba,SP,37673
cust_003232,campinas,SP,57599
cust_003233,belo horizonte,MG,7620
cust_003234,goiania,GO,81288
cust_003235,caxias do sul,RS,60949
cust_003236,salvador,BA,98325
cust_003237,brasilia,DF,29334
cust_003238,santos,SP,90891
cust_003239,joinville,SC,38982
cust_003240,florianopolis,SC,11498
cust_003241,santos,SP,84085
cust_003242,sorocaba,SP,8603
cust_003243,londrina,PR,71528
cust_003244,joao pessoa,PB,21320
cust_003245,joao pessoa,PB,67353
cust_003246,duque de caxias,RJ,28708
cust_003247,joinville,SC,8979
cust_003248,rio de janeiro,RJ,86713
cust_003249,goiania,GO,35876
cust_003250,uberlandia,MG,64875
cust_003251,vitoria,ES,4921
cust_003252,aracaju,SE,94279
cust_003253,santos,SP,62460
cust_003254,natal,RN,42465
cust_003255,porto alegre,RS,90123
cust_003256,campinas,SP,41602
cust_003257,sorocaba,Unknown,33589
cust_003258,porto alegre,RS,28681
cust_003259,campinas,SP,65620
cust_003260,campinas,SP,44313
cust_003261,duque de caxias,RJ,57335
cust_003262,sorocaba,SP,79300
cust_003263,sorocaba,SP,65892
cust_003264,florianopolis,SC,69972
cust_003265,campinas,SP,61378
cust_003266,belo horizonte,MG,79182
cust_003267,sorocaba,SP,72508
cust_003268,brasilia,DF,83238
cust_003269,campinas,SP,63593
cust_003270,salvador,BA,1424
cust_003271,curitiba,PR,90989
cust_003272,goiania,GO,24491
cust_003273,duque de caxias,RJ,72237
cust_003274,duque de caxias,RJ,65770
cust_003275,campinas,SP,66410
cust_003276,niteroi,RJ,45175
cust_003277,rio de janeiro,RJ,45738
cust_003278,uberlandia,MG,12627
cust_003279,santos,SP,25286
cust_003280,niteroi,RJ,7414
cust_003281,duque de caxias,RJ,90852
cust_003282,uberlandia,MG,94390
cust_003283,contagem,MG,11638
cust_003284,campinas,SP,84995
cust_003285,duque de caxias,RJ,68339
cust_003286,sorocaba,SP,32585
cust_003287,londrina,PR,16621
cust_003288,florianopolis,SC,64289
cust_003289,santos,SP,3743
cust_003290,santos,SP,15528
cust_003291,caxias do sul,RS,11416
cust_003292,florianopolis,SC,14362
cust_003293,sao paulo,SP,1667
cust_003294,rio de janeiro,RJ,34029
cust_003295,sao paulo,SP,80345
cust_003296,curitiba,PR,28842
cust_003297,campinas,SP,25531
cust_003298,florianopolis,SC,97958
cust_003299,contagem,MG,48689
cust_003300,brasilia,DF,3411
cust_003301,joao pessoa,PB,59242
cust_003302,duque de caxias,RJ,55181
cust_003303,porto alegre,RS,43035
cust_003304,porto alegre,RS,85557
cust_003305,brasilia,DF,68511
cust_003306,niteroi,RJ,3564
cust_003307,sorocaba,SP,37958
cust_003308,natal,RN,55818
cust_003309,sao paulo,SP,66540
cust_003310,campo grande,MS,38618
cust_003311,sorocaba,SP,45042
cust_003312,rio de janeiro,RJ,22373
cust_003313,cuiaba,MT,60426
cust_003314,caxias do sul,RS,24301
cust_003315,uberlandia,MG,49383
cust_003316,sao paulo,SP,81629
cust_003317,sao paulo,SP,91698
cust_003318,campinas,SP,46980
cust_003319,contagem,MG,21539
cust_003320,niteroi,RJ,5542
cust_003321,sorocaba,SP,84630
cust_003322,campinas,SP,41473
cust_003323,vitoria,ES,19660
cust_003324,brasilia,DF,81854
cust_003325,niteroi,RJ,48685
cust_003326,natal,RN,69225
cust_003327,duque de caxias,RJ,7311
cust_003328,campinas,SP,95539
cust_003329,sorocaba,SP,32158
cust_003330,goiania,GO,77535
cust_003331,sorocaba,SP,30398
cust_003332,santos,SP,17923
cust_003333,campo grande,MS,41639
cust_003334,curitiba,PR,7615
cust_003335,curitiba,PR,51270
cust_003336,curitiba,PR,46792
cust_003337,caxias do sul,RS,8647
cust_003338,campinas,SP,45035
cust_003339,londrina,PR,57434
cust_003340,campinas,SP,55221
cust_003341,campinas,SP,8120
cust_003342,natal,RN,67492
cust_003343,santos,SP,33808
cust_003344,campinas,Unknown,26177
cust_003345,campinas,SP,85480
cust_003346,brasilia,DF,98842
cust_003347,natal,RN,12229
cust_003348,campinas,SP,49981
cust_003349,sorocaba,SP,27206
cust_003350,londrina,PR,71781
cust_003351,uberlandia,MG,61145
cust_003352,sorocaba,SP,41431
cust_003353,campinas,SP,74952
cust_003354,uberlandia,MG,68757
cust_003355,campinas,SP,92842
cust_003356,curitiba,Unknown,98355
cust_003357,santos,SP,41950
cust_003358,salvador,BA,16204
cust_003359,porto alegre,RS,92337
cust_003360,uberlandia,MG,44156
cust_003361,curitiba,PR,88969
cust_003362,santos,Unknown,70004
cust_003363,santos,SP,52827
cust_003364,rio de janeiro,RJ,85827
cust_003365,florianopolis,SC,75660
cust_003366,brasilia,DF,64080
cust_003367,campinas,SP,52283
cust_003368,florianopolis,SC,23896
cust_003369,sao paulo,SP,21937
cust_003370,campinas,SP,64869
cust_003371,santos,SP,39093
cust_003372,fortaleza,CE,62650
cust_003373,niteroi,RJ,71935
cust_003374,rio de janeiro,RJ,5320
cust_003375,curitiba,PR,9541
cust_003376,sao paulo,SP,61081
cust_003377,sorocaba,SP,97669
cust_003378,santos,SP,53725
cust_003379,campinas,SP,67779
cust_003380,rio de janeiro,RJ,29657
cust_003381,sao paulo,SP,22402
cust_003382,florianopolis,SC,24652
cust_003383,feira de santana,BA,94129
cust_003384,belem,PA,77020
cust_003385,sao paulo,SP,36247
cust_003386,niteroi,RJ,7427
cust_003387,santos,SP,86055
cust_003388,sorocaba,SP,29165
cust_003389,belo horizonte,MG,24606
cust_003390,campinas,SP,70405
cust_003391,caxias do sul,RS,13172
cust_003392,salvador,BA,21711
cust_003393,sao paulo,SP,50540
cust_003394,vitoria,ES,12642
cust_003395,santos,Unknown,91456
cust_003396,natal,RN,98305
cust_003397,contagem,MG,83270
cust_003398,sorocaba,SP,56996
cust_003399,sao paulo,SP,54982
cust_003400,sorocaba,SP,27607
cust_003401,joinville,SC,15800
cust_003402,santos,SP,16242
cust_003403,salvador,BA,15812
cust_003404,sorocaba,SP,1703
cust_003405,joao pessoa,PB,74549
cust_003406,santos,SP,75224
cust_003407,porto alegre,RS,73152
cust_003408,florianopolis,SC,36391
cust_003409,santos,SP,11124
cust_003410,campinas,SP,20261
cust_003411,niteroi,RJ,82194
cust_003412,caxias do sul,RS,90448
cust_003413,salvador,BA,6679
cust_003414,sorocaba,SP,69936
cust_003415,goiania,GO,89761
cust_003416,fortaleza,CE,81229
cust_003417,florianopolis,SC,25557
cust_003418,campinas,SP,65917
cust_003419,campinas,SP,82070
cust_003420,aracaju,SE,91753
cust_003421,londrina,PR,68375
cust_003422,belo horizonte,MG,35100
cust_003423,recife,PE,67210
cust_003424,campinas,SP,16484
cust_003425,curitiba,PR,9762
cust_003426,contagem,MG,1660
cust_003427,brasilia,DF,55391
cust_003428,florianopolis,SC,4347
cust_003429,niteroi,RJ,14422
cust_003430,santos,SP,85531
cust_003431,fortaleza,CE,41508
cust_003432,londrina,PR,61870
cust_003433,santos,SP,44621
cust_003434,natal,RN,5510
cust_003435,santos,SP,59765
cust_003436,sao paulo,Unknown,11565
cust_003437,sao luis,MA,67516
cust_003438,caxias do sul,RS,69953
cust_003439,goiania,GO,71724
cust_003440,recife,PE,39103
cust_003441,duque de caxias,RJ,48377
cust_003442,sao paulo,Unknown,77665
cust_003443,brasilia,DF,44516
cust_003444,rio de janeiro,RJ,93718
cust_003445,belo horizonte,MG,65376
cust_003446,niteroi,RJ,75843
cust_003447,sao paulo,SP,66917
cust_003448,sorocaba,Unknown,18975
cust_003449,uberlandia,MG,46965
cust_003450,joinville,SC,65316
cust_003451,duque de caxias,RJ,52186
cust_003452,santos,Unknown,59938
cust_003453,sorocaba,SP,90774
cust_003454,londrina,PR,84942
cust_003455,sorocaba,SP,22237
cust_003456,belo horizonte,MG,20828
cust_003457,caxias do sul,RS,15407
cust_003458,campinas,SP,72172
cust_003459,uberlandia,MG,50019
cust_003460,goiania,GO,60377
cust_003461,campinas,SP,86852
cust_003462,campinas,SP,48278
cust_003463,campinas,Unknown,63360
cust_003464,curitiba,PR,29817
cust_003465,recife,PE,83137
cust_003466,caxias do sul,RS,3577
cust_003467,sao luis,MA,58171
cust_003468,caxias do sul,Unknown,80753
cust_003469,sorocaba,SP,71870
cust_003470,sorocaba,SP,11635
cust_003471,caxias do sul,RS,85469
cust_003472,porto alegre,RS,38359
cust_003473,duque de caxias,RJ,52466
cust_003474,rio de janeiro,RJ,50118
cust_003475,santos,SP,35121
cust_003476,sao paulo,SP,33641
cust_003477,uberlandia,MG,91485
cust_003478,curitiba,PR,66582
cust_003479,feira de santana,BA,99277
cust_003480,santos,SP,33519
cust_003481,brasilia,DF,30444
cust_003482,santos,SP,52114
cust_003483,santos,SP,61417
cust_003484,joinville,SC,10423
cust_003485,sao luis,MA,36803
cust_003486,belem,PA,44014
cust_003487,sao paulo,SP,9454
cust_003488,sao paulo,SP,58716
cust_003489,londrina,PR,12945
cust_003490,joinville,SC,86319
cust_003491,duque de caxias,RJ,52327
cust_003492,campinas,SP,18977
cust_003493,duque de caxias,RJ,52739
cust_003494,sao paulo,SP,34524
cust_003495,campinas,SP,44552
cust_003496,uberlandia,MG,26669
cust_003497,campinas,SP,43012
cust_003498,caxias do sul,RS,16113
cust_003499,belo horizonte,MG,29824
cust_003500,duque de caxias,RJ,39175
cust_003501,sorocaba,SP,78176
cust_003502,fortaleza,CE,90924
cust_003503,rio de janeiro,RJ,87672
cust_003504,recife,PE,37920
cust_003505,santos,SP,37603
cust_003506,belo horizonte,MG,27943
cust_003507,cuiaba,MT,51653
cust_003508,santos,SP,95845
cust_003509,campinas,SP,25400
cust_003510,fortaleza,CE,71831
cust_003511,sorocaba,SP,26075
cust_003512,sao paulo,SP,37597
cust_003513,aracaju,SE,52823
cust_003514,campinas,SP,75181
cust_003515,belo horizonte,Unknown,84234
cust_003516,joinville,SC,64215
cust_003517,florianopolis,SC,60976
cust_003518,duque de caxias,RJ,85628
cust_003519,campinas,SP,62847
cust_003520,brasilia,DF,11989
cust_003521,joinville,SC,6155
cust_003522,sao paulo,Unknown,54445
cust_003523,santos,SP,1945
cust_003524,rio de janeiro,RJ,70509
cust_003525,sao paulo,SP,78012
cust_003526,feira de santana,BA,99768
cust_003527,belem,PA,3237
cust_003528,sorocaba,SP,60571
cust_003529,belem,PA,93530
cust_003530,joinville,SC,14928
cust_003531,curitiba,PR,77818
cust_003532,sao luis,MA,97181
cust_003533,sorocaba,Unknown,7913
cust_003534,fortaleza,CE,46417
cust_003535,campinas,SP,8145
cust_003536,rio de janeiro,RJ,49331
cust_003537,niteroi,RJ,85583
cust_003538,sao paulo,SP,26061
cust_003539,londrina,PR,79499
cust_003540,niteroi,RJ,81548
cust_003541,rio de janeiro,Unknown,2253
cust_003542,contagem,Unknown,53400
cust_003543,santos,SP,25846
cust_003544,santos,SP,97415
cust_003545,sao paulo,SP,69905
cust_003546,cuiaba,MT,52383
cust_003547,joinville,SC,65388
cust_003548,niteroi,RJ,18874
cust_003549,uberlandia,MG,50918
cust_003550,belo horizonte,MG,77259
cust_003551,sorocaba,SP,94543
cust_003552,santos,SP,15622
cust_003553,contagem,MG,90632
cust_003554,santos,SP,29051
cust_003555,goiania,GO,86618
cust_003556,sao paulo,SP,94008
cust_003557,contagem,MG,79694
cust_003558,campinas,SP,97659
cust_003559,londrina,PR,55978
cust_003560,cuiaba,MT,77888
cust_003561,santos,SP,90884
cust_003562,sorocaba,SP,21482
cust_003563,belo horizonte,MG,71573
cust_003564,sorocaba,SP,74449
cust_003565,campinas,SP,49740
cust_003566,contagem,MG,59810
cust_003567,santos,SP,65860
cust_003568,santos,SP,45226
cust_003569,niteroi,RJ,59989
cust_003570,niteroi,RJ,45166
cust_003571,fortaleza,CE,47557
cust_003572,sorocaba,SP,45851
cust_003573,campinas,SP,46843
cust_003574,porto alegre,RS,32913
cust_003575,feira de santana,BA,11577
cust_003576,sorocaba,SP,54264
cust_003577,uberlandia,MG,42896
cust_003578,belo horizonte,MG,4617
cust_003579,santos,SP,53356
cust_003580,sorocaba,SP,84999
cust_003581,caxias do sul,RS,26356
cust_003582,sao paulo,SP,89806
cust_003583,sao paulo,SP,54515
cust_003584,uberlandia,MG,39690
cust_003585,sao paulo,SP,87269
cust_003586,sorocaba,SP,94907
cust_003587,niteroi,RJ,92509
cust_003588,goiania,GO,77837
cust_003589,florianopolis,SC,63020
cust_003590,sorocaba,SP,84939
cust_003591,sorocaba,SP,85965
cust_003592,joao pessoa,PB,89235
cust_003593,contagem,MG,83182
cust_003594,caxias do sul,RS,34691
cust_003595,sorocaba,SP,96775
cust_003596,campinas,SP,81457
cust_003597,sao paulo,SP,86734
cust_003598,brasilia,DF,15367
cust_003599,fortaleza,CE,2278
cust_003600,santos,SP,97725
cust_003601,porto alegre,RS,62063
cust_003602,goiania,GO,59931
cust_003603,goiania,GO,70480
cust_003604,rio de janeiro,RJ,69719
cust_003605,campinas,Unknown,5083
cust_003606,cuiaba,MT,31333
cust_003607,santos,SP,54514
cust_003608,sorocaba,SP,4154
cust_003609,sao paulo,SP,88687
cust_003610,duque de caxias,RJ,17146
cust_003611,santos,SP,43560
cust_003612,uberlandia,MG,15064
cust_003613,vitoria,ES,7194
cust_003614,niteroi,RJ,44800
cust_003615,campo grande,MS,77932
cust_003616,fortaleza,CE,29960
cust_003617,florianopolis,SC,46418
cust_003618,belo horizonte,MG,94492
cust_003619,goiania,GO,38189
cust_003620,belo horizonte,MG,84310
cust_003621,sao paulo,SP,98738
cust_003622,belem,PA,54444
cust_003623,niteroi,RJ,61574
cust_003624,fortaleza,CE,85384
cust_003625,santos,SP,68274
cust_003626,sao paulo,SP,58922
cust_003627,curitiba,PR,88509
cust_003628,contagem,MG,92081
cust_003629,niteroi,RJ,31145
cust_003630,goiania,GO,74768
cust_003631,duque de caxias,RJ,26752
cust_003632,sorocaba,SP,73782
cust_003633,caxias do sul,RS,9559
cust_003634,sao paulo,SP,28214
cust_003635,niteroi,RJ,79457
cust_003636,campinas,SP,79651
cust_003637,santos,SP,47456
cust_003638,natal,RN,77463
cust_003639,sorocaba,SP,49131
cust_003640,londrina,PR,9013
cust_003641,contagem,MG,81394
cust_003642,sao paulo,SP,6731
cust_003643,vitoria,ES,80344
cust_003644,sao paulo,SP,88242
cust_003645,niteroi,RJ,1202
cust_003646,joinville,SC,97905
cust_003647,curitiba,PR,62084
cust_003648,sao paulo,SP,60858
cust_003649,salvador,BA,33116
cust_003650,campo grande,MS,17908
cust_003651,duque de caxias,RJ,3252
cust_003652,contagem,MG,42697
cust_003653,campinas,SP,79315
cust_003654,sao paulo,SP,3083
cust_003655,rio de janeiro,RJ,23107
cust_003656,campinas,Unknown,82350
cust_003657,porto alegre,RS,44373
cust_003658,campinas,SP,11212
cust_003659,sao paulo,SP,98257
cust_003660,duque de caxias,RJ,34179
cust_003661,campinas,SP,18506
cust_003662,belo horizonte,MG,56707
cust_003663,niteroi,RJ,9435
cust_003664,santos,SP,70107
cust_003665,sorocaba,SP,64856
cust_003666,campinas,SP,90799
cust_003667,uberlandia,MG,30101
cust_003668,campinas,SP,42759
cust_003669,caxias do sul,Unknown,67265
cust_003670,contagem,MG,19911
cust_003671,sao paulo,SP,36833
cust_003672,santos,SP,11780
cust_003673,sorocaba,SP,70384
cust_003674,sao paulo,SP,66195
cust_003675,campinas,SP,10294
cust_003676,cuiaba,MT,13751
cust_003677,santos,SP,40654
cust_003678,sao paulo,SP,66163
cust_003679,feira de santana,BA,79175
cust_003680,belem,PA,46166
cust_003681,niteroi,RJ,80555
cust_003682,niteroi,RJ,42235
cust_003683,campinas,SP,59698
cust_003684,feira de santana,BA,26830
cust_003685,belo horizonte,MG,64485
cust_003686,niteroi,RJ,90273
cust_003687,campinas,SP,29327
cust_003688,duque de caxias,RJ,71901
cust_003689,curitiba,PR,45947
cust_003690,campinas,SP,52942
cust_003691,rio de janeiro,RJ,58260
cust_003692,santos,SP,42954
cust_003693,joinville,SC,66939
cust_003694,santos,SP,36683
cust_003695,fortaleza,Unknown,17195
cust_003696,rio de janeiro,RJ,40516
cust_003697,rio de janeiro,RJ,44691
cust_003698,sao paulo,SP,85509
cust_003699,duque de caxias,RJ,64474
cust_003700,sao paulo,SP,42719
cust_003701,sao paulo,SP,85423
cust_003702,campinas,SP,1435
cust_003703,sao paulo,SP,69055
cust_003704,salvador,BA,92400
cust_003705,sao paulo,SP,69788
cust_003706,salvador,BA,59692
cust_003707,brasilia,DF,53587
cust_003708,caxias do sul,RS,17401
cust_003709,campinas,SP,16197
cust_003710,belo horizonte,MG,13531
cust_003711,feira de santana,BA,93525
cust_003712,sorocaba,SP,38281
cust_003713,sao paulo,SP,96568
cust_003714,sorocaba,SP,61610
cust_003715,rio de janeiro,RJ,75586
cust_003716,santos,SP,93976
cust_003717,santos,SP,51770
cust_003718,uberlandia,MG,6390
cust_003719,niteroi,RJ,82519
cust_003720,santos,SP,35924
cust_003721,belem,PA,16227
cust_003722,sao paulo,SP,26459
cust_003723,campinas,SP,99173
cust_003724,sorocaba,SP,42697
cust_003725,santos,SP,58110
cust_003726,duque de caxias,RJ,79416
cust_003727,sao paulo,SP,58349
cust_003728,brasilia,DF,16696
cust_003729,goiania,GO,9407
cust_003730,campinas,SP,93561
cust_003731,florianopolis,SC,20896
cust_003732,uberlandia,MG,26387
cust_003733,brasilia,DF,5027
cust_003734,campinas,SP,75517
cust_003735,contagem,MG,51158
cust_003736,sorocaba,SP,64307
cust_003737,sao paulo,SP,19297
cust_003738,goiania,GO,55229
cust_003739,campinas,SP,55571
cust_003740,duque de caxias,RJ,84543
cust_003741,sao paulo,SP,71586
cust_003742,goiania,GO,61107
cust_003743,sao paulo,SP,67366
cust_003744,sorocaba,SP,78463
cust_003745,uberlandia,MG,23016
cust_003746,santos,SP,59325
cust_003747,sao paulo,SP,94268
cust_003748,porto alegre,RS,72325
cust_003749,campo grande,MS,83812
cust_003750,londrina,PR,5701
cust_003751,campinas,SP,84028
cust_003752,sorocaba,SP,64865
cust_003753,joinville,SC,18953
cust_003754,santos,SP,89009
cust_003755,curitiba,PR,87890
cust_003756,rio de janeiro,RJ,65382
cust_003757,recife,PE,96188
cust_003758,sao paulo,SP,81993
cust_003759,vitoria,ES,42624
cust_003760,sorocaba,SP,99105
cust_003761,londrina,PR,48038
cust_003762,sorocaba,SP,16468
cust_003763,duque de caxias,RJ,12485
cust_003764,sao paulo,SP,69221
cust_003765,santos,SP,14987
cust_003766,rio de janeiro,RJ,89826
cust_003767,sao paulo,SP,93016
cust_003768,cuiaba,MT,3845
cust_003769,feira de santana,BA,17662
cust_003770,londrina,PR,18191
cust_003771,duque de caxias,RJ,70862
cust_003772,campinas,SP,25715
cust_003773,sao paulo,Unknown,67382
cust_003774,sao paulo,SP,88146
cust_003775,rio de janeiro,RJ,66308
cust_003776,feira de santana,BA,97744
cust_003777,santos,SP,49176
cust_003778,campinas,SP,91436
cust_003779,sorocaba,SP,77774
cust_003780,niteroi,RJ,47925
cust_003781,campinas,SP,29177
cust_003782,sorocaba,SP,67097
cust_003783,santos,SP,77868
cust_003784,santos,SP,11291
cust_003785,caxias do sul,RS,32237
cust_003786,aracaju,SE,97927
cust_003787,campinas,SP,14406
cust_003788,sao paulo,SP,94459
cust_003789,santos,SP,14037
cust_003790,florianopolis,SC,60034
cust_003791,duque de caxias,RJ,32018
cust_003792,belo horizonte,MG,15169
cust_003793,duque de caxias,RJ,23073
cust_003794,vitoria,ES,94795
cust_003795,santos,SP,28203
cust_003796,santos,SP,89682
cust_003797,santos,SP,63939
cust_003798,rio de janeiro,RJ,99076
cust_003799,sorocaba,SP,46834
cust_003800,recife,PE,51276
cust_003801,porto alegre,RS,9010
cust_003802,belem,PA,35468
cust_003803,vitoria,ES,59835
cust_003804,niteroi,RJ,38338
cust_003805,brasilia,DF,18044
cust_003806,curitiba,PR,50212
cust_003807,sao paulo,SP,97738
cust_003808,uberlandia,MG,91315
cust_003809,cuiaba,MT,37338
cust_003810,curitiba,PR,13740
cust_003811,caxias do sul,RS,2342
cust_003812,campinas,SP,65203
cust_003813,feira de santana,BA,69154
cust_003814,santos,SP,91601
cust_003815,uberlandia,MG,58391
cust_003816,caxias do sul,RS,28103
cust_003817,duque de caxias,RJ,3499
cust_003818,campinas,SP,52995
cust_003819,porto alegre,RS,29485
cust_003820,santos,SP,79650
cust_003821,sao paulo,SP,64784
cust_003822,sao paulo,SP,51959
cust_003823,belo horizonte,MG,74501
cust_003824,santos,SP,53219
cust_003825,sorocaba,SP,65156
cust_003826,recife,PE,76894
cust_003827,duque de caxias,RJ,7966
cust_003828,recife,PE,17305
cust_003829,rio de janeiro,RJ,48491
cust_003830,sorocaba,SP,71775
cust_003831,londrina,PR,42359
cust_003832,sorocaba,SP,91470
cust_003833,campo grande,MS,97857
cust_003834,santos,SP,11087
cust_003835,feira de santana,BA,66694
cust_003836,duque de caxias,RJ,6959
cust_003837,brasilia,DF,78557
cust_003838,santos,SP,9661
cust_003839,contagem,MG,11084
cust_003840,sorocaba,SP,73803
cust_003841,florianopolis,SC,40234
cust_003842,santos,SP,39730
cust_003843,duque de caxias,RJ,43648
cust_003844,uberlandia,MG,46983
cust_003845,niteroi,RJ,67449
cust_003846,florianopolis,SC,73106
cust_003847,caxias do sul,RS,95398
cust_003848,sorocaba,SP,52785
cust_003849,joinville,SC,84620
cust_003850,duque de caxias,RJ,60411
cust_003851,belo horizonte,MG,7742
cust_003852,santos,SP,85212
cust_003853,duque de caxias,RJ,44478
cust_003854,salvador,BA,45674
cust_003855,belem,PA,83893
cust_003856,vitoria,ES,87606
cust_003857,caxias do sul,RS,99570
cust_003858,sao paulo,SP,52795
cust_003859,duque de caxias,RJ,44920
cust_003860,sao paulo,SP,40783
cust_003861,porto alegre,RS,34372
cust_003862,sorocaba,SP,26844
cust_003863,natal,RN,32511
cust_003864,sorocaba,SP,73300
cust_003865,campinas,SP,30458
cust_003866,brasilia,DF,62571
cust_003867,sao paulo,SP,25147
cust_003868,santos,SP,81009
cust_003869,rio de janeiro,RJ,42654
cust_003870,sao luis,MA,55123
cust_003871,campinas,SP,97243
cust_003872,sao paulo,SP,86816
cust_003873,santos,SP,33969
cust_003874,belo horizonte,MG,29456
cust_003875,sorocaba,SP,55219
cust_003876,belo horizonte,MG,73319
cust_003877,duque de caxias,RJ,96825
cust_003878,belem,PA,39938
cust_003879,caxias do sul,RS,58414
cust_003880,porto alegre,RS,12277
cust_003881,niteroi,RJ,73328
cust_003882,campinas,SP,53302
cust_003883,sao paulo,SP,65196
cust_003884,rio de janeiro,RJ,23901
cust_003885,santos,SP,43512
cust_003886,sorocaba,SP,7112
cust_003887,santos,SP,36207
cust_003888,sorocaba,SP,36957
cust_003889,santos,SP,46156
cust_003890,niteroi,RJ,97775
cust_003891,joinville,SC,62070
cust_003892,sao paulo,SP,89515
cust_003893,florianopolis,SC,20853
cust_003894,santos,SP,97999
cust_003895,aracaju,SE,60806
cust_003896,rio de janeiro,RJ,3828
cust_003897,duque de caxias,RJ,86466
cust_003898,belo horizonte,MG,16132
cust_003899,duque de caxias,RJ,80711
cust_003900,santos,SP,24274
cust_003901,sao paulo,SP,68045
cust_003902,natal,RN,73937
cust_003903,brasilia,DF,12795
cust_003904,rio de janeiro,RJ,97832
cust_003905,feira de santana,BA,88807
cust_003906,sorocaba,SP,41231
cust_003907,niteroi,RJ,25617
cust_003908,niteroi,RJ,58774
cust_003909,santos,Unknown,79363
cust_003910,belem,PA,9755
cust_003911,feira de santana,BA,16103
cust_003912,fortaleza,CE,63291
cust_003913,belo horizonte,MG,29415
cust_003914,campinas,SP,90099
cust_003915,curitiba,PR,54636
cust_003916,santos,SP,66263
cust_003917,brasilia,DF,35639
cust_003918,sao paulo,SP,65678
cust_003919,feira de santana,BA,26447
cust_003920,porto alegre,RS,49259
cust_003921,sorocaba,Unknown,3241
cust_003922,sorocaba,SP,45547
cust_003923,rio de janeiro,RJ,76809
cust_003924,santos,SP,37612
cust_003925,goiania,GO,6769
cust_003926,sao paulo,Unknown,82198
cust_003927,sorocaba,SP,29675
cust_003928,sorocaba,SP,64826
cust_003929,santos,SP,72076
cust_003930,santos,Unknown,30662
cust_003931,brasilia,DF,30126
cust_003932,porto alegre,RS,52269
cust_003933,fortaleza,CE,47075
cust_003934,campinas,SP,12454
cust_003935,santos,SP,9140
cust_003936,sao paulo,SP,5530
cust_003937,niteroi,RJ,32237
cust_003938,sorocaba,SP,14490
cust_003939,sorocaba,SP,75967
cust_003940,belo horizonte,MG,86887
cust_003941,santos,SP,79805
cust_003942,belo horizonte,MG,26464
cust_003943,belo horizonte,MG,34046
cust_003944,londrina,PR,96345
cust_003945,santos,SP,14210
cust_003946,caxias do sul,RS,34490
cust_003947,sorocaba,SP,44966
cust_003948,sao paulo,SP,41560
cust_003949,santos,SP,94119
cust_003950,sao paulo,SP,81391
cust_003951,rio de janeiro,RJ,98283
cust_003952,londrina,PR,23170
cust_003953,florianopolis,SC,7716
cust_003954,sao paulo,SP,91030
cust_003955,sorocaba,SP,14691
cust_003956,santos,SP,65689
cust_003957,natal,RN,89172
cust_003958,campinas,SP,7150
cust_003959,duque de caxias,RJ,62433
cust_003960,santos,SP,95704
cust_003961,florianopolis,SC,96059
cust_003962,rio de janeiro,RJ,29460
cust_003963,sao paulo,SP,26496
cust_003964,rio de janeiro,RJ,23963
cust_003965,porto alegre,RS,60107
cust_003966,niteroi,RJ,89924
cust_003967,sao luis,MA,91313
cust_003968,goiania,GO,33213
cust_003969,rio de janeiro,RJ,52098
cust_003970,vitoria,ES,72543
cust_003971,salvador,BA,67900
cust_003972,santos,SP,4381
cust_003973,florianopolis,SC,88715
cust_003974,rio de janeiro,RJ,92182
cust_003975,duque de caxias,RJ,64057
cust_003976,rio de janeiro,RJ,41511
cust_003977,florianopolis,SC,79371
cust_003978,belem,PA,18681
cust_003979,sorocaba,SP,22937
cust_003980,belo horizonte,Unknown,98142
cust_003981,belo horizonte,MG,35644
cust_003982,recife,PE,74434
cust_003983,duque de caxias,RJ,40699
cust_003984,sao paulo,SP,79551
cust_003985,santos,SP,80554
cust_003986,sorocaba,SP,50581
cust_003987,campinas,SP,38632
cust_003988,sao paulo,SP,69159
cust_003989,sorocaba,SP,21223
cust_003990,goiania,GO,29796
cust_003991,santos,SP,5877
cust_003992,campinas,SP,52290
cust_003993,curitiba,PR,64618
cust_003994,santos,SP,38680
cust_003995,caxias do sul,RS,75162
cust_003996,salvador,BA,43086
cust_003997,campinas,SP,21688
cust_003998,niteroi,RJ,1424
cust_003999,campinas,SP,85335
cust_004000,rio de janeiro,RJ,81273
cust_004001,uberlandia,MG,45525
cust_004002,sorocaba,SP,22576
cust_004003,rio de janeiro,RJ,59534
cust_004004,rio de janeiro,RJ,47882
cust_004005,campinas,SP,35852
cust_004006,santos,SP,66234
cust_004007,rio de janeiro,RJ,23655
cust_004008,sorocaba,SP,4409
cust_004009,caxias do sul,RS,17366
cust_004010,fortaleza,CE,34900
cust_004011,curitiba,PR,82932
cust_004012,campinas,SP,27118
cust_004013,rio de janeiro,RJ,96161
cust_004014,contagem,MG,14152
cust_004015,porto alegre,RS,99852
cust_004016,natal,RN,81527
cust_004017,niteroi,RJ,7752
cust_004018,campinas,SP,54620
cust_004019,campinas,SP,68394
cust_004020,belem,PA,46169
cust_004021,contagem,MG,98159
cust_004022,goiania,GO,14115
cust_004023,curitiba,PR,54385
cust_004024,campo grande,MS,51895
cust_004025,rio de janeiro,RJ,61377
cust_004026,cuiaba,MT,27471
cust_004027,recife,PE,49197
cust_004028,brasilia,DF,13531
cust_004029,vitoria,ES,13197
cust_004030,niteroi,RJ,53155
cust_004031,curitiba,PR,73729
cust_004032,contagem,MG,68496
cust_004033,florianopolis,SC,95693
cust_004034,londrina,PR,6620
cust_004035,londrina,PR,43921
cust_004036,duque de caxias,RJ,6564
cust_004037,florianopolis,SC,36676
cust_004038,goiania,GO,74118
cust_004039,contagem,MG,59883
cust_004040,niteroi,RJ,21468
cust_004041,brasilia,DF,7894
cust_004042,florianopolis,SC,16209
cust_004043,rio de janeiro,RJ,42819
cust_004044,contagem,MG,96250
cust_004045,caxias do sul,RS,39622
cust_004046,porto alegre,RS,18819
cust_004047,santos,SP,27284
cust_004048,sorocaba,SP,68775
cust_004049,recife,PE,28515
cust_004050,vitoria,ES,81682
cust_004051,sao paulo,SP,4792
cust_004052,fortaleza,CE,33551
cust_004053,duque de caxias,RJ,26094
cust_004054,sorocaba,SP,46844
cust_004055,londrina,Unknown,40240
cust_004056,sorocaba,SP,55861
cust_004057,sao paulo,SP,33566
cust_004058,vitoria,ES,20856
cust_004059,niteroi,RJ,64763
cust_004060,santos,SP,30304
cust_004061,duque de caxias,RJ,87742
cust_004062,belo horizonte,MG,96344
cust_004063,belo horizonte,MG,23885
cust_004064,campinas,SP,28081
cust_004065,sorocaba,Unknown,95314
cust_004066,duque de caxias,RJ,81418
cust_004067,contagem,MG,45309
cust_004068,belem,PA,53977
cust_004069,santos,Unknown,24997
cust_004070,goiania,GO,64926
cust_004071,maceio,AL,93822
cust_004072,santos,SP,46267
cust_004073,campinas,SP,44000
cust_004074,uberlandia,MG,59240
cust_004075,fortaleza,Unknown,82301
cust_004076,sao paulo,SP,54469
cust_004077,sao paulo,SP,44759
cust_004078,porto alegre,RS,48708
cust_004079,salvador,BA,2300
cust_004080,campinas,SP,80480
cust_004081,campinas,SP,36328
cust_004082,sorocaba,Unknown,88140
cust_004083,campo grande,MS,37720
cust_004084,caxias do sul,RS,26299
cust_004085,duque de caxias,RJ,88596
cust_004086,brasilia,DF,14449
cust_004087,rio de janeiro,RJ,78010
cust_004088,fortaleza,CE,81309
cust_004089,santos,SP,22971
cust_004090,campinas,SP,21977
cust_004091,niteroi,RJ,33965
cust_004092,sao paulo,SP,86755
cust_004093,salvador,BA,35091
cust_004094,rio de janeiro,RJ,11157
cust_004095,sao paulo,SP,41116
cust_004096,florianopolis,SC,10009
cust_004097,niteroi,RJ,53729
cust_004098,duque de caxias,RJ,18983
cust_004099,santos,SP,28601
cust_004100,maceio,AL,2172
cust_004101,belo horizonte,MG,3034
cust_004102,brasilia,DF,75015
cust_004103,londrina,PR,92388
cust_004104,rio de janeiro,RJ,40317
cust_004105,sorocaba,SP,2807
cust_004106,porto alegre,RS,94583
cust_004107,sao paulo,Unknown,41502
cust_004108,campo grande,MS,37166
cust_004109,santos,Unknown,79478
cust_004110,santos,SP,70596
cust_004111,niteroi,RJ,74057
cust_004112,duque de caxias,RJ,68628
cust_004113,belo horizonte,MG,2873
cust_004114,joinville,SC,33146
cust_004115,curitiba,PR,68005
cust_004116,fortaleza,CE,89371
cust_004117,duque de caxias,RJ,63653
cust_004118,rio de janeiro,RJ,40389
cust_004119,goiania,GO,89366
cust_004120,santos,SP,55586
cust_004121,sao paulo,SP,14040
cust_004122,santos,SP,40420
cust_004123,londrina,PR,84766
cust_004124,porto alegre,RS,44098
cust_004125,sorocaba,SP,55548
cust_004126,santos,SP,6414
cust_004127,campinas,SP,66154
cust_004128,niteroi,RJ,31709
cust_004129,santos,SP,10224
cust_004130,florianopolis,SC,94884
cust_004131,cuiaba,MT,41506
cust_004132,florianopolis,SC,83311
cust_004133,brasilia,DF,70399
cust_004134,joao pessoa,PB,88136
cust_004135,curitiba,PR,43841
cust_004136,belo horizonte,MG,71570
cust_004137,feira de santana,BA,93808
cust_004138,uberlandia,MG,65670
cust_004139,niteroi,RJ,66543
cust_004140,santos,SP,89959
cust_004141,uberlandia,MG,36067
cust_004142,recife,PE,54247
cust_004143,porto alegre,RS,73272
cust_004144,sorocaba,SP,91679
cust_004145,belo horizonte,MG,79926
cust_004146,salvador,BA,42103
cust_004147,curitiba,PR,78947
cust_004148,duque de caxias,RJ,60163
cust_004149,campinas,SP,46139
cust_004150,sao paulo,SP,47695
cust_004151,fortaleza,CE,76157
cust_004152,campinas,SP,2885
cust_004153,brasilia,DF,95008
cust_004154,sao paulo,SP,20696
cust_004155,natal,RN,69784
cust_004156,duque de caxias,RJ,92857
cust_004157,curitiba,PR,21646
cust_004158,curitiba,PR,60211
cust_004159,joinville,SC,54149
cust_004160,joinville,SC,5610
cust_004161,sao paulo,SP,64954
cust_004162,sorocaba,SP,96754
cust_004163,sao paulo,SP,89360
cust_004164,porto alegre,RS,92871
cust_004165,porto alegre,RS,49346
cust_004166,santos,SP,71486
cust_004167,joinville,SC,24485
cust_004168,campinas,SP,29031
cust_004169,sao paulo,SP,93170
cust_004170,santos,Unknown,30202
cust_004171,curitiba,PR,72538
cust_004172,sorocaba,SP,86659
cust_004173,fortaleza,Unknown,63283
cust_004174,porto alegre,RS,6999
cust_004175,contagem,MG,95113
cust_004176,sorocaba,SP,24498
cust_004177,florianopolis,SC,99123
cust_004178,goiania,GO,17473
cust_004179,duque de caxias,RJ,35249
cust_004180,sorocaba,SP,71915
cust_004181,sorocaba,SP,6269
cust_004182,santos,SP,38793
cust_004183,sao paulo,SP,90208
cust_004184,caxias do sul,RS,91677
cust_004185,sao paulo,SP,54667
cust_004186,feira de santana,BA,80487
cust_004187,duque de caxias,RJ,79575
cust_004188,contagem,MG,98480
cust_004189,cuiaba,MT,43821
cust_004190,niteroi,RJ,30600
cust_004191,sao paulo,SP,87870
cust_004192,niteroi,RJ,48017
cust_004193,rio de janeiro,RJ,60317
cust_004194,joinville,Unknown,66320
cust_004195,brasilia,DF,80309
cust_004196,caxias do sul,RS,97498
cust_004197,sao luis,MA,37518
cust_004198,sao paulo,SP,35119
cust_004199,sao paulo,SP,88083
cust_004200,sorocaba,SP,33357
cust_004201,caxias do sul,RS,65335
cust_004202,santos,SP,63048
cust_004203,santos,SP,44419
cust_004204,natal,RN,66861
cust_004205,campinas,SP,72327
cust_004206,sorocaba,SP,19705
cust_004207,sao paulo,SP,19502
cust_004208,sorocaba,SP,45992
cust_004209,sorocaba,SP,86242
cust_004210,sao paulo,SP,38358
cust_004211,sorocaba,SP,47364
cust_004212,feira de santana,BA,42691
cust_004213,duque de caxias,RJ,79212
cust_004214,londrina,Unknown,14905
cust_004215,londrina,PR,60793
cust_004216,florianopolis,SC,65165
cust_004217,belem,PA,21314
cust_004218,rio de janeiro,RJ,19564
cust_004219,campinas,Unknown,70934
cust_004220,sorocaba,SP,3516
cust_004221,santos,SP,22281
cust_004222,feira de santana,BA,50102
cust_004223,uberlandia,MG,1322
cust_004224,sao paulo,SP,4821
cust_004225,campinas,SP,63406
cust_004226,recife,PE,66941
cust_004227,niteroi,RJ,95498
cust_004228,sao paulo,SP,59841
cust_004229,recife,Unknown,12292
cust_004230,curitiba,PR,57106
cust_004231,duque de caxias,RJ,3461
cust_004232,rio de janeiro,RJ,10425
cust_004233,porto alegre,RS,22457
cust_004234,sao paulo,SP,13262
cust_004235,aracaju,SE,97418
cust_004236,florianopolis,SC,66872
cust_004237,belo horizonte,MG,58947
cust_004238,caxias do sul,RS,4188
cust_004239,aracaju,SE,14820
cust_004240,sao paulo,SP,12474
cust_004241,sao paulo,SP,62645
cust_004242,joinville,SC,76612
cust_004243,campinas,SP,61462
cust_004244,porto alegre,RS,17529
cust_004245,rio de janeiro,RJ,26905
cust_004246,campinas,SP,50077
cust_004247,sao paulo,SP,44678
cust_004248,florianopolis,SC,10751
cust_004249,campinas,SP,43568
cust_004250,sao paulo,SP,24272
cust_004251,niteroi,RJ,20322
cust_004252,campinas,SP,88056
cust_004253,uberlandia,MG,13257
cust_004254,maceio,AL,75566
cust_004255,londrina,PR,6156
cust_004256,belo horizonte,MG,19663
cust_004257,campinas,SP,88617
cust_004258,joao pessoa,PB,22241
cust_004259,goiania,GO,6870
cust_004260,salvador,BA,47903
cust_004261,campinas,SP,25207
cust_004262,sao paulo,Unknown,63596
cust_004263,campinas,SP,55981
cust_004264,campinas,SP,58648
cust_004265,sorocaba,SP,4996
cust_004266,recife,PE,29180
cust_004267,sao paulo,SP,4879
cust_004268,campinas,SP,94726
cust_004269,recife,PE,10288
cust_004270,cuiaba,MT,83679
cust_004271,sao paulo,SP,87461
cust_004272,sorocaba,SP,65509
cust_004273,joinville,SC,81060
cust_004274,sao luis,MA,90886
cust_004275,belo horizonte,MG,89959
cust_004276,duque de caxias,RJ,30107
cust_004277,caxias do sul,RS,76753
cust_004278,florianopolis,SC,30677
cust_004279,santos,SP,13798
cust_004280,duque de caxias,RJ,31591
cust_004281,brasilia,DF,94414
cust_004282,caxias do sul,RS,16879
cust_004283,sao paulo,SP,58667
cust_004284,londrina,PR,14853
cust_004285,porto alegre,RS,47776
cust_004286,sao paulo,SP,91016
cust_004287,campinas,SP,95129
cust_004288,campinas,SP,85915
cust_004289,maceio,AL,83697
cust_004290,sao paulo,SP,55341
cust_004291,salvador,BA,4496
cust_004292,niteroi,RJ,66400
cust_004293,goiania,GO,45397
cust_004294,natal,RN,24611
cust_004295,campo grande,MS,70696
cust_004296,brasilia,DF,3263
cust_004297,santos,SP,16161
cust_004298,sao paulo,SP,44716
cust_004299,sao paulo,SP,19108
cust_004300,contagem,MG,67283
cust_004301,sao paulo,SP,80125
cust_004302,niteroi,RJ,68305
cust_004303,campinas,SP,13650
cust_004304,joinville,SC,60821
cust_004305,sao paulo,SP,93869
cust_004306,sao paulo,SP,92610
cust_004307,contagem,MG,17144
cust_004308,rio de janeiro,RJ,21723
cust_004309,recife,PE,18398
cust_004310,uberlandia,MG,27098
cust_004311,joinville,SC,90802
cust_004312,campinas,Unknown,8883
cust_004313,campinas,SP,56324
cust_004314,curitiba,PR,93704
cust_004315,santos,SP,82684
cust_004316,salvador,BA,46010
cust_004317,vitoria,ES,53981
cust_004318,campinas,Unknown,40766
cust_004319,curitiba,PR,67055
cust_004320,duque de caxias,Unknown,98577
cust_004321,santos,SP,58701
cust_004322,niteroi,RJ,43346
cust_004323,uberlandia,MG,90330
cust_004324,joao pessoa,PB,34149
cust_004325,campinas,SP,7303
cust_004326,porto alegre,RS,21659
cust_004327,sorocaba,SP,65719
cust_004328,santos,SP,44548
cust_004329,contagem,MG,89416
cust_004330,londrina,PR,68879
cust_004331,porto alegre,RS,57847
cust_004332,vitoria,ES,91494
cust_004333,sao paulo,SP,74685
cust_004334,rio de janeiro,RJ,19934
cust_004335,campinas,SP,71202
cust_004336,feira de santana,BA,69539
cust_004337,sorocaba,SP,93728
cust_004338,santos,SP,1656
cust_004339,joinville,SC,17049
cust_004340,sorocaba,SP,80286
cust_004341,porto alegre,RS,96273
cust_004342,aracaju,SE,28734
cust_004343,duque de caxias,RJ,95981
cust_004344,niteroi,RJ,4882
cust_004345,sao luis,MA,70545
cust_004346,curitiba,PR,40029
cust_004347,campinas,SP,64399
cust_004348,florianopolis,SC,89358
cust_004349,niteroi,RJ,57468
cust_004350,joinville,SC,24050
cust_004351,uberlandia,MG,95391
cust_004352,campinas,SP,29442
cust_004353,feira de santana,BA,50674
cust_004354,sorocaba,SP,17608
cust_004355,recife,PE,87624
cust_004356,salvador,BA,98178
cust_004357,sao luis,MA,38872
cust_004358,santos,SP,43836
cust_004359,niteroi,RJ,46999
cust_004360,sorocaba,SP,94833
cust_004361,santos,SP,61496
cust_004362,sorocaba,SP,10094
cust_004363,belo horizonte,MG,75658
cust_004364,niteroi,RJ,45412
cust_004365,campo grande,MS,7680
cust_004366,campinas,SP,47955
cust_004367,santos,Unknown,7343
cust_004368,porto alegre,RS,26335
cust_004369,santos,SP,74049
cust_004370,curitiba,PR,50235
cust_004371,caxias do sul,RS,44188
cust_004372,porto alegre,RS,35704
cust_004373,caxias do sul,RS,88078
cust_004374,salvador,BA,25410
cust_004375,maceio,AL,94362
cust_004376,sao paulo,SP,37165
cust_004377,duque de caxias,RJ,39726
cust_004378,feira de santana,BA,63882
cust_004379,sorocaba,SP,76769
cust_004380,niteroi,RJ,47347
cust_004381,belo horizonte,MG,64049
cust_004382,campinas,SP,41517
cust_004383,sorocaba,SP,77831
cust_004384,florianopolis,SC,85502
cust_004385,sorocaba,SP,86677
cust_004386,campinas,SP,64846
cust_004387,salvador,BA,28588
cust_004388,feira de santana,BA,64059
cust_004389,belo horizonte,MG,62783
cust_004390,sao paulo,SP,23008
cust_004391,campinas,SP,85583
cust_004392,salvador,BA,75254
cust_004393,santos,SP,44768
cust_004394,fortaleza,CE,4651
cust_004395,florianopolis,Unknown,72392
cust_004396,campinas,SP,22146
cust_004397,belo horizonte,MG,75245
cust_004398,belem,PA,41867
cust_004399,goiania,GO,71775
cust_004400,belo horizonte,MG,89026
cust_004401,sorocaba,SP,9941
cust_004402,porto alegre,RS,3776
cust_004403,caxias do sul,RS,67800
cust_004404,uberlandia,MG,45041
cust_004405,campinas,SP,70127
cust_004406,recife,PE,12861
cust_004407,rio de janeiro,RJ,87021
cust_004408,sorocaba,SP,23774
cust_004409,santos,SP,14174
cust_004410,campinas,SP,41130
cust_004411,niteroi,RJ,82023
cust_004412,sorocaba,SP,10749
cust_004413,niteroi,RJ,50545
cust_004414,sorocaba,SP,83118
cust_004415,santos,SP,52174
cust_004416,santos,SP,9209
cust_004417,campinas,SP,20945
cust_004418,santos,SP,58948
cust_004419,santos,Unknown,65317
cust_004420,londrina,PR,17163
cust_004421,duque de caxias,Unknown,39646
cust_004422,porto alegre,RS,11545
cust_004423,campinas,SP,57835
cust_004424,niteroi,RJ,46809
cust_004425,sorocaba,SP,65715
cust_004426,rio de janeiro,RJ,35196
cust_004427,uberlandia,MG,98709
cust_004428,florianopolis,SC,5476
cust_004429,rio de janeiro,RJ,24968
cust_004430,sao paulo,SP,7425
cust_004431,sao paulo,SP,85734
cust_004432,cuiaba,MT,30618
cust_004433,sorocaba,SP,3997
cust_004434,sorocaba,SP,78499
cust_004435,sao paulo,SP,89384
cust_004436,aracaju,SE,85287
cust_004437,fortaleza,CE,21700
cust_004438,campinas,SP,7569
cust_004439,campinas,SP,29888
cust_004440,curitiba,PR,18000
cust_004441,campinas,SP,76946
cust_004442,sorocaba,SP,34569
cust_004443,niteroi,RJ,45325
cust_004444,niteroi,RJ,65357
cust_004445,sorocaba,SP,44895
cust_004446,belo horizonte,MG,29230
cust_004447,londrina,PR,22457
cust_004448,uberlandia,MG,22964
cust_004449,santos,SP,13790
cust_004450,sorocaba,SP,59238
cust_004451,goiania,GO,23575
cust_004452,santos,SP,68461
cust_004453,campinas,SP,36701
cust_004454,sorocaba,SP,49261
cust_004455,sao paulo,SP,84355
cust_004456,niteroi,RJ,67177
cust_004457,santos,SP,29808
cust_004458,uberlandia,MG,1406
cust_004459,sorocaba,SP,73037
cust_004460,florianopolis,SC,33457
cust_004461,uberlandia,MG,8495
cust_004462,sao paulo,SP,61338
cust_004463,feira de santana,BA,80867
cust_004464,belem,PA,65442
cust_004465,sorocaba,SP,82757
cust_004466,caxias do sul,RS,20250
cust_004467,contagem,MG,85565
cust_004468,caxias do sul,RS,33873
cust_004469,campinas,SP,52892
cust_004470,campinas,SP,23410
cust_004471,sao paulo,SP,61910
cust_004472,santos,SP,89952
cust_004473,santos,SP,97475
cust_004474,goiania,GO,30308
cust_004475,sorocaba,SP,40981
cust_004476,sorocaba,SP,88316
cust_004477,sao paulo,SP,31794
cust_004478,sorocaba,SP,88479
cust_004479,florianopolis,SC,54397
cust_004480,feira de santana,BA,53044
cust_004481,santos,SP,93671
cust_004482,santos,SP,87210
cust_004483,campinas,SP,91897
cust_004484,sao luis,MA,8590
cust_004485,sao paulo,SP,12239
cust_004486,santos,SP,13490
cust_004487,rio de janeiro,RJ,53985
cust_004488,santos,SP,41264
cust_004489,campinas,SP,22757
cust_004490,belem,PA,69486
cust_004491,sao paulo,SP,23296
cust_004492,santos,SP,97083
cust_004493,sao paulo,SP,36386
cust_004494,sorocaba,SP,47218
cust_004495,cuiaba,MT,6804
cust_004496,porto alegre,RS,1730
cust_004497,belem,PA,16871
cust_004498,brasilia,DF,18968
cust_004499,contagem,MG,10342
cust_004500,contagem,MG,44362
cust_004501,rio de janeiro,RJ,70526
cust_004502,caxias do sul,RS,69307
cust_004503,porto alegre,RS,80235
cust_004504,belo horizonte,MG,59066
cust_004505,rio de janeiro,RJ,14816
cust_004506,porto alegre,RS,87733
cust_004507,santos,SP,84637
cust_004508,niteroi,RJ,27292
cust_004509,duque de caxias,RJ,86397
cust_004510,niteroi,RJ,54459
cust_004511,duque de caxias,RJ,39175
cust_004512,londrina,PR,15280
cust_004513,londrina,PR,93495
cust_004514,campinas,SP,64878
cust_004515,santos,SP,44297
cust_004516,sorocaba,SP,76472
cust_004517,santos,SP,77665
cust_004518,sao paulo,SP,51827
cust_004519,londrina,PR,22421
cust_004520,joinville,SC,45363
cust_004521,santos,SP,61375
cust_004522,goiania,GO,19400
cust_004523,sorocaba,SP,12986
cust_004524,florianopolis,SC,93472
cust_004525,duque de caxias,RJ,58619
cust_004526,porto alegre,RS,61010
cust_004527,sorocaba,SP,44605
cust_004528,sao paulo,SP,81700
cust_004529,santos,Unknown,37621
cust_004530,porto alegre,RS,3400
cust_004531,fortaleza,CE,76964
cust_004532,contagem,MG,25879
cust_004533,curitiba,PR,76302
cust_004534,sorocaba,SP,48756
cust_004535,londrina,PR,36535
cust_004536,salvador,BA,54086
cust_004537,sao paulo,SP,44457
cust_004538,niteroi,RJ,41091
cust_004539,campinas,SP,27915
cust_004540,campinas,SP,34391
cust_004541,campinas,SP,33910
cust_004542,curitiba,PR,45586
cust_004543,joinville,SC,97226
cust_004544,sorocaba,SP,37230
cust_004545,belem,PA,62675
cust_004546,salvador,BA,4964
cust_004547,belo horizonte,MG,1334
cust_004548,natal,RN,69581
cust_004549,goiania,GO,67076
cust_004550,sao paulo,SP,77357
cust_004551,cuiaba,MT,56368
cust_004552,niteroi,RJ,31813
cust_004553,santos,SP,10851
cust_004554,campinas,SP,96625
cust_004555,caxias do sul,RS,19157
cust_004556,joao pessoa,PB,98704
cust_004557,niteroi,RJ,28038
cust_004558,belo horizonte,MG,57287
cust_004559,sao paulo,SP,10207
cust_004560,brasilia,DF,79614
cust_004561,sorocaba,SP,40846
cust_004562,contagem,MG,55007
cust_004563,uberlandia,MG,13915
cust_004564,santos,SP,26848
cust_004565,vitoria,ES,41081
cust_004566,sao luis,MA,7932
cust_004567,niteroi,RJ,74122
cust_004568,curitiba,PR,35098
cust_004569,brasilia,DF,73788
cust_004570,santos,SP,19351
cust_004571,campinas,SP,4318
cust_004572,porto alegre,RS,92305
cust_004573,uberlandia,MG,22881
cust_004574,porto alegre,RS,97151
cust_004575,uberlandia,MG,69885
cust_004576,curitiba,PR,53640
cust_004577,campinas,SP,63736
cust_004578,sao paulo,SP,56756
cust_004579,sorocaba,SP,38224
cust_004580,sao paulo,SP,93116
cust_004581,curitiba,PR,6980
cust_004582,salvador,BA,74997
cust_004583,campinas,SP,62160
cust_004584,uberlandia,Unknown,17036
cust_004585,sorocaba,SP,66811
cust_004586,duque de caxias,RJ,95242
cust_004587,vitoria,ES,29953
cust_004588,sao paulo,SP,57563
cust_004589,joinville,SC,38608
cust_004590,santos,SP,3045
cust_004591,sorocaba,SP,6619
cust_004592,uberlandia,MG,20425
cust_004593,florianopolis,SC,63820
cust_004594,contagem,MG,79885
cust_004595,goiania,GO,8749
cust_004596,salvador,BA,13648
cust_004597,uberlandia,MG,86140
cust_004598,campinas,Unknown,85277
cust_004599,sorocaba,SP,53691
cust_004600,belo horizonte,MG,78845
cust_004601,contagem,MG,22123
cust_004602,sao paulo,SP,4490
cust_004603,santos,SP,90882
cust_004604,sao paulo,SP,33773
cust_004605,sao paulo,SP,36325
cust_004606,duque de caxias,RJ,51180
cust_004607,feira de santana,BA,61090
cust_004608,curitiba,PR,8526
cust_004609,maceio,AL,59044
cust_004610,porto alegre,RS,58381
cust_004611,sao paulo,SP,74594
cust_004612,caxias do sul,RS,98044
cust_004613,feira de santana,BA,71951
cust_004614,uberlandia,MG,60413
cust_004615,rio de janeiro,RJ,88876
cust_004616,contagem,MG,49877
cust_004617,sorocaba,SP,6377
cust_004618,santos,SP,86817
cust_004619,sorocaba,SP,96850
cust_004620,sorocaba,SP,96432
cust_004621,recife,PE,91524
cust_004622,campinas,SP,90216
cust_004623,santos,SP,69185
cust_004624,florianopolis,SC,4658
cust_004625,goiania,GO,75014
cust_004626,rio de janeiro,RJ,10863
cust_004627,sorocaba,SP,15653
cust_004628,rio de janeiro,RJ,61929
cust_004629,contagem,MG,92434
cust_004630,salvador,BA,23443
cust_004631,sorocaba,SP,17454
cust_004632,recife,PE,52583
cust_004633,belo horizonte,MG,36062
cust_004634,curitiba,PR,84011
cust_004635,campinas,Unknown,20008
cust_004636,fortaleza,CE,93906
cust_004637,niteroi,RJ,26927
cust_004638,campinas,SP,34026
cust_004639,campinas,SP,67395
cust_004640,sorocaba,SP,85021
cust_004641,campinas,SP,48629
cust_004642,santos,SP,50895
cust_004643,sao paulo,SP,64557
cust_004644,duque de caxias,RJ,66200
cust_004645,caxias do sul,RS,78659
cust_004646,curitiba,PR,13417
cust_004647,uberlandia,MG,95518
cust_004648,santos,SP,7271
cust_004649,duque de caxias,RJ,24397
cust_004650,porto alegre,RS,78259
cust_004651,curitiba,PR,28846
cust_004652,sao paulo,SP,60245
cust_004653,belem,PA,16590
cust_004654,joinville,SC,82563
cust_004655,brasilia,DF,30731
cust_004656,porto alegre,RS,12462
cust_004657,campinas,SP,11944
cust_004658,vitoria,ES,18015
cust_004659,recife,PE,73483
cust_004660,feira de santana,BA,7235
cust_004661,recife,PE,60125
cust_004662,fortaleza,CE,65361
cust_004663,londrina,PR,33456
cust_004664,campinas,SP,61941
cust_004665,duque de caxias,RJ,30039
cust_004666,uberlandia,MG,43129
cust_004667,florianopolis,SC,3881
cust_004668,niteroi,RJ,14393
cust_004669,duque de caxias,RJ,11192
cust_004670,maceio,AL,3361
cust_004671,niteroi,RJ,34341
cust_004672,santos,SP,26637
cust_004673,caxias do sul,RS,26370
cust_004674,sao paulo,SP,1277
cust_004675,santos,SP,78900
cust_004676,belo horizonte,MG,94926
cust_004677,cuiaba,MT,74061
cust_004678,sao paulo,SP,17849
cust_004679,sorocaba,SP,78429
cust_004680,duque de caxias,RJ,27283
cust_004681,caxias do sul,RS,30846
cust_004682,campinas,SP,80057
cust_004683,niteroi,RJ,21829
cust_004684,porto alegre,RS,99499
cust_004685,joao pessoa,PB,85827
cust_004686,sao paulo,SP,62433
cust_004687,belo horizonte,Unknown,50994
cust_004688,florianopolis,SC,26078
cust_004689,campinas,SP,65768
cust_004690,salvador,BA,45838
cust_004691,sorocaba,SP,65248
cust_004692,santos,SP,6905
cust_004693,campinas,SP,37618
cust_004694,campinas,SP,11792
cust_004695,joinville,SC,41925
cust_004696,porto alegre,RS,71249
cust_004697,joinville,SC,12267
cust_004698,londrina,PR,83118
cust_004699,sao paulo,SP,82826
cust_004700,belem,PA,27743
cust_004701,goiania,GO,20174
cust_004702,sorocaba,SP,74100
cust_004703,florianopolis,SC,76851
cust_004704,salvador,BA,64395
cust_004705,duque de caxias,RJ,15603
cust_004706,campinas,SP,51456
cust_004707,sao paulo,SP,26293
cust_004708,joao pessoa,PB,29636
cust_004709,caxias do sul,RS,58283
cust_004710,florianopolis,SC,98536
cust_004711,fortaleza,CE,20635
cust_004712,sao paulo,SP,25548
cust_004713,sao luis,MA,25380
cust_004714,duque de caxias,RJ,21658
cust_004715,curitiba,PR,94388
cust_004716,santos,SP,11884
cust_004717,sao paulo,SP,20275
cust_004718,campinas,SP,66239
cust_004719,sao paulo,SP,35716
cust_004720,campinas,SP,90218
cust_004721,sorocaba,SP,59684
cust_004722,contagem,MG,14281
cust_004723,recife,PE,48819
cust_004724,campinas,Unknown,11337
cust_004725,santos,SP,43240
cust_004726,contagem,MG,90537
cust_004727,caxias do sul,RS,48483
cust_004728,belo horizonte,MG,66393
cust_004729,sao luis,MA,39336
cust_004730,campinas,SP,96932
cust_004731,duque de caxias,RJ,59984
cust_004732,fortaleza,CE,71318
cust_004733,belo horizonte,MG,79876
cust_004734,uberlandia,MG,77398
cust_004735,belem,PA,94293
cust_004736,sorocaba,SP,46709
cust_004737,sorocaba,SP,17033
cust_004738,campinas,SP,24592
cust_004739,salvador,BA,24775
cust_004740,brasilia,DF,57344
cust_004741,campinas,SP,9652
cust_004742,niteroi,RJ,36462
cust_004743,contagem,MG,73262
cust_004744,sorocaba,SP,47502
cust_004745,brasilia,DF,34172
cust_004746,sorocaba,SP,52052
cust_004747,goiania,GO,13793
cust_004748,curitiba,PR,3630
cust_004749,sao paulo,SP,72268
cust_004750,porto alegre,RS,61244
cust_004751,curitiba,PR,69017
cust_004752,campinas,SP,36494
cust_004753,sao paulo,SP,22977
cust_004754,feira de santana,BA,81397
cust_004755,porto alegre,RS,73583
cust_004756,curitiba,PR,6573
cust_004757,santos,SP,96737
cust_004758,curitiba,PR,56062
cust_004759,caxias do sul,RS,30138
cust_004760,sorocaba,SP,36641
cust_004761,sorocaba,SP,55256
cust_004762,niteroi,RJ,10236
cust_004763,londrina,PR,9011
cust_004764,sao paulo,SP,41955
cust_004765,goiania,GO,95659
cust_004766,sao paulo,SP,41517
cust_004767,feira de santana,BA,85936
cust_004768,santos,SP,75576
cust_004769,curitiba,PR,84904
cust_004770,contagem,MG,16049
cust_004771,uberlandia,MG,99760
cust_004772,sao luis,MA,83206
cust_004773,santos,SP,85967
cust_004774,sao paulo,SP,5742
cust_004775,sorocaba,SP,27367
cust_004776,niteroi,RJ,52054
cust_004777,florianopolis,SC,63418
cust_004778,santos,SP,65250
cust_004779,joinville,SC,97880
cust_004780,rio de janeiro,RJ,2419
cust_004781,vitoria,ES,25770
cust_004782,sao paulo,SP,7843
cust_004783,natal,RN,53798
cust_004784,uberlandia,MG,28076
cust_004785,joao pessoa,PB,62050
cust_004786,contagem,MG,38763
cust_004787,sorocaba,SP,26215
cust_004788,florianopolis,SC,35304
cust_004789,niteroi,RJ,63496
cust_004790,sorocaba,SP,97158
cust_004791,duque de caxias,RJ,17879
cust_004792,goiania,GO,17527
cust_004793,curitiba,PR,96324
cust_004794,sorocaba,SP,89181
cust_004795,feira de santana,BA,89269
cust_004796,rio de janeiro,RJ,94512
cust_004797,sorocaba,SP,22161
cust_004798,santos,SP,18383
cust_004799,sorocaba,SP,65726
cust_004800,caxias do sul,RS,76099
cust_004801,sao paulo,SP,83402
cust_004802,santos,SP,99819
cust_004803,campinas,SP,89839
cust_004804,goiania,GO,25537
cust_004805,contagem,MG,30085
cust_004806,rio de janeiro,RJ,50770
cust_004807,curitiba,PR,30530
cust_004808,sao paulo,SP,76123
cust_004809,goiania,GO,82445
cust_004810,sorocaba,SP,73742
cust_004811,campinas,SP,1900
cust_004812,sao paulo,SP,83482
cust_004813,santos,SP,29436
cust_004814,santos,SP,35475
cust_004815,londrina,PR,56371
cust_004816,sorocaba,SP,12945
cust_004817,sorocaba,SP,73499
cust_004818,uberlandia,MG,67965
cust_004819,caxias do sul,RS,45339
cust_004820,recife,PE,34616
cust_004821,santos,SP,29157
cust_004822,brasilia,DF,64959
cust_004823,caxias do sul,RS,98917
cust_004824,contagem,MG,47868
cust_004825,sao paulo,SP,97510
cust_004826,duque de caxias,RJ,46401
cust_004827,santos,SP,1413
cust_004828,porto alegre,RS,88268
cust_004829,porto alegre,RS,35818
cust_004830,santos,SP,64404
cust_004831,sorocaba,SP,47495
cust_004832,recife,PE,62825
cust_004833,rio de janeiro,RJ,76520
cust_004834,rio de janeiro,RJ,97113
cust_004835,cuiaba,MT,95916
cust_004836,sao paulo,SP,27704
cust_004837,belo horizonte,MG,3190
cust_004838,florianopolis,SC,69162
cust_004839,sao paulo,SP,21127
cust_004840,campinas,SP,36196
cust_004841,recife,PE,75591
cust_004842,sorocaba,SP,60292
cust_004843,santos,Unknown,60271
cust_004844,sao paulo,SP,81893
cust_004845,florianopolis,SC,63583
cust_004846,duque de caxias,RJ,92354
cust_004847,sao paulo,SP,20545
cust_004848,sorocaba,SP,43282
cust_004849,rio de janeiro,RJ,44762
cust_004850,londrina,PR,83376
cust_004851,goiania,GO,83683
cust_004852,sorocaba,SP,34171
cust_004853,caxias do sul,RS,92017
cust_004854,porto alegre,RS,66440
cust_004855,londrina,PR,24331
cust_004856,uberlandia,MG,87884
cust_004857,sorocaba,SP,18008
cust_004858,contagem,MG,68856
cust_004859,belo horizonte,MG,93296
cust_004860,contagem,MG,70866
cust_004861,campinas,SP,50652
cust_004862,santos,SP,83924
cust_004863,sao paulo,SP,19753
cust_004864,campinas,SP,25992
cust_004865,sao paulo,SP,64849
cust_004866,sao paulo,SP,74941
cust_004867,sorocaba,Unknown,28118
cust_004868,sao paulo,SP,64126
cust_004869,aracaju,SE,79129
cust_004870,niteroi,RJ,55042
cust_004871,sorocaba,SP,17162
cust_004872,curitiba,PR,97533
cust_004873,rio de janeiro,RJ,36425
cust_004874,campinas,SP,41838
cust_004875,niteroi,RJ,57703
cust_004876,sorocaba,Unknown,24249
cust_004877,belo horizonte,MG,8319
cust_004878,santos,SP,84086
cust_004879,niteroi,Unknown,75520
cust_004880,campinas,SP,19326
cust_004881,campinas,SP,52003
cust_004882,caxias do sul,RS,74781
cust_004883,campinas,SP,98356
cust_004884,santos,SP,92892
cust_004885,sao paulo,SP,7577
cust_004886,porto alegre,RS,82335
cust_004887,niteroi,RJ,15066
cust_004888,salvador,BA,63681
cust_004889,rio de janeiro,RJ,59606
cust_004890,maceio,AL,92391
cust_004891,sao paulo,SP,58674
cust_004892,londrina,PR,49401
cust_004893,duque de caxias,RJ,60997
cust_004894,santos,SP,8491
cust_004895,londrina,PR,3971
cust_004896,cuiaba,MT,73757
cust_004897,londrina,PR,50207
cust_004898,sao paulo,SP,71966
cust_004899,rio de janeiro,RJ,48879
cust_004900,sorocaba,SP,86671
cust_004901,uberlandia,MG,31914
cust_004902,sorocaba,SP,41203
cust_004903,campinas,SP,27225
cust_004904,sorocaba,SP,15358
cust_004905,belem,PA,12650
cust_004906,campinas,SP,11164
cust_004907,sorocaba,SP,10873
cust_004908,sao paulo,SP,35193
cust_004909,niteroi,RJ,45084
cust_004910,sorocaba,SP,79502
cust_004911,londrina,PR,82625
cust_004912,campinas,SP,52615
cust_004913,sorocaba,SP,59665
cust_004914,campinas,SP,17872
cust_004915,sorocaba,SP,26909
cust_004916,belo horizonte,MG,24939
cust_004917,sorocaba,SP,49985
cust_004918,caxias do sul,RS,35492
cust_004919,rio de janeiro,RJ,21814
cust_004920,campinas,SP,48547
cust_004921,sorocaba,SP,12729
cust_004922,duque de caxias,RJ,84104
cust_004923,sao paulo,SP,75990
cust_004924,rio de janeiro,RJ,99239
cust_004925,salvador,BA,27615
cust_004926,campinas,SP,60325
cust_004927,santos,SP,81381
cust_004928,santos,SP,39528
cust_004929,campinas,SP,93501
cust_004930,niteroi,RJ,19154
cust_004931,belo horizonte,MG,17968
cust_004932,belo horizonte,MG,51590
cust_004933,caxias do sul,RS,36134
cust_004934,sorocaba,SP,61698
cust_004935,duque de caxias,RJ,85417
cust_004936,londrina,PR,33366
cust_004937,rio de janeiro,RJ,74291
cust_004938,uberlandia,Unknown,33068
cust_004939,contagem,MG,5344
cust_004940,niteroi,RJ,83020
cust_004941,sorocaba,SP,52766
cust_004942,uberlandia,MG,66335
cust_004943,rio de janeiro,RJ,37961
cust_004944,santos,SP,45575
cust_004945,santos,SP,82101
cust_004946,santos,SP,56213
cust_004947,belo horizonte,Unknown,15693
cust_004948,santos,SP,50969
cust_004949,brasilia,Unknown,14329
cust_004950,vitoria,ES,18262
cust_004951,sao luis,MA,98527
cust_004952,santos,SP,87162
cust_004953,rio de janeiro,RJ,86828
cust_004954,recife,PE,10008
cust_004955,porto alegre,RS,99761
cust_004956,sao paulo,Unknown,22089
cust_004957,salvador,BA,18627
cust_004958,uberlandia,MG,56609
cust_004959,curitiba,PR,38695
cust_004960,sao luis,MA,46651
cust_004961,aracaju,SE,86704
cust_004962,niteroi,RJ,59938
cust_004963,santos,SP,30626
cust_004964,uberlandia,MG,92049
cust_004965,contagem,MG,70865
cust_004966,belo horizonte,MG,29313
cust_004967,sao paulo,SP,6376
cust_004968,uberlandia,MG,15920
cust_004969,rio de janeiro,RJ,21182
cust_004970,vitoria,ES,13007
cust_004971,feira de santana,BA,92516
cust_004972,campinas,SP,6846
cust_004973,belo horizonte,MG,94889
cust_004974,belo horizonte,MG,79283
cust_004975,duque de caxias,RJ,8508
cust_004976,campinas,SP,46289
cust_004977,porto alegre,RS,1682
cust_004978,curitiba,PR,26324
cust_004979,duque de caxias,RJ,27760
cust_004980,recife,PE,67732
cust_004981,natal,RN,19904
cust_004982,feira de santana,BA,77958
cust_004983,belem,PA,70777
cust_004984,niteroi,RJ,93774
cust_004985,fortaleza,CE,55570
cust_004986,vitoria,ES,40543
cust_004987,contagem,MG,72211
cust_004988,campinas,SP,69251
cust_004989,sorocaba,SP,21796
cust_004990,duque de caxias,RJ,27791
cust_004991,curitiba,PR,64320
cust_004992,niteroi,RJ,86681
cust_004993,joinville,SC,52923
cust_004994,curitiba,PR,90959
cust_004995,campinas,SP,55060
cust_004996,sorocaba,SP,63394
cust_004997,porto alegre,RS,37153
cust_004998,campinas,SP,66235
cust_004999,belem,PA,8618
cust_005000,goiania,GO,66301
cust_005001,duque de caxias,RJ,40740
cust_005002,contagem,MG,59564
cust_005003,brasilia,DF,98760
cust_005004,goiania,GO,44439
cust_005005,uberlandia,MG,68036
cust_005006,sao luis,MA,74291
cust_005007,rio de janeiro,RJ,17640
cust_005008,sao paulo,SP,97684
cust_005009,contagem,MG,55988
cust_005010,joinville,SC,74833
cust_005011,joao pessoa,PB,13558
cust_005012,sorocaba,SP,31646
cust_005013,rio de janeiro,RJ,93954
cust_005014,uberlandia,MG,50542
cust_005015,goiania,GO,3124
cust_005016,porto alegre,RS,60108
cust_005017,sao paulo,SP,85344
cust_005018,brasilia,Unknown,9139
cust_005019,belo horizonte,MG,19834
cust_005020,recife,PE,49706
cust_005021,feira de santana,BA,40656
cust_005022,sao paulo,SP,11143
cust_005023,campo grande,MS,20014
cust_005024,rio de janeiro,RJ,51540
cust_005025,natal,RN,60332
cust_005026,sorocaba,SP,9611
cust_005027,florianopolis,SC,72079
cust_005028,santos,SP,36775
cust_005029,santos,SP,99869
cust_005030,maceio,AL,95493
cust_005031,campinas,SP,62237
cust_005032,sao paulo,SP,1738
cust_005033,brasilia,DF,13554
cust_005034,niteroi,Unknown,28152
cust_005035,contagem,MG,44620
cust_005036,natal,RN,37801
cust_005037,duque de caxias,RJ,77738
cust_005038,santos,SP,59411
cust_005039,caxias do sul,RS,30356
cust_005040,porto alegre,RS,96577
cust_005041,campinas,SP,89612
cust_005042,niteroi,RJ,64334
cust_005043,santos,SP,22649
cust_005044,sorocaba,SP,89483
cust_005045,sao paulo,SP,73309
cust_005046,fortaleza,CE,17097
cust_005047,campinas,SP,18241
cust_005048,campinas,SP,29570
cust_005049,vitoria,ES,63344
cust_005050,sorocaba,SP,88818
cust_005051,vitoria,ES,14750
cust_005052,goiania,GO,1512
cust_005053,rio de janeiro,RJ,68609
cust_005054,sao paulo,SP,45923
cust_005055,santos,SP,8734
cust_005056,campinas,SP,45835
cust_005057,sao paulo,SP,4941
cust_005058,niteroi,RJ,94678
cust_005059,sorocaba,SP,86384
cust_005060,florianopolis,SC,45472
cust_005061,santos,SP,82545
cust_005062,niteroi,RJ,90725
cust_005063,sao paulo,SP,3976
cust_005064,santos,SP,58946
cust_005065,joinville,SC,22979
cust_005066,porto alegre,RS,30697
cust_005067,sao paulo,SP,63874
cust_005068,belo horizonte,MG,15678
cust_005069,niteroi,RJ,91981
cust_005070,recife,PE,49529
cust_005071,campinas,SP,87103
cust_005072,londrina,PR,2746
cust_005073,sao paulo,SP,79348
cust_005074,duque de caxias,RJ,34185
cust_005075,rio de janeiro,RJ,70901
cust_005076,sao paulo,SP,52783
cust_005077,belo horizonte,MG,57945
cust_005078,contagem,MG,56269
cust_005079,sorocaba,SP,48734
cust_005080,aracaju,SE,44948
cust_005081,campinas,SP,97308
cust_005082,recife,PE,96432
cust_005083,rio de janeiro,RJ,59179
cust_005084,sorocaba,SP,15675
cust_005085,sao paulo,SP,6247
cust_005086,porto alegre,RS,99750
cust_005087,londrina,PR,19260
cust_005088,porto alegre,RS,69445
cust_005089,sorocaba,SP,71337
cust_005090,campinas,SP,82673
cust_005091,florianopolis,SC,31335
cust_005092,goiania,GO,63797
cust_005093,campinas,SP,46133
cust_005094,brasilia,DF,22278
cust_005095,contagem,MG,73058
cust_005096,niteroi,RJ,75313
cust_005097,contagem,MG,52278
cust_005098,sorocaba,SP,84969
cust_005099,santos,SP,62530
cust_005100,curitiba,PR,75440
cust_005101,sao luis,MA,75266
cust_005102,niteroi,RJ,87519
cust_005103,campinas,SP,64165
cust_005104,santos,SP,7289
cust_005105,duque de caxias,RJ,96175
cust_005106,contagem,MG,96232
cust_005107,sorocaba,SP,73079
cust_005108,campinas,SP,93978
cust_005109,londrina,PR,21410
cust_005110,sorocaba,SP,89801
cust_005111,rio de janeiro,RJ,13729
cust_005112,curitiba,PR,64102
cust_005113,campinas,SP,51693
cust_005114,duque de caxias,RJ,84820
cust_005115,sao paulo,SP,53814
cust_005116,sorocaba,SP,60884
cust_005117,fortaleza,CE,32352
cust_005118,caxias do sul,RS,49728
cust_005119,sao paulo,Unknown,37476
cust_005120,campinas,SP,93169
cust_005121,campinas,SP,54852
cust_005122,recife,PE,21546
cust_005123,londrina,PR,5472
cust_005124,contagem,MG,85305
cust_005125,santos,SP,62806
cust_005126,belem,PA,44613
cust_005127,feira de santana,BA,29185
cust_005128,sorocaba,SP,29901
cust_005129,santos,SP,62535
cust_005130,duque de caxias,RJ,51112
cust_005131,contagem,MG,53797
cust_005132,santos,SP,64092
cust_005133,sao paulo,SP,92801
cust_005134,porto alegre,RS,19090
cust_005135,caxias do sul,RS,63297
cust_005136,duque de caxias,RJ,75363
cust_005137,niteroi,RJ,49442
cust_005138,campinas,SP,40067
cust_005139,rio de janeiro,RJ,53156
cust_005140,joinville,SC,70666
cust_005141,belo horizonte,MG,34930
cust_005142,belem,PA,16557
cust_005143,porto alegre,Unknown,9275
cust_005144,joinville,SC,6541
cust_005145,niteroi,RJ,90480
cust_005146,santos,SP,16994
cust_005147,fortaleza,CE,66355
cust_005148,uberlandia,MG,18873
cust_005149,fortaleza,CE,52985
cust_005150,uberlandia,MG,76391
cust_005151,niteroi,RJ,15495
cust_005152,campinas,SP,49763
cust_005153,sao paulo,SP,42967
cust_005154,contagem,MG,76637
cust_005155,belem,PA,57074
cust_005156,feira de santana,BA,74949
cust_005157,rio de janeiro,RJ,59131
cust_005158,niteroi,RJ,25280
cust_005159,sao paulo,SP,57109
cust_005160,santos,Unknown,91178
cust_005161,natal,RN,41160
cust_005162,londrina,PR,77136
cust_005163,niteroi,RJ,66889
cust_005164,brasilia,DF,9451
cust_005165,santos,Unknown,9556
cust_005166,cuiaba,MT,57661
cust_005167,caxias do sul,RS,20245
cust_005168,sorocaba,SP,41858
cust_005169,porto alegre,RS,45166
cust_005170,campinas,SP,46487
cust_005171,uberlandia,MG,72831
cust_005172,sorocaba,SP,37344
cust_005173,sao paulo,SP,11120
cust_005174,contagem,MG,50132
cust_005175,rio de janeiro,RJ,86731
cust_005176,campinas,SP,36204
cust_005177,salvador,BA,76609
cust_005178,santos,SP,46821
cust_005179,belo horizonte,MG,20184
cust_005180,contagem,MG,54926
cust_005181,campinas,SP,48676
cust_005182,aracaju,SE,73328
cust_005183,rio de janeiro,RJ,69042
cust_005184,sao paulo,SP,15997
cust_005185,duque de caxias,RJ,6660
cust_005186,contagem,MG,14217
cust_005187,santos,SP,67095
cust_005188,sorocaba,SP,50288
cust_005189,niteroi,RJ,38375
cust_005190,caxias do sul,RS,48023
cust_005191,sorocaba,SP,1059
cust_005192,santos,SP,56821
cust_005193,sao paulo,SP,17020
cust_005194,sorocaba,SP,61724
cust_005195,porto alegre,RS,16616
cust_005196,sao paulo,SP,28137
cust_005197,sao paulo,SP,94477
cust_005198,santos,SP,65124
cust_005199,contagem,Unknown,88562
cust_005200,uberlandia,MG,50070
cust_005201,campinas,SP,72655
cust_005202,uberlandia,MG,50092
cust_005203,contagem,MG,63349
cust_005204,sao paulo,SP,59796
cust_005205,sao paulo,SP,1432
cust_005206,campinas,SP,61599
cust_005207,salvador,BA,13941
cust_005208,santos,SP,62072
cust_005209,santos,SP,12858
cust_005210,rio de janeiro,RJ,83229
cust_005211,rio de janeiro,RJ,58987
cust_005212,salvador,BA,50450
cust_005213,campinas,SP,93789
cust_005214,santos,SP,94161
cust_005215,belo horizonte,MG,28696
cust_005216,curitiba,PR,94694
cust_005217,maceio,AL,42902
cust_005218,belo horizonte,MG,34200
cust_005219,duque de caxias,RJ,94233
cust_005220,campinas,SP,88243
cust_005221,joao pessoa,PB,85572
cust_005222,caxias do sul,RS,42672
cust_005223,santos,SP,59402
cust_005224,rio de janeiro,RJ,97454
cust_005225,belo horizonte,MG,5068
cust_005226,santos,SP,92811
cust_005227,curitiba,PR,93461
cust_005228,uberlandia,MG,44510
cust_005229,campinas,SP,4739
cust_005230,joao pessoa,PB,35594
cust_005231,cuiaba,MT,11497
cust_005232,sao paulo,SP,68915
cust_005233,duque de caxias,RJ,36202
cust_005234,recife,PE,37387
cust_005235,sao paulo,SP,56921
cust_005236,cuiaba,MT,66375
cust_005237,santos,SP,13892
cust_005238,curitiba,PR,42712
cust_005239,contagem,MG,10292
cust_005240,campinas,SP,50685
cust_005241,caxias do sul,RS,33802
cust_005242,sao paulo,Unknown,38492
cust_005243,sorocaba,SP,18938
cust_005244,sao paulo,SP,79872
cust_005245,sao paulo,Unknown,28768
cust_005246,campinas,SP,60535
cust_005247,santos,SP,64871
cust_005248,campinas,SP,68640
cust_005249,campinas,Unknown,1682
cust_005250,sao paulo,SP,82270
cust_005251,feira de santana,BA,65544
cust_005252,campinas,SP,79826
cust_005253,londrina,PR,74216
cust_005254,campinas,SP,51442
cust_005255,santos,SP,74571
cust_005256,rio de janeiro,RJ,26166
cust_005257,sao paulo,SP,34717
cust_005258,niteroi,RJ,36976
cust_005259,caxias do sul,RS,39552
cust_005260,sorocaba,SP,55650
cust_005261,santos,SP,73810
cust_005262,feira de santana,Unknown,24637
cust_005263,sao paulo,SP,33469
cust_005264,joinville,SC,78300
cust_005265,belo horizonte,MG,78335
cust_005266,santos,Unknown,23706
cust_005267,santos,SP,11235
cust_005268,sorocaba,Unknown,34184
cust_005269,belo horizonte,MG,12779
cust_005270,natal,RN,63640
cust_005271,campinas,SP,72296
cust_005272,vitoria,Unknown,70071
cust_005273,sao paulo,SP,34652
cust_005274,campinas,SP,40069
cust_005275,duque de caxias,RJ,49018
cust_005276,sao luis,MA,75813
cust_005277,rio de janeiro,RJ,95187
cust_005278,joinville,SC,90294
cust_005279,rio de janeiro,RJ,34552
cust_005280,brasilia,DF,17275
cust_005281,salvador,BA,6169
cust_005282,porto alegre,RS,91673
cust_005283,contagem,MG,94326
cust_005284,niteroi,RJ,54268
cust_005285,cuiaba,MT,7778
cust_005286,contagem,Unknown,45434
cust_005287,sorocaba,SP,72531
cust_005288,goiania,GO,79786
cust_005289,uberlandia,MG,78314
cust_005290,contagem,MG,78622
cust_005291,caxias do sul,RS,10454
cust_005292,santos,SP,68570
cust_005293,sorocaba,SP,99211
cust_005294,campinas,SP,41441
cust_005295,brasilia,DF,51790
cust_005296,caxias do sul,RS,27459
cust_005297,salvador,BA,80338
cust_005298,campinas,SP,36675
cust_005299,maceio,AL,98761
cust_005300,campinas,SP,57754
cust_005301,sao paulo,SP,34793
cust_005302,campo grande,MS,56832
cust_005303,contagem,MG,4946
cust_005304,belem,PA,92469
cust_005305,uberlandia,MG,46317
cust_005306,santos,SP,46209
cust_005307,sao paulo,SP,41551
cust_005308,brasilia,DF,66996
cust_005309,duque de caxias,RJ,78308
cust_005310,porto alegre,RS,66343
cust_005311,santos,SP,13479
cust_005312,campinas,SP,73436
cust_005313,salvador,BA,64781
cust_005314,vitoria,ES,99153
cust_005315,campinas,SP,27319
cust_005316,sao paulo,SP,80400
cust_005317,sao paulo,SP,87754
cust_005318,sorocaba,SP,4925
cust_005319,feira de santana,BA,91722
cust_005320,duque de caxias,RJ,81348
cust_005321,sao paulo,SP,80489
cust_005322,joinville,SC,99988
cust_005323,joinville,SC,20887
cust_005324,campinas,SP,4753
cust_005325,recife,PE,61786
cust_005326,niteroi,RJ,60120
cust_005327,campinas,SP,85755
cust_005328,recife,PE,60340
cust_005329,sorocaba,SP,12018
cust_005330,maceio,AL,52965
cust_005331,belo horizonte,MG,39216
cust_005332,fortaleza,CE,87654
cust_005333,campinas,SP,70832
cust_005334,sorocaba,SP,81617
cust_005335,goiania,GO,73577
cust_005336,salvador,Unknown,18032
cust_005337,goiania,GO,86092
cust_005338,sorocaba,SP,11196
cust_005339,uberlandia,MG,27200
cust_005340,sorocaba,SP,17491
cust_005341,santos,SP,9898
cust_005342,duque de caxias,RJ,88784
cust_005343,caxias do sul,RS,14239
cust_005344,duque de caxias,RJ,10742
cust_005345,sao paulo,SP,10325
cust_005346,feira de santana,BA,64970
cust_005347,natal,RN,23697
cust_005348,campinas,SP,68643
cust_005349,brasilia,DF,27219
cust_005350,goiania,GO,22593
cust_005351,sorocaba,SP,17454
cust_005352,porto alegre,RS,23747
cust_005353,vitoria,ES,24349
cust_005354,curitiba,PR,83735
cust_005355,santos,SP,53700
cust_005356,belo horizonte,MG,42587
cust_005357,florianopolis,SC,90239
cust_005358,uberlandia,MG,50447
cust_005359,sao paulo,SP,87694
cust_005360,santos,SP,40317
cust_005361,joinville,SC,98154
cust_005362,niteroi,RJ,19135
cust_005363,cuiaba,MT,52004
cust_005364,campinas,SP,44488
cust_005365,salvador,BA,88996
cust_005366,sao paulo,SP,27662
cust_005367,brasilia,DF,34979
cust_005368,brasilia,DF,30715
cust_005369,campinas,SP,62429
cust_005370,sao paulo,SP,20969
cust_005371,fortaleza,CE,48225
cust_005372,joinville,SC,63026
cust_005373,contagem,MG,22319
cust_005374,rio de janeiro,RJ,29398
cust_005375,fortaleza,CE,14882
cust_005376,londrina,PR,17400
cust_005377,sorocaba,SP,92432
cust_005378,niteroi,RJ,81033
cust_005379,sao paulo,SP,20158
cust_005380,salvador,BA,58009
cust_005381,brasilia,DF,11466
cust_005382,sao paulo,SP,86028
cust_005383,sorocaba,SP,76326
cust_005384,sorocaba,SP,78361
cust_005385,sao paulo,SP,31972
cust_005386,cuiaba,MT,37809
cust_005387,curitiba,Unknown,87601
cust_005388,rio de janeiro,RJ,56604
cust_005389,sorocaba,SP,58600
cust_005390,sorocaba,SP,98711
cust_005391,porto alegre,RS,82389
cust_005392,santos,SP,36444
cust_005393,santos,SP,5968
cust_005394,cuiaba,MT,24710
cust_005395,contagem,MG,75877
cust_005396,feira de santana,BA,17153
cust_005397,santos,SP,31123
cust_005398,campinas,SP,94051
cust_005399,recife,PE,44441
cust_005400,feira de santana,BA,25708
cust_005401,londrina,PR,55258
cust_005402,uberlandia,MG,92833
cust_005403,sao paulo,SP,22306
cust_005404,belo horizonte,MG,59590
cust_005405,santos,SP,79675
cust_005406,sorocaba,SP,59417
cust_005407,duque de caxias,RJ,88143
cust_005408,santos,SP,40621
cust_005409,sorocaba,Unknown,79400
cust_005410,sao paulo,SP,40198
cust_005411,sorocaba,SP,6944
cust_005412,brasilia,DF,32755
cust_005413,vitoria,ES,15168
cust_005414,sao paulo,SP,73212
cust_005415,campinas,SP,40701
cust_005416,brasilia,DF,74136
cust_005417,campinas,SP,75012
cust_005418,curitiba,PR,53590
cust_005419,campinas,SP,92871
cust_005420,uberlandia,MG,45444
cust_005421,sao paulo,SP,69396
cust_005422,curitiba,PR,63926
cust_005423,rio de janeiro,RJ,71380
cust_005424,sao paulo,SP,49648
cust_005425,sorocaba,SP,43349
cust_005426,niteroi,RJ,82591
cust_005427,aracaju,SE,90204
cust_005428,niteroi,RJ,7449
cust_005429,santos,SP,97804
cust_005430,belo horizonte,MG,90357
cust_005431,campinas,SP,58839
cust_005432,goiania,GO,52924
cust_005433,salvador,BA,46293
cust_005434,sorocaba,SP,51411
cust_005435,contagem,MG,18438
cust_005436,caxias do sul,RS,39706
cust_005437,santos,SP,94730
cust_005438,contagem,MG,53695
cust_005439,rio de janeiro,RJ,36940
cust_005440,duque de caxias,RJ,22812
cust_005441,duque de caxias,RJ,77347
cust_005442,contagem,MG,50234
cust_005443,porto alegre,RS,58286
cust_005444,niteroi,RJ,40423
cust_005445,curitiba,PR,4447
cust_005446,rio de janeiro,RJ,30104
cust_005447,belo horizonte,MG,59631
cust_005448,campinas,SP,22006
cust_005449,duque de caxias,RJ,51114
cust_005450,niteroi,RJ,86160
cust_005451,sorocaba,SP,19698
cust_005452,sorocaba,SP,85166
cust_005453,niteroi,RJ,14807
cust_005454,campinas,SP,49026
cust_005455,campinas,SP,65272
cust_005456,sorocaba,SP,23914
cust_005457,belo horizonte,MG,23805
cust_005458,joao pessoa,PB,45586
cust_005459,brasilia,DF,3044
cust_005460,sao luis,MA,92637
cust_005461,cuiaba,MT,26510
cust_005462,campinas,SP,78159
cust_005463,campinas,SP,29536
cust_005464,campinas,SP,80947
cust_005465,campinas,SP,19205
cust_005466,brasilia,DF,70570
cust_005467,recife,Unknown,72334
cust_005468,belo horizonte,MG,72676
cust_005469,recife,PE,6394
cust_005470,caxias do sul,RS,15812
cust_005471,duque de caxias,RJ,87158
cust_005472,santos,SP,35337
cust_005473,cuiaba,MT,80456
cust_005474,caxias do sul,RS,83363
cust_005475,campinas,SP,69645
cust_005476,santos,SP,18549
cust_005477,joinville,SC,34133
cust_005478,florianopolis,SC,8440
cust_005479,rio de janeiro,RJ,1581
cust_005480,aracaju,SE,84793
cust_005481,sorocaba,SP,48199
cust_005482,vitoria,ES,78293
cust_005483,belo horizonte,MG,16492
cust_005484,londrina,PR,16654
cust_005485,fortaleza,CE,56776
cust_005486,salvador,BA,53283
cust_005487,santos,SP,41937
cust_005488,goiania,GO,5128
cust_005489,duque de caxias,RJ,27068
cust_005490,santos,SP,15703
cust_005491,porto alegre,RS,17434
cust_005492,niteroi,RJ,26468
cust_005493,rio de janeiro,RJ,66998
cust_005494,sorocaba,SP,70695
cust_005495,campinas,SP,80402
cust_005496,sorocaba,SP,31188
cust_005497,londrina,PR,54510
cust_005498,campinas,SP,81236
cust_005499,uberlandia,MG,49263
cust_005500,duque de caxias,RJ,3330
cust_005501,santos,SP,50164
cust_005502,santos,SP,1428
cust_005503,sorocaba,SP,39306
cust_005504,goiania,GO,30679
cust_005505,vitoria,ES,91607
cust_005506,campinas,SP,73363
cust_005507,santos,SP,66203
cust_005508,uberlandia,MG,95201
cust_005509,sao paulo,SP,94283
cust_005510,niteroi,RJ,32228
cust_005511,rio de janeiro,RJ,55603
cust_005512,contagem,MG,56133
cust_005513,campinas,SP,3341
cust_005514,recife,PE,5093
cust_005515,sorocaba,SP,34560
cust_005516,sorocaba,SP,1124
cust_005517,belem,PA,69309
cust_005518,campinas,SP,2560
cust_005519,sorocaba,Unknown,23521
cust_005520,sao paulo,SP,10635
cust_005521,porto alegre,Unknown,50495
cust_005522,contagem,MG,87559
cust_005523,niteroi,RJ,6362
cust_005524,sao paulo,SP,64497
cust_005525,sao paulo,SP,54655
cust_005526,sorocaba,SP,89931
cust_005527,niteroi,Unknown,59974
cust_005528,campinas,SP,83654
cust_005529,niteroi,RJ,69440
cust_005530,curitiba,PR,76743
cust_005531,contagem,MG,49087
cust_005532,belo horizonte,MG,36016
cust_005533,uberlandia,Unknown,51677
cust_005534,sorocaba,SP,14267
cust_005535,belo horizonte,Unknown,71496
cust_005536,santos,SP,11232
cust_005537,caxias do sul,RS,93344
cust_005538,duque de caxias,RJ,3476
cust_005539,contagem,MG,12120
cust_005540,brasilia,DF,18599
cust_005541,sao paulo,SP,19172
cust_005542,campinas,SP,2894
cust_005543,recife,PE,98509
cust_005544,campinas,SP,69091
cust_005545,sorocaba,SP,30741
cust_005546,campinas,Unknown,39495
cust_005547,campinas,SP,23428
cust_005548,rio de janeiro,RJ,53286
cust_005549,brasilia,DF,40216
cust_005550,londrina,PR,48405
cust_005551,niteroi,RJ,40585
cust_005552,londrina,PR,29059
cust_005553,brasilia,DF,50968
cust_005554,santos,SP,12338
cust_005555,contagem,MG,56168
cust_005556,sorocaba,SP,54686
cust_005557,santos,SP,12873
cust_005558,londrina,PR,86509
cust_005559,florianopolis,SC,95189
cust_005560,goiania,GO,75219
cust_005561,rio de janeiro,RJ,94976
cust_005562,sorocaba,SP,93214
cust_005563,sorocaba,SP,74173
cust_005564,sao paulo,SP,36241
cust_005565,campinas,SP,21636
cust_005566,rio de janeiro,RJ,84723
cust_005567,uberlandia,MG,49283
cust_005568,campinas,SP,72533
cust_005569,santos,SP,89165
cust_005570,santos,SP,94356
cust_005571,londrina,PR,68614
cust_005572,sorocaba,SP,29488
cust_005573,campinas,SP,9093
cust_005574,niteroi,RJ,80558
cust_005575,santos,SP,3388
cust_005576,campinas,SP,51307
cust_005577,feira de santana,BA,30111
cust_005578,sao paulo,SP,44236
cust_005579,sorocaba,SP,87979
cust_005580,sorocaba,SP,47109
cust_005581,campinas,SP,15653
cust_005582,recife,Unknown,43825
cust_005583,porto alegre,RS,10998
cust_005584,rio de janeiro,RJ,87828
cust_005585,belo horizonte,MG,4899
cust_005586,sao paulo,SP,94495
cust_005587,sorocaba,SP,22931
cust_005588,sorocaba,SP,66635
cust_005589,feira de santana,BA,88418
cust_005590,curitiba,PR,20084
cust_005591,campinas,SP,93087
cust_005592,londrina,PR,42630
cust_005593,santos,SP,51478
cust_005594,sao paulo,SP,36203
cust_005595,sorocaba,SP,98665
cust_005596,sao paulo,Unknown,67426
cust_005597,sao paulo,SP,36472
cust_005598,recife,PE,7964
cust_005599,sorocaba,Unknown,89348
cust_005600,sorocaba,SP,65758
cust_005601,santos,SP,13463
cust_005602,campinas,SP,47213
cust_005603,sao paulo,SP,27212
cust_005604,campinas,SP,26843
cust_005605,santos,SP,48434
cust_005606,sao paulo,SP,7288
cust_005607,santos,SP,25353
cust_005608,belo horizonte,MG,6244
cust_005609,vitoria,ES,94053
cust_005610,campinas,SP,89324
cust_005611,porto alegre,RS,17105
cust_005612,belo horizonte,MG,58095
cust_005613,belo horizonte,MG,23226
cust_005614,caxias do sul,RS,55605
cust_005615,duque de caxias,RJ,46182
cust_005616,belem,PA,2732
cust_005617,sao paulo,SP,79536
cust_005618,niteroi,RJ,77327
cust_005619,contagem,MG,6934
cust_005620,fortaleza,CE,21851
cust_005621,rio de janeiro,RJ,12365
cust_005622,natal,RN,38956
cust_005623,contagem,MG,45324
cust_005624,porto alegre,Unknown,65013
cust_005625,salvador,Unknown,63674
cust_005626,curitiba,PR,14318
cust_005627,niteroi,RJ,48470
cust_005628,joinville,SC,79871
cust_005629,sao paulo,SP,89015
cust_005630,belem,PA,83692
cust_005631,feira de santana,BA,30607
cust_005632,contagem,MG,52429
cust_005633,campinas,SP,15238
cust_005634,sao paulo,SP,37175
cust_005635,santos,SP,28820
cust_005636,santos,SP,25937
cust_005637,porto alegre,RS,87897
cust_005638,goiania,GO,72671
cust_005639,caxias do sul,RS,85178
cust_005640,sorocaba,SP,34715
cust_005641,sao luis,MA,40183
cust_005642,brasilia,DF,81142
cust_005643,porto alegre,RS,5176
cust_005644,santos,SP,73511
cust_005645,caxias do sul,RS,68306
cust_005646,sao paulo,SP,35939
cust_005647,sao paulo,SP,94288
cust_005648,belo horizonte,MG,23659
cust_005649,porto alegre,RS,34368
cust_005650,campinas,SP,36415
cust_005651,belem,PA,37378
cust_005652,brasilia,DF,34886
cust_005653,contagem,MG,48150
cust_005654,sorocaba,SP,95707
cust_005655,campinas,SP,48838
cust_005656,contagem,MG,63103
cust_005657,feira de santana,BA,67110
cust_005658,duque de caxias,RJ,66097
cust_005659,campinas,SP,33806
cust_005660,santos,SP,29072
cust_005661,sorocaba,SP,37116
cust_005662,contagem,MG,37064
cust_005663,niteroi,RJ,82681
cust_005664,campinas,SP,47149
cust_005665,rio de janeiro,RJ,93224
cust_005666,goiania,GO,97693
cust_005667,niteroi,RJ,68281
cust_005668,santos,SP,67089
cust_005669,uberlandia,MG,13362
cust_005670,belem,PA,16251
cust_005671,sao paulo,SP,71358
cust_005672,sorocaba,SP,99102
cust_005673,contagem,MG,80549
cust_005674,sorocaba,SP,27659
cust_005675,recife,PE,68154
cust_005676,porto alegre,RS,62550
cust_005677,santos,SP,6373
cust_005678,goiania,GO,87640
cust_005679,contagem,MG,35335
cust_005680,duque de caxias,RJ,61959
cust_005681,campinas,Unknown,34531
cust_005682,contagem,MG,92665
cust_005683,recife,PE,47382
cust_005684,santos,SP,84960
cust_005685,sao paulo,SP,94055
cust_005686,vitoria,ES,4465
cust_005687,sao paulo,Unknown,42752
cust_005688,campinas,SP,68993
cust_005689,sorocaba,SP,84429
cust_005690,caxias do sul,RS,72363
cust_005691,caxias do sul,RS,66284
cust_005692,santos,SP,37807
cust_005693,sorocaba,SP,17277
cust_005694,uberlandia,MG,91042
cust_005695,porto alegre,RS,5370
cust_005696,campinas,SP,80290
cust_005697,niteroi,RJ,4517
cust_005698,belo horizonte,MG,37339
cust_005699,sorocaba,SP,86089
cust_005700,sorocaba,SP,23085
cust_005701,belem,PA,27146
cust_005702,goiania,GO,22045
cust_005703,campinas,SP,68445
cust_005704,goiania,GO,22833
cust_005705,contagem,MG,70060
cust_005706,natal,RN,59332
cust_005707,campo grande,MS,89410
cust_005708,contagem,MG,64633
cust_005709,niteroi,RJ,40848
cust_005710,sao paulo,SP,15738
cust_005711,rio de janeiro,RJ,44896
cust_005712,santos,SP,55303
cust_005713,belo horizonte,MG,93344
cust_005714,sorocaba,SP,25777
cust_005715,salvador,BA,38863
cust_005716,campo grande,MS,91129
cust_005717,sorocaba,SP,91890
cust_005718,belo horizonte,MG,85773
cust_005719,florianopolis,SC,18750
cust_005720,belo horizonte,MG,12446
cust_005721,vitoria,ES,38213
cust_005722,niteroi,RJ,25976
cust_005723,sao paulo,SP,32017
cust_005724,rio de janeiro,Unknown,94506
cust_005725,rio de janeiro,RJ,54266
cust_005726,santos,SP,30599
cust_005727,florianopolis,SC,73090
cust_005728,belo horizonte,MG,81765
cust_005729,santos,SP,43749
cust_005730,campinas,SP,5995
cust_005731,santos,SP,47218
cust_005732,duque de caxias,RJ,39391
cust_005733,niteroi,RJ,19792
cust_005734,sorocaba,SP,61864
cust_005735,feira de santana,BA,73871
cust_005736,belem,PA,40554
cust_005737,niteroi,RJ,38835
cust_005738,porto alegre,RS,79273
cust_005739,belem,PA,18679
cust_005740,campinas,SP,98011
cust_005741,sorocaba,SP,42476
cust_005742,sorocaba,SP,51839
cust_005743,rio de janeiro,RJ,59532
cust_005744,santos,SP,46899
cust_005745,belo horizonte,MG,5815
cust_005746,duque de caxias,RJ,70745
cust_005747,campinas,SP,89663
cust_005748,sao paulo,SP,75616
cust_005749,sorocaba,SP,69117
cust_005750,niteroi,RJ,6919
cust_005751,sorocaba,SP,78798
cust_005752,sorocaba,SP,44320
cust_005753,campinas,SP,31114
cust_005754,porto alegre,RS,50474
cust_005755,sorocaba,SP,23610
cust_005756,uberlandia,MG,31433
cust_005757,salvador,BA,81279
cust_005758,niteroi,RJ,76148
cust_005759,santos,SP,56412
cust_005760,contagem,MG,88810
cust_005761,sao paulo,SP,16469
cust_005762,salvador,BA,84687
cust_005763,londrina,PR,48214
cust_005764,sorocaba,SP,63743
cust_005765,sao paulo,SP,83858
cust_005766,caxias do sul,RS,79625
cust_005767,uberlandia,MG,99087
cust_005768,sorocaba,Unknown,24029
cust_005769,curitiba,PR,17754
cust_005770,sao paulo,SP,3542
cust_005771,recife,PE,67597
cust_005772,feira de santana,BA,51831
cust_005773,sorocaba,SP,66932
cust_005774,sao paulo,SP,41588
cust_005775,santos,SP,35573
cust_005776,joinville,Unknown,88288
cust_005777,sorocaba,SP,18993
cust_005778,campinas,SP,79120
cust_005779,contagem,MG,11524
cust_005780,sao paulo,SP,38802
cust_005781,santos,SP,5699
cust_005782,londrina,PR,2725
cust_005783,rio de janeiro,RJ,4525
cust_005784,belo horizonte,MG,28212
cust_005785,sorocaba,SP,94379
cust_005786,niteroi,RJ,36683
cust_005787,duque de caxias,RJ,61799
cust_005788,campinas,SP,67907
cust_005789,campo grande,MS,87688
cust_005790,santos,SP,90423
cust_005791,santos,SP,4808
cust_005792,brasilia,DF,22874
cust_005793,campinas,SP,77071
cust_005794,vitoria,ES,78804
cust_005795,niteroi,RJ,98106
cust_005796,campinas,SP,73128
cust_005797,sao paulo,SP,54063
cust_005798,santos,SP,35961
cust_005799,belem,Unknown,47634
cust_005800,vitoria,ES,2600
cust_005801,belo horizonte,MG,68818
cust_005802,santos,SP,4237
cust_005803,niteroi,RJ,65145
cust_005804,sorocaba,SP,62304
cust_005805,sorocaba,Unknown,98498
cust_005806,sao paulo,SP,84864
cust_005807,sao paulo,SP,73184
cust_005808,sorocaba,SP,63563
cust_005809,porto alegre,RS,30395
cust_005810,santos,SP,77593
cust_005811,sorocaba,SP,55790
cust_005812,sorocaba,SP,50783
cust_005813,porto alegre,RS,62508
cust_005814,uberlandia,MG,27023
cust_005815,campinas,Unknown,26775
cust_005816,goiania,GO,4936
cust_005817,belo horizonte,MG,39314
cust_005818,sao paulo,SP,81916
cust_005819,sao paulo,SP,9379
cust_005820,sao luis,MA,47948
cust_005821,sorocaba,SP,85154
cust_005822,campinas,SP,87769
cust_005823,niteroi,RJ,93210
cust_005824,santos,SP,37648
cust_005825,florianopolis,SC,34243
cust_005826,joinville,SC,28321
cust_005827,florianopolis,SC,42094
cust_005828,uberlandia,MG,67037
cust_005829,porto alegre,RS,68245
cust_005830,campinas,SP,60829
cust_005831,goiania,GO,46860
cust_005832,sao paulo,SP,70719
cust_005833,santos,SP,34899
cust_005834,maceio,AL,10016
cust_005835,campo grande,MS,96205
cust_005836,duque de caxias,RJ,9251
cust_005837,rio de janeiro,RJ,85201
cust_005838,campinas,SP,57520
cust_005839,uberlandia,MG,98328
cust_005840,santos,SP,55278
cust_005841,santos,SP,6226
cust_005842,sorocaba,SP,10199
cust_005843,recife,PE,9545
cust_005844,sao luis,MA,43588
cust_005845,sao luis,MA,76173
cust_005846,florianopolis,SC,63726
cust_005847,sao paulo,SP,81601
cust_005848,campinas,SP,54660
cust_005849,rio de janeiro,RJ,13352
cust_005850,campinas,SP,19463
cust_005851,belo horizonte,MG,16863
cust_005852,campinas,SP,92852
cust_005853,recife,PE,80400
cust_005854,santos,SP,4401
cust_005855,sao paulo,SP,22512
cust_005856,curitiba,PR,27984
cust_005857,contagem,MG,71621
cust_005858,campinas,SP,7686
cust_005859,caxias do sul,RS,98017
cust_005860,belo horizonte,MG,29053
cust_005861,campinas,SP,85423
cust_005862,rio de janeiro,RJ,68843
cust_005863,belem,PA,38668
cust_005864,sao paulo,SP,3357
cust_005865,campinas,SP,55527
cust_005866,campinas,SP,4837
cust_005867,rio de janeiro,RJ,72064
cust_005868,sao luis,MA,21379
cust_005869,sorocaba,SP,95073
cust_005870,feira de santana,BA,3740
cust_005871,salvador,BA,35527
cust_005872,sorocaba,SP,39615
cust_005873,florianopolis,SC,77069
cust_005874,joao pessoa,PB,23784
cust_005875,cuiaba,MT,78192
cust_005876,contagem,MG,32892
cust_005877,sorocaba,SP,9074
cust_005878,campinas,SP,83883
cust_005879,santos,SP,20053
cust_005880,belo horizonte,MG,43787
cust_005881,sorocaba,SP,60966
cust_005882,porto alegre,RS,2489
cust_005883,florianopolis,SC,65069
cust_005884,sao paulo,SP,55134
cust_005885,fortaleza,CE,77919
cust_005886,santos,SP,11828
cust_005887,sorocaba,SP,88090
cust_005888,feira de santana,BA,6874
cust_005889,santos,SP,93924
cust_005890,sorocaba,SP,33403
cust_005891,sao luis,MA,8199
cust_005892,fortaleza,CE,27938
cust_005893,salvador,BA,50055
cust_005894,campinas,SP,12057
cust_005895,sorocaba,SP,30588
cust_005896,santos,SP,30544
cust_005897,sao paulo,SP,17201
cust_005898,sao luis,MA,48921
cust_005899,sao paulo,SP,3411
cust_005900,londrina,PR,25862
cust_005901,sorocaba,SP,15224
cust_005902,niteroi,RJ,4197
cust_005903,sorocaba,SP,48664
cust_005904,sorocaba,Unknown,89366
cust_005905,santos,Unknown,35633
cust_005906,belem,PA,65488
cust_005907,contagem,MG,15753
cust_005908,contagem,MG,70957
cust_005909,campinas,SP,68381
cust_005910,londrina,PR,41400
cust_005911,caxias do sul,RS,27905
cust_005912,niteroi,RJ,57760
cust_005913,porto alegre,RS,60842
cust_005914,goiania,GO,70594
cust_005915,campo grande,MS,20794
cust_005916,aracaju,SE,36312
cust_005917,duque de caxias,RJ,82677
cust_005918,sorocaba,SP,83295
cust_005919,sao paulo,SP,81419
cust_005920,campinas,SP,77463
cust_005921,sorocaba,SP,9203
cust_005922,sorocaba,SP,29421
cust_005923,porto alegre,RS,28993
cust_005924,duque de caxias,RJ,33946
cust_005925,contagem,MG,49272
cust_005926,sao luis,MA,19207
cust_005927,campinas,SP,79021
cust_005928,campinas,SP,50758
cust_005929,porto alegre,Unknown,9229
cust_005930,rio de janeiro,Unknown,81319
cust_005931,niteroi,RJ,31912
cust_005932,brasilia,DF,56836
cust_005933,sao paulo,SP,42462
cust_005934,belo horizonte,MG,36113
cust_005935,belem,PA,33829
cust_005936,rio de janeiro,RJ,41612
cust_005937,belo horizonte,MG,7768
cust_005938,sao paulo,SP,69565
cust_005939,santos,SP,65139
cust_005940,sorocaba,SP,51911
cust_005941,uberlandia,MG,88763
cust_005942,contagem,MG,55718
cust_005943,cuiaba,MT,39489
cust_005944,uberlandia,MG,61357
cust_005945,santos,SP,80126
cust_005946,salvador,BA,74115
cust_005947,campinas,SP,57640
cust_005948,porto alegre,RS,62939
cust_005949,santos,SP,98315
cust_005950,curitiba,PR,68747
cust_005951,belem,PA,70687
cust_005952,santos,SP,66945
cust_005953,duque de caxias,RJ,95599
cust_005954,duque de caxias,RJ,92719
cust_005955,campinas,SP,35118
cust_005956,sorocaba,SP,73907
cust_005957,porto alegre,RS,65596
cust_005958,santos,SP,55109
cust_005959,sorocaba,SP,52015
cust_005960,londrina,PR,89896
cust_005961,contagem,MG,91267
cust_005962,santos,SP,90138
cust_005963,campo grande,MS,31249
cust_005964,recife,PE,35799
cust_005965,campo grande,MS,9843
cust_005966,rio de janeiro,RJ,80724
cust_005967,campinas,SP,69064
cust_005968,sorocaba,SP,98263
cust_005969,cuiaba,MT,73911
cust_005970,recife,PE,21477
cust_005971,londrina,PR,30167
cust_005972,rio de janeiro,RJ,40299
cust_005973,campinas,SP,76115
cust_005974,caxias do sul,RS,42129
cust_005975,sorocaba,SP,96791
cust_005976,rio de janeiro,RJ,61446
cust_005977,porto alegre,RS,37368
cust_005978,curitiba,PR,96303
cust_005979,rio de janeiro,RJ,54706
cust_005980,londrina,PR,31254
cust_005981,sao paulo,Unknown,39722
cust_005982,santos,Unknown,75619
cust_005983,campinas,SP,9388
cust_005984,campinas,SP,78076
cust_005985,sorocaba,SP,11831
cust_005986,sorocaba,SP,69919
cust_005987,rio de janeiro,RJ,72359
cust_005988,rio de janeiro,RJ,59238
cust_005989,rio de janeiro,RJ,19309
cust_005990,curitiba,PR,57599
cust_005991,santos,SP,83129
cust_005992,campinas,SP,28922
cust_005993,campinas,SP,92035
cust_005994,santos,SP,14587
cust_005995,contagem,MG,89390
cust_005996,goiania,GO,34071
cust_005997,santos,SP,70317
cust_005998,santos,SP,23729
cust_005999,campinas,SP,62394
cust_006000,campinas,SP,65609
cust_006001,goiania,GO,49555
cust_006002,uberlandia,MG,85459
cust_006003,porto alegre,RS,90918
cust_006004,goiania,GO,16710
cust_006005,uberlandia,MG,81800
cust_006006,campinas,SP,66286
cust_006007,porto alegre,RS,52868
cust_006008,londrina,PR,13065
cust_006009,sao paulo,SP,60942
cust_006010,contagem,MG,38629
cust_006011,rio de janeiro,RJ,4748
cust_006012,campinas,SP,18145
cust_006013,caxias do sul,RS,9844
cust_006014,sorocaba,SP,30654
cust_006015,sorocaba,SP,18359
cust_006016,santos,SP,85998
cust_006017,uberlandia,MG,29377
cust_006018,brasilia,DF,42553
cust_006019,uberlandia,MG,74564
cust_006020,curitiba,PR,11751
cust_006021,sorocaba,SP,36156
cust_006022,uberlandia,MG,20695
cust_006023,sao paulo,SP,52254
cust_006024,rio de janeiro,RJ,84519
cust_006025,porto alegre,RS,55032
cust_006026,santos,SP,41605
cust_006027,recife,PE,9520
cust_006028,sorocaba,SP,93661
cust_006029,porto alegre,RS,46892
cust_006030,rio de janeiro,RJ,56560
cust_006031,curitiba,PR,50689
cust_006032,contagem,MG,51200
cust_006033,sao paulo,SP,10949
cust_006034,belem,PA,46160
cust_006035,uberlandia,MG,42598
cust_006036,duque de caxias,RJ,77571
cust_006037,caxias do sul,RS,43358
cust_006038,sao paulo,SP,83733
cust_006039,londrina,PR,65886
cust_006040,sao paulo,SP,13577
cust_006041,florianopolis,SC,88469
cust_006042,campinas,SP,41432
cust_006043,joinville,SC,70840
cust_006044,fortaleza,CE,28993
cust_006045,natal,RN,75394
cust_006046,joinville,SC,90038
cust_006047,caxias do sul,RS,3751
cust_006048,duque de caxias,RJ,73735
cust_006049,sorocaba,SP,75135
cust_006050,uberlandia,MG,29940
cust_006051,uberlandia,Unknown,40263
cust_006052,santos,SP,41428
cust_006053,porto alegre,RS,45252
cust_006054,campinas,SP,42501
cust_006055,uberlandia,MG,90474
cust_006056,rio de janeiro,RJ,93248
cust_006057,goiania,GO,94443
cust_006058,campinas,SP,47894
cust_006059,campinas,SP,69907
cust_006060,niteroi,RJ,2824
cust_006061,niteroi,RJ,2805
cust_006062,sao paulo,SP,73277
cust_006063,uberlandia,MG,66727
cust_006064,fortaleza,CE,10557
cust_006065,curitiba,PR,66661
cust_006066,santos,SP,63442
cust_006067,santos,SP,74879
cust_006068,contagem,MG,51835
cust_006069,caxias do sul,RS,76331
cust_006070,natal,RN,76507
cust_006071,santos,SP,59851
cust_006072,rio de janeiro,RJ,55463
cust_006073,joao pessoa,PB,79943
cust_006074,santos,SP,18347
cust_006075,sao luis,MA,98312
cust_006076,niteroi,RJ,89501
cust_006077,caxias do sul,RS,53848
cust_006078,duque de caxias,RJ,90428
cust_006079,brasilia,DF,72471
cust_006080,fortaleza,CE,42647
cust_006081,campinas,SP,43747
cust_006082,londrina,PR,61331
cust_006083,campinas,SP,25816
cust_006084,santos,SP,55689
cust_006085,duque de caxias,RJ,41697
cust_006086,uberlandia,MG,53888
cust_006087,santos,SP,41161
cust_006088,santos,SP,9929
cust_006089,sorocaba,SP,71951
cust_006090,sao paulo,SP,49903
cust_006091,santos,SP,20421
cust_006092,santos,SP,23289
cust_006093,feira de santana,BA,52086
cust_006094,santos,SP,79986
cust_006095,fortaleza,CE,26220
cust_006096,sao paulo,SP,85030
cust_006097,duque de caxias,RJ,79931
cust_006098,sorocaba,SP,2849
cust_006099,sorocaba,SP,14637
cust_006100,belo horizonte,MG,73936
cust_006101,sao paulo,SP,55666
cust_006102,sao paulo,SP,12369
cust_006103,campinas,SP,99087
cust_006104,florianopolis,SC,1975
cust_006105,sorocaba,SP,40924
cust_006106,santos,SP,2354
cust_006107,campinas,Unknown,90760
cust_006108,belo horizonte,MG,47134
cust_006109,maceio,AL,62509
cust_006110,campinas,SP,81596
cust_006111,sao paulo,SP,26904
cust_006112,niteroi,RJ,31828
cust_006113,vitoria,ES,63247
cust_006114,santos,SP,92537
cust_006115,florianopolis,SC,19517
cust_006116,curitiba,PR,42691
cust_006117,sorocaba,SP,27265
cust_006118,florianopolis,SC,19676
cust_006119,belo horizonte,Unknown,20656
cust_006120,santos,SP,46448
cust_006121,sao paulo,SP,11932
cust_006122,sorocaba,SP,63068
cust_006123,sao paulo,SP,19219
cust_006124,londrina,PR,51064
cust_006125,uberlandia,MG,24118
cust_006126,salvador,BA,44625
cust_006127,duque de caxias,RJ,15574
cust_006128,sorocaba,SP,19656
cust_006129,sao paulo,SP,33570
cust_006130,joinville,SC,70234
cust_006131,campinas,SP,42973
cust_006132,campinas,SP,35688
cust_006133,caxias do sul,RS,57968
cust_006134,curitiba,PR,97086
cust_006135,campinas,SP,81138
cust_006136,belo horizonte,MG,40662
cust_006137,santos,SP,51477
cust_006138,londrina,PR,22934
cust_006139,londrina,PR,73184
cust_006140,londrina,PR,86104
cust_006141,santos,SP,86227
cust_006142,belo horizonte,MG,21659
cust_006143,sao paulo,SP,75138
cust_006144,niteroi,RJ,17643
cust_006145,joao pessoa,PB,1962
cust_006146,campinas,SP,72132
cust_006147,belo horizonte,MG,43084
cust_006148,santos,SP,30516
cust_006149,niteroi,RJ,50973
cust_006150,niteroi,RJ,42317
cust_006151,duque de caxias,RJ,25051
cust_006152,uberlandia,MG,45653
cust_006153,sao luis,MA,4520
cust_006154,joinville,SC,78570
cust_006155,cuiaba,MT,93756
cust_006156,santos,SP,57854
cust_006157,maceio,AL,62482
cust_006158,sorocaba,SP,74396
cust_006159,santos,SP,49088
cust_006160,niteroi,RJ,98760
cust_006161,sao paulo,SP,29591
cust_006162,londrina,PR,71384
cust_006163,santos,SP,28893
cust_006164,duque de caxias,RJ,28606
cust_006165,santos,SP,43878
cust_006166,santos,SP,76927
cust_006167,goiania,Unknown,41404
cust_006168,duque de caxias,RJ,85141
cust_006169,sorocaba,SP,38923
cust_006170,curitiba,PR,43648
cust_006171,brasilia,DF,52505
cust_006172,rio de janeiro,RJ,66293
cust_006173,sorocaba,SP,44172
cust_006174,maceio,AL,49548
cust_006175,sao paulo,SP,7102
cust_006176,sorocaba,SP,13627
cust_006177,sao paulo,SP,14883
cust_006178,campinas,SP,73150
cust_006179,vitoria,ES,37457
cust_006180,vitoria,ES,44920
cust_006181,duque de caxias,RJ,54227
cust_006182,porto alegre,RS,35294
cust_006183,salvador,BA,13380
cust_006184,contagem,MG,47305
cust_006185,caxias do sul,RS,35071
cust_006186,campo grande,MS,58622
cust_006187,sorocaba,SP,63280
cust_006188,campinas,SP,75929
cust_006189,londrina,PR,51885
cust_006190,caxias do sul,Unknown,90959
cust_006191,campinas,SP,99866
cust_006192,santos,SP,68740
cust_006193,porto alegre,RS,93231
cust_006194,niteroi,RJ,99433
cust_006195,recife,PE,83696
cust_006196,feira de santana,BA,16591
cust_006197,rio de janeiro,RJ,67589
cust_006198,porto alegre,RS,16279
cust_006199,uberlandia,MG,30139
cust_006200,santos,SP,79252
cust_006201,duque de caxias,RJ,54540
cust_006202,niteroi,RJ,63717
cust_006203,recife,PE,40301
cust_006204,recife,PE,86348
cust_006205,sao paulo,SP,35404
cust_006206,brasilia,DF,68214
cust_006207,contagem,MG,77572
cust_006208,sao paulo,SP,2246
cust_006209,santos,SP,84772
cust_006210,recife,PE,67596
cust_006211,sorocaba,SP,20466
cust_006212,caxias do sul,Unknown,21953
cust_006213,belo horizonte,MG,7890
cust_006214,uberlandia,MG,45246
cust_006215,rio de janeiro,RJ,6580
cust_006216,niteroi,RJ,69459
cust_006217,fortaleza,CE,8232
cust_006218,sorocaba,SP,65971
cust_006219,campinas,SP,73483
cust_006220,sorocaba,SP,38871
cust_006221,curitiba,PR,35612
cust_006222,rio de janeiro,RJ,71592
cust_006223,londrina,PR,90320
cust_006224,sorocaba,SP,94470
cust_006225,uberlandia,MG,62570
cust_006226,goiania,GO,23846
cust_006227,duque de caxias,RJ,35800
cust_006228,contagem,MG,12824
cust_006229,porto alegre,RS,3794
cust_006230,londrina,PR,14366
cust_006231,campinas,SP,77373
cust_006232,belo horizonte,MG,46303
cust_006233,sorocaba,SP,57102
cust_006234,campinas,SP,30525
cust_006235,duque de caxias,RJ,6961
cust_006236,campinas,SP,47279
cust_006237,santos,Unknown,43946
cust_006238,curitiba,PR,9349
cust_006239,uberlandia,MG,66690
cust_006240,campinas,SP,25446
cust_006241,sao paulo,SP,51035
cust_006242,contagem,MG,35368
cust_006243,niteroi,RJ,10463
cust_006244,londrina,PR,93449
cust_006245,rio de janeiro,RJ,63074
cust_006246,brasilia,DF,30406
cust_006247,campinas,SP,23552
cust_006248,contagem,MG,5771
cust_006249,sao paulo,Unknown,77829
cust_006250,sao paulo,SP,31791
cust_006251,vitoria,ES,22752
cust_006252,goiania,GO,93750
cust_006253,sorocaba,SP,99873
cust_006254,sao paulo,SP,43296
cust_006255,goiania,GO,60306
cust_006256,campinas,SP,82037
cust_006257,belem,PA,60990
cust_006258,sao paulo,SP,27458
cust_006259,campinas,SP,76363
cust_006260,sorocaba,SP,14441
cust_006261,niteroi,RJ,55158
cust_006262,campinas,SP,50168
cust_006263,duque de caxias,RJ,59812
cust_006264,belem,PA,70473
cust_006265,campinas,SP,6903
cust_006266,uberlandia,MG,84674
cust_006267,santos,SP,31082
cust_006268,contagem,MG,24862
cust_006269,santos,SP,53744
cust_006270,caxias do sul,RS,98677
cust_006271,joinville,SC,83639
cust_006272,goiania,GO,49434
cust_006273,belem,PA,59207
cust_006274,sorocaba,SP,50725
cust_006275,campinas,Unknown,68703
cust_006276,sao paulo,SP,85995
cust_006277,curitiba,PR,14956
cust_006278,sorocaba,SP,41322
cust_006279,joinville,SC,57224
cust_006280,campo grande,MS,75979
cust_006281,sao paulo,SP,10477
cust_006282,campinas,SP,57197
cust_006283,rio de janeiro,RJ,77701
cust_006284,niteroi,RJ,14405
cust_006285,duque de caxias,RJ,18021
cust_006286,sao paulo,SP,4260
cust_006287,recife,PE,85179
cust_006288,caxias do sul,RS,93485
cust_006289,sorocaba,SP,47446
cust_006290,sorocaba,SP,86781
cust_006291,londrina,PR,59866
cust_006292,sao paulo,SP,98370
cust_006293,goiania,GO,11739
cust_006294,niteroi,RJ,67743
cust_006295,belem,PA,72720
cust_006296,florianopolis,SC,64926
cust_006297,recife,PE,49958
cust_006298,curitiba,PR,21644
cust_006299,contagem,MG,17771
cust_006300,sao paulo,SP,64587
cust_006301,londrina,PR,58369
cust_006302,belo horizonte,MG,49351
cust_006303,niteroi,RJ,4867
cust_006304,uberlandia,MG,38355
cust_006305,sao paulo,SP,86893
cust_006306,campinas,SP,68562
cust_006307,santos,SP,76222
cust_006308,santos,SP,9414
cust_006309,rio de janeiro,RJ,45797
cust_006310,brasilia,DF,50884
cust_006311,rio de janeiro,RJ,78076
cust_006312,fortaleza,CE,76052
cust_006313,sao luis,MA,10600
cust_006314,santos,SP,83167
cust_006315,belo horizonte,MG,4978
cust_006316,santos,SP,49511
cust_006317,brasilia,DF,25520
cust_006318,duque de caxias,RJ,35905
cust_006319,santos,SP,43243
cust_006320,campinas,SP,57664
cust_006321,caxias do sul,RS,4222
cust_006322,sorocaba,SP,13696
cust_006323,santos,SP,69243
cust_006324,goiania,GO,10056
cust_006325,santos,SP,25186
cust_006326,caxias do sul,RS,82093
cust_006327,porto alegre,RS,22028
cust_006328,sao paulo,SP,13523
cust_006329,santos,SP,48395
cust_006330,campinas,SP,42309
cust_006331,sao luis,MA,13383
cust_006332,caxias do sul,RS,41762
cust_006333,campinas,SP,85004
cust_006334,feira de santana,BA,98322
cust_006335,santos,SP,7497
cust_006336,campinas,SP,70812
cust_006337,sorocaba,SP,69103
cust_006338,curitiba,PR,76886
cust_006339,santos,SP,77082
cust_006340,uberlandia,MG,67320
cust_006341,santos,SP,87158
cust_006342,florianopolis,SC,27978
cust_006343,florianopolis,SC,13647
cust_006344,campinas,SP,36750
cust_006345,santos,SP,20377
cust_006346,contagem,MG,19140
cust_006347,sorocaba,Unknown,5376
cust_006348,santos,SP,54671
cust_006349,belo horizonte,MG,82568
cust_006350,duque de caxias,RJ,8713
cust_006351,joinville,SC,66381
cust_006352,santos,SP,90481
cust_006353,sao paulo,SP,48491
cust_006354,belo horizonte,MG,20448
cust_006355,caxias do sul,RS,67591
cust_006356,sao paulo,SP,22136
cust_006357,niteroi,Unknown,13853
cust_006358,sorocaba,SP,48972
cust_006359,rio de janeiro,RJ,2431
cust_006360,campo grande,Unknown,32657
cust_006361,campinas,SP,78636
cust_006362,contagem,MG,17487
cust_006363,campinas,SP,52099
cust_006364,sorocaba,SP,98579
cust_006365,curitiba,PR,22600
cust_006366,uberlandia,MG,28684
cust_006367,campinas,SP,70484
cust_006368,niteroi,RJ,74212
cust_006369,sao paulo,SP,49250
cust_006370,santos,SP,72881
cust_006371,curitiba,PR,63472
cust_006372,sorocaba,SP,25212
cust_006373,duque de caxias,RJ,82481
cust_006374,niteroi,RJ,28490
cust_006375,brasilia,DF,68034
cust_006376,santos,SP,53932
cust_006377,niteroi,RJ,54064
cust_006378,sorocaba,SP,86241
cust_006379,sorocaba,SP,90732
cust_006380,sorocaba,SP,74213
cust_006381,porto alegre,RS,60133
cust_006382,santos,SP,31001
cust_006383,vitoria,ES,72373
cust_006384,rio de janeiro,Unknown,5275
cust_006385,salvador,BA,11120
cust_006386,campinas,SP,61132
cust_006387,campinas,SP,28025
cust_006388,londrina,PR,48097
cust_006389,sao paulo,SP,94252
cust_006390,niteroi,RJ,35044
cust_006391,feira de santana,BA,42796
cust_006392,belo horizonte,MG,64974
cust_006393,feira de santana,BA,73949
cust_006394,sao paulo,SP,95215
cust_006395,uberlandia,Unknown,32498
cust_006396,contagem,MG,90444
cust_006397,uberlandia,MG,22779
cust_006398,uberlandia,MG,66900
cust_006399,curitiba,PR,8899
cust_006400,brasilia,DF,95968
cust_006401,campinas,SP,79113
cust_006402,sao paulo,SP,40166
cust_006403,sao paulo,SP,90141
cust_006404,campinas,SP,11004
cust_006405,contagem,MG,37057
cust_006406,sorocaba,SP,45774
cust_006407,sao paulo,SP,66303
cust_006408,fortaleza,CE,66378
cust_006409,recife,Unknown,6213
cust_006410,rio de janeiro,RJ,80339
cust_006411,duque de caxias,RJ,15252
cust_006412,sorocaba,SP,93860
cust_006413,niteroi,RJ,41488
cust_006414,santos,SP,52197
cust_006415,santos,SP,39711
cust_006416,curitiba,PR,37932
cust_006417,duque de caxias,RJ,45567
cust_006418,sao paulo,SP,28884
cust_006419,porto alegre,RS,90590
cust_006420,rio de janeiro,RJ,61077
cust_006421,sao paulo,SP,45900
cust_006422,santos,SP,69582
cust_006423,campinas,SP,6753
cust_006424,niteroi,RJ,63606
cust_006425,sao paulo,SP,17784
cust_006426,campinas,SP,20318
cust_006427,salvador,Unknown,66214
cust_006428,salvador,BA,45173
cust_006429,niteroi,RJ,18531
cust_006430,salvador,BA,8353
cust_006431,duque de caxias,RJ,61358
cust_006432,campinas,SP,52517
cust_006433,duque de caxias,RJ,24521
cust_006434,santos,SP,22205
cust_006435,duque de caxias,RJ,74517
cust_006436,sao luis,Unknown,89027
cust_006437,santos,SP,93752
cust_006438,campinas,SP,81012
cust_006439,sao paulo,SP,24475
cust_006440,goiania,GO,73413
cust_006441,sao paulo,SP,39218
cust_006442,fortaleza,CE,12128
cust_006443,sorocaba,SP,17785
cust_006444,londrina,PR,45232
cust_006445,sao paulo,SP,28750
cust_006446,sao paulo,SP,18840
cust_006447,sorocaba,SP,77310
cust_006448,sao paulo,SP,5333
cust_006449,santos,SP,95583
cust_006450,campinas,SP,40844
cust_006451,contagem,MG,33417
cust_006452,belo horizonte,MG,32059
cust_006453,sao paulo,SP,67736
cust_006454,porto alegre,RS,91902
cust_006455,londrina,PR,27684
cust_006456,natal,RN,92680
cust_006457,duque de caxias,RJ,90965
cust_006458,santos,SP,93546
cust_006459,sao luis,MA,62151
cust_006460,vitoria,ES,2418
cust_006461,belem,PA,31728
cust_006462,uberlandia,MG,52369
cust_006463,belo horizonte,MG,79834
cust_006464,belem,PA,2805
cust_006465,rio de janeiro,RJ,58618
cust_006466,sao paulo,SP,60842
cust_006467,joao pessoa,PB,5094
cust_006468,brasilia,DF,51333
cust_006469,sao paulo,SP,42319
cust_006470,santos,SP,43607
cust_006471,goiania,GO,74819
cust_006472,campinas,SP,6209
cust_006473,porto alegre,RS,75339
cust_006474,sao paulo,SP,11382
cust_006475,santos,SP,71272
cust_006476,londrina,PR,31989
cust_006477,natal,RN,52541
cust_006478,rio de janeiro,RJ,24958
cust_006479,sorocaba,SP,98365
cust_006480,sao paulo,SP,18704
cust_006481,sorocaba,SP,41659
cust_006482,vitoria,ES,85276
cust_006483,santos,SP,38560
cust_006484,cuiaba,MT,3820
cust_006485,brasilia,DF,20876
cust_006486,duque de caxias,RJ,22569
cust_006487,sao paulo,SP,8927
cust_006488,sao luis,MA,91785
cust_006489,santos,SP,82941
cust_006490,brasilia,DF,87298
cust_006491,sao paulo,SP,55496
cust_006492,campinas,SP,36168
cust_006493,sao paulo,SP,85725
cust_006494,sao paulo,SP,80636
cust_006495,caxias do sul,RS,72931
cust_006496,contagem,MG,16071
cust_006497,campinas,SP,84428
cust_006498,niteroi,RJ,64401
cust_006499,santos,SP,70260
cust_006500,belem,PA,88434
cust_006501,recife,PE,27443
cust_006502,uberlandia,MG,47724
cust_006503,campo grande,MS,34595
cust_006504,santos,SP,17520
cust_006505,campinas,SP,51433
cust_006506,campinas,SP,58300
cust_006507,feira de santana,BA,27589
cust_006508,sao paulo,SP,75068
cust_006509,brasilia,DF,30907
cust_006510,niteroi,RJ,86695
cust_006511,campinas,SP,73943
cust_006512,rio de janeiro,RJ,38533
cust_006513,belo horizonte,MG,73777
cust_006514,rio de janeiro,RJ,29123
cust_006515,feira de santana,BA,60102
cust_006516,contagem,MG,68871
cust_006517,santos,SP,20930
cust_006518,caxias do sul,RS,25736
cust_006519,sorocaba,SP,13375
cust_006520,salvador,BA,25034
cust_006521,sorocaba,SP,70173
cust_006522,caxias do sul,Unknown,19053
cust_006523,sao paulo,Unknown,88695
cust_006524,sorocaba,SP,37381
cust_006525,contagem,MG,30764
cust_006526,sorocaba,SP,44485
cust_006527,uberlandia,MG,63832
cust_006528,duque de caxias,RJ,72760
cust_006529,sorocaba,SP,67837
cust_006530,santos,SP,11666
cust_006531,caxias do sul,RS,87434
cust_006532,rio de janeiro,Unknown,43168
cust_006533,niteroi,RJ,86188
cust_006534,sao paulo,SP,66125
cust_006535,santos,SP,8120
cust_006536,porto alegre,RS,54949
cust_006537,recife,PE,83352
cust_006538,belo horizonte,MG,79007
cust_006539,duque de caxias,RJ,72828
cust_006540,duque de caxias,RJ,89338
cust_006541,porto alegre,RS,56772
cust_006542,florianopolis,SC,22061
cust_006543,sao paulo,SP,1277
cust_006544,porto alegre,RS,90955
cust_006545,santos,SP,65149
cust_006546,sorocaba,SP,88650
cust_006547,campinas,SP,79561
cust_006548,sao paulo,SP,37020
cust_006549,campinas,SP,17622
cust_006550,campinas,SP,81517
cust_006551,santos,SP,85695
cust_006552,santos,SP,52007
cust_006553,sorocaba,SP,25560
cust_006554,santos,SP,81272
cust_006555,salvador,BA,84116
cust_006556,rio de janeiro,RJ,75052
cust_006557,sorocaba,SP,53137
cust_006558,sao paulo,SP,96276
cust_006559,rio de janeiro,RJ,94621
cust_006560,campinas,SP,22889
cust_006561,sorocaba,SP,31964
cust_006562,campinas,SP,73869
cust_006563,niteroi,RJ,16264
cust_006564,caxias do sul,RS,2375
cust_006565,niteroi,RJ,52018
cust_006566,sorocaba,SP,92251
cust_006567,sao paulo,SP,87950
cust_006568,recife,PE,20691
cust_006569,caxias do sul,RS,23423
cust_006570,contagem,MG,37969
cust_006571,fortaleza,Unknown,92698
cust_006572,rio de janeiro,RJ,84464
cust_006573,sorocaba,SP,90756
cust_006574,caxias do sul,RS,48287
cust_006575,sao paulo,SP,8741
cust_006576,porto alegre,RS,66713
cust_006577,sao paulo,SP,90236
cust_006578,sorocaba,SP,36782
cust_006579,campinas,SP,24767
cust_006580,sorocaba,SP,55984
cust_006581,uberlandia,MG,24773
cust_006582,sorocaba,SP,84699
cust_006583,santos,SP,40760
cust_006584,campinas,SP,89359
cust_006585,joinville,SC,60718
cust_006586,florianopolis,SC,46172
cust_006587,porto alegre,RS,45992
cust_006588,niteroi,RJ,72293
cust_006589,duque de caxias,RJ,25243
cust_006590,campinas,SP,47254
cust_006591,sorocaba,SP,86545
cust_006592,campinas,SP,94024
cust_006593,brasilia,DF,5276
cust_006594,niteroi,RJ,73027
cust_006595,santos,Unknown,84291
cust_006596,niteroi,RJ,43696
cust_006597,santos,SP,24061
cust_006598,duque de caxias,RJ,50312
cust_006599,porto alegre,RS,90211
cust_006600,salvador,BA,19129
cust_006601,porto alegre,RS,32351
cust_006602,recife,PE,94158
cust_006603,santos,SP,66494
cust_006604,uberlandia,MG,26250
cust_006605,recife,PE,68187
cust_006606,campinas,SP,18953
cust_006607,florianopolis,SC,72286
cust_006608,vitoria,ES,45759
cust_006609,contagem,MG,88454
cust_006610,santos,SP,72889
cust_006611,santos,SP,12952
cust_006612,caxias do sul,RS,68587
cust_006613,goiania,GO,66336
cust_006614,sao paulo,SP,26202
cust_006615,sorocaba,SP,52143
cust_006616,sao paulo,SP,27229
cust_006617,sorocaba,SP,74180
cust_006618,londrina,PR,24327
cust_006619,niteroi,RJ,41425
cust_006620,duque de caxias,RJ,60718
cust_006621,contagem,MG,5696
cust_006622,niteroi,RJ,95752
cust_006623,porto alegre,RS,5134
cust_006624,sorocaba,SP,89050
cust_006625,sorocaba,SP,65479
cust_006626,salvador,BA,50945
cust_006627,rio de janeiro,RJ,49390
cust_006628,santos,SP,38405
cust_006629,duque de caxias,RJ,72266
cust_006630,contagem,MG,40177
cust_006631,sao paulo,SP,53107
cust_006632,rio de janeiro,RJ,80814
cust_006633,sao paulo,SP,65489
cust_006634,brasilia,DF,65408
cust_006635,belo horizonte,MG,57328
cust_006636,feira de santana,BA,5085
cust_006637,curitiba,PR,7726
cust_006638,salvador,BA,8488
cust_006639,santos,SP,27884
cust_006640,campinas,SP,48653
cust_006641,recife,PE,24755
cust_006642,recife,PE,53699
cust_006643,goiania,GO,87676
cust_006644,joao pessoa,PB,96099
cust_006645,belo horizonte,Unknown,66073
cust_006646,duque de caxias,RJ,14966
cust_006647,florianopolis,SC,74715
cust_006648,santos,SP,80960
cust_006649,florianopolis,SC,78651
cust_006650,feira de santana,BA,89653
cust_006651,uberlandia,MG,1442
cust_006652,sorocaba,SP,38384
cust_006653,belo horizonte,MG,59436
cust_006654,fortaleza,CE,17018
cust_006655,campinas,SP,40365
cust_006656,campinas,SP,25384
cust_006657,caxias do sul,RS,22513
cust_006658,salvador,BA,66614
cust_006659,belo horizonte,MG,66928
cust_006660,contagem,MG,7909
cust_006661,sao paulo,SP,68604
cust_006662,rio de janeiro,RJ,88673
cust_006663,recife,PE,4993
cust_006664,campinas,SP,75903
cust_006665,sorocaba,SP,70573
cust_006666,sorocaba,SP,79649
cust_006667,sorocaba,SP,96380
cust_006668,sao paulo,SP,74291
cust_006669,florianopolis,SC,36536
cust_006670,niteroi,RJ,13741
cust_006671,contagem,MG,90567
cust_006672,niteroi,RJ,73357
cust_006673,goiania,GO,45174
cust_006674,santos,Unknown,60319
cust_006675,sorocaba,SP,53727
cust_006676,sao paulo,SP,6045
cust_006677,sao luis,MA,26136
cust_006678,caxias do sul,RS,29178
cust_006679,uberlandia,MG,62369
cust_006680,sao paulo,SP,42886
cust_006681,campinas,SP,42837
cust_006682,cuiaba,MT,54747
cust_006683,rio de janeiro,RJ,89121
cust_006684,porto alegre,RS,18872
cust_006685,feira de santana,BA,12252
cust_006686,belo horizonte,MG,53194
cust_006687,sorocaba,SP,85766
cust_006688,sao paulo,SP,95801
cust_006689,sao paulo,SP,33929
cust_006690,sao luis,MA,36107
cust_006691,feira de santana,BA,83386
cust_006692,santos,SP,15996
cust_006693,recife,PE,36878
cust_006694,campinas,SP,47402
cust_006695,sao paulo,SP,30289
cust_006696,campinas,SP,45607
cust_006697,goiania,GO,98878
cust_006698,sao paulo,SP,91801
cust_006699,sorocaba,SP,38911
cust_006700,campinas,SP,46772
cust_006701,sorocaba,SP,92533
cust_006702,duque de caxias,RJ,25089
cust_006703,campinas,SP,57458
cust_006704,joinville,SC,23223
cust_006705,campo grande,MS,63782
cust_006706,campinas,SP,4420
cust_006707,belem,PA,22127
cust_006708,salvador,BA,74396
cust_006709,recife,PE,69689
cust_006710,sorocaba,SP,27513
cust_006711,feira de santana,Unknown,21144
cust_006712,belo horizonte,MG,79006
cust_006713,campinas,SP,98031
cust_006714,londrina,PR,55481
cust_006715,sao paulo,SP,72417
cust_006716,joinville,SC,71452
cust_006717,contagem,MG,90227
cust_006718,niteroi,RJ,21114
cust_006719,sao paulo,SP,57266
cust_006720,recife,PE,16344
cust_006721,sorocaba,SP,33959
cust_006722,feira de santana,Unknown,42396
cust_006723,caxias do sul,RS,93330
cust_006724,sorocaba,SP,36321
cust_006725,rio de janeiro,RJ,3576
cust_006726,campo grande,MS,51107
cust_006727,belem,PA,43086
cust_006728,santos,SP,75080
cust_006729,sorocaba,SP,1275
cust_006730,santos,SP,90975
cust_006731,londrina,PR,74288
cust_006732,sorocaba,SP,59836
cust_006733,santos,SP,86127
cust_006734,sao paulo,SP,23360
cust_006735,campo grande,MS,40606
cust_006736,sao paulo,SP,30245
cust_006737,londrina,PR,28243
cust_006738,santos,SP,90658
cust_006739,belo horizonte,MG,90480
cust_006740,belo horizonte,MG,21753
cust_006741,fortaleza,CE,25702
cust_006742,caxias do sul,RS,10397
cust_006743,campinas,SP,16255
cust_006744,santos,SP,92193
cust_006745,santos,SP,20017
cust_006746,sao paulo,SP,3639
cust_006747,sao luis,Unknown,87584
cust_006748,duque de caxias,RJ,75141
cust_006749,goiania,Unknown,71500
cust_006750,sao paulo,SP,15414
cust_006751,goiania,GO,2876
cust_006752,recife,PE,66970
cust_006753,uberlandia,MG,56008
cust_006754,santos,SP,19457
cust_006755,goiania,GO,45916
cust_006756,recife,PE,89816
cust_006757,sorocaba,SP,90543
cust_006758,vitoria,ES,5936
cust_006759,goiania,GO,4356
cust_006760,sorocaba,SP,31144
cust_006761,santos,Unknown,75239
cust_006762,santos,SP,78519
cust_006763,niteroi,RJ,52821
cust_006764,recife,PE,57163
cust_006765,goiania,GO,47657
cust_006766,campinas,SP,42765
cust_006767,niteroi,RJ,13404
cust_006768,duque de caxias,RJ,44117
cust_006769,niteroi,RJ,98499
cust_006770,caxias do sul,RS,50728
cust_006771,uberlandia,MG,59877
cust_006772,santos,SP,99491
cust_006773,sorocaba,SP,3824
cust_006774,recife,PE,67690
cust_006775,campinas,SP,26165
cust_006776,niteroi,RJ,49218
cust_006777,sao luis,MA,2135
cust_006778,brasilia,DF,32862
cust_006779,porto alegre,RS,54720
cust_006780,santos,SP,50876
cust_006781,belo horizonte,MG,40053
cust_006782,contagem,Unknown,92338
cust_006783,sorocaba,SP,22518
cust_006784,sorocaba,SP,22678
cust_006785,campinas,SP,57611
cust_006786,duque de caxias,RJ,35202
cust_006787,cuiaba,MT,28819
cust_006788,londrina,PR,7434
cust_006789,campinas,SP,52664
cust_006790,sorocaba,SP,63293
cust_006791,niteroi,RJ,57308
cust_006792,niteroi,RJ,76933
cust_006793,sorocaba,SP,66637
cust_006794,vitoria,ES,63569
cust_006795,fortaleza,CE,32110
cust_006796,belem,PA,81370
cust_006797,rio de janeiro,RJ,89126
cust_006798,salvador,BA,77303
cust_006799,porto alegre,Unknown,11385
cust_006800,niteroi,RJ,97273
cust_006801,santos,SP,55714
cust_006802,sorocaba,SP,45791
cust_006803,sao paulo,SP,23457
cust_006804,recife,PE,9322
cust_006805,caxias do sul,RS,83921
cust_006806,natal,RN,54003
cust_006807,belo horizonte,MG,91564
cust_006808,sao paulo,SP,77329
cust_006809,niteroi,RJ,81152
cust_006810,campinas,SP,41287
cust_006811,recife,PE,38071
cust_006812,santos,SP,45473
cust_006813,sao paulo,SP,1541
cust_006814,niteroi,RJ,73997
cust_006815,feira de santana,BA,89894
cust_006816,rio de janeiro,RJ,2667
cust_006817,campinas,SP,89341
cust_006818,londrina,PR,66070
cust_006819,campinas,SP,55800
cust_006820,uberlandia,MG,71013
cust_006821,belo horizonte,MG,3120
cust_006822,campinas,SP,97095
cust_006823,duque de caxias,RJ,87155
cust_006824,sorocaba,SP,73264
cust_006825,sorocaba,SP,33824
cust_006826,belo horizonte,MG,13957
cust_006827,sao paulo,SP,31052
cust_006828,santos,SP,50331
cust_006829,porto alegre,RS,98718
cust_006830,curitiba,PR,41188
cust_006831,brasilia,DF,73208
cust_006832,goiania,Unknown,40691
cust_006833,rio de janeiro,RJ,7212
cust_006834,sao paulo,SP,78723
cust_006835,belo horizonte,MG,34461
cust_006836,joinville,SC,58528
cust_006837,niteroi,RJ,34009
cust_006838,maceio,Unknown,73355
cust_006839,contagem,MG,81734
cust_006840,sao paulo,SP,74833
cust_006841,joinville,SC,89919
cust_006842,sao paulo,SP,69144
cust_006843,vitoria,ES,53305
cust_006844,sorocaba,SP,76018
cust_006845,porto alegre,RS,68670
cust_006846,contagem,Unknown,22637
cust_006847,santos,SP,30101
cust_006848,curitiba,PR,10772
cust_006849,sao paulo,SP,76627
cust_006850,santos,SP,16964
cust_006851,sao paulo,SP,9507
cust_006852,feira de santana,BA,81065
cust_006853,brasilia,DF,5951
cust_006854,santos,SP,95649
cust_006855,feira de santana,BA,22882
cust_006856,recife,PE,93745
cust_006857,sorocaba,SP,66035
cust_006858,aracaju,SE,2270
cust_006859,campinas,SP,78255
cust_006860,brasilia,DF,99511
cust_006861,uberlandia,MG,92487
cust_006862,cuiaba,MT,88765
cust_006863,sorocaba,SP,24918
cust_006864,sorocaba,SP,20685
cust_006865,salvador,BA,31839
cust_006866,porto alegre,RS,56182
cust_006867,contagem,MG,77964
cust_006868,uberlandia,MG,98475
cust_006869,porto alegre,RS,48678
cust_006870,sorocaba,SP,47627
cust_006871,sorocaba,SP,85124
cust_006872,campinas,SP,95389
cust_006873,campinas,SP,43437
cust_006874,brasilia,DF,54836
cust_006875,santos,SP,26741
cust_006876,rio de janeiro,RJ,35091
cust_006877,sorocaba,SP,76381
cust_006878,goiania,GO,16892
cust_006879,campinas,SP,29422
cust_006880,sorocaba,SP,11303
cust_006881,feira de santana,BA,26088
cust_006882,campinas,SP,70961
cust_006883,florianopolis,SC,85934
cust_006884,sao paulo,SP,33429
cust_006885,joinville,SC,89876
cust_006886,sao paulo,SP,41365
cust_006887,sorocaba,SP,27315
cust_006888,niteroi,RJ,93782
cust_006889,contagem,MG,51881
cust_006890,salvador,BA,20784
cust_006891,campinas,SP,22933
cust_006892,belo horizonte,MG,37953
cust_006893,campinas,SP,11752
cust_006894,joinville,SC,91046
cust_006895,belem,PA,62239
cust_006896,sorocaba,SP,94117
cust_006897,campinas,SP,24723
cust_006898,joinville,SC,80471
cust_006899,goiania,GO,67924
cust_006900,belo horizonte,MG,38930
cust_006901,rio de janeiro,RJ,35641
cust_006902,curitiba,PR,13420
cust_006903,sao paulo,SP,80121
cust_006904,maceio,AL,79150
cust_006905,brasilia,DF,56489
cust_006906,recife,PE,84063
cust_006907,brasilia,DF,62393
cust_006908,belem,PA,71768
cust_006909,sao paulo,SP,99719
cust_006910,fortaleza,CE,34401
cust_006911,sao paulo,SP,65711
cust_006912,sorocaba,SP,65589
cust_006913,campinas,SP,90889
cust_006914,sorocaba,SP,70524
cust_006915,duque de caxias,RJ,27375
cust_006916,duque de caxias,RJ,88854
cust_006917,sao paulo,SP,81542
cust_006918,sao paulo,SP,14776
cust_006919,santos,SP,74007
cust_006920,caxias do sul,RS,27118
cust_006921,belo horizonte,MG,27856
cust_006922,caxias do sul,RS,40965
cust_006923,florianopolis,SC,32117
cust_006924,porto alegre,RS,81352
cust_006925,santos,SP,20314
cust_006926,niteroi,RJ,89475
cust_006927,niteroi,RJ,6458
cust_006928,campinas,SP,28562
cust_006929,recife,PE,45799
cust_006930,campinas,SP,50909
cust_006931,sao luis,MA,88605
cust_006932,sorocaba,SP,61162
cust_006933,curitiba,PR,53372
cust_006934,santos,SP,17381
cust_006935,fortaleza,CE,5228
cust_006936,salvador,BA,79444
cust_006937,santos,SP,57973
cust_006938,sorocaba,SP,47618
cust_006939,uberlandia,MG,50868
cust_006940,sorocaba,SP,89572
cust_006941,sao paulo,SP,46259
cust_006942,campo grande,MS,55285
cust_006943,uberlandia,MG,52030
cust_006944,santos,SP,83472
cust_006945,duque de caxias,RJ,23211
cust_006946,campinas,SP,5859
cust_006947,joinville,SC,95850
cust_006948,santos,SP,44446
cust_006949,sao paulo,SP,58111
cust_006950,sorocaba,SP,42494
cust_006951,natal,RN,30155
cust_006952,campinas,SP,20199
cust_006953,porto alegre,RS,68087
cust_006954,duque de caxias,RJ,56601
cust_006955,salvador,BA,62876
cust_006956,santos,SP,75299
cust_006957,brasilia,DF,30681
cust_006958,cuiaba,MT,49837
cust_006959,sao paulo,SP,60419
cust_006960,sorocaba,SP,83362
cust_006961,campo grande,MS,10652
cust_006962,duque de caxias,RJ,30004
cust_006963,feira de santana,BA,20518
cust_006964,brasilia,DF,30536
cust_006965,campinas,SP,93549
cust_006966,sorocaba,Unknown,17515
cust_006967,sao paulo,SP,75269
cust_006968,contagem,Unknown,78628
cust_006969,niteroi,RJ,74722
cust_006970,londrina,PR,15651
cust_006971,duque de caxias,RJ,9215
cust_006972,joinville,SC,15826
cust_006973,santos,SP,83771
cust_006974,rio de janeiro,RJ,1695
cust_006975,sorocaba,SP,72360
cust_006976,santos,SP,39438
cust_006977,santos,SP,94873
cust_006978,recife,PE,44253
cust_006979,campinas,SP,46589
cust_006980,santos,SP,45659
cust_006981,caxias do sul,RS,80928
cust_006982,porto alegre,RS,76850
cust_006983,niteroi,RJ,95874
cust_006984,sao paulo,SP,42054
cust_006985,sao paulo,SP,84230
cust_006986,sorocaba,SP,1421
cust_006987,campinas,SP,62305
cust_006988,sao paulo,SP,61334
cust_006989,belo horizonte,MG,6053
cust_006990,recife,PE,17951
cust_006991,sao paulo,SP,97482
cust_006992,campinas,SP,3478
cust_006993,recife,PE,51087
cust_006994,belo horizonte,MG,77959
cust_006995,curitiba,PR,98306
cust_006996,recife,PE,25337
cust_006997,porto alegre,RS,62860
cust_006998,londrina,PR,75772
cust_006999,sorocaba,SP,90528
cust_007000,vitoria,ES,64530
cust_007001,caxias do sul,RS,24064
cust_007002,santos,SP,88446
cust_007003,contagem,MG,94477
cust_007004,sorocaba,SP,36457
cust_007005,rio de janeiro,RJ,50087
cust_007006,santos,SP,65356
cust_007007,uberlandia,MG,83303
cust_007008,rio de janeiro,RJ,57253
cust_007009,duque de caxias,RJ,75162
cust_007010,uberlandia,MG,78495
cust_007011,santos,SP,21557
cust_007012,sorocaba,SP,33603
cust_007013,rio de janeiro,RJ,84591
cust_007014,belo horizonte,MG,60348
cust_007015,belem,PA,20802
cust_007016,sorocaba,SP,54545
cust_007017,belo horizonte,MG,21956
cust_007018,belem,PA,5314
cust_007019,porto alegre,RS,46505
cust_007020,santos,SP,4366
cust_007021,campinas,SP,95442
cust_007022,goiania,GO,90396
cust_007023,duque de caxias,RJ,22561
cust_007024,santos,Unknown,64434
cust_007025,duque de caxias,RJ,39267
cust_007026,santos,SP,61699
cust_007027,belo horizonte,MG,52702
cust_007028,maceio,AL,74566
cust_007029,sao luis,MA,76002
cust_007030,uberlandia,MG,2549
cust_007031,recife,PE,84745
cust_007032,salvador,BA,23975
cust_007033,cuiaba,MT,63912
cust_007034,goiania,GO,65361
cust_007035,recife,PE,63739
cust_007036,sao paulo,SP,72119
cust_007037,sorocaba,SP,13908
cust_007038,sao paulo,SP,63331
cust_007039,contagem,MG,38160
cust_007040,belem,PA,41690
cust_007041,maceio,AL,15584
cust_007042,brasilia,DF,59297
cust_007043,salvador,BA,33024
cust_007044,duque de caxias,RJ,70288
cust_007045,niteroi,RJ,48112
cust_007046,uberlandia,MG,41232
cust_007047,sao paulo,SP,51451
cust_007048,florianopolis,SC,56834
cust_007049,contagem,Unknown,68058
cust_007050,santos,SP,8819
cust_007051,contagem,MG,80320
cust_007052,uberlandia,MG,17785
cust_007053,joinville,SC,23972
cust_007054,feira de santana,BA,77484
cust_007055,sorocaba,SP,1374
cust_007056,salvador,BA,38620
cust_007057,sao paulo,SP,66735
cust_007058,santos,SP,78024
cust_007059,niteroi,RJ,89424
cust_007060,florianopolis,SC,67753
cust_007061,recife,PE,24127
cust_007062,sorocaba,SP,36897
cust_007063,curitiba,PR,3300
cust_007064,goiania,GO,77313
cust_007065,cuiaba,MT,1707
cust_007066,sao paulo,Unknown,13509
cust_007067,santos,SP,97300
cust_007068,rio de janeiro,RJ,16898
cust_007069,recife,PE,29160
cust_007070,sao paulo,SP,41505
cust_007071,rio de janeiro,RJ,14634
cust_007072,maceio,AL,65923
cust_007073,rio de janeiro,RJ,31784
cust_007074,uberlandia,MG,30478
cust_007075,maceio,AL,57768
cust_007076,campinas,SP,32998
cust_007077,sorocaba,SP,22545
cust_007078,sao paulo,SP,86309
cust_007079,uberlandia,MG,58431
cust_007080,sorocaba,SP,90087
cust_007081,santos,SP,36457
cust_007082,campinas,SP,91340
cust_007083,niteroi,RJ,88983
cust_007084,brasilia,DF,3175
cust_007085,rio de janeiro,RJ,13482
cust_007086,joinville,SC,80041
cust_007087,cuiaba,MT,30297
cust_007088,londrina,PR,76418
cust_007089,belo horizonte,MG,43929
cust_007090,sao paulo,SP,26556
cust_007091,niteroi,RJ,22644
cust_007092,sorocaba,SP,23436
cust_007093,duque de caxias,RJ,66729
cust_007094,cuiaba,MT,4450
cust_007095,santos,SP,19692
cust_007096,sorocaba,SP,82383
cust_007097,feira de santana,BA,32607
cust_007098,joao pessoa,PB,61144
cust_007099,florianopolis,SC,30650
cust_007100,sorocaba,SP,2568
cust_007101,rio de janeiro,RJ,45348
cust_007102,sorocaba,SP,23300
cust_007103,contagem,MG,73887
cust_007104,caxias do sul,RS,83245
cust_007105,feira de santana,BA,88300
cust_007106,sao paulo,SP,60609
cust_007107,campo grande,MS,8993
cust_007108,sao paulo,SP,85721
cust_007109,campinas,SP,84616
cust_007110,salvador,BA,15523
cust_007111,rio de janeiro,RJ,41360
cust_007112,rio de janeiro,RJ,95305
cust_007113,campinas,SP,80928
cust_007114,santos,SP,21535
cust_007115,sao paulo,SP,63110
cust_007116,curitiba,PR,31047
cust_007117,santos,SP,86951
cust_007118,maceio,AL,92681
cust_007119,florianopolis,SC,78461
cust_007120,brasilia,DF,31977
cust_007121,goiania,GO,40035
cust_007122,porto alegre,RS,59923
cust_007123,duque de caxias,RJ,94849
cust_007124,fortaleza,CE,35065
cust_007125,niteroi,RJ,55986
cust_007126,sao paulo,SP,74228
cust_007127,contagem,MG,37863
cust_007128,sorocaba,SP,31826
cust_007129,contagem,MG,39704
cust_007130,aracaju,SE,44686
cust_007131,porto alegre,RS,10236
cust_007132,sao paulo,SP,9293
cust_007133,campinas,SP,70216
cust_007134,sorocaba,SP,92172
cust_007135,sorocaba,SP,80772
cust_007136,belo horizonte,MG,90696
cust_007137,florianopolis,SC,83980
cust_007138,belo horizonte,MG,80614
cust_007139,belo horizonte,MG,6774
cust_007140,rio de janeiro,RJ,87435
cust_007141,campinas,SP,45286
cust_007142,belo horizonte,MG,60670
cust_007143,santos,SP,89076
cust_007144,sorocaba,SP,9460
cust_007145,uberlandia,MG,26122
cust_007146,santos,SP,7988
cust_007147,sorocaba,SP,42553
cust_007148,niteroi,RJ,78821
cust_007149,sorocaba,SP,49693
cust_007150,londrina,PR,52190
cust_007151,sao paulo,SP,24189
cust_007152,brasilia,DF,28423
cust_007153,duque de caxias,RJ,56185
cust_007154,sao paulo,SP,4709
cust_007155,campinas,SP,44923
cust_007156,vitoria,ES,98419
cust_007157,niteroi,RJ,57437
cust_007158,londrina,PR,10572
cust_007159,goiania,GO,42490
cust_007160,sorocaba,SP,37061
cust_007161,niteroi,RJ,70263
cust_007162,belo horizonte,MG,68339
cust_007163,brasilia,DF,97908
cust_007164,campinas,SP,62686
cust_007165,cuiaba,MT,24412
cust_007166,uberlandia,MG,13511
cust_007167,goiania,GO,16614
cust_007168,campinas,SP,62424
cust_007169,rio de janeiro,RJ,60128
cust_007170,santos,SP,34303
cust_007171,fortaleza,CE,73945
cust_007172,sorocaba,SP,17889
cust_007173,caxias do sul,RS,71731
cust_007174,sao paulo,SP,62089
cust_007175,santos,SP,18364
cust_007176,santos,SP,90143
cust_007177,florianopolis,SC,87055
cust_007178,sao paulo,SP,75400
cust_007179,feira de santana,BA,66803
cust_007180,joinville,SC,17084
cust_007181,maceio,AL,96759
cust_007182,porto alegre,RS,18237
cust_007183,uberlandia,MG,80859
cust_007184,uberlandia,MG,47463
cust_007185,santos,SP,67239
cust_007186,niteroi,RJ,3091
cust_007187,brasilia,DF,32351
cust_007188,sao paulo,SP,3053
cust_007189,santos,SP,73080
cust_007190,belo horizonte,MG,25939
cust_007191,brasilia,DF,32157
cust_007192,sao paulo,SP,11563
cust_007193,goiania,GO,14075
cust_007194,sao paulo,SP,55124
cust_007195,niteroi,RJ,34905
cust_007196,cuiaba,MT,5300
cust_007197,sorocaba,SP,84057
cust_007198,contagem,MG,25109
cust_007199,vitoria,ES,5236
cust_007200,santos,SP,6762
cust_007201,sorocaba,SP,41217
cust_007202,cuiaba,MT,53515
cust_007203,belo horizonte,MG,13697
cust_007204,campo grande,MS,35908
cust_007205,goiania,GO,35395
cust_007206,belo horizonte,MG,9219
cust_007207,rio de janeiro,Unknown,65365
cust_007208,niteroi,RJ,36081
cust_007209,campinas,SP,70411
cust_007210,niteroi,RJ,1064
cust_007211,salvador,BA,4347
cust_007212,joao pessoa,PB,82719
cust_007213,campo grande,Unknown,33255
cust_007214,campo grande,MS,37008
cust_007215,sao paulo,SP,42396
cust_007216,duque de caxias,RJ,66923
cust_007217,santos,SP,71471
cust_007218,uberlandia,MG,71166
cust_007219,vitoria,ES,87423
cust_007220,goiania,GO,55936
cust_007221,goiania,GO,25879
cust_007222,sorocaba,SP,59294
cust_007223,duque de caxias,RJ,29864
cust_007224,sorocaba,SP,43432
cust_007225,niteroi,RJ,3761
cust_007226,santos,SP,41336
cust_007227,feira de santana,BA,60350
cust_007228,duque de caxias,RJ,31288
cust_007229,caxias do sul,RS,11797
cust_007230,goiania,GO,8052
cust_007231,santos,SP,12727
cust_007232,belo horizonte,MG,35596
cust_007233,brasilia,DF,99531
cust_007234,cuiaba,MT,46788
cust_007235,sorocaba,SP,90997
cust_007236,porto alegre,RS,14239
cust_007237,rio de janeiro,RJ,97157
cust_007238,campinas,SP,90895
cust_007239,sao paulo,SP,9646
cust_007240,belo horizonte,MG,1829
cust_007241,campinas,SP,64686
cust_007242,porto alegre,Unknown,23154
cust_007243,sao paulo,SP,64460
cust_007244,sorocaba,SP,68300
cust_007245,curitiba,PR,7315
cust_007246,sao paulo,SP,82522
cust_007247,sorocaba,SP,86775
cust_007248,santos,SP,47900
cust_007249,campinas,SP,93125
cust_007250,rio de janeiro,RJ,59271
cust_007251,feira de santana,BA,73325
cust_007252,belo horizonte,MG,28026
cust_007253,santos,SP,63629
cust_007254,sao paulo,SP,95478
cust_007255,brasilia,DF,77815
cust_007256,sao paulo,SP,64771
cust_007257,sao paulo,SP,41208
cust_007258,santos,SP,14015
cust_007259,florianopolis,SC,34899
cust_007260,londrina,PR,73905
cust_007261,sorocaba,SP,53142
cust_007262,sao paulo,SP,13649
cust_007263,joinville,SC,24280
cust_007264,sorocaba,SP,40932
cust_007265,rio de janeiro,RJ,5563
cust_007266,salvador,BA,49629
cust_007267,sao paulo,SP,91450
cust_007268,sao paulo,SP,72518
cust_007269,contagem,MG,93665
cust_007270,porto alegre,RS,99635
cust_007271,rio de janeiro,RJ,6360
cust_007272,duque de caxias,RJ,37776
cust_007273,campinas,SP,20984
cust_007274,rio de janeiro,RJ,67897
cust_007275,sorocaba,SP,4465
cust_007276,sorocaba,Unknown,67566
cust_007277,santos,SP,39249
cust_007278,duque de caxias,RJ,19234
cust_007279,sao paulo,SP,21647
cust_007280,contagem,MG,64641
cust_007281,uberlandia,MG,47942
cust_007282,aracaju,SE,88061
cust_007283,uberlandia,MG,97850
cust_007284,curitiba,PR,56017
cust_007285,sao paulo,SP,69187
cust_007286,londrina,PR,48497
cust_007287,duque de caxias,RJ,39808
cust_007288,goiania,GO,65106
cust_007289,sao luis,MA,2281
cust_007290,sao paulo,SP,80877
cust_007291,belem,PA,68769
cust_007292,porto alegre,RS,23302
cust_007293,londrina,PR,1371
cust_007294,duque de caxias,RJ,17147
cust_007295,santos,SP,70458
cust_007296,florianopolis,SC,65471
cust_007297,sao paulo,SP,66863
cust_007298,duque de caxias,RJ,4423
cust_007299,santos,SP,2621
cust_007300,sao paulo,SP,82701
cust_007301,curitiba,PR,46035
cust_007302,londrina,PR,30905
cust_007303,recife,PE,8854
cust_007304,caxias do sul,RS,11986
cust_007305,caxias do sul,RS,74267
cust_007306,vitoria,ES,76701
cust_007307,rio de janeiro,RJ,28883
cust_007308,belo horizonte,MG,23066
cust_007309,goiania,GO,30768
cust_007310,curitiba,PR,40740
cust_007311,londrina,PR,84991
cust_007312,duque de caxias,RJ,41972
cust_007313,duque de caxias,RJ,77424
cust_007314,belo horizonte,MG,82202
cust_007315,porto alegre,RS,60098
cust_007316,rio de janeiro,RJ,27177
cust_007317,santos,SP,98678
cust_007318,sorocaba,SP,63686
cust_007319,rio de janeiro,RJ,69703
cust_007320,santos,SP,99864
cust_007321,niteroi,RJ,61496
cust_007322,campinas,SP,60335
cust_007323,santos,SP,83077
cust_007324,brasilia,DF,14956
cust_007325,niteroi,RJ,96337
cust_007326,joinville,SC,29042
cust_007327,santos,SP,96992
cust_007328,sorocaba,SP,53976
cust_007329,sorocaba,SP,88147
cust_007330,sorocaba,SP,32907
cust_007331,santos,SP,76130
cust_007332,duque de caxias,RJ,52138
cust_007333,santos,SP,65021
cust_007334,florianopolis,SC,54778
cust_007335,duque de caxias,RJ,98663
cust_007336,sorocaba,SP,73816
cust_007337,salvador,BA,25943
cust_007338,duque de caxias,RJ,62671
cust_007339,campinas,SP,37240
cust_007340,belo horizonte,MG,70095
cust_007341,caxias do sul,RS,48449
cust_007342,belo horizonte,MG,22612
cust_007343,belem,PA,23142
cust_007344,campinas,SP,42897
cust_007345,santos,SP,48770
cust_007346,brasilia,DF,82687
cust_007347,uberlandia,MG,64185
cust_007348,campo grande,MS,75469
cust_007349,florianopolis,SC,15733
cust_007350,rio de janeiro,RJ,19021
cust_007351,belo horizonte,MG,4661
cust_007352,santos,SP,7332
cust_007353,sorocaba,SP,15461
cust_007354,santos,SP,65662
cust_007355,santos,SP,46236
cust_007356,caxias do sul,RS,44963
cust_007357,porto alegre,RS,74209
cust_007358,vitoria,ES,41636
cust_007359,sao paulo,SP,1652
cust_007360,duque de caxias,RJ,3476
cust_007361,sorocaba,SP,18767
cust_007362,niteroi,RJ,38783
cust_007363,sao paulo,SP,88395
cust_007364,rio de janeiro,RJ,18691
cust_007365,contagem,MG,73750
cust_007366,sao paulo,SP,4400
cust_007367,uberlandia,MG,11762
cust_007368,sorocaba,SP,40490
cust_007369,campinas,SP,64026
cust_007370,fortaleza,CE,82655
cust_007371,campinas,SP,74304
cust_007372,sorocaba,SP,89244
cust_007373,vitoria,ES,43918
cust_007374,sorocaba,SP,24579
cust_007375,campinas,SP,42637
cust_007376,rio de janeiro,RJ,28222
cust_007377,belo horizonte,MG,36178
cust_007378,belo horizonte,MG,10758
cust_007379,uberlandia,MG,76990
cust_007380,vitoria,ES,91019
cust_007381,sorocaba,SP,10473
cust_007382,niteroi,RJ,7456
cust_007383,campo grande,MS,80516
cust_007384,sorocaba,SP,93789
cust_007385,cuiaba,MT,2597
cust_007386,cuiaba,MT,64502
cust_007387,cuiaba,MT,42063
cust_007388,santos,SP,78862
cust_007389,belo horizonte,MG,52071
cust_007390,salvador,BA,22778
cust_007391,santos,SP,29746
cust_007392,belo horizonte,MG,61143
cust_007393,sao paulo,SP,26600
cust_007394,campinas,SP,11770
cust_007395,brasilia,DF,53706
cust_007396,natal,RN,66207
cust_007397,sorocaba,SP,80064
cust_007398,santos,SP,60435
cust_007399,uberlandia,MG,40833
cust_007400,santos,SP,82564
cust_007401,uberlandia,MG,46275
cust_007402,caxias do sul,RS,64845
cust_007403,campinas,SP,90288
cust_007404,curitiba,PR,97180
cust_007405,campinas,SP,44942
cust_007406,santos,SP,49542
cust_007407,salvador,BA,87099
cust_007408,sorocaba,SP,55638
cust_007409,santos,SP,75656
cust_007410,belo horizonte,MG,8509
cust_007411,campinas,SP,82561
cust_007412,niteroi,RJ,11716
cust_007413,feira de santana,BA,39499
cust_007414,sorocaba,SP,18176
cust_007415,niteroi,RJ,92923
cust_007416,sao paulo,SP,12720
cust_007417,porto alegre,RS,55027
cust_007418,santos,SP,14593
cust_007419,brasilia,DF,2852
cust_007420,santos,SP,26786
cust_007421,florianopolis,SC,8707
cust_007422,feira de santana,BA,28566
cust_007423,florianopolis,SC,16905
cust_007424,curitiba,PR,69860
cust_007425,sorocaba,SP,17960
cust_007426,sao paulo,SP,49156
cust_007427,sao paulo,SP,1045
cust_007428,santos,SP,92776
cust_007429,duque de caxias,RJ,44756
cust_007430,porto alegre,RS,34950
cust_007431,niteroi,RJ,33128
cust_007432,sao luis,MA,7277
cust_007433,caxias do sul,RS,26639
cust_007434,rio de janeiro,RJ,84573
cust_007435,sao paulo,SP,39237
cust_007436,belo horizonte,MG,84423
cust_007437,niteroi,RJ,18702
cust_007438,sorocaba,SP,36965
cust_007439,niteroi,RJ,63550
cust_007440,porto alegre,RS,7970
cust_007441,sorocaba,SP,35976
cust_007442,campinas,SP,88205
cust_007443,campinas,SP,49960
cust_007444,sao paulo,SP,93419
cust_007445,sao paulo,SP,15087
cust_007446,londrina,PR,99718
cust_007447,contagem,MG,87961
cust_007448,campinas,SP,39713
cust_007449,maceio,AL,56675
cust_007450,belo horizonte,MG,13585
cust_007451,sorocaba,SP,16560
cust_007452,salvador,BA,38400
cust_007453,curitiba,PR,33421
cust_007454,duque de caxias,RJ,58970
cust_007455,sao paulo,SP,90529
cust_007456,feira de santana,BA,5283
cust_007457,campinas,SP,83928
cust_007458,santos,SP,28146
cust_007459,salvador,BA,65493
cust_007460,florianopolis,SC,94251
cust_007461,contagem,MG,73627
cust_007462,santos,SP,5374
cust_007463,sorocaba,SP,59702
cust_007464,brasilia,DF,15943
cust_007465,londrina,PR,26113
cust_007466,feira de santana,BA,58520
cust_007467,sorocaba,SP,58674
cust_007468,vitoria,ES,95814
cust_007469,sorocaba,Unknown,29112
cust_007470,santos,SP,94090
cust_007471,feira de santana,BA,44136
cust_007472,sao paulo,SP,26494
cust_007473,belo horizonte,MG,62685
cust_007474,niteroi,RJ,61761
cust_007475,goiania,GO,89929
cust_007476,sao paulo,SP,96535
cust_007477,campinas,SP,66781
cust_007478,uberlandia,MG,63337
cust_007479,brasilia,DF,29421
cust_007480,belem,PA,22934
cust_007481,campinas,SP,59804
cust_007482,londrina,PR,69669
cust_007483,sorocaba,SP,37414
cust_007484,sorocaba,SP,51611
cust_007485,santos,SP,57893
cust_007486,santos,SP,49883
cust_007487,santos,SP,5539
cust_007488,sao paulo,SP,49348
cust_007489,sorocaba,SP,22162
cust_007490,brasilia,DF,12140
cust_007491,sorocaba,SP,47385
cust_007492,salvador,BA,79153
cust_007493,brasilia,DF,79899
cust_007494,duque de caxias,RJ,35348
cust_007495,curitiba,PR,57240
cust_007496,sorocaba,SP,19290
cust_007497,santos,SP,28778
cust_007498,caxias do sul,RS,44644
cust_007499,belo horizonte,MG,39592
cust_007500,rio de janeiro,RJ,64660
cust_007501,recife,PE,74791
cust_007502,londrina,PR,55790
cust_007503,niteroi,RJ,3855
cust_007504,santos,SP,82089
cust_007505,goiania,GO,46054
cust_007506,natal,RN,84487
cust_007507,uberlandia,MG,28104
cust_007508,londrina,PR,62437
cust_007509,niteroi,RJ,25231
cust_007510,santos,SP,55618
cust_007511,fortaleza,CE,83838
cust_007512,caxias do sul,RS,57105
cust_007513,rio de janeiro,RJ,99818
cust_007514,caxias do sul,RS,39917
cust_007515,duque de caxias,RJ,13554
cust_007516,sorocaba,SP,47457
cust_007517,belo horizonte,MG,83459
cust_007518,sao paulo,SP,53143
cust_007519,sorocaba,SP,61523
cust_007520,sao paulo,SP,80285
cust_007521,sorocaba,SP,27005
cust_007522,fortaleza,CE,74839
cust_007523,campinas,SP,95428
cust_007524,sao paulo,SP,20362
cust_007525,londrina,PR,19326
cust_007526,goiania,GO,97803
cust_007527,londrina,PR,97208
cust_007528,campo grande,MS,96568
cust_007529,caxias do sul,RS,85878
cust_007530,londrina,PR,28642
cust_007531,santos,SP,56523
cust_007532,campinas,SP,99885
cust_007533,niteroi,RJ,70554
cust_007534,londrina,PR,52985
cust_007535,contagem,MG,61197
cust_007536,florianopolis,SC,23446
cust_007537,belo horizonte,Unknown,35760
cust_007538,curitiba,PR,72328
cust_007539,santos,SP,96423
cust_007540,sorocaba,SP,5747
cust_007541,contagem,MG,42041
cust_007542,sorocaba,SP,69075
cust_007543,fortaleza,CE,47014
cust_007544,campinas,SP,83664
cust_007545,sao paulo,SP,64922
cust_007546,belo horizonte,MG,35703
cust_007547,sao paulo,SP,76724
cust_007548,contagem,MG,34127
cust_007549,campinas,SP,41870
cust_007550,sao paulo,SP,27969
cust_007551,londrina,PR,99865
cust_007552,campinas,SP,41341
cust_007553,contagem,MG,95424
cust_007554,sorocaba,SP,57769
cust_007555,rio de janeiro,RJ,13411
cust_007556,sao paulo,SP,76443
cust_007557,sorocaba,SP,20333
cust_007558,londrina,PR,88774
cust_007559,niteroi,RJ,96512
cust_007560,belem,PA,55306
cust_007561,salvador,BA,40465
cust_007562,belo horizonte,MG,48023
cust_007563,campinas,SP,77769
cust_007564,curitiba,PR,38093
cust_007565,rio de janeiro,RJ,5997
cust_007566,salvador,BA,59938
cust_007567,contagem,MG,74213
cust_007568,campinas,SP,15341
cust_007569,feira de santana,BA,36593
cust_007570,florianopolis,SC,47228
cust_007571,campinas,SP,61696
cust_007572,porto alegre,RS,51369
cust_007573,duque de caxias,RJ,75736
cust_007574,belo horizonte,MG,63299
cust_007575,recife,PE,71642
cust_007576,santos,SP,7783
cust_007577,sorocaba,SP,92028
cust_007578,sorocaba,SP,43537
cust_007579,fortaleza,CE,42933
cust_007580,sao paulo,SP,76414
cust_007581,caxias do sul,RS,42127
cust_007582,joinville,SC,78619
cust_007583,feira de santana,BA,82656
cust_007584,sorocaba,SP,54777
cust_007585,sorocaba,SP,56997
cust_007586,joao pessoa,PB,87316
cust_007587,duque de caxias,RJ,74966
cust_007588,santos,SP,75721
cust_007589,sao paulo,SP,70231
cust_007590,feira de santana,BA,79931
cust_007591,fortaleza,CE,77201
cust_007592,duque de caxias,RJ,79503
cust_007593,campinas,SP,41159
cust_007594,caxias do sul,RS,73130
cust_007595,sao paulo,Unknown,52051
cust_007596,recife,PE,85766
cust_007597,sorocaba,SP,49854
cust_007598,santos,SP,10590
cust_007599,santos,SP,81670
cust_007600,campinas,SP,50871
cust_007601,sao paulo,SP,5110
cust_007602,porto alegre,RS,82717
cust_007603,niteroi,RJ,5989
cust_007604,caxias do sul,RS,11821
cust_007605,sorocaba,SP,71328
cust_007606,santos,SP,16364
cust_007607,duque de caxias,RJ,27667
cust_007608,contagem,MG,40758
cust_007609,santos,SP,97468
cust_007610,salvador,BA,56841
cust_007611,sao paulo,SP,97132
cust_007612,campinas,SP,72666
cust_007613,campinas,SP,29541
cust_007614,belo horizonte,MG,56521
cust_007615,santos,SP,34190
cust_007616,sorocaba,SP,22446
cust_007617,rio de janeiro,RJ,53837
cust_007618,campinas,SP,84940
cust_007619,sorocaba,SP,79152
cust_007620,contagem,MG,27232
cust_007621,belo horizonte,MG,26609
cust_007622,campinas,SP,85943
cust_007623,campinas,SP,63578
cust_007624,campinas,SP,50011
cust_007625,joao pessoa,PB,82471
cust_007626,londrina,PR,5007
cust_007627,sorocaba,SP,75570
cust_007628,campo grande,MS,48475
cust_007629,rio de janeiro,RJ,49075
cust_007630,santos,SP,65750
cust_007631,vitoria,ES,23280
cust_007632,londrina,Unknown,88115
cust_007633,niteroi,RJ,9342
cust_007634,contagem,MG,58630
cust_007635,sao luis,MA,48112
cust_007636,campinas,SP,99151
cust_007637,santos,SP,65384
cust_007638,campinas,SP,38692
cust_007639,natal,RN,42694
cust_007640,sorocaba,SP,25324
cust_007641,sorocaba,SP,6052
cust_007642,rio de janeiro,RJ,44892
cust_007643,sao paulo,SP,3115
cust_007644,porto alegre,RS,66183
cust_007645,sao paulo,SP,90282
cust_007646,brasilia,DF,10403
cust_007647,curitiba,PR,97188
cust_007648,rio de janeiro,RJ,9910
cust_007649,brasilia,DF,48055
cust_007650,sorocaba,SP,62804
cust_007651,uberlandia,MG,64433
cust_007652,contagem,MG,38998
cust_007653,sorocaba,SP,5410
cust_007654,sao paulo,SP,78538
cust_007655,duque de caxias,RJ,46816
cust_007656,niteroi,RJ,27105
cust_007657,contagem,MG,45629
cust_007658,sorocaba,SP,43910
cust_007659,santos,SP,60046
cust_007660,natal,RN,51986
cust_007661,santos,SP,60345
cust_007662,aracaju,SE,94291
cust_007663,caxias do sul,RS,92301
cust_007664,uberlandia,MG,1726
cust_007665,santos,SP,64766
cust_007666,goiania,GO,22482
cust_007667,fortaleza,CE,7747
cust_007668,londrina,PR,10110
cust_007669,caxias do sul,RS,64184
cust_007670,rio de janeiro,RJ,99139
cust_007671,sao paulo,SP,78295
cust_007672,aracaju,SE,14088
cust_007673,campinas,SP,21817
cust_007674,niteroi,RJ,82495
cust_007675,sao paulo,SP,61079
cust_007676,florianopolis,SC,52485
cust_007677,curitiba,PR,19148
cust_007678,contagem,MG,78460
cust_007679,campinas,SP,83549
cust_007680,sao paulo,SP,30869
cust_007681,campinas,SP,99828
cust_007682,natal,RN,48070
cust_007683,sao paulo,SP,4851
cust_007684,campo grande,MS,97809
cust_007685,sao paulo,SP,20239
cust_007686,brasilia,DF,10424
cust_007687,uberlandia,MG,45863
cust_007688,salvador,BA,62444
cust_007689,uberlandia,MG,63264
cust_007690,curitiba,PR,95873
cust_007691,curitiba,PR,46782
cust_007692,santos,SP,13540
cust_007693,vitoria,ES,45936
cust_007694,uberlandia,MG,84162
cust_007695,santos,SP,2154
cust_007696,santos,SP,28335
cust_007697,rio de janeiro,RJ,67963
cust_007698,goiania,GO,20865
cust_007699,florianopolis,SC,49198
cust_007700,campinas,SP,17482
cust_007701,porto alegre,RS,13521
cust_007702,sorocaba,SP,73826
cust_007703,sao paulo,SP,78096
cust_007704,feira de santana,BA,4544
cust_007705,sorocaba,SP,54066
cust_007706,campinas,SP,42630
cust_007707,campinas,SP,37421
cust_007708,santos,SP,69995
cust_007709,santos,SP,64123
cust_007710,santos,SP,14823
cust_007711,niteroi,RJ,97245
cust_007712,recife,PE,23183
cust_007713,sao paulo,SP,55194
cust_007714,goiania,GO,16095
cust_007715,porto alegre,RS,60500
cust_007716,campinas,SP,3584
cust_007717,santos,SP,27660
cust_007718,sao paulo,SP,46193
cust_007719,florianopolis,SC,10750
cust_007720,curitiba,PR,50178
cust_007721,sao paulo,SP,58513
cust_007722,sorocaba,Unknown,94623
cust_007723,sorocaba,SP,38116
cust_007724,contagem,MG,73078
cust_007725,sorocaba,SP,27178
cust_007726,niteroi,RJ,97044
cust_007727,contagem,MG,96501
cust_007728,porto alegre,RS,75933
cust_007729,santos,SP,22122
cust_007730,rio de janeiro,RJ,97896
cust_007731,niteroi,RJ,40518
cust_007732,salvador,BA,25571
cust_007733,niteroi,RJ,40792
cust_007734,sao paulo,SP,17591
cust_007735,campinas,SP,36495
cust_007736,porto alegre,RS,39738
cust_007737,uberlandia,MG,99699
cust_007738,caxias do sul,RS,49685
cust_007739,contagem,MG,74387
cust_007740,goiania,GO,82640
cust_007741,goiania,GO,94514
cust_007742,santos,SP,54602
cust_007743,campinas,SP,58892
cust_007744,belem,PA,95293
cust_007745,porto alegre,RS,68411
cust_007746,sao luis,MA,29563
cust_007747,duque de caxias,RJ,59854
cust_007748,campo grande,MS,58311
cust_007749,sorocaba,SP,59021
cust_007750,uberlandia,MG,65513
cust_007751,niteroi,RJ,43703
cust_007752,campinas,SP,16430
cust_007753,santos,SP,37111
cust_007754,campinas,SP,78765
cust_007755,sorocaba,SP,99994
cust_007756,cuiaba,MT,64299
cust_007757,campo grande,MS,78001
cust_007758,recife,PE,19998
cust_007759,joao pessoa,PB,78674
cust_007760,feira de santana,BA,41937
cust_007761,belem,PA,70569
cust_007762,sao paulo,SP,64433
cust_007763,sao paulo,SP,76303
cust_007764,brasilia,DF,73605
cust_007765,duque de caxias,RJ,64966
cust_007766,porto alegre,RS,42319
cust_007767,belo horizonte,MG,81563
cust_007768,santos,SP,72525
cust_007769,campinas,SP,14677
cust_007770,londrina,PR,26806
cust_007771,niteroi,RJ,27632
cust_007772,campinas,SP,31194
cust_007773,uberlandia,MG,70583
cust_007774,santos,SP,2165
cust_007775,niteroi,RJ,26809
cust_007776,caxias do sul,RS,49267
cust_007777,niteroi,RJ,18639
cust_007778,cuiaba,MT,19645
cust_007779,niteroi,RJ,43656
cust_007780,campo grande,Unknown,60602
cust_007781,brasilia,DF,34130
cust_007782,recife,PE,96599
cust_007783,londrina,PR,42490
cust_007784,contagem,MG,99964
cust_007785,duque de caxias,RJ,56750
cust_007786,rio de janeiro,RJ,38065
cust_007787,sorocaba,SP,12287
cust_007788,campinas,SP,73628
cust_007789,sao paulo,SP,54313
cust_007790,curitiba,PR,96109
cust_007791,campinas,SP,96753
cust_007792,contagem,MG,52818
cust_007793,sao paulo,SP,25367
cust_007794,sao paulo,SP,34058
cust_007795,duque de caxias,RJ,8058
cust_007796,goiania,GO,16422
cust_007797,sorocaba,SP,41883
cust_007798,belem,PA,18430
cust_007799,sao paulo,SP,85813
cust_007800,niteroi,RJ,85554
cust_007801,campinas,SP,18372
cust_007802,campinas,SP,26640
cust_007803,sorocaba,SP,82920
cust_007804,santos,SP,27795
cust_007805,porto alegre,RS,26780
cust_007806,belo horizonte,MG,74918
cust_007807,santos,SP,40759
cust_007808,recife,PE,83843
cust_007809,porto alegre,RS,53387
cust_007810,campinas,SP,21635
cust_007811,campinas,SP,16163
cust_007812,campinas,SP,69173
cust_007813,feira de santana,BA,45326
cust_007814,rio de janeiro,RJ,45212
cust_007815,santos,SP,68329
cust_007816,sorocaba,SP,28397
cust_007817,sorocaba,SP,99899
cust_007818,campinas,SP,52502
cust_007819,belo horizonte,MG,86139
cust_007820,campo grande,MS,77970
cust_007821,santos,SP,61171
cust_007822,sorocaba,SP,10849
cust_007823,sao paulo,SP,73917
cust_007824,sao paulo,SP,8041
cust_007825,porto alegre,RS,74005
cust_007826,campo grande,MS,91260
cust_007827,londrina,PR,53726
cust_007828,santos,SP,96376
cust_007829,recife,PE,63109
cust_007830,salvador,BA,53327
cust_007831,sao paulo,SP,53676
cust_007832,vitoria,ES,15217
cust_007833,caxias do sul,RS,7576
cust_007834,joinville,SC,8777
cust_007835,niteroi,RJ,89628
cust_007836,campinas,SP,16443
cust_007837,florianopolis,SC,64058
cust_007838,duque de caxias,RJ,28979
cust_007839,campo grande,MS,38923
cust_007840,campinas,SP,68701
cust_007841,campinas,SP,87312
cust_007842,curitiba,PR,11914
cust_007843,belo horizonte,MG,52939
cust_007844,rio de janeiro,RJ,14556
cust_007845,caxias do sul,RS,20946
cust_007846,londrina,PR,71589
cust_007847,uberlandia,MG,3945
cust_007848,santos,SP,26482
cust_007849,uberlandia,MG,56203
cust_007850,rio de janeiro,RJ,22389
cust_007851,joinville,SC,39142
cust_007852,belo horizonte,MG,58681
cust_007853,niteroi,RJ,90246
cust_007854,campinas,SP,8799
cust_007855,campinas,SP,51245
cust_007856,campinas,SP,63280
cust_007857,uberlandia,MG,48401
cust_007858,florianopolis,SC,2903
cust_007859,campo grande,MS,76337
cust_007860,belo horizonte,MG,24069
cust_007861,curitiba,PR,10778
cust_007862,contagem,MG,45598
cust_007863,rio de janeiro,RJ,19914
cust_007864,uberlandia,MG,63462
cust_007865,campinas,SP,54413
cust_007866,duque de caxias,RJ,21180
cust_007867,fortaleza,CE,91960
cust_007868,uberlandia,MG,88039
cust_007869,sao paulo,SP,32146
cust_007870,duque de caxias,RJ,91982
cust_007871,cuiaba,MT,33271
cust_007872,santos,SP,48591
cust_007873,sao luis,MA,57010
cust_007874,joao pessoa,PB,27968
cust_007875,belo horizonte,MG,60482
cust_007876,sorocaba,SP,11937
cust_007877,campinas,SP,60894
cust_007878,sao paulo,SP,93929
cust_007879,santos,SP,33049
cust_007880,florianopolis,SC,14223
cust_007881,vitoria,ES,58308
cust_007882,campinas,SP,30569
cust_007883,niteroi,RJ,74568
cust_007884,duque de caxias,RJ,33566
cust_007885,campinas,SP,7196
cust_007886,duque de caxias,RJ,27567
cust_007887,belem,PA,82902
cust_007888,duque de caxias,RJ,1203
cust_007889,santos,SP,88715
cust_007890,caxias do sul,RS,21502
cust_007891,campinas,SP,28021
cust_007892,vitoria,ES,75101
cust_007893,vitoria,ES,93389
cust_007894,sao paulo,SP,21334
cust_007895,niteroi,RJ,91334
cust_007896,florianopolis,SC,76642
cust_007897,rio de janeiro,RJ,3656
cust_007898,rio de janeiro,RJ,42172
cust_007899,sao luis,MA,26075
cust_007900,sao paulo,SP,9020
cust_007901,rio de janeiro,Unknown,92453
cust_007902,sorocaba,SP,82870
cust_007903,sorocaba,SP,87523
cust_007904,brasilia,Unknown,63879
cust_007905,caxias do sul,RS,73166
cust_007906,belo horizonte,MG,61599
cust_007907,sorocaba,SP,5604
cust_007908,brasilia,DF,15871
cust_007909,campinas,SP,88936
cust_007910,niteroi,RJ,62711
cust_007911,sao paulo,SP,33065
cust_007912,duque de caxias,RJ,79857
cust_007913,contagem,MG,53296
cust_007914,santos,SP,99639
cust_007915,rio de janeiro,RJ,50267
cust_007916,campinas,SP,67412
cust_007917,porto alegre,Unknown,98300
cust_007918,duque de caxias,RJ,43785
cust_007919,goiania,GO,92886
cust_007920,santos,SP,82067
cust_007921,sorocaba,SP,4549
cust_007922,sorocaba,SP,5987
cust_007923,santos,SP,10127
cust_007924,rio de janeiro,RJ,42508
cust_007925,sorocaba,SP,81299
cust_007926,santos,SP,73487
cust_007927,sorocaba,SP,74065
cust_007928,duque de caxias,RJ,36584
cust_007929,caxias do sul,RS,5422
cust_007930,duque de caxias,RJ,6832
cust_007931,campo grande,MS,14649
cust_007932,campinas,SP,11982
cust_007933,niteroi,RJ,94699
cust_007934,sao paulo,SP,17551
cust_007935,salvador,BA,32652
cust_007936,sorocaba,SP,83295
cust_007937,campo grande,MS,21574
cust_007938,porto alegre,RS,72361
cust_007939,belo horizonte,MG,47069
cust_007940,duque de caxias,RJ,76621
cust_007941,sao paulo,SP,30802
cust_007942,campinas,SP,91022
cust_007943,fortaleza,CE,73389
cust_007944,florianopolis,SC,30957
cust_007945,campinas,SP,66913
cust_007946,campinas,SP,74563
cust_007947,sao paulo,SP,98643
cust_007948,curitiba,PR,37092
cust_007949,niteroi,RJ,97739
cust_007950,belo horizonte,MG,78782
cust_007951,campinas,SP,44299
cust_007952,belem,PA,69892
cust_007953,sorocaba,SP,56938
cust_007954,santos,SP,98989
cust_007955,vitoria,ES,7074
cust_007956,londrina,PR,75949
cust_007957,niteroi,RJ,83488
cust_007958,brasilia,DF,1584
cust_007959,sorocaba,SP,51443
cust_007960,sao paulo,SP,70280
cust_007961,sorocaba,SP,85130
cust_007962,campinas,SP,11062
cust_007963,porto alegre,RS,28512
cust_007964,rio de janeiro,RJ,55062
cust_007965,niteroi,RJ,64640
cust_007966,joinville,SC,16574
cust_007967,campinas,SP,82590
cust_007968,campinas,SP,49977
cust_007969,sorocaba,SP,40743
cust_007970,londrina,PR,79469
cust_007971,niteroi,RJ,51756
cust_007972,natal,RN,29621
cust_007973,brasilia,DF,44154
cust_007974,florianopolis,SC,16115
cust_007975,joinville,SC,84462
cust_007976,contagem,MG,32134
cust_007977,recife,PE,35625
cust_007978,contagem,MG,18191
cust_007979,santos,SP,37950
cust_007980,sao paulo,SP,19172
cust_007981,salvador,BA,5578
cust_007982,sorocaba,SP,70024
cust_007983,florianopolis,SC,38304
cust_007984,natal,RN,70727
cust_007985,sorocaba,SP,23087
cust_007986,santos,SP,53384
cust_007987,campinas,SP,21764
cust_007988,rio de janeiro,RJ,25969
cust_007989,contagem,MG,96949
cust_007990,sao paulo,SP,53434
cust_007991,niteroi,RJ,1583
cust_007992,niteroi,RJ,94904
cust_007993,campinas,SP,82425
cust_007994,sao paulo,SP,38985
cust_007995,sao paulo,Unknown,24819
cust_007996,joinville,SC,42932
cust_007997,santos,SP,77565
cust_007998,sao paulo,SP,49931
cust_007999,duque de caxias,RJ,18228
cust_008000,caxias do sul,RS,18662
cust_008001,curitiba,PR,99288
cust_008002,campinas,SP,25226
cust_008003,uberlandia,MG,58308
cust_008004,londrina,PR,69402
cust_008005,recife,Unknown,16307
cust_008006,belo horizonte,MG,16995
cust_008007,caxias do sul,RS,31898
cust_008008,santos,SP,60845
cust_008009,santos,SP,84725
cust_008010,recife,PE,39202
cust_008011,santos,SP,29217
cust_008012,campinas,SP,31321
cust_008013,caxias do sul,RS,77584
cust_008014,recife,PE,55424
cust_008015,campinas,SP,62336
cust_008016,goiania,GO,23342
cust_008017,sao paulo,SP,64538
cust_008018,brasilia,DF,31656
cust_008019,recife,PE,88709
cust_008020,joinville,SC,52928
cust_008021,belem,PA,16410
cust_008022,campo grande,MS,66071
cust_008023,belem,PA,3712
cust_008024,rio de janeiro,RJ,83798
cust_008025,duque de caxias,RJ,41246
cust_008026,sao paulo,SP,82640
cust_008027,sao paulo,SP,94048
cust_008028,contagem,MG,50275
cust_008029,campinas,SP,12004
cust_008030,vitoria,ES,8347
cust_008031,santos,SP,32553
cust_008032,sorocaba,SP,19617
cust_008033,sao paulo,SP,71660
cust_008034,campinas,SP,1046
cust_008035,sao paulo,SP,71662
cust_008036,contagem,MG,19374
cust_008037,sao paulo,SP,13411
cust_008038,joinville,SC,4042
cust_008039,santos,SP,80899
cust_008040,porto alegre,RS,71758
cust_008041,porto alegre,RS,89743
cust_008042,santos,SP,55068
cust_008043,santos,SP,59990
cust_008044,brasilia,DF,4537
cust_008045,porto alegre,RS,3123
cust_008046,campinas,SP,62146
cust_008047,porto alegre,RS,51649
cust_008048,campinas,SP,81600
cust_008049,campinas,SP,55576
cust_008050,santos,SP,3824
cust_008051,londrina,PR,64860
cust_008052,sao paulo,SP,13577
cust_008053,rio de janeiro,RJ,88756
cust_008054,campinas,SP,47648
cust_008055,sao paulo,SP,44800
cust_008056,sao paulo,SP,5188
cust_008057,duque de caxias,RJ,31242
cust_008058,brasilia,DF,3106
cust_008059,londrina,PR,11764
cust_008060,sorocaba,SP,58658
cust_008061,santos,SP,49042
cust_008062,sorocaba,Unknown,56694
cust_008063,brasilia,DF,80884
cust_008064,niteroi,RJ,80857
cust_008065,feira de santana,BA,88290
cust_008066,santos,SP,8711
cust_008067,belo horizonte,MG,8423
cust_008068,belo horizonte,MG,89821
cust_008069,uberlandia,MG,87173
cust_008070,duque de caxias,RJ,2844
cust_008071,sao paulo,SP,3962
cust_008072,duque de caxias,RJ,30834
cust_008073,sao luis,MA,55357
cust_008074,sorocaba,SP,5818
cust_008075,curitiba,PR,45387
cust_008076,vitoria,ES,25181
cust_008077,uberlandia,MG,92137
cust_008078,duque de caxias,RJ,81700
cust_008079,campinas,SP,52844
cust_008080,curitiba,PR,13388
cust_008081,fortaleza,CE,27167
cust_008082,natal,RN,20985
cust_008083,campinas,SP,86022
cust_008084,belem,PA,61524
cust_008085,campinas,SP,35075
cust_008086,belo horizonte,MG,3144
cust_008087,santos,SP,83248
cust_008088,campinas,SP,60639
cust_008089,contagem,MG,24835
cust_008090,duque de caxias,RJ,89542
cust_008091,campo grande,MS,75832
cust_008092,sao paulo,SP,7885
cust_008093,goiania,GO,1749
cust_008094,duque de caxias,RJ,1584
cust_008095,campinas,SP,27766
cust_008096,santos,SP,41188
cust_008097,londrina,PR,92995
cust_008098,feira de santana,BA,85056
cust_008099,sorocaba,SP,99786
cust_008100,santos,SP,93583
cust_008101,duque de caxias,Unknown,1435
cust_008102,uberlandia,MG,80314
cust_008103,belo horizonte,MG,92414
cust_008104,salvador,BA,65283
cust_008105,santos,SP,96326
cust_008106,sao paulo,SP,43228
cust_008107,campinas,SP,79045
cust_008108,vitoria,ES,79107
cust_008109,niteroi,RJ,23466
cust_008110,sao paulo,SP,75911
cust_008111,joinville,SC,48047
cust_008112,belo horizonte,MG,19178
cust_008113,campinas,SP,11631
cust_008114,sorocaba,SP,71861
cust_008115,florianopolis,SC,81453
cust_008116,porto alegre,RS,79464
cust_008117,sorocaba,SP,97034
cust_008118,campinas,SP,90185
cust_008119,sorocaba,SP,19334
cust_008120,porto alegre,RS,73231
cust_008121,sao paulo,SP,22913
cust_008122,santos,SP,73506
cust_008123,sorocaba,SP,43702
cust_008124,natal,RN,90259
cust_008125,duque de caxias,RJ,13314
cust_008126,santos,SP,20232
cust_008127,rio de janeiro,RJ,62430
cust_008128,porto alegre,RS,55452
cust_008129,goiania,GO,86116
cust_008130,joao pessoa,PB,89455
cust_008131,duque de caxias,RJ,26916
cust_008132,rio de janeiro,RJ,63532
cust_008133,sao paulo,SP,76026
cust_008134,florianopolis,SC,93202
cust_008135,uberlandia,MG,36113
cust_008136,sorocaba,SP,5992
cust_008137,rio de janeiro,RJ,35769
cust_008138,santos,SP,22181
cust_008139,porto alegre,RS,5717
cust_008140,sao paulo,SP,22912
cust_008141,sorocaba,SP,20169
cust_008142,sorocaba,SP,8774
cust_008143,santos,SP,77112
cust_008144,campinas,Unknown,62649
cust_008145,curitiba,PR,16237
cust_008146,caxias do sul,RS,40743
cust_008147,duque de caxias,RJ,83952
cust_008148,campinas,SP,25004
cust_008149,recife,PE,24389
cust_008150,goiania,GO,73045
cust_008151,contagem,Unknown,40406
cust_008152,contagem,MG,67940
cust_008153,florianopolis,SC,20120
cust_008154,curitiba,PR,4882
cust_008155,sorocaba,SP,54184
cust_008156,rio de janeiro,RJ,44510
cust_008157,sorocaba,SP,84736
cust_008158,salvador,BA,72301
cust_008159,contagem,MG,34407
cust_008160,natal,RN,11233
cust_008161,santos,SP,54663
cust_008162,rio de janeiro,RJ,79699
cust_008163,curitiba,PR,30874
cust_008164,goiania,GO,61988
cust_008165,brasilia,DF,4250
cust_008166,sao paulo,SP,72094
cust_008167,natal,RN,83828
cust_008168,natal,RN,25789
cust_008169,sao luis,MA,67288
cust_008170,belo horizonte,MG,75021
cust_008171,feira de santana,BA,24632
cust_008172,sao paulo,SP,18195
cust_008173,santos,SP,39005
cust_008174,campinas,SP,86172
cust_008175,duque de caxias,RJ,37451
cust_008176,campo grande,MS,21393
cust_008177,uberlandia,MG,29320
cust_008178,duque de caxias,RJ,27554
cust_008179,joinville,SC,53713
cust_008180,duque de caxias,RJ,67413
cust_008181,duque de caxias,RJ,28199
cust_008182,uberlandia,MG,34020
cust_008183,duque de caxias,RJ,49352
cust_008184,uberlandia,MG,31595
cust_008185,joinville,SC,45863
cust_008186,rio de janeiro,RJ,7192
cust_008187,sorocaba,SP,38663
cust_008188,belo horizonte,MG,82189
cust_008189,fortaleza,CE,44374
cust_008190,duque de caxias,RJ,46476
cust_008191,brasilia,DF,60632
cust_008192,uberlandia,MG,39911
cust_008193,sorocaba,SP,42737
cust_008194,niteroi,RJ,25307
cust_008195,sao paulo,SP,76035
cust_008196,sao paulo,SP,55966
cust_008197,sorocaba,SP,2643
cust_008198,caxias do sul,RS,56397
cust_008199,belo horizonte,MG,36667
cust_008200,niteroi,RJ,1232
cust_008201,niteroi,RJ,51265
cust_008202,campinas,SP,9474
cust_008203,recife,PE,20084
cust_008204,belem,PA,61678
cust_008205,curitiba,PR,51910
cust_008206,santos,Unknown,29112
cust_008207,fortaleza,Unknown,86880
cust_008208,salvador,BA,98396
cust_008209,campinas,SP,10273
cust_008210,santos,SP,25609
cust_008211,santos,SP,1441
cust_008212,curitiba,PR,16052
cust_008213,niteroi,RJ,37074
cust_008214,campinas,SP,5419
cust_008215,campinas,SP,91858
cust_008216,duque de caxias,RJ,68964
cust_008217,porto alegre,RS,9203
cust_008218,niteroi,RJ,29770
cust_008219,sao paulo,SP,71729
cust_008220,uberlandia,MG,28122
cust_008221,aracaju,SE,48083
cust_008222,sorocaba,SP,11932
cust_008223,niteroi,RJ,86495
cust_008224,sorocaba,SP,6194
cust_008225,sorocaba,SP,10525
cust_008226,goiania,GO,23805
cust_008227,cuiaba,MT,37170
cust_008228,sao paulo,SP,40264
cust_008229,sao paulo,SP,69466
cust_008230,campinas,SP,66543
cust_008231,contagem,MG,1397
cust_008232,sorocaba,SP,11018
cust_008233,duque de caxias,RJ,32448
cust_008234,santos,SP,37250
cust_008235,caxias do sul,RS,77475
cust_008236,belem,PA,99247
cust_008237,campinas,SP,25873
cust_008238,joinville,SC,68430
cust_008239,feira de santana,BA,28189
cust_008240,sao paulo,SP,99919
cust_008241,belem,PA,62655
cust_008242,contagem,MG,8861
cust_008243,duque de caxias,Unknown,10258
cust_008244,porto alegre,RS,41082
cust_008245,campinas,SP,44943
cust_008246,santos,SP,23792
cust_008247,rio de janeiro,RJ,8966
cust_008248,londrina,PR,94213
cust_008249,belem,PA,69000
cust_008250,niteroi,RJ,90622
cust_008251,sao paulo,SP,29392
cust_008252,santos,SP,57331
cust_008253,vitoria,ES,63970
cust_008254,sorocaba,SP,31405
cust_008255,fortaleza,CE,64780
cust_008256,campinas,SP,54940
cust_008257,sorocaba,SP,85836
cust_008258,santos,SP,87240
cust_008259,duque de caxias,RJ,92902
cust_008260,campinas,SP,57812
cust_008261,fortaleza,CE,6514
cust_008262,niteroi,RJ,76760
cust_008263,sao paulo,SP,41863
cust_008264,uberlandia,MG,69088
cust_008265,sorocaba,SP,67045
cust_008266,caxias do sul,RS,10655
cust_008267,joinville,SC,19973
cust_008268,joao pessoa,PB,76028
cust_008269,belo horizonte,MG,56006
cust_008270,santos,SP,21650
cust_008271,rio de janeiro,RJ,85358
cust_008272,santos,SP,87183
cust_008273,rio de janeiro,RJ,23056
cust_008274,campinas,SP,31655
cust_008275,campinas,SP,20177
cust_008276,joao pessoa,PB,56860
cust_008277,belem,PA,77033
cust_008278,santos,SP,29288
cust_008279,natal,RN,2796
cust_008280,joinville,Unknown,1844
cust_008281,santos,SP,27069
cust_008282,fortaleza,CE,78232
cust_008283,campo grande,MS,36874
cust_008284,contagem,MG,71771
cust_008285,florianopolis,SC,90779
cust_008286,campinas,SP,92440
cust_008287,uberlandia,MG,31734
cust_008288,londrina,PR,57677
cust_008289,contagem,MG,73113
cust_008290,santos,SP,19626
cust_008291,contagem,MG,69876
cust_008292,salvador,BA,17912
cust_008293,feira de santana,BA,56935
cust_008294,santos,SP,39540
cust_008295,rio de janeiro,RJ,38903
cust_008296,sao paulo,SP,33734
cust_008297,uberlandia,MG,49423
cust_008298,sao paulo,SP,41393
cust_008299,belem,PA,26816
cust_008300,uberlandia,MG,23270
cust_008301,campinas,SP,49226
cust_008302,londrina,PR,98875
cust_008303,sorocaba,SP,65432
cust_008304,santos,SP,9484
cust_008305,sorocaba,SP,8150
cust_008306,uberlandia,MG,74176
cust_008307,recife,PE,55050
cust_008308,santos,SP,57195
cust_008309,londrina,PR,37829
cust_008310,santos,SP,56005
cust_008311,sorocaba,SP,58977
cust_008312,uberlandia,MG,61719
cust_008313,salvador,BA,94387
cust_008314,vitoria,ES,90499
cust_008315,uberlandia,MG,83709
cust_008316,niteroi,RJ,67839
cust_008317,campinas,SP,68906
cust_008318,santos,SP,27815
cust_008319,belem,PA,86513
cust_008320,belo horizonte,MG,27655
cust_008321,santos,SP,13233
cust_008322,sao paulo,SP,82981
cust_008323,sao paulo,SP,41905
cust_008324,londrina,PR,48328
cust_008325,sorocaba,SP,63395
cust_008326,vitoria,Unknown,70781
cust_008327,duque de caxias,RJ,8893
cust_008328,feira de santana,BA,38215
cust_008329,santos,SP,78779
cust_008330,sao paulo,SP,74079
cust_008331,sorocaba,SP,63296
cust_008332,sao paulo,SP,42985
cust_008333,sao luis,MA,36121
cust_008334,feira de santana,BA,49821
cust_008335,sorocaba,SP,18968
cust_008336,duque de caxias,RJ,92914
cust_008337,rio de janeiro,RJ,19696
cust_008338,contagem,MG,49991
cust_008339,sorocaba,SP,75936
cust_008340,sao paulo,SP,23257
cust_008341,sorocaba,SP,98834
cust_008342,belem,PA,53610
cust_008343,sao paulo,SP,16629
cust_008344,curitiba,PR,1845
cust_008345,belem,PA,31839
cust_008346,santos,SP,28614
cust_008347,santos,SP,5922
cust_008348,sao paulo,SP,60810
cust_008349,porto alegre,RS,52188
cust_008350,niteroi,RJ,8023
cust_008351,sao paulo,SP,83152
cust_008352,sorocaba,SP,46083
cust_008353,porto alegre,RS,59304
cust_008354,londrina,PR,60285
cust_008355,santos,SP,83947
cust_008356,florianopolis,Unknown,23423
cust_008357,sorocaba,SP,5141
cust_008358,sao paulo,SP,22564
cust_008359,campinas,SP,68410
cust_008360,londrina,PR,67210
cust_008361,contagem,MG,31754
cust_008362,duque de caxias,RJ,97444
cust_008363,sao paulo,SP,69370
cust_008364,campinas,SP,31426
cust_008365,sao paulo,SP,98465
cust_008366,sorocaba,SP,21563
cust_008367,duque de caxias,RJ,3994
cust_008368,duque de caxias,RJ,98416
cust_008369,sao paulo,SP,44301
cust_008370,campinas,SP,83630
cust_008371,santos,SP,85996
cust_008372,uberlandia,MG,93662
cust_008373,campinas,SP,76210
cust_008374,caxias do sul,RS,5563
cust_008375,santos,SP,54953
cust_008376,santos,SP,93425
cust_008377,sorocaba,SP,76736
cust_008378,santos,SP,83993
cust_008379,joinville,SC,78907
cust_008380,sorocaba,SP,30668
cust_008381,campinas,SP,77796
cust_008382,sorocaba,SP,62797
cust_008383,sao paulo,SP,58447
cust_008384,belem,PA,18044
cust_008385,joao pessoa,PB,11725
cust_008386,sao paulo,SP,42352
cust_008387,campinas,SP,25471
cust_008388,niteroi,RJ,60641
cust_008389,rio de janeiro,RJ,32208
cust_008390,duque de caxias,RJ,11921
cust_008391,sao paulo,SP,4377
cust_008392,sao paulo,SP,96681
cust_008393,santos,SP,11682
cust_008394,sao paulo,SP,92985
cust_008395,belo horizonte,Unknown,56473
cust_008396,goiania,GO,86868
cust_008397,sorocaba,SP,91183
cust_008398,joinville,SC,13726
cust_008399,sorocaba,SP,54623
cust_008400,campinas,SP,67246
cust_008401,belo horizonte,MG,63473
cust_008402,campinas,SP,89151
cust_008403,belem,Unknown,17675
cust_008404,belem,PA,14624
cust_008405,sao paulo,SP,83596
cust_008406,sao paulo,SP,65081
cust_008407,sorocaba,SP,91916
cust_008408,fortaleza,CE,21213
cust_008409,sao paulo,SP,6604
cust_008410,curitiba,PR,69294
cust_008411,campinas,SP,76017
cust_008412,belo horizonte,MG,65103
cust_008413,sorocaba,SP,5786
cust_008414,joinville,SC,87288
cust_008415,porto alegre,RS,26055
cust_008416,sorocaba,SP,49085
cust_008417,campinas,SP,3281
cust_008418,niteroi,RJ,76126
cust_008419,duque de caxias,RJ,81871
cust_008420,feira de santana,BA,19990
cust_008421,sorocaba,SP,8742
cust_008422,belem,PA,64619
cust_008423,campinas,SP,55877
cust_008424,brasilia,DF,87806
cust_008425,fortaleza,CE,30051
cust_008426,uberlandia,MG,72575
cust_008427,campo grande,MS,84930
cust_008428,campinas,SP,87979
cust_008429,caxias do sul,RS,9372
cust_008430,sorocaba,SP,63348
cust_008431,sao paulo,SP,35147
cust_008432,uberlandia,MG,55589
cust_008433,goiania,GO,67392
cust_008434,cuiaba,MT,91588
cust_008435,belo horizonte,MG,47478
cust_008436,brasilia,DF,33016
cust_008437,joinville,SC,19977
cust_008438,florianopolis,SC,75086
cust_008439,campinas,SP,34684
cust_008440,niteroi,RJ,69611
cust_008441,niteroi,RJ,27472
cust_008442,florianopolis,SC,81610
cust_008443,belo horizonte,MG,67111
cust_008444,salvador,BA,50264
cust_008445,cuiaba,MT,98905
cust_008446,uberlandia,MG,49866
cust_008447,joinville,SC,54510
cust_008448,uberlandia,MG,4384
cust_008449,belo horizonte,MG,65159
cust_008450,duque de caxias,Unknown,93207
cust_008451,campo grande,MS,58616
cust_008452,salvador,BA,39343
cust_008453,londrina,PR,65042
cust_008454,sorocaba,SP,55649
cust_008455,rio de janeiro,RJ,21999
cust_008456,brasilia,DF,20623
cust_008457,vitoria,ES,89824
cust_008458,aracaju,SE,62004
cust_008459,curitiba,PR,88791
cust_008460,londrina,PR,35264
cust_008461,sorocaba,SP,95601
cust_008462,curitiba,PR,58919
cust_008463,santos,SP,86776
cust_008464,goiania,GO,73797
cust_008465,santos,SP,92852
cust_008466,vitoria,ES,61388
cust_008467,duque de caxias,RJ,77265
cust_008468,sorocaba,SP,4032
cust_008469,uberlandia,MG,54079
cust_008470,caxias do sul,RS,80801
cust_008471,joinville,SC,82000
cust_008472,porto alegre,RS,56525
cust_008473,niteroi,RJ,94567
cust_008474,santos,SP,24601
cust_008475,brasilia,DF,79637
cust_008476,natal,RN,33042
cust_008477,joinville,SC,26610
cust_008478,sao paulo,SP,81292
cust_008479,curitiba,PR,80866
cust_008480,sao paulo,SP,93691
cust_008481,campo grande,MS,43382
cust_008482,sao paulo,SP,81532
cust_008483,sao paulo,SP,77087
cust_008484,sorocaba,SP,88738
cust_008485,curitiba,PR,31952
cust_008486,contagem,MG,49497
cust_008487,londrina,PR,71055
cust_008488,sao paulo,SP,42259
cust_008489,goiania,GO,99899
cust_008490,niteroi,RJ,82063
cust_008491,santos,SP,3115
cust_008492,londrina,PR,40062
cust_008493,niteroi,RJ,54151
cust_008494,belo horizonte,MG,70879
cust_008495,sorocaba,SP,54412
cust_008496,caxias do sul,RS,61691
cust_008497,sorocaba,SP,58844
cust_008498,rio de janeiro,RJ,16135
cust_008499,rio de janeiro,RJ,36183
cust_008500,curitiba,PR,31557
cust_008501,sao paulo,SP,37688
cust_008502,santos,SP,22034
cust_008503,santos,SP,95628
cust_008504,rio de janeiro,RJ,13422
cust_008505,campinas,SP,33919
cust_008506,porto alegre,RS,42597
cust_008507,santos,SP,62614
cust_008508,sorocaba,Unknown,20642
cust_008509,uberlandia,MG,71112
cust_008510,campinas,SP,8074
cust_008511,caxias do sul,RS,6791
cust_008512,contagem,MG,21488
cust_008513,londrina,PR,22837
cust_008514,rio de janeiro,RJ,62269
cust_008515,santos,SP,80834
cust_008516,sorocaba,SP,81033
cust_008517,duque de caxias,RJ,18870
cust_008518,goiania,GO,46828
cust_008519,sao paulo,Unknown,18158
cust_008520,campinas,SP,61323
cust_008521,caxias do sul,RS,25912
cust_008522,uberlandia,MG,65394
cust_008523,fortaleza,CE,77619
cust_008524,sao paulo,SP,65492
cust_008525,goiania,GO,1812
cust_008526,curitiba,PR,98698
cust_008527,joinville,Unknown,45895
cust_008528,sorocaba,SP,61287
cust_008529,sao paulo,SP,68936
cust_008530,santos,SP,55076
cust_008531,joinville,SC,95736
cust_008532,campinas,SP,86805
cust_008533,campinas,SP,66026
cust_008534,santos,SP,62473
cust_008535,goiania,GO,35609
cust_008536,sao paulo,SP,46355
cust_008537,rio de janeiro,RJ,1567
cust_008538,curitiba,PR,74498
cust_008539,recife,PE,13990
cust_008540,joinville,SC,23198
cust_008541,rio de janeiro,RJ,58044
cust_008542,sorocaba,SP,67581
cust_008543,campinas,SP,4309
cust_008544,sao paulo,SP,76954
cust_008545,santos,SP,14714
cust_008546,campinas,SP,64217
cust_008547,niteroi,RJ,78130
cust_008548,sorocaba,SP,19585
cust_008549,londrina,PR,40563
cust_008550,sao paulo,SP,51984
cust_008551,maceio,AL,55533
cust_008552,brasilia,DF,81183
cust_008553,sao paulo,SP,95500
cust_008554,sorocaba,SP,40870
cust_008555,campo grande,MS,59925
cust_008556,vitoria,ES,92848
cust_008557,santos,SP,60952
cust_008558,campinas,SP,5767
cust_008559,joao pessoa,PB,31649
cust_008560,contagem,MG,66840
cust_008561,porto alegre,RS,98563
cust_008562,sao paulo,SP,24053
cust_008563,salvador,BA,22326
cust_008564,contagem,MG,65222
cust_008565,duque de caxias,RJ,12463
cust_008566,curitiba,PR,94984
cust_008567,santos,SP,91156
cust_008568,niteroi,RJ,57922
cust_008569,contagem,MG,34584
cust_008570,contagem,MG,44253
cust_008571,sao luis,MA,55737
cust_008572,belo horizonte,MG,86005
cust_008573,santos,SP,72492
cust_008574,sao paulo,SP,46896
cust_008575,niteroi,RJ,64101
cust_008576,campinas,SP,56859
cust_008577,uberlandia,MG,12700
cust_008578,campinas,SP,31400
cust_008579,santos,SP,21182
cust_008580,sorocaba,SP,55383
cust_008581,niteroi,RJ,97036
cust_008582,sorocaba,SP,71864
cust_008583,contagem,MG,66534
cust_008584,sao paulo,SP,51419
cust_008585,fortaleza,CE,36039
cust_008586,duque de caxias,RJ,21873
cust_008587,florianopolis,SC,90881
cust_008588,brasilia,DF,2944
cust_008589,goiania,GO,91112
cust_008590,goiania,GO,22580
cust_008591,sao paulo,SP,80479
cust_008592,sao paulo,SP,85174
cust_008593,porto alegre,RS,91794
cust_008594,rio de janeiro,RJ,95964
cust_008595,uberlandia,MG,50749
cust_008596,caxias do sul,RS,56679
cust_008597,santos,SP,4141
cust_008598,sorocaba,SP,83077
cust_008599,belo horizonte,MG,58510
cust_008600,contagem,MG,5651
cust_008601,feira de santana,BA,35301
cust_008602,porto alegre,RS,85504
cust_008603,santos,SP,39026
cust_008604,campinas,SP,29432
cust_008605,sao paulo,SP,27903
cust_008606,santos,SP,18369
cust_008607,curitiba,PR,54496
cust_008608,porto alegre,RS,28430
cust_008609,goiania,GO,58749
cust_008610,duque de caxias,RJ,50303
cust_008611,sao paulo,SP,65504
cust_008612,duque de caxias,RJ,59167
cust_008613,sao paulo,SP,6863
cust_008614,campinas,SP,1689
cust_008615,rio de janeiro,RJ,31090
cust_008616,sao paulo,SP,34957
cust_008617,santos,SP,45693
cust_008618,curitiba,PR,70741
cust_008619,belo horizonte,MG,97214
cust_008620,campinas,SP,75280
cust_008621,porto alegre,RS,37246
cust_008622,santos,SP,24203
cust_008623,rio de janeiro,RJ,36259
cust_008624,belo horizonte,MG,25400
cust_008625,rio de janeiro,RJ,56461
cust_008626,londrina,PR,68286
cust_008627,santos,SP,26950
cust_008628,sao paulo,SP,61347
cust_008629,niteroi,RJ,37613
cust_008630,sorocaba,SP,50219
cust_008631,sorocaba,SP,24594
cust_008632,duque de caxias,RJ,55106
cust_008633,sao paulo,SP,10011
cust_008634,rio de janeiro,RJ,50445
cust_008635,contagem,MG,45192
cust_008636,joinville,SC,41313
cust_008637,brasilia,DF,90315
cust_008638,porto alegre,RS,78998
cust_008639,recife,PE,57742
cust_008640,contagem,MG,88969
cust_008641,caxias do sul,RS,66197
cust_008642,londrina,PR,64343
cust_008643,salvador,BA,48618
cust_008644,curitiba,PR,27704
cust_008645,fortaleza,CE,30623
cust_008646,niteroi,RJ,97467
cust_008647,cuiaba,MT,68160
cust_008648,sorocaba,SP,9734
cust_008649,sorocaba,SP,24286
cust_008650,campinas,SP,95252
cust_008651,uberlandia,MG,21632
cust_008652,sao paulo,SP,56043
cust_008653,campinas,SP,35979
cust_008654,sorocaba,SP,71305
cust_008655,belo horizonte,Unknown,86252
cust_008656,sorocaba,SP,42930
cust_008657,belo horizonte,Unknown,2013
cust_008658,belo horizonte,MG,36351
cust_008659,londrina,PR,3177
cust_008660,uberlandia,MG,23106
cust_008661,santos,SP,39144
cust_008662,aracaju,SE,12111
cust_008663,recife,PE,4520
cust_008664,sorocaba,SP,31964
cust_008665,sao paulo,SP,3587
cust_008666,niteroi,RJ,26196
cust_008667,goiania,GO,12593
cust_008668,salvador,BA,53835
cust_008669,recife,PE,80121
cust_008670,sao luis,MA,85865
cust_008671,porto alegre,RS,62504
cust_008672,campinas,SP,9275
cust_008673,sao paulo,SP,8227
cust_008674,santos,SP,74950
cust_008675,campinas,SP,75025
cust_008676,sorocaba,SP,27487
cust_008677,niteroi,RJ,99224
cust_008678,joinville,SC,64466
cust_008679,santos,SP,44335
cust_008680,florianopolis,SC,63098
cust_008681,belem,PA,2855
cust_008682,campinas,SP,74012
cust_008683,santos,SP,22847
cust_008684,niteroi,RJ,2508
cust_008685,goiania,GO,62910
cust_008686,curitiba,PR,1136
cust_008687,sao paulo,SP,3581
cust_008688,caxias do sul,RS,17704
cust_008689,feira de santana,BA,95510
cust_008690,campinas,SP,98056
cust_008691,belo horizonte,MG,42635
cust_008692,rio de janeiro,RJ,34825
cust_008693,santos,SP,43244
cust_008694,recife,PE,62899
cust_008695,santos,SP,57971
cust_008696,feira de santana,BA,31492
cust_008697,caxias do sul,RS,25987
cust_008698,sorocaba,SP,49294
cust_008699,porto alegre,RS,29467
cust_008700,sao paulo,SP,44351
cust_008701,campinas,SP,3824
cust_008702,sorocaba,SP,19617
cust_008703,recife,PE,96992
cust_008704,fortaleza,CE,36464
cust_008705,sorocaba,SP,43917
cust_008706,rio de janeiro,RJ,19873
cust_008707,natal,RN,87501
cust_008708,porto alegre,RS,28687
cust_008709,sao paulo,SP,30058
cust_008710,sorocaba,SP,42310
cust_008711,sorocaba,SP,81011
cust_008712,sorocaba,SP,79758
cust_008713,rio de janeiro,RJ,19120
cust_008714,londrina,PR,20445
cust_008715,porto alegre,RS,26254
cust_008716,sorocaba,SP,20378
cust_008717,londrina,PR,50571
cust_008718,duque de caxias,RJ,25488
cust_008719,curitiba,PR,8181
cust_008720,campinas,SP,79143
cust_008721,sorocaba,SP,34899
cust_008722,santos,SP,25483
cust_008723,santos,SP,15191
cust_008724,porto alegre,RS,82125
cust_008725,uberlandia,MG,60598
cust_008726,sorocaba,SP,32943
cust_008727,niteroi,RJ,82966
cust_008728,caxias do sul,RS,30988
cust_008729,porto alegre,RS,25726
cust_008730,londrina,PR,38449
cust_008731,brasilia,DF,4878
cust_008732,londrina,PR,45364
cust_008733,santos,SP,75337
cust_008734,brasilia,DF,42557
cust_008735,sorocaba,SP,58489
cust_008736,porto alegre,RS,40042
cust_008737,maceio,AL,82468
cust_008738,campinas,SP,99778
cust_008739,sao paulo,SP,54701
cust_008740,santos,Unknown,69618
cust_008741,natal,RN,61305
cust_008742,rio de janeiro,RJ,88279
cust_008743,joinville,SC,90655
cust_008744,sorocaba,SP,89468
cust_008745,santos,SP,7906
cust_008746,santos,SP,43266
cust_008747,salvador,BA,50606
cust_008748,santos,SP,77744
cust_008749,belem,PA,56895
cust_008750,uberlandia,MG,47604
cust_008751,fortaleza,CE,53793
cust_008752,sorocaba,SP,59873
cust_008753,niteroi,RJ,60735
cust_008754,santos,SP,73715
cust_008755,niteroi,RJ,40616
cust_008756,uberlandia,MG,58598
cust_008757,sao paulo,SP,12939
cust_008758,natal,Unknown,51216
cust_008759,campinas,SP,38057
cust_008760,santos,SP,2172
cust_008761,contagem,MG,21469
cust_008762,duque de caxias,RJ,97005
cust_008763,campinas,SP,55366
cust_008764,joao pessoa,PB,4760
cust_008765,sao paulo,SP,88665
cust_008766,belo horizonte,MG,12909
cust_008767,santos,SP,62813
cust_008768,campinas,SP,5204
cust_008769,rio de janeiro,RJ,83803
cust_008770,florianopolis,SC,62993
cust_008771,niteroi,RJ,85733
cust_008772,campinas,SP,30960
cust_008773,sao paulo,SP,89402
cust_008774,vitoria,ES,89482
cust_008775,campinas,SP,48290
cust_008776,contagem,MG,59676
cust_008777,sorocaba,SP,38275
cust_008778,campinas,SP,78370
cust_008779,sorocaba,SP,64498
cust_008780,sorocaba,SP,15376
cust_008781,rio de janeiro,RJ,41602
cust_008782,sao paulo,SP,41651
cust_008783,florianopolis,SC,44092
cust_008784,sorocaba,SP,62819
cust_008785,rio de janeiro,RJ,28705
cust_008786,rio de janeiro,RJ,19590
cust_008787,sorocaba,SP,46280
cust_008788,sao paulo,SP,38818
cust_008789,campinas,SP,90850
cust_008790,sorocaba,SP,75690
cust_008791,sorocaba,SP,25293
cust_008792,campinas,SP,68536
cust_008793,sao paulo,SP,60916
cust_008794,niteroi,RJ,90287
cust_008795,rio de janeiro,RJ,74809
cust_008796,santos,SP,56260
cust_008797,duque de caxias,RJ,25768
cust_008798,campinas,SP,21478
cust_008799,joao pessoa,PB,38057
cust_008800,campinas,SP,87994
cust_008801,sao paulo,SP,89997
cust_008802,feira de santana,BA,96239
cust_008803,sorocaba,SP,98107
cust_008804,sorocaba,SP,49074
cust_008805,goiania,Unknown,60540
cust_008806,niteroi,RJ,9362
cust_008807,contagem,MG,16787
cust_008808,sorocaba,SP,26037
cust_008809,sao paulo,SP,17780
cust_008810,sorocaba,SP,75462
cust_008811,curitiba,PR,84533
cust_008812,sorocaba,SP,1022
cust_008813,belo horizonte,MG,68670
cust_008814,belem,PA,30181
cust_008815,natal,RN,49968
cust_008816,santos,SP,37529
cust_008817,belo horizonte,MG,16001
cust_008818,porto alegre,Unknown,79050
cust_008819,joinville,SC,31482
cust_008820,belem,PA,44267
cust_008821,londrina,PR,59460
cust_008822,porto alegre,RS,53028
cust_008823,sorocaba,SP,19284
cust_008824,duque de caxias,RJ,67487
cust_008825,contagem,MG,16785
cust_008826,porto alegre,RS,78706
cust_008827,contagem,MG,65186
cust_008828,santos,SP,34470
cust_008829,rio de janeiro,RJ,36034
cust_008830,campo grande,MS,18011
cust_008831,sorocaba,SP,44892
cust_008832,florianopolis,SC,19015
cust_008833,uberlandia,MG,51208
cust_008834,rio de janeiro,RJ,16854
cust_008835,campinas,SP,88935
cust_008836,niteroi,RJ,12329
cust_008837,joinville,SC,72219
cust_008838,campinas,SP,44648
cust_008839,fortaleza,CE,34599
cust_008840,joinville,SC,19128
cust_008841,sao paulo,SP,64081
cust_008842,sao paulo,SP,78468
cust_008843,santos,SP,65114
cust_008844,sao paulo,SP,1005
cust_008845,campinas,SP,83390
cust_008846,sao paulo,SP,95397
cust_008847,campo grande,MS,70859
cust_008848,uberlandia,MG,2308
cust_008849,salvador,BA,50990
cust_008850,belo horizonte,MG,33207
cust_008851,uberlandia,MG,65643
cust_008852,goiania,GO,75650
cust_008853,sao paulo,SP,88850
cust_008854,caxias do sul,RS,87333
cust_008855,recife,PE,96544
cust_008856,vitoria,ES,9635
cust_008857,niteroi,RJ,12670
cust_008858,brasilia,DF,80306
cust_008859,duque de caxias,RJ,71905
cust_008860,sao paulo,SP,75398
cust_008861,sao paulo,SP,24266
cust_008862,niteroi,RJ,46526
cust_008863,sao paulo,SP,64631
cust_008864,campinas,Unknown,63063
cust_008865,sorocaba,SP,86007
cust_008866,brasilia,DF,37348
cust_008867,goiania,GO,83822
cust_008868,goiania,GO,31870
cust_008869,duque de caxias,RJ,76244
cust_008870,vitoria,ES,4270
cust_008871,niteroi,RJ,21315
cust_008872,rio de janeiro,RJ,1676
cust_008873,niteroi,RJ,22402
cust_008874,campinas,Unknown,53089
cust_008875,belo horizonte,MG,87227
cust_008876,duque de caxias,RJ,2147
cust_008877,sao luis,MA,58916
cust_008878,santos,SP,13161
cust_008879,campinas,SP,18207
cust_008880,campinas,SP,10555
cust_008881,campinas,SP,59237
cust_008882,maceio,AL,63674
cust_008883,uberlandia,MG,28384
cust_008884,sorocaba,SP,67225
cust_008885,contagem,MG,40634
cust_008886,rio de janeiro,RJ,75676
cust_008887,sao paulo,SP,52856
cust_008888,sorocaba,SP,97344
cust_008889,campinas,SP,67029
cust_008890,uberlandia,MG,98007
cust_008891,feira de santana,BA,91117
cust_008892,sorocaba,SP,21550
cust_008893,uberlandia,MG,35277
cust_008894,caxias do sul,RS,35819
cust_008895,santos,SP,61447
cust_008896,duque de caxias,RJ,56588
cust_008897,campinas,SP,47675
cust_008898,sao paulo,SP,5375
cust_008899,rio de janeiro,RJ,45327
cust_008900,santos,SP,20050
cust_008901,duque de caxias,RJ,94971
cust_008902,curitiba,PR,85503
cust_008903,santos,SP,18997
cust_008904,vitoria,ES,41406
cust_008905,santos,SP,63871
cust_008906,duque de caxias,RJ,48976
cust_008907,contagem,MG,17920
cust_008908,duque de caxias,RJ,73915
cust_008909,vitoria,ES,90786
cust_008910,campinas,SP,81064
cust_008911,campinas,SP,36105
cust_008912,uberlandia,MG,86624
cust_008913,contagem,MG,88387
cust_008914,joinville,SC,89591
cust_008915,florianopolis,SC,82702
cust_008916,campinas,SP,30158
cust_008917,curitiba,PR,50618
cust_008918,caxias do sul,RS,65255
cust_008919,contagem,MG,81553
cust_008920,sao paulo,SP,12011
cust_008921,fortaleza,CE,7611
cust_008922,londrina,PR,96919
cust_008923,santos,SP,69919
cust_008924,sao paulo,SP,27495
cust_008925,porto alegre,RS,99605
cust_008926,fortaleza,CE,39646
cust_008927,rio de janeiro,RJ,63565
cust_008928,goiania,GO,93136
cust_008929,sorocaba,SP,85616
cust_008930,sao paulo,Unknown,63384
cust_008931,porto alegre,RS,55591
cust_008932,campinas,SP,29540
cust_008933,santos,SP,18513
cust_008934,curitiba,PR,9540
cust_008935,santos,SP,2629
cust_008936,campinas,SP,49381
cust_008937,campinas,SP,35596
cust_008938,santos,SP,59480
cust_008939,santos,SP,51587
cust_008940,santos,SP,67170
cust_008941,vitoria,ES,20200
cust_008942,contagem,MG,17302
cust_008943,porto alegre,RS,13546
cust_008944,sao paulo,SP,70885
cust_008945,sao paulo,SP,91143
cust_008946,recife,PE,36895
cust_008947,contagem,MG,15272
cust_008948,salvador,BA,94456
cust_008949,campinas,SP,23745
cust_008950,contagem,MG,65690
cust_008951,duque de caxias,RJ,88309
cust_008952,sorocaba,SP,91888
cust_008953,feira de santana,BA,23179
cust_008954,santos,SP,3982
cust_008955,niteroi,RJ,42707
cust_008956,sorocaba,SP,90432
cust_008957,belo horizonte,MG,47795
cust_008958,joinville,SC,87908
cust_008959,campinas,SP,83540
cust_008960,natal,RN,51567
cust_008961,sao paulo,SP,87071
cust_008962,goiania,GO,97663
cust_008963,londrina,PR,68271
cust_008964,belem,PA,75172
cust_008965,londrina,PR,45193
cust_008966,rio de janeiro,RJ,99510
cust_008967,sao paulo,SP,36099
cust_008968,feira de santana,BA,75876
cust_008969,feira de santana,BA,94260
cust_008970,contagem,MG,91602
cust_008971,caxias do sul,RS,88357
cust_008972,duque de caxias,RJ,20517
cust_008973,sorocaba,SP,98040
cust_008974,sao paulo,SP,20501
cust_008975,uberlandia,MG,24347
cust_008976,caxias do sul,RS,51265
cust_008977,caxias do sul,RS,15255
cust_008978,uberlandia,MG,73197
cust_008979,santos,SP,92882
cust_008980,sao paulo,SP,27234
cust_008981,sorocaba,Unknown,33405
cust_008982,santos,SP,42277
cust_008983,belo horizonte,MG,9600
cust_008984,londrina,PR,18068
cust_008985,fortaleza,CE,94994
cust_008986,campinas,SP,92626
cust_008987,salvador,BA,50727
cust_008988,uberlandia,MG,74696
cust_008989,sorocaba,SP,5835
cust_008990,londrina,PR,4799
cust_008991,joao pessoa,PB,88630
cust_008992,sao paulo,SP,3227
cust_008993,belo horizonte,MG,70980
cust_008994,campinas,SP,99384
cust_008995,sorocaba,SP,79495
cust_008996,campinas,SP,40212
cust_008997,santos,SP,54103
cust_008998,curitiba,PR,60625
cust_008999,sorocaba,SP,44986
cust_009000,porto alegre,RS,94836
cust_009001,goiania,GO,5378
cust_009002,brasilia,DF,95624
cust_009003,campinas,SP,86055
cust_009004,santos,SP,10497
cust_009005,niteroi,RJ,57160
cust_009006,santos,SP,63908
cust_009007,sorocaba,SP,98491
cust_009008,uberlandia,MG,99288
cust_009009,uberlandia,MG,47571
cust_009010,campinas,SP,18785
cust_009011,sao paulo,SP,80750
cust_009012,goiania,GO,66618
cust_009013,vitoria,ES,51838
cust_009014,belo horizonte,MG,77625
cust_009015,uberlandia,MG,9199
cust_009016,belo horizonte,MG,8480
cust_009017,santos,SP,48627
cust_009018,recife,PE,39314
cust_009019,santos,SP,16540
cust_009020,caxias do sul,RS,21323
cust_009021,sorocaba,SP,49154
cust_009022,porto alegre,RS,6620
cust_009023,londrina,PR,71427
cust_009024,londrina,PR,10830
cust_009025,rio de janeiro,RJ,67018
cust_009026,belo horizonte,MG,34835
cust_009027,uberlandia,MG,16574
cust_009028,curitiba,PR,58337
cust_009029,niteroi,RJ,63500
cust_009030,duque de caxias,RJ,95407
cust_009031,caxias do sul,RS,44204
cust_009032,santos,SP,93630
cust_009033,belo horizonte,MG,48057
cust_009034,sorocaba,SP,87366
cust_009035,curitiba,PR,28870
cust_009036,campinas,SP,77371
cust_009037,feira de santana,BA,22749
cust_009038,sorocaba,SP,5028
cust_009039,rio de janeiro,RJ,13887
cust_009040,santos,SP,41157
cust_009041,goiania,GO,13904
cust_009042,sorocaba,SP,78155
cust_009043,niteroi,RJ,9833
cust_009044,santos,SP,96780
cust_009045,florianopolis,SC,35675
cust_009046,campinas,SP,46761
cust_009047,uberlandia,MG,74711
cust_009048,sao paulo,SP,70425
cust_009049,sorocaba,SP,83929
cust_009050,sorocaba,SP,99537
cust_009051,rio de janeiro,RJ,31167
cust_009052,sao paulo,SP,62677
cust_009053,maceio,AL,67340
cust_009054,santos,SP,78098
cust_009055,uberlandia,MG,29530
cust_009056,santos,SP,96664
cust_009057,sao paulo,SP,24680
cust_009058,brasilia,DF,71297
cust_009059,londrina,PR,88607
cust_009060,belo horizonte,MG,14058
cust_009061,curitiba,PR,54216
cust_009062,santos,SP,97930
cust_009063,vitoria,ES,15677
cust_009064,niteroi,RJ,80592
cust_009065,goiania,GO,84013
cust_009066,curitiba,PR,27194
cust_009067,sorocaba,SP,71005
cust_009068,uberlandia,MG,98743
cust_009069,campo grande,MS,39348
cust_009070,campinas,SP,8884
cust_009071,duque de caxias,RJ,26719
cust_009072,belo horizonte,MG,94044
cust_009073,campinas,SP,92059
cust_009074,sao paulo,SP,84269
cust_009075,londrina,PR,58548
cust_009076,fortaleza,CE,28220
cust_009077,rio de janeiro,RJ,62105
cust_009078,cuiaba,MT,86180
cust_009079,sao paulo,SP,82301
cust_009080,campinas,SP,6980
cust_009081,sorocaba,SP,71403
cust_009082,duque de caxias,RJ,95268
cust_009083,belo horizonte,MG,13408
cust_009084,sao paulo,SP,60877
cust_009085,niteroi,RJ,62483
cust_009086,caxias do sul,RS,52587
cust_009087,contagem,MG,75435
cust_009088,contagem,MG,99112
cust_009089,contagem,MG,65407
cust_009090,joao pessoa,PB,3609
cust_009091,porto alegre,RS,52283
cust_009092,fortaleza,CE,51730
cust_009093,cuiaba,MT,27854
cust_009094,brasilia,DF,73785
cust_009095,sao paulo,SP,57574
cust_009096,rio de janeiro,RJ,12114
cust_009097,campinas,SP,77896
cust_009098,santos,SP,2481
cust_009099,contagem,MG,86990
cust_009100,santos,SP,61905
cust_009101,contagem,MG,99527
cust_009102,salvador,BA,34464
cust_009103,santos,SP,23093
cust_009104,cuiaba,MT,48698
cust_009105,curitiba,PR,80971
cust_009106,florianopolis,SC,62607
cust_009107,sorocaba,SP,45076
cust_009108,vitoria,ES,39231
cust_009109,campinas,SP,79083
cust_009110,brasilia,DF,22240
cust_009111,santos,SP,4313
cust_009112,sorocaba,SP,24619
cust_009113,santos,Unknown,21725
cust_009114,curitiba,PR,19549
cust_009115,recife,PE,31603
cust_009116,caxias do sul,RS,71882
cust_009117,londrina,Unknown,25496
cust_009118,campinas,SP,14294
cust_009119,sao luis,MA,40470
cust_009120,campinas,SP,97244
cust_009121,fortaleza,CE,93896
cust_009122,joinville,SC,1473
cust_009123,santos,SP,2230
cust_009124,sao paulo,SP,31057
cust_009125,porto alegre,RS,15359
cust_009126,vitoria,ES,80465
cust_009127,caxias do sul,RS,15810
cust_009128,brasilia,DF,9919
cust_009129,campo grande,MS,23355
cust_009130,sao paulo,SP,59209
cust_009131,niteroi,RJ,17419
cust_009132,belo horizonte,MG,29772
cust_009133,campinas,SP,50774
cust_009134,joinville,SC,96576
cust_009135,sorocaba,SP,86696
cust_009136,caxias do sul,RS,22678
cust_009137,niteroi,RJ,29734
cust_009138,feira de santana,BA,8025
cust_009139,rio de janeiro,RJ,30252
cust_009140,contagem,MG,61759
cust_009141,sorocaba,SP,52264
cust_009142,salvador,BA,38227
cust_009143,sao paulo,SP,2880
cust_009144,contagem,MG,90484
cust_009145,brasilia,DF,39638
cust_009146,rio de janeiro,RJ,91581
cust_009147,sao paulo,SP,73778
cust_009148,sao paulo,SP,79709
cust_009149,belo horizonte,MG,42737
cust_009150,sorocaba,SP,13735
cust_009151,campinas,SP,23230
cust_009152,sao paulo,SP,66147
cust_009153,duque de caxias,RJ,58907
cust_009154,niteroi,RJ,10126
cust_009155,duque de caxias,Unknown,86294
cust_009156,uberlandia,MG,3498
cust_009157,belo horizonte,MG,47634
cust_009158,santos,Unknown,20521
cust_009159,recife,PE,18151
cust_009160,duque de caxias,RJ,49950
cust_009161,feira de santana,BA,33385
cust_009162,contagem,MG,45658
cust_009163,santos,SP,94590
cust_009164,londrina,Unknown,77823
cust_009165,sorocaba,SP,33226
cust_009166,sao luis,MA,52816
cust_009167,uberlandia,MG,38098
cust_009168,sorocaba,SP,27158
cust_009169,campinas,SP,46183
cust_009170,porto alegre,RS,14831
cust_009171,sao paulo,SP,24312
cust_009172,campinas,SP,57400
cust_009173,belem,PA,73914
cust_009174,santos,SP,67808
cust_009175,campinas,SP,98666
cust_009176,sao paulo,SP,22079
cust_009177,uberlandia,MG,12953
cust_009178,uberlandia,MG,63550
cust_009179,belo horizonte,MG,57132
cust_009180,cuiaba,MT,86160
cust_009181,santos,SP,13580
cust_009182,campinas,SP,24977
cust_009183,santos,SP,41777
cust_009184,rio de janeiro,RJ,82123
cust_009185,sorocaba,SP,20509
cust_009186,campinas,SP,95086
cust_009187,salvador,BA,11957
cust_009188,sao paulo,SP,93712
cust_009189,fortaleza,CE,67689
cust_009190,fortaleza,CE,14977
cust_009191,niteroi,RJ,98930
cust_009192,brasilia,DF,5845
cust_009193,porto alegre,RS,39587
cust_009194,sao paulo,SP,72930
cust_009195,uberlandia,MG,35052
cust_009196,campinas,SP,38822
cust_009197,niteroi,RJ,29337
cust_009198,salvador,BA,18595
cust_009199,uberlandia,MG,58706
cust_009200,sao paulo,SP,45259
cust_009201,uberlandia,MG,81302
cust_009202,natal,RN,54725
cust_009203,campinas,SP,51842
cust_009204,santos,SP,17014
cust_009205,campinas,SP,25936
cust_009206,cuiaba,MT,4747
cust_009207,niteroi,RJ,97449
cust_009208,sorocaba,SP,78397
cust_009209,belo horizonte,MG,27781
cust_009210,rio de janeiro,RJ,46153
cust_009211,santos,SP,56650
cust_009212,goiania,GO,25192
cust_009213,porto alegre,RS,13699
cust_009214,sao paulo,SP,95563
cust_009215,campo grande,MS,36334
cust_009216,sorocaba,SP,76145
cust_009217,santos,Unknown,63682
cust_009218,rio de janeiro,RJ,40862
cust_009219,santos,SP,61958
cust_009220,uberlandia,MG,28011
cust_009221,campinas,SP,25975
cust_009222,santos,SP,73190
cust_009223,joao pessoa,PB,77905
cust_009224,santos,SP,72709
cust_009225,santos,SP,70267
cust_009226,campinas,SP,88514
cust_009227,salvador,BA,31069
cust_009228,santos,SP,2299
cust_009229,sao paulo,SP,28420
cust_009230,goiania,GO,63331
cust_009231,campinas,SP,60137
cust_009232,brasilia,DF,28892
cust_009233,contagem,MG,78074
cust_009234,feira de santana,BA,97486
cust_009235,sorocaba,SP,13177
cust_009236,campo grande,MS,3457
cust_009237,campinas,SP,69769
cust_009238,santos,SP,49256
cust_009239,londrina,PR,67277
cust_009240,sao paulo,SP,71369
cust_009241,sao paulo,SP,4971
cust_009242,uberlandia,MG,75374
cust_009243,santos,SP,18324
cust_009244,santos,SP,63673
cust_009245,duque de caxias,RJ,98553
cust_009246,sao paulo,SP,47739
cust_009247,uberlandia,MG,35609
cust_009248,londrina,PR,91032
cust_009249,sao paulo,SP,42299
cust_009250,sorocaba,SP,58098
cust_009251,sorocaba,SP,20858
cust_009252,sao paulo,SP,52598
cust_009253,sao paulo,SP,8301
cust_009254,belo horizonte,MG,85853
cust_009255,sao paulo,SP,61367
cust_009256,porto alegre,RS,44876
cust_009257,campinas,SP,75107
cust_009258,campinas,SP,61179
cust_009259,sorocaba,SP,42499
cust_009260,niteroi,RJ,33572
cust_009261,porto alegre,RS,7727
cust_009262,caxias do sul,RS,22004
cust_009263,sao luis,MA,40829
cust_009264,santos,SP,46572
cust_009265,campinas,SP,99442
cust_009266,brasilia,DF,34266
cust_009267,londrina,PR,48624
cust_009268,sao paulo,SP,4735
cust_009269,sorocaba,SP,10008
cust_009270,rio de janeiro,RJ,49182
cust_009271,sao paulo,SP,35457
cust_009272,uberlandia,MG,65966
cust_009273,sao paulo,SP,84520
cust_009274,campo grande,MS,6148
cust_009275,niteroi,RJ,17377
cust_009276,curitiba,PR,57163
cust_009277,sorocaba,SP,10849
cust_009278,uberlandia,MG,31693
cust_009279,goiania,GO,71033
cust_009280,sao paulo,SP,5037
cust_009281,niteroi,RJ,62189
cust_009282,sorocaba,SP,10591
cust_009283,rio de janeiro,RJ,76151
cust_009284,salvador,BA,71914
cust_009285,porto alegre,RS,6238
cust_009286,londrina,PR,54373
cust_009287,sao paulo,SP,47692
cust_009288,salvador,BA,95632
cust_009289,belo horizonte,MG,4930
cust_009290,campinas,SP,68476
cust_009291,brasilia,DF,54851
cust_009292,sorocaba,SP,96293
cust_009293,campinas,SP,73727
cust_009294,salvador,BA,29226
cust_009295,sorocaba,SP,11781
cust_009296,campinas,SP,58665
cust_009297,sao paulo,SP,85072
cust_009298,goiania,GO,56304
cust_009299,sao paulo,SP,58467
cust_009300,campinas,SP,52837
cust_009301,sao paulo,SP,37783
cust_009302,santos,SP,89842
cust_009303,campinas,SP,17500
cust_009304,recife,PE,53242
cust_009305,londrina,PR,87077
cust_009306,recife,PE,27099
cust_009307,curitiba,PR,42816
cust_009308,sao paulo,SP,70493
cust_009309,sao paulo,SP,13645
cust_009310,rio de janeiro,RJ,27219
cust_009311,campinas,SP,72694
cust_009312,contagem,MG,9252
cust_009313,santos,SP,38184
cust_009314,porto alegre,RS,59274
cust_009315,sao paulo,SP,85195
cust_009316,rio de janeiro,RJ,14610
cust_009317,natal,RN,53894
cust_009318,sao paulo,SP,71706
cust_009319,campinas,SP,40297
cust_009320,campinas,SP,44381
cust_009321,santos,SP,46524
cust_009322,duque de caxias,RJ,86752
cust_009323,natal,RN,61895
cust_009324,goiania,GO,41068
cust_009325,caxias do sul,Unknown,1955
cust_009326,curitiba,PR,40222
cust_009327,santos,SP,81799
cust_009328,belem,PA,43456
cust_009329,rio de janeiro,RJ,39949
cust_009330,sorocaba,SP,71658
cust_009331,cuiaba,MT,97168
cust_009332,duque de caxias,RJ,16362
cust_009333,santos,SP,94466
cust_009334,londrina,PR,34788
cust_009335,campinas,SP,59074
cust_009336,sorocaba,SP,27519
cust_009337,sorocaba,SP,3134
cust_009338,contagem,MG,39407
cust_009339,sao paulo,SP,88390
cust_009340,sorocaba,SP,91254
cust_009341,sorocaba,SP,38265
cust_009342,campinas,SP,63500
cust_009343,rio de janeiro,RJ,77362
cust_009344,duque de caxias,RJ,50823
cust_009345,santos,SP,81379
cust_009346,sorocaba,SP,13771
cust_009347,sorocaba,SP,93374
cust_009348,niteroi,RJ,58049
cust_009349,feira de santana,BA,16458
cust_009350,campinas,SP,80073
cust_009351,sorocaba,SP,92975
cust_009352,sao paulo,SP,36733
cust_009353,contagem,MG,47121
cust_009354,santos,SP,90383
cust_009355,porto alegre,RS,54368
cust_009356,caxias do sul,RS,35794
cust_009357,campinas,SP,64496
cust_009358,santos,SP,16884
cust_009359,sao luis,MA,34769
cust_009360,santos,SP,82943
cust_009361,rio de janeiro,RJ,10272
cust_009362,rio de janeiro,RJ,56992
cust_009363,sorocaba,SP,68449
cust_009364,florianopolis,SC,52162
cust_009365,sorocaba,SP,39590
cust_009366,sao paulo,SP,92642
cust_009367,contagem,MG,81042
cust_009368,fortaleza,CE,82652
cust_009369,sorocaba,SP,10626
cust_009370,contagem,MG,99279
cust_009371,santos,SP,51041
cust_009372,uberlandia,MG,69473
cust_009373,sao paulo,SP,38387
cust_009374,rio de janeiro,RJ,58380
cust_009375,campo grande,MS,71316
cust_009376,caxias do sul,RS,54344
cust_009377,sorocaba,Unknown,57488
cust_009378,aracaju,SE,36242
cust_009379,sorocaba,SP,99221
cust_009380,caxias do sul,RS,18911
cust_009381,caxias do sul,RS,38018
cust_009382,brasilia,DF,82686
cust_009383,campinas,SP,48050
cust_009384,porto alegre,RS,1656
cust_009385,belo horizonte,MG,11036
cust_009386,niteroi,RJ,88896
cust_009387,fortaleza,CE,99168
cust_009388,sao paulo,SP,26984
cust_009389,campinas,SP,21842
cust_009390,belo horizonte,MG,24700
cust_009391,sorocaba,SP,91565
cust_009392,salvador,BA,1699
cust_009393,sorocaba,SP,10614
cust_009394,sao paulo,SP,36639
cust_009395,porto alegre,RS,97894
cust_009396,recife,PE,9791
cust_009397,caxias do sul,RS,33928
cust_009398,campinas,SP,19269
cust_009399,santos,SP,33523
cust_009400,curitiba,PR,69141
cust_009401,fortaleza,CE,20781
cust_009402,belo horizonte,MG,42117
cust_009403,uberlandia,MG,17013
cust_009404,sorocaba,SP,2083
cust_009405,rio de janeiro,RJ,50459
cust_009406,niteroi,RJ,32370
cust_009407,sorocaba,SP,74656
cust_009408,sao paulo,SP,1606
cust_009409,uberlandia,MG,5927
cust_009410,duque de caxias,RJ,91602
cust_009411,santos,SP,43793
cust_009412,recife,PE,86186
cust_009413,sorocaba,Unknown,11556
cust_009414,caxias do sul,RS,35974
cust_009415,florianopolis,SC,69908
cust_009416,feira de santana,BA,24804
cust_009417,feira de santana,BA,22905
cust_009418,florianopolis,SC,11584
cust_009419,rio de janeiro,RJ,35446
cust_009420,contagem,MG,70812
cust_009421,brasilia,DF,30031
cust_009422,campinas,SP,12923
cust_009423,caxias do sul,RS,62899
cust_009424,sao paulo,SP,67283
cust_009425,belo horizonte,MG,41435
cust_009426,sorocaba,SP,26576
cust_009427,belo horizonte,MG,73438
cust_009428,campinas,SP,73199
cust_009429,sorocaba,SP,60388
cust_009430,campinas,SP,39930
cust_009431,porto alegre,RS,50965
cust_009432,fortaleza,CE,14547
cust_009433,santos,SP,1284
cust_009434,sao paulo,SP,28460
cust_009435,caxias do sul,RS,52411
cust_009436,uberlandia,MG,69315
cust_009437,santos,SP,24511
cust_009438,contagem,MG,68823
cust_009439,goiania,GO,31445
cust_009440,sorocaba,SP,60127
cust_009441,duque de caxias,RJ,11883
cust_009442,campinas,SP,33001
cust_009443,vitoria,ES,20067
cust_009444,joinville,SC,63889
cust_009445,rio de janeiro,RJ,71220
cust_009446,maceio,AL,5178
cust_009447,campinas,SP,40369
cust_009448,curitiba,PR,60822
cust_009449,londrina,PR,74192
cust_009450,salvador,BA,78346
cust_009451,porto alegre,RS,77298
cust_009452,sorocaba,SP,14682
cust_009453,sorocaba,SP,63732
cust_009454,sao paulo,SP,81830
cust_009455,brasilia,DF,56121
cust_009456,santos,SP,90594
cust_009457,duque de caxias,RJ,82137
cust_009458,santos,SP,95942
cust_009459,duque de caxias,Unknown,94915
cust_009460,sorocaba,SP,3973
cust_009461,rio de janeiro,RJ,40343
cust_009462,sorocaba,SP,89666
cust_009463,campinas,SP,9024
cust_009464,sao paulo,Unknown,7281
cust_009465,cuiaba,MT,28852
cust_009466,uberlandia,MG,38562
cust_009467,belo horizonte,MG,62455
cust_009468,fortaleza,CE,55288
cust_009469,duque de caxias,RJ,73692
cust_009470,uberlandia,MG,22949
cust_009471,rio de janeiro,RJ,48686
cust_009472,sao paulo,SP,35112
cust_009473,campinas,SP,90224
cust_009474,recife,PE,90898
cust_009475,rio de janeiro,RJ,82517
cust_009476,campinas,SP,18332
cust_009477,salvador,BA,10201
cust_009478,santos,SP,54340
cust_009479,uberlandia,Unknown,71066
cust_009480,caxias do sul,RS,82870
cust_009481,santos,SP,79865
cust_009482,santos,Unknown,24869
cust_009483,rio de janeiro,RJ,35012
cust_009484,curitiba,Unknown,93571
cust_009485,recife,PE,71102
cust_009486,feira de santana,BA,98029
cust_009487,sorocaba,SP,22635
cust_009488,campinas,SP,27342
cust_009489,contagem,MG,65910
cust_009490,caxias do sul,RS,47826
cust_009491,sao paulo,SP,97824
cust_009492,sao paulo,SP,2111
cust_009493,santos,SP,62653
cust_009494,sorocaba,SP,96114
cust_009495,caxias do sul,Unknown,53697
cust_009496,vitoria,ES,14592
cust_009497,sorocaba,SP,7051
cust_009498,rio de janeiro,RJ,43352
cust_009499,santos,SP,76431
cust_009500,santos,SP,67593
cust_009501,santos,SP,11273
cust_009502,sao paulo,SP,65403
cust_009503,sao paulo,SP,91082
cust_009504,caxias do sul,RS,65602
cust_009505,uberlandia,MG,26610
cust_009506,belo horizonte,MG,2694
cust_009507,rio de janeiro,RJ,56800
cust_009508,sao paulo,SP,73683
cust_009509,santos,SP,87390
cust_009510,santos,SP,74853
cust_009511,sorocaba,SP,47120
cust_009512,campinas,SP,54990
cust_009513,sao luis,MA,20395
cust_009514,sao luis,MA,73404
cust_009515,curitiba,PR,66305
cust_009516,uberlandia,MG,1059
cust_009517,porto alegre,RS,31294
cust_009518,belo horizonte,MG,17455
cust_009519,contagem,MG,97389
cust_009520,sorocaba,SP,8350
cust_009521,sao luis,MA,52364
cust_009522,curitiba,PR,31974
cust_009523,santos,SP,92684
cust_009524,niteroi,RJ,21156
cust_009525,joinville,SC,94741
cust_009526,fortaleza,CE,19421
cust_009527,campinas,SP,5028
cust_009528,rio de janeiro,RJ,42537
cust_009529,santos,SP,50239
cust_009530,campinas,SP,62738
cust_009531,sao paulo,SP,52909
cust_009532,santos,SP,54797
cust_009533,santos,SP,31447
cust_009534,niteroi,RJ,83853
cust_009535,joinville,SC,55131
cust_009536,duque de caxias,RJ,39986
cust_009537,sao paulo,SP,8711
cust_009538,rio de janeiro,RJ,41367
cust_009539,joinville,SC,44643
cust_009540,duque de caxias,RJ,2060
cust_009541,uberlandia,MG,80916
cust_009542,campinas,SP,76260
cust_009543,santos,SP,24327
cust_009544,belem,PA,60621
cust_009545,campinas,SP,14520
cust_009546,santos,SP,13454
cust_009547,sorocaba,SP,67459
cust_009548,niteroi,RJ,19973
cust_009549,curitiba,PR,92264
cust_009550,caxias do sul,RS,17943
cust_009551,brasilia,DF,65362
cust_009552,santos,SP,41345
cust_009553,campinas,SP,8459
cust_009554,campo grande,MS,4762
cust_009555,niteroi,RJ,14784
cust_009556,salvador,BA,78086
cust_009557,uberlandia,MG,99119
cust_009558,campinas,SP,32496
cust_009559,cuiaba,MT,27612
cust_009560,sao paulo,SP,91949
cust_009561,uberlandia,Unknown,41379
cust_009562,campinas,SP,27889
cust_009563,contagem,MG,55806
cust_009564,niteroi,RJ,37268
cust_009565,santos,Unknown,30768
cust_009566,joao pessoa,PB,92175
cust_009567,campinas,SP,73323
cust_009568,rio de janeiro,RJ,17677
cust_009569,campinas,SP,59614
cust_009570,porto alegre,RS,84720
cust_009571,niteroi,RJ,49287
cust_009572,belo horizonte,MG,15993
cust_009573,porto alegre,RS,49115
cust_009574,londrina,PR,50048
cust_009575,campo grande,MS,20929
cust_009576,goiania,GO,87524
cust_009577,sorocaba,SP,4776
cust_009578,londrina,PR,16815
cust_009579,santos,SP,11606
cust_009580,santos,SP,4707
cust_009581,niteroi,RJ,29595
cust_009582,niteroi,RJ,24698
cust_009583,rio de janeiro,RJ,81415
cust_009584,rio de janeiro,RJ,26950
cust_009585,belo horizonte,MG,25248
cust_009586,cuiaba,MT,41301
cust_009587,campinas,SP,9826
cust_009588,campinas,SP,74634
cust_009589,santos,SP,81640
cust_009590,sorocaba,SP,5745
cust_009591,joao pessoa,PB,63964
cust_009592,sorocaba,SP,57615
cust_009593,sao paulo,SP,97619
cust_009594,niteroi,RJ,72800
cust_009595,santos,SP,90656
cust_009596,duque de caxias,RJ,80910
cust_009597,joao pessoa,PB,61453
cust_009598,porto alegre,RS,96690
cust_009599,campinas,SP,61701
cust_009600,caxias do sul,RS,82710
cust_009601,goiania,GO,45116
cust_009602,sao paulo,SP,11216
cust_009603,porto alegre,RS,66463
cust_009604,uberlandia,MG,18401
cust_009605,curitiba,PR,51305
cust_009606,sao paulo,SP,72336
cust_009607,londrina,PR,87511
cust_009608,florianopolis,SC,21962
cust_009609,porto alegre,RS,89751
cust_009610,sao paulo,SP,25453
cust_009611,sorocaba,SP,78756
cust_009612,londrina,PR,85067
cust_009613,belo horizonte,MG,65966
cust_009614,natal,RN,46698
cust_009615,rio de janeiro,RJ,59063
cust_009616,campinas,SP,40288
cust_009617,londrina,PR,11615
cust_009618,londrina,PR,47462
cust_009619,duque de caxias,RJ,3075
cust_009620,curitiba,PR,26411
cust_009621,santos,SP,99108
cust_009622,sao paulo,SP,9665
cust_009623,campinas,SP,6576
cust_009624,campinas,SP,97741
cust_009625,belo horizonte,MG,72790
cust_009626,campinas,SP,29902
cust_009627,goiania,GO,12109
cust_009628,santos,SP,51692
cust_009629,caxias do sul,RS,94419
cust_009630,rio de janeiro,RJ,6806
cust_009631,campinas,SP,99801
cust_009632,uberlandia,MG,15770
cust_009633,cuiaba,MT,97414
cust_009634,vitoria,ES,11112
cust_009635,campinas,SP,27105
cust_009636,rio de janeiro,RJ,6062
cust_009637,sao paulo,SP,44984
cust_009638,niteroi,RJ,65446
cust_009639,campinas,SP,14658
cust_009640,belem,PA,2675
cust_009641,uberlandia,MG,14136
cust_009642,santos,SP,46229
cust_009643,maceio,AL,51843
cust_009644,caxias do sul,RS,66832
cust_009645,santos,SP,94588
cust_009646,joinville,SC,36946
cust_009647,belo horizonte,MG,59072
cust_009648,sao paulo,SP,15868
cust_009649,santos,SP,34832
cust_009650,sao paulo,SP,23114
cust_009651,sorocaba,SP,19666
cust_009652,florianopolis,SC,16207
cust_009653,sao paulo,SP,5373
cust_009654,duque de caxias,Unknown,30243
cust_009655,sao luis,MA,6300
cust_009656,maceio,AL,36269
cust_009657,florianopolis,SC,7105
cust_009658,florianopolis,SC,40268
cust_009659,vitoria,ES,81219
cust_009660,florianopolis,SC,23085
cust_009661,duque de caxias,RJ,9206
cust_009662,campinas,SP,24185
cust_009663,campinas,SP,43205
cust_009664,niteroi,RJ,64298
cust_009665,sao paulo,SP,62956
cust_009666,campinas,SP,3282
cust_009667,santos,Unknown,92791
cust_009668,duque de caxias,RJ,44703
cust_009669,campinas,SP,32253
cust_009670,sorocaba,SP,92988
cust_009671,uberlandia,MG,19327
cust_009672,sorocaba,SP,76381
cust_009673,rio de janeiro,RJ,98482
cust_009674,sao paulo,SP,33957
cust_009675,porto alegre,RS,43860
cust_009676,brasilia,DF,55301
cust_009677,sorocaba,SP,83112
cust_009678,salvador,BA,98210
cust_009679,brasilia,DF,56793
cust_009680,campo grande,MS,71915
cust_009681,salvador,BA,85886
cust_009682,rio de janeiro,RJ,59372
cust_009683,campinas,SP,78732
cust_009684,campinas,SP,56365
cust_009685,santos,SP,55321
cust_009686,duque de caxias,RJ,89530
cust_009687,cuiaba,MT,37515
cust_009688,sao paulo,SP,20283
cust_009689,duque de caxias,Unknown,72661
cust_009690,aracaju,SE,58288
cust_009691,sorocaba,SP,56530
cust_009692,campinas,SP,35666
cust_009693,sao paulo,SP,71806
cust_009694,sorocaba,SP,47349
cust_009695,duque de caxias,RJ,65926
cust_009696,sao paulo,SP,4951
cust_009697,contagem,MG,93231
cust_009698,sorocaba,SP,79527
cust_009699,porto alegre,RS,50221
cust_009700,sorocaba,SP,19244
cust_009701,rio de janeiro,RJ,98350
cust_009702,santos,SP,56707
cust_009703,joinville,SC,46811
cust_009704,belo horizonte,Unknown,92407
cust_009705,sorocaba,SP,90754
cust_009706,contagem,MG,26488
cust_009707,niteroi,RJ,67602
cust_009708,salvador,BA,33445
cust_009709,natal,RN,4795
cust_009710,campinas,SP,41204
cust_009711,rio de janeiro,RJ,24824
cust_009712,sorocaba,SP,54853
cust_009713,londrina,PR,44913
cust_009714,santos,SP,23780
cust_009715,niteroi,RJ,46096
cust_009716,brasilia,DF,74104
cust_009717,santos,SP,62343
cust_009718,salvador,BA,63340
cust_009719,sorocaba,SP,13580
cust_009720,fortaleza,CE,10229
cust_009721,joinville,SC,63853
cust_009722,sao paulo,SP,51451
cust_009723,sorocaba,SP,63290
cust_009724,niteroi,RJ,36620
cust_009725,caxias do sul,RS,11634
cust_009726,santos,SP,35711
cust_009727,belem,PA,64841
cust_009728,londrina,PR,98324
cust_009729,cuiaba,MT,57473
cust_009730,campinas,SP,41141
cust_009731,rio de janeiro,RJ,37071
cust_009732,sao paulo,SP,3374
cust_009733,santos,SP,20418
cust_009734,campinas,SP,36137
cust_009735,santos,SP,61763
cust_009736,caxias do sul,RS,60357
cust_009737,campinas,Unknown,33819
cust_009738,santos,SP,53249
cust_009739,rio de janeiro,RJ,23688
cust_009740,caxias do sul,RS,8631
cust_009741,florianopolis,SC,29846
cust_009742,belo horizonte,MG,17650
cust_009743,campinas,SP,53964
cust_009744,belo horizonte,MG,77166
cust_009745,contagem,MG,17697
cust_009746,campinas,SP,1716
cust_009747,campinas,SP,6490
cust_009748,belem,PA,23822
cust_009749,campinas,Unknown,17386
cust_009750,santos,SP,98090
cust_009751,santos,SP,24463
cust_009752,recife,PE,65907
cust_009753,duque de caxias,RJ,69882
cust_009754,cuiaba,MT,25307
cust_009755,feira de santana,Unknown,15453
cust_009756,londrina,Unknown,20207
cust_009757,sorocaba,SP,88083
cust_009758,sorocaba,SP,42235
cust_009759,feira de santana,BA,1737
cust_009760,natal,RN,64910
cust_009761,goiania,GO,43508
cust_009762,cuiaba,Unknown,17933
cust_009763,uberlandia,MG,17097
cust_009764,duque de caxias,RJ,75045
cust_009765,duque de caxias,RJ,32049
cust_009766,rio de janeiro,RJ,5151
cust_009767,sorocaba,SP,76852
cust_009768,sao paulo,SP,20205
cust_009769,campinas,SP,99706
cust_009770,sorocaba,SP,59436
cust_009771,santos,SP,55404
cust_009772,caxias do sul,RS,70911
cust_009773,contagem,MG,22956
cust_009774,belo horizonte,MG,67548
cust_009775,londrina,PR,18593
cust_009776,sao paulo,SP,26919
cust_009777,rio de janeiro,RJ,57716
cust_009778,rio de janeiro,RJ,39163
cust_009779,santos,SP,90293
cust_009780,contagem,MG,4725
cust_009781,londrina,PR,10862
cust_009782,sao paulo,SP,1046
cust_009783,brasilia,DF,90720
cust_009784,sorocaba,SP,42231
cust_009785,rio de janeiro,RJ,88070
cust_009786,goiania,GO,54791
cust_009787,curitiba,PR,86198
cust_009788,belo horizonte,MG,82290
cust_009789,uberlandia,MG,10668
cust_009790,sao paulo,SP,96302
cust_009791,porto alegre,RS,51616
cust_009792,belo horizonte,MG,60314
cust_009793,santos,SP,25030
cust_009794,sorocaba,SP,81837
cust_009795,sao luis,MA,9194
cust_009796,sao paulo,SP,13917
cust_009797,recife,PE,23596
cust_009798,campinas,SP,81848
cust_009799,sorocaba,SP,81755
cust_009800,contagem,MG,26085
cust_009801,uberlandia,MG,55331
cust_009802,duque de caxias,RJ,41565
cust_009803,campinas,SP,55348
cust_009804,duque de caxias,RJ,3111
cust_009805,porto alegre,RS,44048
cust_009806,santos,SP,47335
cust_009807,niteroi,RJ,2425
cust_009808,sao paulo,SP,65477
cust_009809,santos,SP,38969
cust_009810,sorocaba,SP,25953
cust_009811,santos,SP,78834
cust_009812,curitiba,PR,81057
cust_009813,natal,RN,26100
cust_009814,santos,SP,92692
cust_009815,santos,SP,2550
cust_009816,campo grande,MS,57496
cust_009817,santos,SP,71296
cust_009818,sao paulo,SP,25161
cust_009819,belo horizonte,MG,37281
cust_009820,campinas,SP,70821
cust_009821,rio de janeiro,RJ,36905
cust_009822,recife,PE,30165
cust_009823,uberlandia,MG,65159
cust_009824,porto alegre,RS,17116
cust_009825,sao paulo,SP,56412
cust_009826,campinas,SP,29233
cust_009827,recife,PE,32562
cust_009828,fortaleza,CE,44461
cust_009829,salvador,BA,73556
cust_009830,sorocaba,SP,23342
cust_009831,salvador,BA,67524
cust_009832,sao paulo,SP,34388
cust_009833,belo horizonte,MG,89125
cust_009834,caxias do sul,RS,40166
cust_009835,niteroi,RJ,42486
cust_009836,rio de janeiro,RJ,75631
cust_009837,curitiba,PR,5355
cust_009838,recife,PE,85905
cust_009839,sao paulo,SP,33999
cust_009840,campinas,SP,82664
cust_009841,belo horizonte,MG,37586
cust_009842,sorocaba,SP,20128
cust_009843,campinas,SP,11584
cust_009844,santos,SP,81164
cust_009845,sao paulo,SP,3445
cust_009846,niteroi,RJ,64412
cust_009847,campo grande,MS,60848
cust_009848,feira de santana,BA,24541
cust_009849,rio de janeiro,RJ,75838
cust_009850,campinas,SP,38224
cust_009851,porto alegre,RS,79804
cust_009852,niteroi,Unknown,35203
cust_009853,florianopolis,SC,78211
cust_009854,duque de caxias,RJ,44079
cust_009855,porto alegre,RS,46452
cust_009856,campinas,Unknown,84638
cust_009857,salvador,BA,10755
cust_009858,joinville,SC,41748
cust_009859,sao paulo,SP,5307
cust_009860,campo grande,MS,6411
cust_009861,santos,SP,14528
cust_009862,santos,SP,73995
cust_009863,curitiba,PR,78672
cust_009864,uberlandia,MG,78914
cust_009865,sao paulo,SP,99232
cust_009866,santos,SP,57655
cust_009867,sorocaba,SP,20645
cust_009868,sorocaba,Unknown,48037
cust_009869,rio de janeiro,RJ,55849
cust_009870,campinas,SP,77437
cust_009871,rio de janeiro,Unknown,48170
cust_009872,belo horizonte,MG,3185
cust_009873,curitiba,Unknown,83925
cust_009874,vitoria,ES,58835
cust_009875,sao paulo,SP,11694
cust_009876,sao paulo,SP,95240
cust_009877,campinas,SP,45571
cust_009878,sorocaba,SP,79634
cust_009879,duque de caxias,RJ,73087
cust_009880,sorocaba,SP,28276
cust_009881,caxias do sul,RS,89674
cust_009882,cuiaba,MT,91849
cust_009883,sorocaba,SP,94143
cust_009884,santos,SP,21043
cust_009885,curitiba,PR,14714
cust_009886,londrina,PR,55146
cust_009887,sorocaba,SP,25399
cust_009888,uberlandia,MG,62873
cust_009889,santos,SP,67686
cust_009890,uberlandia,MG,4369
cust_009891,londrina,PR,76488
cust_009892,sao paulo,SP,13596
cust_009893,santos,SP,57638
cust_009894,uberlandia,MG,54889
cust_009895,contagem,MG,2876
cust_009896,recife,PE,18909
cust_009897,niteroi,Unknown,54457
cust_009898,florianopolis,SC,42495
cust_009899,curitiba,PR,47974
cust_009900,caxias do sul,RS,70873
cust_009901,sorocaba,SP,69219
cust_009902,santos,SP,62910
cust_009903,contagem,MG,73895
cust_009904,sao paulo,SP,87549
cust_009905,santos,SP,21903
cust_009906,sao paulo,SP,92195
cust_009907,belem,PA,47522
cust_009908,porto alegre,RS,92732
cust_009909,salvador,BA,64196
cust_009910,campo grande,MS,39846
cust_009911,porto alegre,RS,5347
cust_009912,niteroi,RJ,13070
cust_009913,duque de caxias,RJ,62565
cust_009914,londrina,PR,67047
cust_009915,goiania,GO,14533
cust_009916,salvador,BA,91980
cust_009917,duque de caxias,RJ,33492
cust_009918,florianopolis,SC,77156
cust_009919,niteroi,RJ,77553
cust_009920,sorocaba,SP,70004
cust_009921,campinas,SP,91543
cust_009922,santos,SP,80456
cust_009923,santos,SP,17266
cust_009924,londrina,PR,41571
cust_009925,campinas,SP,57483
cust_009926,recife,PE,50673
cust_009927,santos,SP,52819
cust_009928,sorocaba,SP,20787
cust_009929,duque de caxias,RJ,97164
cust_009930,campinas,SP,67482
cust_009931,sao paulo,SP,80686
cust_009932,sorocaba,SP,35449
cust_009933,niteroi,RJ,66763
cust_009934,sao paulo,SP,27478
cust_009935,contagem,MG,59520
cust_009936,santos,SP,25816
cust_009937,sorocaba,SP,93393
cust_009938,campinas,SP,51559
cust_009939,campinas,SP,49677
cust_009940,florianopolis,SC,54456
cust_009941,niteroi,RJ,23451
cust_009942,uberlandia,MG,82797
cust_009943,goiania,GO,29189
cust_009944,sorocaba,SP,91715
cust_009945,goiania,GO,83662
cust_009946,curitiba,PR,31605
cust_009947,curitiba,PR,55947
cust_009948,goiania,GO,33850
cust_009949,campinas,SP,14631
cust_009950,rio de janeiro,RJ,28837
cust_009951,niteroi,RJ,87095
cust_009952,contagem,MG,30903
cust_009953,campinas,Unknown,92866
cust_009954,campinas,SP,73119
cust_009955,sao luis,MA,45243
cust_009956,niteroi,RJ,63280
cust_009957,sorocaba,SP,88396
cust_009958,campinas,SP,8705
cust_009959,contagem,MG,80370
cust_009960,sao paulo,SP,57680
cust_009961,sao paulo,SP,97946
cust_009962,cuiaba,MT,84924
cust_009963,campinas,SP,89647
cust_009964,santos,SP,6959
cust_009965,porto alegre,RS,45945
cust_009966,campinas,SP,90640
cust_009967,santos,SP,27833
cust_009968,belo horizonte,MG,26423
cust_009969,porto alegre,Unknown,67069
cust_009970,rio de janeiro,RJ,33448
cust_009971,florianopolis,SC,59242
cust_009972,feira de santana,BA,40549
cust_009973,uberlandia,Unknown,45635
cust_009974,belo horizonte,MG,15085
cust_009975,salvador,BA,83526
cust_009976,sorocaba,SP,10748
cust_009977,rio de janeiro,RJ,17825
cust_009978,campinas,SP,24821
cust_009979,santos,SP,28203
cust_009980,cuiaba,MT,1533
cust_009981,sao paulo,SP,95923
cust_009982,santos,SP,58147
cust_009983,sorocaba,SP,49451
cust_009984,belo horizonte,MG,14312
cust_009985,brasilia,DF,63718
cust_009986,sorocaba,SP,10241
cust_009987,salvador,BA,27997
cust_009988,rio de janeiro,RJ,56759
cust_009989,fortaleza,Unknown,98269
cust_009990,brasilia,DF,59669
cust_009991,campinas,Unknown,48338
cust_009992,recife,PE,66328
cust_009993,sao paulo,SP,73540
cust_009994,niteroi,RJ,50873
cust_009995,sao paulo,SP,34575
cust_009996,santos,SP,88547
cust_009997,joao pessoa,PB,31190
cust_009998,curitiba,PR,13361
cust_009999,contagem,MG,29935
cust_010000,vitoria,ES,78841
cust_010001,sao paulo,SP,8578
cust_010002,sao paulo,SP,41708
cust_010003,salvador,BA,5029
cust_010004,santos,SP,90441
cust_010005,joinville,SC,33781
cust_010006,sorocaba,SP,24218
cust_010007,sao paulo,SP,69632
cust_010008,sorocaba,SP,94826
cust_010009,campinas,SP,6247
cust_010010,sao paulo,SP,86849
cust_010011,sao paulo,SP,39852
cust_010012,sorocaba,SP,18143
cust_010013,joinville,SC,8231
cust_010014,rio de janeiro,RJ,44056
cust_010015,sorocaba,SP,24909
cust_010016,campinas,SP,25064
cust_010017,sao paulo,SP,19504
cust_010018,campinas,SP,15062
cust_010019,duque de caxias,RJ,78817
cust_010020,campinas,SP,39413
cust_010021,natal,RN,80322
cust_010022,sao paulo,SP,53980
cust_010023,rio de janeiro,RJ,8795
cust_010024,caxias do sul,RS,40755
cust_010025,sao paulo,SP,9587
cust_010026,campinas,SP,33837
cust_010027,santos,SP,82507
cust_010028,rio de janeiro,RJ,33459
cust_010029,brasilia,DF,24589
cust_010030,santos,SP,16941
cust_010031,recife,PE,14149
cust_010032,duque de caxias,RJ,23051
cust_010033,caxias do sul,RS,91039
cust_010034,sao paulo,SP,53411
cust_010035,recife,PE,78505
cust_010036,santos,SP,16747
cust_010037,sorocaba,SP,61274
cust_010038,rio de janeiro,RJ,83118
cust_010039,campo grande,MS,77795
cust_010040,sao paulo,SP,73879
cust_010041,santos,SP,75444
cust_010042,campo grande,MS,98895
cust_010043,salvador,BA,39313
cust_010044,uberlandia,MG,32357
cust_010045,santos,SP,10324
cust_010046,sao paulo,SP,19056
cust_010047,cuiaba,MT,40985
cust_010048,santos,SP,8476
cust_010049,londrina,PR,75969
cust_010050,belo horizonte,MG,35645
cust_010051,sao luis,MA,33011
cust_010052,uberlandia,MG,92172
cust_010053,campinas,SP,6915
cust_010054,joinville,SC,59527
cust_010055,joao pessoa,PB,60298
cust_010056,fortaleza,CE,95894
cust_010057,santos,SP,41515
cust_010058,santos,SP,91486
cust_010059,curitiba,PR,67920
cust_010060,contagem,MG,38594
cust_010061,santos,SP,53386
cust_010062,santos,SP,44353
cust_010063,sao paulo,SP,60638
cust_010064,sorocaba,SP,30635
cust_010065,sao paulo,SP,33668
cust_010066,campo grande,MS,74448
cust_010067,porto alegre,RS,98162
cust_010068,campinas,SP,57369
cust_010069,belo horizonte,MG,33599
cust_010070,niteroi,RJ,7278
cust_010071,curitiba,PR,93912
cust_010072,goiania,GO,91948
cust_010073,sao paulo,SP,21523
cust_010074,natal,RN,78762
cust_010075,sorocaba,SP,68045
cust_010076,londrina,PR,93362
cust_010077,fortaleza,Unknown,50836
cust_010078,curitiba,PR,25696
cust_010079,campinas,SP,34845
cust_010080,campinas,SP,75545
cust_010081,santos,SP,20999
cust_010082,sao paulo,SP,63751
cust_010083,sao paulo,SP,82871
cust_010084,campinas,SP,13194
cust_010085,belo horizonte,MG,53287
cust_010086,sorocaba,SP,26697
cust_010087,niteroi,RJ,50288
cust_010088,caxias do sul,RS,19984
cust_010089,campinas,SP,32602
cust_010090,belo horizonte,MG,16184
cust_010091,curitiba,PR,40157
cust_010092,duque de caxias,RJ,65288
cust_010093,rio de janeiro,RJ,31187
cust_010094,londrina,PR,86738
cust_010095,rio de janeiro,RJ,60951
cust_010096,duque de caxias,RJ,98798
cust_010097,joinville,SC,67880
cust_010098,feira de santana,BA,22287
cust_010099,sao paulo,SP,57109
cust_010100,santos,SP,67747
cust_010101,florianopolis,SC,48005
cust_010102,duque de caxias,RJ,8752
cust_010103,caxias do sul,RS,18879
cust_010104,sorocaba,SP,24664
cust_010105,campinas,SP,41887
cust_010106,niteroi,RJ,84889
cust_010107,salvador,BA,3489
cust_010108,santos,SP,94209
cust_010109,campo grande,MS,53371
cust_010110,londrina,PR,97094
cust_010111,florianopolis,SC,68433
cust_010112,feira de santana,BA,46981
cust_010113,campinas,SP,12522
cust_010114,sorocaba,SP,73844
cust_010115,sao paulo,SP,61278
cust_010116,sao paulo,SP,37543
cust_010117,santos,SP,81834
cust_010118,curitiba,PR,70398
cust_010119,joinville,SC,29528
cust_010120,sorocaba,SP,16066
cust_010121,rio de janeiro,RJ,66218
cust_010122,caxias do sul,RS,13089
cust_010123,curitiba,PR,53004
cust_010124,sao luis,MA,98396
cust_010125,sorocaba,SP,74487
cust_010126,santos,SP,31840
cust_010127,brasilia,DF,96139
cust_010128,campinas,SP,89818
cust_010129,florianopolis,SC,49659
cust_010130,campinas,SP,3250
cust_010131,niteroi,RJ,89169
cust_010132,uberlandia,MG,83314
cust_010133,londrina,PR,97627
cust_010134,sorocaba,Unknown,93730
cust_010135,salvador,BA,49729
cust_010136,brasilia,DF,2539
cust_010137,florianopolis,SC,40120
cust_010138,vitoria,ES,39536
cust_010139,goiania,GO,30765
cust_010140,londrina,PR,81018
cust_010141,contagem,MG,81124
cust_010142,feira de santana,BA,1443
cust_010143,sao luis,MA,91463
cust_010144,uberlandia,MG,31181
cust_010145,santos,SP,18397
cust_010146,campinas,SP,26564
cust_010147,florianopolis,SC,7257
cust_010148,joao pessoa,PB,14238
cust_010149,sorocaba,SP,30119
cust_010150,sao luis,MA,9709
cust_010151,sao paulo,SP,18075
cust_010152,sao paulo,SP,25647
cust_010153,fortaleza,CE,76910
cust_010154,campo grande,MS,20794
cust_010155,belo horizonte,MG,91957
cust_010156,cuiaba,MT,97464
cust_010157,brasilia,DF,34360
cust_010158,goiania,GO,3188
cust_010159,goiania,GO,29628
cust_010160,campinas,SP,13821
cust_010161,campinas,SP,4153
cust_010162,santos,SP,80906
cust_010163,sao paulo,SP,11798
cust_010164,campinas,SP,76485
cust_010165,santos,SP,67080
cust_010166,campinas,SP,47356
cust_010167,uberlandia,MG,32601
cust_010168,campinas,SP,39141
cust_010169,sorocaba,SP,31694
cust_010170,campinas,SP,35288
cust_010171,sorocaba,SP,27607
cust_010172,porto alegre,RS,97373
cust_010173,recife,PE,91938
cust_010174,porto alegre,RS,86833
cust_010175,caxias do sul,RS,84107
cust_010176,natal,RN,26914
cust_010177,curitiba,PR,86848
cust_010178,santos,SP,46651
cust_010179,sao paulo,SP,17191
cust_010180,contagem,MG,74848
cust_010181,contagem,MG,96469
cust_010182,feira de santana,BA,82656
cust_010183,campinas,SP,2852
cust_010184,natal,RN,13076
cust_010185,niteroi,RJ,14051
cust_010186,belem,PA,95624
cust_010187,niteroi,RJ,53513
cust_010188,campinas,SP,82115
cust_010189,santos,SP,14504
cust_010190,sao paulo,SP,50850
cust_010191,campinas,SP,37863
cust_010192,recife,PE,50560
cust_010193,campinas,SP,67314
cust_010194,campinas,SP,51201
cust_010195,campinas,SP,8260
cust_010196,uberlandia,MG,81761
cust_010197,sorocaba,SP,90894
cust_010198,campinas,SP,55097
cust_010199,goiania,GO,19085
cust_010200,sao paulo,SP,81441
cust_010201,vitoria,ES,60334
cust_010202,sorocaba,Unknown,86489
cust_010203,belo horizonte,MG,61940
cust_010204,caxias do sul,RS,70544
cust_010205,sorocaba,SP,78670
cust_010206,caxias do sul,RS,5640
cust_010207,santos,SP,25190
cust_010208,santos,SP,45336
cust_010209,goiania,GO,71044
cust_010210,cuiaba,MT,26308
cust_010211,sao paulo,SP,45479
cust_010212,porto alegre,RS,5304
cust_010213,sao paulo,SP,63609
cust_010214,campinas,SP,65210
cust_010215,sorocaba,SP,55206
cust_010216,uberlandia,MG,51769
cust_010217,londrina,PR,99849
cust_010218,niteroi,RJ,7049
cust_010219,cuiaba,MT,71225
cust_010220,londrina,PR,62557
cust_010221,santos,SP,45626
cust_010222,sao paulo,SP,19815
cust_010223,uberlandia,MG,93543
cust_010224,santos,SP,93787
cust_010225,campinas,SP,34663
cust_010226,sorocaba,SP,70015
cust_010227,campinas,SP,11721
cust_010228,duque de caxias,RJ,1371
cust_010229,contagem,MG,96659
cust_010230,curitiba,PR,87268
cust_010231,sao luis,MA,1879
cust_010232,salvador,BA,7441
cust_010233,sorocaba,SP,15975
cust_010234,duque de caxias,RJ,2148
cust_010235,sorocaba,SP,37918
cust_010236,sao luis,MA,40126
cust_010237,rio de janeiro,RJ,66605
cust_010238,santos,SP,16414
cust_010239,curitiba,PR,87912
cust_010240,niteroi,RJ,81969
cust_010241,aracaju,SE,70317
cust_010242,sorocaba,SP,94522
cust_010243,campinas,SP,20004
cust_010244,vitoria,ES,78557
cust_010245,niteroi,RJ,44191
cust_010246,campinas,SP,37451
cust_010247,uberlandia,MG,68330
cust_010248,belo horizonte,Unknown,29920
cust_010249,campinas,SP,2833
cust_010250,sorocaba,SP,34920
cust_010251,sao paulo,SP,78185
cust_010252,campinas,SP,9571
cust_010253,santos,SP,85558
cust_010254,campinas,SP,90455
cust_010255,londrina,PR,47854
cust_010256,belo horizonte,MG,25160
cust_010257,rio de janeiro,RJ,81429
cust_010258,sorocaba,SP,25767
cust_010259,sorocaba,SP,21609
cust_010260,campinas,SP,71871
cust_010261,cuiaba,MT,32528
cust_010262,sao paulo,SP,62154
cust_010263,brasilia,DF,23630
cust_010264,uberlandia,MG,95925
cust_010265,feira de santana,BA,22907
cust_010266,recife,PE,98145
cust_010267,joinville,SC,76059
cust_010268,contagem,MG,42310
cust_010269,santos,SP,68758
cust_010270,contagem,MG,92170
cust_010271,sao paulo,SP,63032
cust_010272,sorocaba,SP,95557
cust_010273,brasilia,DF,91892
cust_010274,contagem,MG,85755
cust_010275,sorocaba,SP,91946
cust_010276,recife,PE,93318
cust_010277,campinas,SP,3323
cust_010278,goiania,Unknown,60398
cust_010279,londrina,PR,67055
cust_010280,sorocaba,SP,12318
cust_010281,sorocaba,SP,66706
cust_010282,cuiaba,MT,86097
cust_010283,campinas,SP,74350
cust_010284,sao luis,MA,31446
cust_010285,sorocaba,SP,49523
cust_010286,sorocaba,SP,92587
cust_010287,belo horizonte,MG,27760
cust_010288,rio de janeiro,RJ,52404
cust_010289,sorocaba,SP,83960
cust_010290,contagem,MG,49481
cust_010291,santos,SP,11766
cust_010292,santos,SP,83299
cust_010293,feira de santana,Unknown,34769
cust_010294,niteroi,RJ,39437
cust_010295,caxias do sul,RS,84409
cust_010296,contagem,MG,11515
cust_010297,belo horizonte,MG,74882
cust_010298,sao paulo,SP,78589
cust_010299,vitoria,ES,89509
cust_010300,rio de janeiro,RJ,29769
cust_010301,belem,PA,3334
cust_010302,feira de santana,BA,84744
cust_010303,curitiba,PR,16305
cust_010304,duque de caxias,RJ,91664
cust_010305,campinas,SP,71448
cust_010306,sorocaba,SP,39798
cust_010307,caxias do sul,RS,37764
cust_010308,santos,SP,67370
cust_010309,sao paulo,SP,85402
cust_010310,rio de janeiro,RJ,2742
cust_010311,sao paulo,SP,3085
cust_010312,sao paulo,SP,79607
cust_010313,rio de janeiro,Unknown,41504
cust_010314,sorocaba,SP,46476
cust_010315,sorocaba,SP,1960
cust_010316,sao paulo,SP,27171
cust_010317,uberlandia,MG,60512
cust_010318,belem,PA,87651
cust_010319,santos,SP,13547
cust_010320,porto alegre,RS,41519
cust_010321,santos,SP,73971
cust_010322,uberlandia,MG,82517
cust_010323,santos,SP,49454
cust_010324,brasilia,DF,42635
cust_010325,curitiba,PR,83537
cust_010326,caxias do sul,RS,95000
cust_010327,santos,SP,77015
cust_010328,salvador,BA,67369
cust_010329,sorocaba,SP,69500
cust_010330,rio de janeiro,RJ,67051
cust_010331,florianopolis,SC,52151
cust_010332,contagem,MG,13253
cust_010333,feira de santana,BA,89626
cust_010334,porto alegre,RS,75003
cust_010335,londrina,PR,35227
cust_010336,sorocaba,SP,52503
cust_010337,sao paulo,SP,8410
cust_010338,rio de janeiro,RJ,72116
cust_010339,belo horizonte,MG,41705
cust_010340,porto alegre,RS,86877
cust_010341,belo horizonte,MG,23209
cust_010342,caxias do sul,RS,70613
cust_010343,sao paulo,SP,34486
cust_010344,santos,SP,50414
cust_010345,fortaleza,CE,32726
cust_010346,campinas,SP,85352
cust_010347,campinas,SP,21517
cust_010348,londrina,PR,74077
cust_010349,campinas,SP,3575
cust_010350,rio de janeiro,Unknown,76709
cust_010351,porto alegre,RS,47762
cust_010352,duque de caxias,RJ,91239
cust_010353,recife,PE,41506
cust_010354,goiania,GO,14673
cust_010355,duque de caxias,RJ,68164
cust_010356,campo grande,MS,50403
cust_010357,santos,SP,5278
cust_010358,santos,SP,13267
cust_010359,caxias do sul,RS,49696
cust_010360,uberlandia,MG,75212
cust_010361,santos,SP,98377
cust_010362,sao paulo,SP,43766
cust_010363,sorocaba,SP,95120
cust_010364,sorocaba,SP,72312
cust_010365,sorocaba,Unknown,54372
cust_010366,belem,PA,13053
cust_010367,salvador,BA,84487
cust_010368,rio de janeiro,RJ,62398
cust_010369,niteroi,RJ,79026
cust_010370,campinas,SP,12170
cust_010371,niteroi,RJ,94181
cust_010372,belo horizonte,MG,35962
cust_010373,florianopolis,SC,41243
cust_010374,sao paulo,SP,54032
cust_010375,belem,PA,4176
cust_010376,feira de santana,BA,69468
cust_010377,sao paulo,SP,27050
cust_010378,fortaleza,CE,50606
cust_010379,santos,SP,52667
cust_010380,belem,PA,73342
cust_010381,contagem,MG,80328
cust_010382,santos,SP,18212
cust_010383,rio de janeiro,RJ,80895
cust_010384,belo horizonte,MG,64552
cust_010385,brasilia,DF,91522
cust_010386,feira de santana,BA,39190
cust_010387,santos,SP,56190
cust_010388,brasilia,DF,16267
cust_010389,duque de caxias,RJ,35760
cust_010390,sorocaba,SP,85485
cust_010391,campinas,SP,78394
cust_010392,feira de santana,BA,97612
cust_010393,uberlandia,MG,85943
cust_010394,duque de caxias,RJ,24719
cust_010395,contagem,MG,33082
cust_010396,brasilia,DF,16596
cust_010397,sao paulo,SP,51008
cust_010398,sao paulo,SP,76681
cust_010399,sorocaba,SP,82687
cust_010400,campinas,SP,99070
cust_010401,sorocaba,SP,34962
cust_010402,curitiba,PR,42438
cust_010403,campinas,SP,57998
cust_010404,salvador,BA,79300
cust_010405,cuiaba,MT,96097
cust_010406,sao paulo,SP,15567
cust_010407,santos,SP,34866
cust_010408,campinas,SP,23577
cust_010409,porto alegre,RS,25714
cust_010410,niteroi,RJ,14950
cust_010411,uberlandia,MG,59840
cust_010412,florianopolis,SC,66946
cust_010413,joinville,SC,44112
cust_010414,rio de janeiro,RJ,59162
cust_010415,goiania,GO,69577
cust_010416,belem,PA,66526
cust_010417,uberlandia,MG,94456
cust_010418,santos,SP,17720
cust_010419,florianopolis,SC,95585
cust_010420,recife,PE,9042
cust_010421,belo horizonte,MG,3883
cust_010422,porto alegre,RS,53862
cust_010423,santos,Unknown,48778
cust_010424,rio de janeiro,RJ,53450
cust_010425,florianopolis,SC,99349
cust_010426,goiania,GO,42737
cust_010427,campinas,Unknown,84917
cust_010428,campinas,SP,68612
cust_010429,campinas,SP,7267
cust_010430,santos,SP,42457
cust_010431,joinville,SC,14051
cust_010432,campinas,SP,85790
cust_010433,curitiba,Unknown,37253
cust_010434,rio de janeiro,RJ,77991
cust_010435,caxias do sul,RS,8316
cust_010436,rio de janeiro,RJ,34241
cust_010437,florianopolis,SC,80348
cust_010438,duque de caxias,RJ,89526
cust_010439,campinas,SP,3596
cust_010440,belo horizonte,MG,49711
cust_010441,duque de caxias,Unknown,87752
cust_010442,santos,SP,46975
cust_010443,fortaleza,CE,30660
cust_010444,londrina,PR,72377
cust_010445,santos,SP,79420
cust_010446,londrina,PR,95671
cust_010447,santos,SP,91285
cust_010448,rio de janeiro,RJ,4296
cust_010449,sao paulo,SP,81360
cust_010450,santos,SP,18348
cust_010451,campinas,SP,83854
cust_010452,contagem,MG,80722
cust_010453,sorocaba,SP,23870
cust_010454,campinas,SP,44734
cust_010455,campinas,SP,77302
cust_010456,sao paulo,SP,86008
cust_010457,contagem,MG,87251
cust_010458,campinas,SP,35794
cust_010459,niteroi,RJ,8836
cust_010460,duque de caxias,RJ,97575
cust_010461,campinas,SP,86623
cust_010462,londrina,PR,22379
cust_010463,caxias do sul,RS,58738
cust_010464,porto alegre,RS,94941
cust_010465,niteroi,RJ,33174
cust_010466,sorocaba,Unknown,79182
cust_010467,contagem,MG,49179
cust_010468,campo grande,MS,97435
cust_010469,duque de caxias,RJ,41385
cust_010470,porto alegre,RS,17014
cust_010471,niteroi,RJ,95168
cust_010472,belem,PA,35973
cust_010473,santos,SP,28329
cust_010474,rio de janeiro,RJ,20562
cust_010475,niteroi,RJ,41642
cust_010476,curitiba,PR,83145
cust_010477,londrina,PR,35027
cust_010478,londrina,PR,27562
cust_010479,londrina,PR,44796
cust_010480,duque de caxias,RJ,53053
cust_010481,santos,SP,82905
cust_010482,goiania,Unknown,20132
cust_010483,campinas,Unknown,32980
cust_010484,sorocaba,SP,71032
cust_010485,campinas,SP,43467
cust_010486,rio de janeiro,RJ,74558
cust_010487,duque de caxias,RJ,44730
cust_010488,contagem,MG,12397
cust_010489,uberlandia,MG,86283
cust_010490,sorocaba,SP,68901
cust_010491,sorocaba,SP,14391
cust_010492,recife,PE,17382
cust_010493,londrina,PR,34620
cust_010494,goiania,GO,95466
cust_010495,santos,SP,30679
cust_010496,fortaleza,CE,88111
cust_010497,brasilia,DF,49326
cust_010498,duque de caxias,RJ,20954
cust_010499,caxias do sul,RS,12417
cust_010500,sao paulo,SP,34664
cust_010501,belo horizonte,MG,23105
cust_010502,joinville,SC,59981
cust_010503,rio de janeiro,RJ,97951
cust_010504,sao paulo,SP,80874
cust_010505,sorocaba,SP,31709
cust_010506,curitiba,PR,94384
cust_010507,caxias do sul,RS,96718
cust_010508,duque de caxias,RJ,42483
cust_010509,joao pessoa,PB,49271
cust_010510,campinas,SP,49394
cust_010511,santos,SP,41713
cust_010512,santos,SP,16499
cust_010513,florianopolis,SC,89620
cust_010514,curitiba,PR,35595
cust_010515,florianopolis,SC,9348
cust_010516,goiania,GO,99203
cust_010517,duque de caxias,RJ,13366
cust_010518,sorocaba,SP,93806
cust_010519,belo horizonte,MG,14384
cust_010520,campinas,SP,41965
cust_010521,niteroi,RJ,52535
cust_010522,sao paulo,SP,23107
cust_010523,campinas,SP,58053
cust_010524,duque de caxias,RJ,57721
cust_010525,santos,Unknown,86634
cust_010526,maceio,AL,42904
cust_010527,sorocaba,SP,87777
cust_010528,belem,PA,75505
cust_010529,campinas,SP,81029
cust_010530,brasilia,DF,63360
cust_010531,duque de caxias,RJ,18906
cust_010532,sorocaba,SP,66415
cust_010533,santos,SP,71899
cust_010534,sorocaba,SP,38057
cust_010535,florianopolis,SC,64128
cust_010536,sorocaba,SP,62096
cust_010537,sorocaba,SP,64550
cust_010538,caxias do sul,RS,69269
cust_010539,belo horizonte,MG,67486
cust_010540,campinas,SP,65151
cust_010541,campinas,SP,32666
cust_010542,contagem,MG,69854
cust_010543,sao paulo,SP,15820
cust_010544,belo horizonte,MG,89128
cust_010545,sorocaba,SP,79589
cust_010546,natal,RN,27549
cust_010547,contagem,MG,8241
cust_010548,belo horizonte,MG,16470
cust_010549,salvador,BA,68709
cust_010550,maceio,AL,4430
cust_010551,joinville,SC,10795
cust_010552,contagem,MG,70305
cust_010553,goiania,GO,49577
cust_010554,santos,SP,34205
cust_010555,londrina,PR,28350
cust_010556,caxias do sul,RS,51083
cust_010557,uberlandia,MG,30614
cust_010558,goiania,GO,8259
cust_010559,porto alegre,RS,45988
cust_010560,caxias do sul,RS,92765
cust_010561,fortaleza,CE,51771
cust_010562,porto alegre,RS,59260
cust_010563,sao paulo,SP,33881
cust_010564,campinas,SP,13344
cust_010565,niteroi,RJ,74777
cust_010566,santos,SP,41226
cust_010567,porto alegre,RS,8710
cust_010568,brasilia,DF,31974
cust_010569,sorocaba,SP,4462
cust_010570,fortaleza,CE,86800
cust_010571,londrina,PR,98965
cust_010572,joao pessoa,PB,87743
cust_010573,sorocaba,SP,81515
cust_010574,niteroi,RJ,79255
cust_010575,uberlandia,MG,47687
cust_010576,curitiba,PR,39426
cust_010577,fortaleza,CE,8852
cust_010578,recife,PE,94373
cust_010579,sorocaba,SP,2585
cust_010580,campinas,SP,28253
cust_010581,porto alegre,RS,43587
cust_010582,sorocaba,SP,66489
cust_010583,campo grande,MS,99842
cust_010584,londrina,PR,52822
cust_010585,feira de santana,BA,81789
cust_010586,fortaleza,CE,44329
cust_010587,sao paulo,SP,98949
cust_010588,sorocaba,SP,19659
cust_010589,uberlandia,MG,41359
cust_010590,salvador,BA,24751
cust_010591,curitiba,PR,27444
cust_010592,santos,SP,82353
cust_010593,contagem,MG,71421
cust_010594,campinas,SP,67202
cust_010595,santos,SP,9635
cust_010596,maceio,AL,93186
cust_010597,santos,SP,94502
cust_010598,campinas,SP,68446
cust_010599,sorocaba,SP,41290
cust_010600,goiania,GO,7016
cust_010601,campinas,SP,45305
cust_010602,campinas,SP,12512
cust_010603,campinas,SP,65562
cust_010604,uberlandia,MG,72626
cust_010605,campinas,SP,8194
cust_010606,florianopolis,SC,25841
cust_010607,brasilia,DF,65181
cust_010608,rio de janeiro,RJ,25617
cust_010609,campinas,SP,85539
cust_010610,duque de caxias,RJ,41225
cust_010611,campinas,SP,67653
cust_010612,duque de caxias,RJ,74778
cust_010613,curitiba,PR,60767
cust_010614,sao paulo,SP,64241
cust_010615,campinas,SP,57854
cust_010616,sorocaba,SP,20232
cust_010617,campinas,SP,30125
cust_010618,santos,SP,89730
cust_010619,santos,SP,35868
cust_010620,joinville,SC,97251
cust_010621,santos,SP,57988
cust_010622,sorocaba,SP,79403
cust_010623,belem,PA,23791
cust_010624,contagem,MG,20113
cust_010625,salvador,BA,38792
cust_010626,niteroi,RJ,79576
cust_010627,campinas,SP,68961
cust_010628,santos,SP,52638
cust_010629,curitiba,PR,18928
cust_010630,goiania,GO,3827
cust_010631,duque de caxias,RJ,13709
cust_010632,duque de caxias,RJ,67084
cust_010633,niteroi,RJ,95698
cust_010634,campinas,SP,97716
cust_010635,sorocaba,SP,76785
cust_010636,maceio,AL,43726
cust_010637,sorocaba,SP,72136
cust_010638,sorocaba,SP,7267
cust_010639,caxias do sul,RS,35869
cust_010640,duque de caxias,Unknown,23829
cust_010641,natal,RN,97429
cust_010642,sorocaba,SP,56287
cust_010643,goiania,GO,93963
cust_010644,sao paulo,SP,79317
cust_010645,sao paulo,SP,73590
cust_010646,rio de janeiro,RJ,19366
cust_010647,goiania,GO,8669
cust_010648,sao paulo,SP,22718
cust_010649,campinas,SP,82695
cust_010650,sao paulo,SP,92310
cust_010651,santos,Unknown,70215
cust_010652,feira de santana,BA,88287
cust_010653,fortaleza,CE,8352
cust_010654,caxias do sul,RS,91650
cust_010655,duque de caxias,RJ,11648
cust_010656,belo horizonte,MG,18402
cust_010657,rio de janeiro,Unknown,83130
cust_010658,campinas,SP,93335
cust_010659,campinas,SP,16645
cust_010660,uberlandia,MG,34653
cust_010661,brasilia,DF,82778
cust_010662,campinas,SP,52168
cust_010663,feira de santana,BA,41049
cust_010664,curitiba,PR,46183
cust_010665,belem,PA,30079
cust_010666,joao pessoa,PB,97805
cust_010667,campinas,SP,53066
cust_010668,rio de janeiro,RJ,27004
cust_010669,florianopolis,SC,89618
cust_010670,feira de santana,BA,95819
cust_010671,santos,SP,7337
cust_010672,contagem,MG,95955
cust_010673,recife,PE,96814
cust_010674,sao paulo,SP,91826
cust_010675,santos,Unknown,15087
cust_010676,santos,SP,36364
cust_010677,sorocaba,SP,86805
cust_010678,uberlandia,MG,38127
cust_010679,santos,SP,44201
cust_010680,joinville,SC,21202
cust_010681,sorocaba,SP,42537
cust_010682,feira de santana,BA,48073
cust_010683,sorocaba,SP,41374
cust_010684,florianopolis,SC,25614
cust_010685,santos,SP,9766
cust_010686,belo horizonte,MG,63084
cust_010687,campinas,SP,7202
cust_010688,duque de caxias,RJ,86900
cust_010689,sao paulo,SP,8193
cust_010690,santos,SP,95016
cust_010691,curitiba,PR,55912
cust_010692,campinas,SP,44322
cust_010693,vitoria,ES,84812
cust_010694,rio de janeiro,RJ,43721
cust_010695,santos,SP,14666
cust_010696,vitoria,ES,51942
cust_010697,sorocaba,SP,49333
cust_010698,salvador,BA,91252
cust_010699,sao paulo,SP,52170
cust_010700,uberlandia,Unknown,8792
cust_010701,feira de santana,BA,34514
cust_010702,sorocaba,SP,31320
cust_010703,caxias do sul,Unknown,23131
cust_010704,sao paulo,SP,20514
cust_010705,caxias do sul,Unknown,8807
cust_010706,santos,SP,77743
cust_010707,santos,SP,40226
cust_010708,campinas,SP,38448
cust_010709,contagem,MG,43913
cust_010710,joao pessoa,PB,96465
cust_010711,sao luis,MA,70310
cust_010712,londrina,PR,97939
cust_010713,salvador,BA,60397
cust_010714,goiania,GO,88203
cust_010715,niteroi,RJ,92654
cust_010716,sao paulo,SP,51387
cust_010717,contagem,MG,49715
cust_010718,sorocaba,SP,93161
cust_010719,feira de santana,BA,72442
cust_010720,sorocaba,Unknown,38314
cust_010721,sorocaba,Unknown,32652
cust_010722,brasilia,DF,39888
cust_010723,campinas,SP,26331
cust_010724,sao luis,MA,47819
cust_010725,cuiaba,MT,67712
cust_010726,belo horizonte,MG,70017
cust_010727,caxias do sul,RS,5179
cust_010728,campinas,Unknown,7284
cust_010729,rio de janeiro,RJ,63240
cust_010730,recife,PE,54050
cust_010731,sorocaba,SP,6661
cust_010732,sao paulo,SP,96617
cust_010733,sao paulo,SP,97822
cust_010734,caxias do sul,RS,7664
cust_010735,caxias do sul,RS,1577
cust_010736,sao paulo,SP,9543
cust_010737,santos,SP,65470
cust_010738,salvador,BA,94435
cust_010739,sorocaba,SP,41147
cust_010740,sorocaba,SP,83288
cust_010741,sao paulo,SP,21816
cust_010742,curitiba,PR,1063
cust_010743,campinas,SP,48742
cust_010744,sao paulo,SP,45683
cust_010745,niteroi,RJ,99651
cust_010746,sao paulo,SP,31641
cust_010747,cuiaba,MT,43800
cust_010748,goiania,GO,17588
cust_010749,contagem,MG,40646
cust_010750,duque de caxias,RJ,6174
cust_010751,sao paulo,SP,34964
cust_010752,niteroi,RJ,25740
cust_010753,santos,SP,38423
cust_010754,contagem,MG,65620
cust_010755,santos,SP,78691
cust_010756,caxias do sul,RS,31085
cust_010757,sorocaba,SP,87560
cust_010758,rio de janeiro,RJ,31455
cust_010759,sorocaba,SP,8764
cust_010760,sao paulo,SP,26988
cust_010761,duque de caxias,RJ,24769
cust_010762,duque de caxias,RJ,10613
cust_010763,aracaju,SE,66259
cust_010764,campinas,SP,59706
cust_010765,santos,SP,31206
cust_010766,duque de caxias,RJ,73403
cust_010767,campinas,SP,22870
cust_010768,goiania,GO,98021
cust_010769,santos,SP,35627
cust_010770,brasilia,DF,23433
cust_010771,contagem,MG,74970
cust_010772,santos,SP,17129
cust_010773,sorocaba,SP,95946
cust_010774,rio de janeiro,RJ,71019
cust_010775,niteroi,RJ,21324
cust_010776,sorocaba,SP,32994
cust_010777,belo horizonte,MG,96738
cust_010778,porto alegre,RS,51347
cust_010779,niteroi,RJ,55325
cust_010780,contagem,MG,71143
cust_010781,brasilia,DF,26391
cust_010782,duque de caxias,RJ,42536
cust_010783,campinas,SP,42556
cust_010784,sorocaba,Unknown,37764
cust_010785,santos,SP,32104
cust_010786,santos,SP,44521
cust_010787,sao paulo,SP,78934
cust_010788,curitiba,PR,46237
cust_010789,sao paulo,SP,9695
cust_010790,porto alegre,RS,1074
cust_010791,sorocaba,SP,3089
cust_010792,campinas,SP,19672
cust_010793,santos,SP,76357
cust_010794,niteroi,RJ,61322
cust_010795,sao paulo,SP,35543
cust_010796,sorocaba,SP,2727
cust_010797,uberlandia,MG,33509
cust_010798,sorocaba,SP,28367
cust_010799,sorocaba,SP,50225
cust_010800,sorocaba,SP,44601
cust_010801,santos,SP,18044
cust_010802,sao paulo,SP,44740
cust_010803,campinas,SP,12951
cust_010804,duque de caxias,RJ,5731
cust_010805,duque de caxias,RJ,92474
cust_010806,fortaleza,CE,87659
cust_010807,feira de santana,BA,99536
cust_010808,sao paulo,SP,9957
cust_010809,sorocaba,SP,68084
cust_010810,recife,PE,87696
cust_010811,santos,SP,40782
cust_010812,niteroi,RJ,99089
cust_010813,porto alegre,RS,96664
cust_010814,niteroi,RJ,18684
cust_010815,santos,SP,86796
cust_010816,santos,SP,7986
cust_010817,campinas,SP,16379
cust_010818,campinas,SP,12989
cust_010819,sao paulo,SP,98146
cust_010820,belo horizonte,MG,85400
cust_010821,sorocaba,Unknown,28710
cust_010822,campinas,SP,97262
cust_010823,sorocaba,SP,13677
cust_010824,cuiaba,MT,59554
cust_010825,campinas,SP,86575
cust_010826,sorocaba,SP,94777
cust_010827,uberlandia,Unknown,22887
cust_010828,sorocaba,SP,77198
cust_010829,campinas,SP,68893
cust_010830,sao paulo,SP,57301
cust_010831,natal,RN,80709
cust_010832,uberlandia,MG,91514
cust_010833,niteroi,RJ,15600
cust_010834,recife,PE,47356
cust_010835,belo horizonte,MG,21825
cust_010836,campinas,SP,41752
cust_010837,rio de janeiro,RJ,38454
cust_010838,niteroi,RJ,72269
cust_010839,sao paulo,SP,62020
cust_010840,curitiba,PR,75117
cust_010841,campinas,SP,70889
cust_010842,sao paulo,SP,36096
cust_010843,sao paulo,SP,64711
cust_010844,sao paulo,SP,48084
cust_010845,joao pessoa,PB,54142
cust_010846,niteroi,RJ,22366
cust_010847,sao paulo,SP,28286
cust_010848,belo horizonte,MG,12859
cust_010849,joinville,SC,16784
cust_010850,campinas,SP,35829
cust_010851,duque de caxias,RJ,19325
cust_010852,porto alegre,RS,49785
cust_010853,campinas,SP,71999
cust_010854,belo horizonte,MG,16571
cust_010855,belo horizonte,Unknown,21701
cust_010856,joinville,SC,17138
cust_010857,recife,PE,81320
cust_010858,vitoria,ES,13273
cust_010859,sao paulo,SP,92363
cust_010860,salvador,BA,87699
cust_010861,caxias do sul,RS,39190
cust_010862,sorocaba,SP,69715
cust_010863,belem,PA,19020
cust_010864,brasilia,DF,15407
cust_010865,florianopolis,SC,66493
cust_010866,campinas,SP,66465
cust_010867,santos,SP,30923
cust_010868,fortaleza,CE,49096
cust_010869,natal,RN,52979
cust_010870,sao paulo,SP,56986
cust_010871,sao paulo,SP,29135
cust_010872,contagem,MG,83031
cust_010873,sorocaba,SP,60754
cust_010874,belo horizonte,MG,48124
cust_010875,sao luis,MA,52428
cust_010876,santos,SP,29521
cust_010877,londrina,PR,34835
cust_010878,rio de janeiro,RJ,78233
cust_010879,sao paulo,SP,13929
cust_010880,sorocaba,Unknown,16781
cust_010881,duque de caxias,RJ,17686
cust_010882,londrina,PR,92547
cust_010883,niteroi,RJ,81164
cust_010884,belem,PA,94209
cust_010885,sao paulo,SP,32077
cust_010886,cuiaba,MT,35146
cust_010887,rio de janeiro,RJ,28834
cust_010888,santos,Unknown,77452
cust_010889,sao paulo,SP,76016
cust_010890,campinas,SP,92277
cust_010891,duque de caxias,RJ,29175
cust_010892,vitoria,ES,92002
cust_010893,londrina,PR,95061
cust_010894,campinas,SP,12323
cust_010895,campinas,SP,35390
cust_010896,duque de caxias,RJ,17609
cust_010897,brasilia,DF,98017
cust_010898,joinville,SC,49549
cust_010899,santos,SP,2216
cust_010900,santos,SP,55655
cust_010901,campinas,SP,18777
cust_010902,duque de caxias,RJ,35065
cust_010903,santos,SP,57933
cust_010904,sao paulo,SP,8585
cust_010905,salvador,BA,91363
cust_010906,sao paulo,SP,43517
cust_010907,aracaju,SE,64978
cust_010908,londrina,PR,28831
cust_010909,sorocaba,SP,77044
cust_010910,santos,SP,45317
cust_010911,niteroi,RJ,52089
cust_010912,caxias do sul,RS,28056
cust_010913,duque de caxias,RJ,19538
cust_010914,fortaleza,CE,44155
cust_010915,londrina,PR,32574
cust_010916,niteroi,RJ,59221
cust_010917,campinas,SP,59384
cust_010918,santos,SP,36675
cust_010919,duque de caxias,RJ,14326
cust_010920,sorocaba,SP,21854
cust_010921,feira de santana,BA,27804
cust_010922,duque de caxias,RJ,40261
cust_010923,sao paulo,SP,75555
cust_010924,florianopolis,SC,26788
cust_010925,belo horizonte,MG,74082
cust_010926,sorocaba,SP,7356
cust_010927,rio de janeiro,RJ,65605
cust_010928,porto alegre,RS,63747
cust_010929,niteroi,RJ,79552
cust_010930,santos,SP,63751
cust_010931,porto alegre,RS,32289
cust_010932,porto alegre,RS,32484
cust_010933,sorocaba,SP,81115
cust_010934,sorocaba,SP,95963
cust_010935,belo horizonte,MG,51396
cust_010936,sorocaba,SP,79113
cust_010937,campo grande,MS,98511
cust_010938,sorocaba,SP,90337
cust_010939,londrina,PR,4394
cust_010940,aracaju,SE,47472
cust_010941,campinas,SP,60542
cust_010942,uberlandia,MG,52853
cust_010943,santos,SP,59147
cust_010944,contagem,MG,69448
cust_010945,joao pessoa,PB,23585
cust_010946,sao luis,MA,59220
cust_010947,sorocaba,SP,67067
cust_010948,salvador,BA,67153
cust_010949,feira de santana,BA,58943
cust_010950,campinas,SP,43810
cust_010951,feira de santana,BA,36317
cust_010952,sorocaba,SP,14151
cust_010953,natal,RN,76150
cust_010954,goiania,GO,81391
cust_010955,niteroi,RJ,98616
cust_010956,sao paulo,SP,39346
cust_010957,vitoria,ES,21933
cust_010958,sorocaba,SP,61228
cust_010959,rio de janeiro,RJ,60425
cust_010960,niteroi,RJ,37532
cust_010961,santos,SP,34920
cust_010962,campinas,SP,48735
cust_010963,sorocaba,SP,42957
cust_010964,natal,RN,64256
cust_010965,feira de santana,BA,72672
cust_010966,salvador,BA,58271
cust_010967,rio de janeiro,RJ,68820
cust_010968,contagem,MG,14951
cust_010969,rio de janeiro,RJ,31948
cust_010970,caxias do sul,RS,24305
cust_010971,goiania,GO,80060
cust_010972,sao paulo,SP,18213
cust_010973,cuiaba,MT,86891
cust_010974,fortaleza,CE,58012
cust_010975,sao paulo,SP,18293
cust_010976,sao luis,MA,40062
cust_010977,goiania,GO,6470
cust_010978,sao paulo,SP,25395
cust_010979,sorocaba,SP,60567
cust_010980,caxias do sul,RS,5364
cust_010981,joinville,Unknown,52797
cust_010982,sorocaba,SP,76985
cust_010983,niteroi,RJ,24995
cust_010984,duque de caxias,RJ,6350
cust_010985,rio de janeiro,RJ,62700
cust_010986,santos,SP,38694
cust_010987,campinas,SP,41581
cust_010988,salvador,BA,46121
cust_010989,sorocaba,SP,59236
cust_010990,contagem,MG,45851
cust_010991,uberlandia,MG,31060
cust_010992,cuiaba,MT,14711
cust_010993,joao pessoa,PB,98455
cust_010994,vitoria,ES,71235
cust_010995,duque de caxias,RJ,66594
cust_010996,sao paulo,SP,23488
cust_010997,sao paulo,SP,2943
cust_010998,rio de janeiro,RJ,63276
cust_010999,sao paulo,SP,90337
cust_011000,sorocaba,SP,38424
cust_011001,santos,SP,12745
cust_011002,campinas,SP,52595
cust_011003,uberlandia,MG,98672
cust_011004,belem,PA,45769
cust_011005,sao paulo,SP,34500
cust_011006,santos,SP,95569
cust_011007,duque de caxias,RJ,24752
cust_011008,sao paulo,SP,35300
cust_011009,recife,PE,25052
cust_011010,rio de janeiro,RJ,16146
cust_011011,sorocaba,SP,88749
cust_011012,londrina,PR,36721
cust_011013,rio de janeiro,RJ,80097
cust_011014,belo horizonte,MG,50404
cust_011015,santos,SP,73067
cust_011016,campinas,SP,7557
cust_011017,sorocaba,SP,57417
cust_011018,curitiba,PR,91925
cust_011019,sorocaba,SP,98762
cust_011020,sorocaba,SP,20673
cust_011021,belo horizonte,MG,76798
cust_011022,contagem,MG,93129
cust_011023,santos,SP,73627
cust_011024,campo grande,MS,41013
cust_011025,belo horizonte,MG,14186
cust_011026,belem,PA,55985
cust_011027,sorocaba,Unknown,3562
cust_011028,duque de caxias,RJ,68618
cust_011029,campinas,SP,41668
cust_011030,sorocaba,SP,7429
cust_011031,santos,SP,70670
cust_011032,santos,SP,41978
cust_011033,goiania,GO,50925
cust_011034,brasilia,DF,28879
cust_011035,sorocaba,SP,43974
cust_011036,santos,SP,17684
cust_011037,campinas,SP,19629
cust_011038,uberlandia,MG,67229
cust_011039,campinas,SP,83349
cust_011040,curitiba,PR,17396
cust_011041,santos,SP,16970
cust_011042,caxias do sul,RS,58704
cust_011043,recife,PE,56276
cust_011044,sorocaba,SP,39652
cust_011045,goiania,GO,98915
cust_011046,fortaleza,CE,97646
cust_011047,duque de caxias,RJ,64346
cust_011048,campinas,Unknown,90750
cust_011049,contagem,MG,46179
cust_011050,sorocaba,SP,1749
cust_011051,belem,PA,11533
cust_011052,duque de caxias,RJ,81273
cust_011053,joinville,SC,13390
cust_011054,contagem,MG,17696
cust_011055,campinas,SP,68467
cust_011056,duque de caxias,RJ,47578
cust_011057,goiania,GO,24766
cust_011058,campinas,SP,81387
cust_011059,sorocaba,SP,72190
cust_011060,cuiaba,MT,29459
cust_011061,sorocaba,SP,21443
cust_011062,brasilia,DF,73650
cust_011063,santos,SP,24347
cust_011064,joinville,SC,24851
cust_011065,contagem,MG,88228
cust_011066,santos,SP,87422
cust_011067,sorocaba,SP,97714
cust_011068,santos,SP,44462
cust_011069,belo horizonte,MG,73198
cust_011070,sao paulo,SP,20729
cust_011071,santos,SP,99026
cust_011072,belo horizonte,MG,6284
cust_011073,cuiaba,MT,85854
cust_011074,santos,SP,61045
cust_011075,contagem,MG,93882
cust_011076,fortaleza,CE,68605
cust_011077,rio de janeiro,RJ,20049
cust_011078,campo grande,MS,68371
cust_011079,belo horizonte,MG,74530
cust_011080,caxias do sul,RS,50253
cust_011081,joinville,SC,59214
cust_011082,sao paulo,SP,40872
cust_011083,uberlandia,MG,27610
cust_011084,belo horizonte,MG,62282
cust_011085,campinas,SP,50943
cust_011086,niteroi,RJ,4299
cust_011087,florianopolis,SC,76035
cust_011088,campinas,SP,24705
cust_011089,campinas,SP,5593
cust_011090,sorocaba,SP,26296
cust_011091,campinas,SP,89435
cust_011092,niteroi,RJ,78063
cust_011093,campinas,SP,42865
cust_011094,rio de janeiro,RJ,44691
cust_011095,sao paulo,SP,43480
cust_011096,belem,PA,5535
cust_011097,goiania,GO,36621
cust_011098,sao paulo,SP,89610
cust_011099,campinas,SP,63279
cust_011100,campinas,SP,39151
cust_011101,sorocaba,SP,98699
cust_011102,londrina,PR,8620
cust_011103,belo horizonte,MG,86509
cust_011104,duque de caxias,RJ,42427
cust_011105,brasilia,DF,50838
cust_011106,salvador,BA,95003
cust_011107,santos,SP,93284
cust_011108,belo horizonte,MG,80344
cust_011109,rio de janeiro,RJ,53375
cust_011110,belo horizonte,MG,59755
cust_011111,campinas,SP,90504
cust_011112,sorocaba,SP,76151
cust_011113,sorocaba,SP,30899
cust_011114,sorocaba,SP,52126
cust_011115,sorocaba,SP,82043
cust_011116,londrina,PR,80593
cust_011117,santos,SP,30611
cust_011118,natal,RN,84177
cust_011119,campinas,SP,57018
cust_011120,cuiaba,MT,34400
cust_011121,campinas,SP,49758
cust_011122,santos,SP,45093
cust_011123,sao paulo,SP,8394
cust_011124,sao paulo,SP,23420
cust_011125,campinas,SP,14559
cust_011126,uberlandia,MG,68817
cust_011127,campinas,SP,42256
cust_011128,sorocaba,SP,14566
cust_011129,santos,SP,60031
cust_011130,porto alegre,RS,47731
cust_011131,rio de janeiro,RJ,67937
cust_011132,campinas,SP,96687
cust_011133,sorocaba,SP,98519
cust_011134,curitiba,PR,47129
cust_011135,caxias do sul,RS,4141
cust_011136,duque de caxias,RJ,7760
cust_011137,duque de caxias,RJ,14711
cust_011138,sorocaba,SP,2815
cust_011139,duque de caxias,RJ,64762
cust_011140,curitiba,Unknown,95062
cust_011141,florianopolis,SC,75634
cust_011142,campinas,SP,71008
cust_011143,caxias do sul,RS,32640
cust_011144,rio de janeiro,RJ,71250
cust_011145,londrina,PR,52106
cust_011146,caxias do sul,RS,37620
cust_011147,curitiba,PR,6435
cust_011148,sao paulo,SP,50612
cust_011149,sao paulo,SP,42778
cust_011150,campinas,SP,56281
cust_011151,rio de janeiro,RJ,47210
cust_011152,rio de janeiro,RJ,76935
cust_011153,porto alegre,RS,90331
cust_011154,belo horizonte,MG,51429
cust_011155,uberlandia,Unknown,34659
cust_011156,uberlandia,MG,31365
cust_011157,campinas,SP,88252
cust_011158,campinas,SP,53724
cust_011159,campinas,SP,97204
cust_011160,joinville,SC,68440
cust_011161,santos,SP,58710
cust_011162,sao paulo,SP,6733
cust_011163,sorocaba,SP,73688
cust_011164,belo horizonte,MG,47888
cust_011165,belem,PA,11540
cust_011166,goiania,GO,35113
cust_011167,sao paulo,SP,45978
cust_011168,duque de caxias,RJ,89716
cust_011169,sorocaba,SP,64057
cust_011170,florianopolis,SC,39448
cust_011171,sorocaba,SP,98025
cust_011172,santos,SP,63263
cust_011173,niteroi,RJ,97168
cust_011174,duque de caxias,RJ,46093
cust_011175,vitoria,ES,85232
cust_011176,santos,SP,81511
cust_011177,cuiaba,MT,71867
cust_011178,sorocaba,SP,93045
cust_011179,sao paulo,SP,55671
cust_011180,londrina,PR,9276
cust_011181,duque de caxias,RJ,38361
cust_011182,recife,PE,2947
cust_011183,rio de janeiro,RJ,27079
cust_011184,duque de caxias,RJ,70757
cust_011185,campinas,SP,13647
cust_011186,cuiaba,MT,63516
cust_011187,belo horizonte,MG,63954
cust_011188,uberlandia,MG,55888
cust_011189,joinville,SC,69351
cust_011190,sorocaba,SP,43645
cust_011191,goiania,GO,66296
cust_011192,rio de janeiro,RJ,75227
cust_011193,florianopolis,SC,58765
cust_011194,caxias do sul,RS,70661
cust_011195,rio de janeiro,RJ,76739
cust_011196,londrina,PR,42245
cust_011197,londrina,Unknown,91635
cust_011198,campinas,SP,33173
cust_011199,porto alegre,RS,6677
cust_011200,duque de caxias,RJ,96225
cust_011201,salvador,BA,84488
cust_011202,feira de santana,BA,41169
cust_011203,sorocaba,SP,22153
cust_011204,sao paulo,SP,21691
cust_011205,sorocaba,SP,57628
cust_011206,londrina,PR,96052
cust_011207,goiania,GO,32233
cust_011208,porto alegre,RS,70916
cust_011209,salvador,BA,36880
cust_011210,uberlandia,MG,56278
cust_011211,duque de caxias,RJ,64165
cust_011212,sao luis,MA,77004
cust_011213,sorocaba,SP,73506
cust_011214,sao paulo,SP,22973
cust_011215,santos,SP,12015
cust_011216,campinas,Unknown,56241
cust_011217,contagem,MG,41121
cust_011218,santos,SP,28081
cust_011219,niteroi,RJ,20528
cust_011220,santos,SP,86432
cust_011221,sao paulo,SP,9346
cust_011222,santos,SP,14535
cust_011223,recife,PE,35033
cust_011224,rio de janeiro,RJ,22532
cust_011225,florianopolis,SC,7717
cust_011226,niteroi,RJ,25134
cust_011227,santos,SP,37043
cust_011228,caxias do sul,RS,44324
cust_011229,sao paulo,SP,53238
cust_011230,santos,SP,14168
cust_011231,duque de caxias,RJ,97861
cust_011232,florianopolis,SC,54898
cust_011233,recife,PE,40777
cust_011234,sao paulo,SP,73546
cust_011235,contagem,MG,93598
cust_011236,duque de caxias,RJ,1803
cust_011237,londrina,PR,50598
cust_011238,vitoria,ES,88834
cust_011239,duque de caxias,RJ,24351
cust_011240,campinas,SP,85370
cust_011241,joinville,SC,59525
cust_011242,duque de caxias,RJ,6031
cust_011243,goiania,GO,87444
cust_011244,belo horizonte,MG,7766
cust_011245,vitoria,ES,71424
cust_011246,campinas,SP,57815
cust_011247,londrina,PR,79456
cust_011248,sao paulo,SP,32042
cust_011249,caxias do sul,RS,12576
cust_011250,vitoria,ES,49552
cust_011251,belo horizonte,MG,74812
cust_011252,londrina,PR,57177
cust_011253,sao paulo,SP,9459
cust_011254,sao paulo,SP,64137
cust_011255,uberlandia,MG,40623
cust_011256,duque de caxias,RJ,73430
cust_011257,sao paulo,SP,93210
cust_011258,londrina,PR,85847
cust_011259,porto alegre,RS,99974
cust_011260,sorocaba,SP,61058
cust_011261,campinas,SP,72564
cust_011262,campinas,SP,11399
cust_011263,belo horizonte,MG,18215
cust_011264,recife,PE,14485
cust_011265,rio de janeiro,RJ,73332
cust_011266,sao paulo,SP,61757
cust_011267,feira de santana,BA,92045
cust_011268,campinas,SP,71169
cust_011269,belo horizonte,MG,87469
cust_011270,sao paulo,SP,75653
cust_011271,fortaleza,CE,63244
cust_011272,caxias do sul,RS,52346
cust_011273,santos,SP,14370
cust_011274,campinas,SP,60437
cust_011275,campinas,SP,53385
cust_011276,sorocaba,SP,97479
cust_011277,sao paulo,SP,91007
cust_011278,niteroi,RJ,35474
cust_011279,joinville,SC,19686
cust_011280,campinas,SP,22202
cust_011281,rio de janeiro,RJ,49231
cust_011282,brasilia,DF,96929
cust_011283,duque de caxias,RJ,86408
cust_011284,duque de caxias,Unknown,91956
cust_011285,florianopolis,SC,23888
cust_011286,porto alegre,RS,1701
cust_011287,rio de janeiro,RJ,67647
cust_011288,campo grande,MS,40785
cust_011289,sorocaba,SP,46887
cust_011290,sorocaba,SP,73748
cust_011291,duque de caxias,RJ,98945
cust_011292,campinas,SP,18568
cust_011293,santos,SP,61259
cust_011294,sao paulo,SP,4158
cust_011295,porto alegre,RS,50616
cust_011296,santos,SP,4606
cust_011297,feira de santana,BA,81814
cust_011298,campinas,SP,56914
cust_011299,uberlandia,MG,26375
cust_011300,sorocaba,SP,23797
cust_011301,campinas,SP,65766
cust_011302,caxias do sul,RS,26530
cust_011303,santos,SP,39194
cust_011304,caxias do sul,RS,2499
cust_011305,porto alegre,RS,35536
cust_011306,caxias do sul,RS,72863
cust_011307,contagem,MG,6649
cust_011308,recife,PE,84518
cust_011309,sorocaba,SP,27677
cust_011310,belem,PA,73618
cust_011311,sorocaba,SP,14829
cust_011312,niteroi,RJ,14491
cust_011313,belem,PA,87105
cust_011314,sorocaba,Unknown,95764
cust_011315,feira de santana,BA,27477
cust_011316,belo horizonte,MG,96250
cust_011317,brasilia,DF,81916
cust_011318,sorocaba,SP,26653
cust_011319,contagem,Unknown,80634
cust_011320,santos,SP,98322
cust_011321,sao paulo,SP,30907
cust_011322,caxias do sul,RS,44974
cust_011323,londrina,PR,29542
cust_011324,londrina,PR,5126
cust_011325,curitiba,PR,93507
cust_011326,florianopolis,SC,57964
cust_011327,duque de caxias,RJ,19050
cust_011328,santos,SP,53143
cust_011329,florianopolis,SC,78245
cust_011330,porto alegre,RS,85970
cust_011331,santos,SP,78211
cust_011332,duque de caxias,RJ,36211
cust_011333,santos,SP,92486
cust_011334,joinville,SC,76895
cust_011335,santos,SP,45266
cust_011336,uberlandia,MG,78885
cust_011337,curitiba,PR,99264
cust_011338,maceio,AL,4460
cust_011339,rio de janeiro,RJ,61289
cust_011340,goiania,GO,67640
cust_011341,belo horizonte,MG,87389
cust_011342,campinas,SP,48467
cust_011343,santos,Unknown,34958
cust_011344,sao paulo,SP,21040
cust_011345,santos,SP,41881
cust_011346,niteroi,RJ,42272
cust_011347,santos,SP,83206
cust_011348,feira de santana,BA,85863
cust_011349,sao paulo,SP,51096
cust_011350,campinas,SP,69286
cust_011351,uberlandia,MG,73722
cust_011352,brasilia,DF,63091
cust_011353,vitoria,ES,75272
cust_011354,recife,PE,9069
cust_011355,goiania,GO,46789
cust_011356,santos,SP,66999
cust_011357,niteroi,RJ,52289
cust_011358,sorocaba,SP,76093
cust_011359,belem,PA,32291
cust_011360,santos,SP,95047
cust_011361,contagem,MG,13291
cust_011362,sao paulo,SP,80005
cust_011363,brasilia,DF,72876
cust_011364,sao paulo,SP,8914
cust_011365,goiania,GO,25313
cust_011366,belem,PA,94408
cust_011367,santos,SP,68506
cust_011368,curitiba,PR,79399
cust_011369,campinas,SP,84584
cust_011370,sao paulo,SP,1330
cust_011371,sao paulo,SP,85161
cust_011372,belo horizonte,MG,71555
cust_011373,sorocaba,SP,25214
cust_011374,curitiba,PR,31092
cust_011375,joinville,SC,40020
cust_011376,santos,SP,60897
cust_011377,sorocaba,SP,27602
cust_011378,santos,SP,28995
cust_011379,sao paulo,SP,54554
cust_011380,cuiaba,MT,73273
cust_011381,campinas,SP,43579
cust_011382,londrina,PR,19485
cust_011383,vitoria,ES,12103
cust_011384,santos,SP,83617
cust_011385,uberlandia,MG,49409
cust_011386,brasilia,DF,8217
cust_011387,uberlandia,MG,37939
cust_011388,campinas,SP,3385
cust_011389,curitiba,PR,20930
cust_011390,fortaleza,CE,14060
cust_011391,londrina,PR,92850
cust_011392,curitiba,PR,39069
cust_011393,londrina,PR,18170
cust_011394,belo horizonte,MG,66010
cust_011395,santos,SP,99463
cust_011396,fortaleza,CE,48578
cust_011397,campinas,SP,19084
cust_011398,feira de santana,BA,48094
cust_011399,santos,Unknown,62753
cust_011400,caxias do sul,RS,86691
cust_011401,florianopolis,SC,14861
cust_011402,joinville,SC,56366
cust_011403,sao paulo,SP,5140
cust_011404,uberlandia,Unknown,51252
cust_011405,campinas,SP,2465
cust_011406,campinas,SP,42523
cust_011407,rio de janeiro,RJ,50018
cust_011408,joao pessoa,PB,97862
cust_011409,natal,RN,20069
cust_011410,contagem,MG,25037
cust_011411,joinville,SC,58350
cust_011412,santos,SP,16400
cust_011413,santos,Unknown,6778
cust_011414,porto alegre,RS,49743
cust_011415,joinville,SC,24686
cust_011416,curitiba,PR,68097
cust_011417,santos,SP,10205
cust_011418,santos,SP,3145
cust_011419,campinas,SP,22987
cust_011420,florianopolis,SC,85841
cust_011421,sao paulo,SP,55718
cust_011422,niteroi,RJ,29028
cust_011423,uberlandia,MG,60056
cust_011424,sao paulo,SP,64892
cust_011425,santos,SP,44779
cust_011426,curitiba,PR,18155
cust_011427,sorocaba,SP,37562
cust_011428,contagem,MG,87319
cust_011429,natal,RN,70480
cust_011430,santos,SP,36529
cust_011431,sao paulo,SP,89907
cust_011432,caxias do sul,RS,19508
cust_011433,contagem,MG,17518
cust_011434,natal,RN,2954
cust_011435,sorocaba,SP,10043
cust_011436,goiania,GO,31569
cust_011437,niteroi,RJ,6421
cust_011438,sorocaba,SP,38541
cust_011439,niteroi,RJ,7904
cust_011440,sorocaba,SP,4476
cust_011441,santos,SP,58683
cust_011442,sao paulo,SP,55980
cust_011443,sorocaba,Unknown,79692
cust_011444,rio de janeiro,RJ,46015
cust_011445,sao paulo,SP,86540
cust_011446,santos,SP,49812
cust_011447,campinas,SP,27895
cust_011448,porto alegre,RS,14213
cust_011449,natal,RN,49527
cust_011450,campinas,SP,38924
cust_011451,sao luis,MA,51875
cust_011452,porto alegre,RS,96815
cust_011453,recife,PE,6233
cust_011454,duque de caxias,RJ,36383
cust_011455,duque de caxias,RJ,14508
cust_011456,joinville,SC,79502
cust_011457,niteroi,RJ,54185
cust_011458,recife,PE,13292
cust_011459,recife,PE,79852
cust_011460,duque de caxias,RJ,13159
cust_011461,uberlandia,Unknown,77420
cust_011462,duque de caxias,RJ,99892
cust_011463,porto alegre,RS,51708
cust_011464,caxias do sul,RS,65187
cust_011465,uberlandia,MG,3343
cust_011466,campinas,SP,66817
cust_011467,campo grande,MS,15970
cust_011468,santos,SP,43166
cust_011469,sorocaba,SP,51910
cust_011470,campinas,SP,76352
cust_011471,campinas,SP,78596
cust_011472,rio de janeiro,RJ,92888
cust_011473,sorocaba,SP,75537
cust_011474,santos,SP,9118
cust_011475,campinas,SP,68724
cust_011476,sorocaba,SP,18067
cust_011477,maceio,AL,94780
cust_011478,rio de janeiro,RJ,86740
cust_011479,sao paulo,SP,31628
cust_011480,belo horizonte,MG,8834
cust_011481,belo horizonte,MG,90542
cust_011482,rio de janeiro,RJ,36553
cust_011483,sao paulo,SP,85210
cust_011484,contagem,MG,9237
cust_011485,campinas,Unknown,26105
cust_011486,sorocaba,SP,41388
cust_011487,maceio,AL,13638
cust_011488,santos,SP,45268
cust_011489,sorocaba,SP,92507
cust_011490,campinas,SP,18832
cust_011491,londrina,PR,42565
cust_011492,campinas,SP,9082
cust_011493,campinas,SP,66141
cust_011494,sorocaba,SP,42320
cust_011495,sorocaba,SP,51466
cust_011496,niteroi,RJ,51933
cust_011497,sao paulo,SP,66103
cust_011498,niteroi,RJ,73965
cust_011499,sorocaba,SP,96888
cust_011500,sao luis,MA,72872
cust_011501,contagem,MG,84701
cust_011502,campinas,SP,7921
cust_011503,santos,SP,13088
cust_011504,londrina,PR,44358
cust_011505,curitiba,PR,14752
cust_011506,campinas,SP,84532
cust_011507,sao paulo,SP,85974
cust_011508,niteroi,RJ,60101
cust_011509,sorocaba,Unknown,49216
cust_011510,campinas,SP,85630
cust_011511,sorocaba,SP,57225
cust_011512,londrina,PR,95134
cust_011513,campinas,SP,80756
cust_011514,sorocaba,SP,34092
cust_011515,santos,SP,65027
cust_011516,uberlandia,MG,14162
cust_011517,rio de janeiro,RJ,5626
cust_011518,caxias do sul,RS,9308
cust_011519,belo horizonte,MG,98659
cust_011520,niteroi,RJ,13515
cust_011521,duque de caxias,RJ,21405
cust_011522,campo grande,MS,68565
cust_011523,brasilia,DF,18182
cust_011524,sorocaba,SP,12836
cust_011525,uberlandia,MG,69876
cust_011526,campinas,SP,95287
cust_011527,sao paulo,SP,13747
cust_011528,sao paulo,SP,66238
cust_011529,londrina,PR,53924
cust_011530,belem,PA,95596
cust_011531,caxias do sul,RS,95452
cust_011532,caxias do sul,RS,56786
cust_011533,campinas,SP,88628
cust_011534,belem,PA,21029
cust_011535,sorocaba,SP,59515
cust_011536,vitoria,ES,17649
cust_011537,campinas,SP,3472
cust_011538,santos,SP,77020
cust_011539,belo horizonte,MG,56952
cust_011540,sorocaba,SP,1010
cust_011541,campinas,SP,80909
cust_011542,caxias do sul,RS,87652
cust_011543,curitiba,PR,40417
cust_011544,sorocaba,SP,3921
cust_011545,niteroi,RJ,30249
cust_011546,uberlandia,MG,60838
cust_011547,santos,SP,6307
cust_011548,niteroi,RJ,39497
cust_011549,belo horizonte,MG,22762
cust_011550,recife,PE,61544
cust_011551,sorocaba,SP,21477
cust_011552,porto alegre,RS,78433
cust_011553,niteroi,Unknown,31034
cust_011554,porto alegre,RS,12083
cust_011555,florianopolis,SC,27841
cust_011556,rio de janeiro,RJ,94682
cust_011557,sorocaba,SP,79911
cust_011558,goiania,GO,59981
cust_011559,uberlandia,Unknown,21580
cust_011560,contagem,MG,38813
cust_011561,niteroi,RJ,47153
cust_011562,campinas,SP,97928
cust_011563,niteroi,RJ,33083
cust_011564,niteroi,RJ,81350
cust_011565,sao paulo,SP,29306
cust_011566,sorocaba,SP,17044
cust_011567,londrina,PR,77417
cust_011568,niteroi,RJ,9766
cust_011569,porto alegre,RS,76966
cust_011570,campinas,SP,92364
cust_011571,rio de janeiro,RJ,15589
cust_011572,sao paulo,SP,58901
cust_011573,curitiba,PR,17410
cust_011574,belo horizonte,MG,46880
cust_011575,rio de janeiro,RJ,46739
cust_011576,sao luis,MA,8652
cust_011577,campinas,SP,19411
cust_011578,sao paulo,SP,54635
cust_011579,curitiba,PR,84123
cust_011580,rio de janeiro,RJ,27876
cust_011581,contagem,MG,84092
cust_011582,sao luis,MA,20116
cust_011583,caxias do sul,RS,3419
cust_011584,sao paulo,SP,39714
cust_011585,sao paulo,SP,1205
cust_011586,goiania,GO,4533
cust_011587,sao paulo,SP,31177
cust_011588,rio de janeiro,RJ,60187
cust_011589,fortaleza,CE,96314
cust_011590,joinville,SC,62488
cust_011591,sao paulo,SP,67705
cust_011592,curitiba,PR,69804
cust_011593,santos,SP,52873
cust_011594,recife,PE,3261
cust_011595,contagem,MG,34791
cust_011596,niteroi,RJ,18382
cust_011597,campinas,SP,56471
cust_011598,sorocaba,SP,77462
cust_011599,sorocaba,SP,43139
cust_011600,londrina,PR,57892
cust_011601,niteroi,RJ,64224
cust_011602,brasilia,DF,1896
cust_011603,sao paulo,SP,75190
cust_011604,sorocaba,SP,73338
cust_011605,contagem,MG,96550
cust_011606,uberlandia,MG,42243
cust_011607,duque de caxias,RJ,97170
cust_011608,sorocaba,SP,27043
cust_011609,sao paulo,SP,41207
cust_011610,porto alegre,RS,75670
cust_011611,fortaleza,CE,50239
cust_011612,feira de santana,BA,36675
cust_011613,caxias do sul,RS,58116
cust_011614,belo horizonte,MG,45907
cust_011615,florianopolis,SC,10324
cust_011616,florianopolis,SC,86216
cust_011617,campinas,SP,76369
cust_011618,sao paulo,SP,15819
cust_011619,goiania,GO,22346
cust_011620,brasilia,DF,56999
cust_011621,porto alegre,RS,45632
cust_011622,santos,SP,11290
cust_011623,joinville,SC,36445
cust_011624,santos,SP,97806
cust_011625,santos,SP,29045
cust_011626,duque de caxias,RJ,31873
cust_011627,uberlandia,MG,82127
cust_011628,sao paulo,SP,91111
cust_011629,belo horizonte,MG,19671
cust_011630,porto alegre,RS,37333
cust_011631,sao paulo,SP,84748
cust_011632,sorocaba,SP,84770
cust_011633,caxias do sul,RS,40857
cust_011634,belem,PA,76695
cust_011635,recife,PE,31253
cust_011636,santos,SP,24022
cust_011637,uberlandia,MG,94535
cust_011638,florianopolis,SC,65044
cust_011639,campinas,SP,78310
cust_011640,belo horizonte,MG,24100
cust_011641,duque de caxias,RJ,2950
cust_011642,uberlandia,MG,2878
cust_011643,sao paulo,Unknown,69998
cust_011644,campinas,SP,30747
cust_011645,santos,SP,52255
cust_011646,campinas,SP,71344
cust_011647,sao paulo,SP,76981
cust_011648,niteroi,RJ,18675
cust_011649,duque de caxias,RJ,57884
cust_011650,santos,SP,63151
cust_011651,santos,SP,57204
cust_011652,santos,Unknown,76722
cust_011653,sao luis,MA,36634
cust_011654,santos,SP,31723
cust_011655,uberlandia,MG,32490
cust_011656,sorocaba,SP,11105
cust_011657,sorocaba,SP,5205
cust_011658,brasilia,DF,60061
cust_011659,belo horizonte,MG,99732
cust_011660,contagem,MG,14004
cust_011661,campinas,SP,25878
cust_011662,sao paulo,SP,1257
cust_011663,campinas,SP,25152
cust_011664,duque de caxias,RJ,13942
cust_011665,belem,PA,99618
cust_011666,santos,SP,27397
cust_011667,campinas,SP,93321
cust_011668,campinas,SP,68059
cust_011669,santos,SP,31526
cust_011670,santos,SP,33926
cust_011671,campinas,SP,10256
cust_011672,sao luis,MA,91937
cust_011673,uberlandia,MG,80516
cust_011674,santos,SP,74483
cust_011675,santos,SP,3157
cust_011676,belo horizonte,MG,98758
cust_011677,campinas,SP,25545
cust_011678,recife,PE,66863
cust_011679,belo horizonte,MG,57817
cust_011680,duque de caxias,RJ,3117
cust_011681,porto alegre,RS,40119
cust_011682,sorocaba,SP,15739
cust_011683,sao paulo,SP,18014
cust_011684,uberlandia,MG,27689
cust_011685,campinas,SP,1549
cust_011686,sorocaba,SP,70629
cust_011687,belem,PA,74609
cust_011688,florianopolis,SC,64880
cust_011689,sorocaba,SP,46174
cust_011690,recife,PE,21316
cust_011691,santos,SP,61890
cust_011692,florianopolis,SC,70107
cust_011693,sorocaba,SP,22182
cust_011694,niteroi,RJ,28625
cust_011695,caxias do sul,RS,85937
cust_011696,campinas,SP,67176
cust_011697,fortaleza,CE,49888
cust_011698,campinas,SP,31767
cust_011699,vitoria,ES,22766
cust_011700,sorocaba,SP,21821
cust_011701,sorocaba,SP,88737
cust_011702,sorocaba,SP,49988
cust_011703,campinas,SP,56600
cust_011704,uberlandia,MG,98093
cust_011705,contagem,MG,69884
cust_011706,feira de santana,BA,65011
cust_011707,rio de janeiro,RJ,23332
cust_011708,duque de caxias,RJ,35812
cust_011709,santos,SP,7457
cust_011710,uberlandia,MG,52325
cust_011711,fortaleza,CE,28061
cust_011712,sao paulo,SP,44421
cust_011713,campinas,SP,42996
cust_011714,sorocaba,SP,4103
cust_011715,santos,SP,50830
cust_011716,belo horizonte,MG,67753
cust_011717,sorocaba,SP,80581
cust_011718,salvador,BA,21344
cust_011719,santos,SP,40076
cust_011720,sao paulo,SP,53888
cust_011721,sao paulo,SP,82968
cust_011722,sao paulo,SP,8020
cust_011723,curitiba,PR,49880
cust_011724,fortaleza,CE,79238
cust_011725,niteroi,RJ,5078
cust_011726,campinas,SP,2725
cust_011727,curitiba,PR,9627
cust_011728,caxias do sul,RS,32824
cust_011729,porto alegre,RS,12624
cust_011730,niteroi,RJ,38948
cust_011731,belo horizonte,MG,30555
cust_011732,campinas,SP,77464
cust_011733,sao paulo,SP,38341
cust_011734,belem,PA,97384
cust_011735,sorocaba,SP,16491
cust_011736,santos,SP,19941
cust_011737,sorocaba,SP,80392
cust_011738,sorocaba,SP,14766
cust_011739,belem,PA,38148
cust_011740,campinas,SP,62547
cust_011741,niteroi,RJ,89379
cust_011742,feira de santana,BA,22512
cust_011743,campinas,Unknown,28372
cust_011744,campinas,SP,3397
cust_011745,campinas,SP,41153
cust_011746,santos,SP,23949
cust_011747,sao paulo,SP,29776
cust_011748,belo horizonte,MG,24217
cust_011749,santos,SP,99609
cust_011750,uberlandia,MG,55601
cust_011751,fortaleza,CE,50516
cust_011752,santos,SP,45552
cust_011753,santos,SP,59019
cust_011754,campinas,SP,34010
cust_011755,campinas,SP,15880
cust_011756,sao paulo,SP,29619
cust_011757,duque de caxias,RJ,32741
cust_011758,campinas,SP,27518
cust_011759,campinas,SP,15527
cust_011760,santos,SP,86313
cust_011761,porto alegre,RS,43803
cust_011762,campinas,SP,46619
cust_011763,londrina,PR,89200
cust_011764,niteroi,RJ,85636
cust_011765,campinas,SP,25428
cust_011766,uberlandia,MG,99578
cust_011767,campinas,SP,42735
cust_011768,porto alegre,RS,50064
cust_011769,campinas,SP,93426
cust_011770,niteroi,RJ,92919
cust_011771,rio de janeiro,RJ,93955
cust_011772,belo horizonte,MG,18283
cust_011773,caxias do sul,RS,8820
cust_011774,santos,SP,31668
cust_011775,rio de janeiro,RJ,29081
cust_011776,sorocaba,SP,66231
cust_011777,sorocaba,SP,16895
cust_011778,sorocaba,SP,24563
cust_011779,belo horizonte,MG,80005
cust_011780,contagem,MG,59584
cust_011781,salvador,BA,79660
cust_011782,rio de janeiro,RJ,89995
cust_011783,londrina,PR,93727
cust_011784,recife,PE,97386
cust_011785,sorocaba,Unknown,67684
cust_011786,curitiba,PR,53952
cust_011787,sao paulo,Unknown,64580
cust_011788,sao paulo,SP,73934
cust_011789,campo grande,MS,87380
cust_011790,sorocaba,SP,60719
cust_011791,fortaleza,CE,58646
cust_011792,salvador,BA,42570
cust_011793,goiania,Unknown,81575
cust_011794,uberlandia,MG,36293
cust_011795,belo horizonte,MG,34954
cust_011796,sorocaba,SP,61800
cust_011797,sorocaba,SP,63601
cust_011798,brasilia,DF,35216
cust_011799,santos,SP,2142
cust_011800,duque de caxias,RJ,75150
cust_011801,aracaju,SE,9801
cust_011802,sao paulo,SP,13490
cust_011803,salvador,BA,11877
cust_011804,sorocaba,SP,72139
cust_011805,santos,SP,75454
cust_011806,belo horizonte,Unknown,51594
cust_011807,niteroi,RJ,10150
cust_011808,joinville,SC,9096
cust_011809,sao paulo,SP,56631
cust_011810,sorocaba,SP,84116
cust_011811,brasilia,DF,71080
cust_011812,niteroi,RJ,55435
cust_011813,rio de janeiro,RJ,50805
cust_011814,sorocaba,SP,73750
cust_011815,belem,PA,21946
cust_011816,fortaleza,CE,13247
cust_011817,niteroi,RJ,36149
cust_011818,sao paulo,SP,16360
cust_011819,natal,RN,27700
cust_011820,recife,PE,87983
cust_011821,rio de janeiro,RJ,48543
cust_011822,belo horizonte,MG,47215
cust_011823,niteroi,RJ,75220
cust_011824,campinas,SP,30292
cust_011825,porto alegre,RS,71038
cust_011826,caxias do sul,RS,52368
cust_011827,duque de caxias,RJ,57699
cust_011828,feira de santana,BA,37778
cust_011829,rio de janeiro,RJ,93134
cust_011830,brasilia,DF,97407
cust_011831,campinas,SP,13370
cust_011832,campo grande,MS,20501
cust_011833,sao paulo,SP,75106
cust_011834,campinas,SP,53476
cust_011835,contagem,MG,77305
cust_011836,campinas,SP,33908
cust_011837,santos,SP,65013
cust_011838,londrina,PR,17346
cust_011839,campinas,SP,96225
cust_011840,florianopolis,SC,68466
cust_011841,sorocaba,SP,64851
cust_011842,campinas,SP,14560
cust_011843,santos,SP,89376
cust_011844,rio de janeiro,Unknown,28177
cust_011845,sorocaba,SP,13129
cust_011846,sao paulo,SP,49248
cust_011847,santos,SP,96716
cust_011848,sorocaba,SP,42953
cust_011849,belo horizonte,Unknown,1759
cust_011850,niteroi,RJ,91144
cust_011851,sorocaba,SP,65743
cust_011852,sao paulo,SP,65445
cust_011853,recife,PE,56132
cust_011854,campinas,SP,7872
cust_011855,belem,PA,70263
cust_011856,sorocaba,SP,15177
cust_011857,sao luis,MA,21549
cust_011858,sao paulo,SP,59035
cust_011859,duque de caxias,RJ,52257
cust_011860,santos,SP,23322
cust_011861,vitoria,ES,7566
cust_011862,sao paulo,Unknown,20374
cust_011863,curitiba,PR,5381
cust_011864,campinas,SP,98767
cust_011865,uberlandia,MG,8743
cust_011866,londrina,PR,71237
cust_011867,duque de caxias,RJ,38142
cust_011868,belo horizonte,MG,30944
cust_011869,londrina,PR,1324
cust_011870,rio de janeiro,RJ,3754
cust_011871,santos,SP,99705
cust_011872,campinas,SP,79714
cust_011873,londrina,PR,28877
cust_011874,sorocaba,SP,58145
cust_011875,belo horizonte,MG,89769
cust_011876,campinas,SP,31821
cust_011877,belem,PA,96183
cust_011878,belo horizonte,MG,53204
cust_011879,niteroi,RJ,46025
cust_011880,feira de santana,BA,89752
cust_011881,joinville,SC,46251
cust_011882,santos,SP,7281
cust_011883,sorocaba,SP,15665
cust_011884,niteroi,RJ,73466
cust_011885,sao paulo,SP,63506
cust_011886,santos,SP,86411
cust_011887,sao paulo,SP,20498
cust_011888,sao paulo,SP,52528
cust_011889,santos,SP,38121
cust_011890,sorocaba,SP,96128
cust_011891,campinas,SP,80143
cust_011892,rio de janeiro,RJ,23935
cust_011893,santos,SP,74584
cust_011894,campinas,SP,72399
cust_011895,salvador,BA,39610
cust_011896,belo horizonte,MG,43060
cust_011897,recife,PE,24444
cust_011898,natal,RN,38527
cust_011899,contagem,MG,11022
cust_011900,joinville,SC,63993
cust_011901,campinas,SP,50691
cust_011902,caxias do sul,RS,61334
cust_011903,niteroi,RJ,96271
cust_011904,caxias do sul,RS,37350
cust_011905,sao paulo,SP,13534
cust_011906,vitoria,ES,38173
cust_011907,sorocaba,SP,35900
cust_011908,florianopolis,SC,48508
cust_011909,joao pessoa,PB,84567
cust_011910,goiania,GO,99290
cust_011911,campinas,SP,63643
cust_011912,santos,SP,80050
cust_011913,uberlandia,MG,29521
cust_011914,niteroi,RJ,37263
cust_011915,sorocaba,SP,87820
cust_011916,contagem,MG,36953
cust_011917,fortaleza,CE,37695
cust_011918,campinas,SP,89777
cust_011919,santos,SP,80359
cust_011920,caxias do sul,RS,78145
cust_011921,uberlandia,MG,72796
cust_011922,fortaleza,CE,65700
cust_011923,londrina,PR,55492
cust_011924,sorocaba,SP,71697
cust_011925,contagem,MG,4448
cust_011926,brasilia,DF,6642
cust_011927,sao paulo,SP,87119
cust_011928,sao paulo,SP,10170
cust_011929,contagem,MG,65319
cust_011930,santos,SP,32257
cust_011931,vitoria,ES,74890
cust_011932,santos,SP,47786
cust_011933,sorocaba,SP,30983
cust_011934,vitoria,ES,71387
cust_011935,sao paulo,SP,98066
cust_011936,campinas,SP,78430
cust_011937,santos,SP,23606
cust_011938,joao pessoa,PB,88593
cust_011939,sao luis,MA,99864
cust_011940,sorocaba,SP,27822
cust_011941,londrina,PR,65335
cust_011942,londrina,PR,75051
cust_011943,campinas,SP,62616
cust_011944,sao paulo,SP,99472
cust_011945,recife,PE,25990
cust_011946,santos,SP,21610
cust_011947,rio de janeiro,RJ,88726
cust_011948,campinas,SP,7901
cust_011949,belo horizonte,MG,4109
cust_011950,campinas,SP,89754
cust_011951,sorocaba,SP,85019
cust_011952,campinas,SP,14354
cust_011953,joao pessoa,PB,82787
cust_011954,sorocaba,SP,72257
cust_011955,sao paulo,SP,90707
cust_011956,campinas,SP,39344
cust_011957,sao paulo,SP,33061
cust_011958,joinville,SC,36195
cust_011959,sorocaba,SP,65987
cust_011960,belo horizonte,MG,94117
cust_011961,rio de janeiro,RJ,94108
cust_011962,goiania,GO,35762
cust_011963,feira de santana,BA,7674
cust_011964,santos,SP,41356
cust_011965,curitiba,PR,45271
cust_011966,florianopolis,SC,2553
cust_011967,belem,PA,97779
cust_011968,campo grande,MS,19171
cust_011969,curitiba,PR,58267
cust_011970,rio de janeiro,RJ,36786
cust_011971,campinas,SP,71608
cust_011972,goiania,GO,66926
cust_011973,fortaleza,CE,91231
cust_011974,santos,SP,7329
cust_011975,uberlandia,MG,28650
cust_011976,santos,SP,35600
cust_011977,sao paulo,SP,89930
cust_011978,santos,SP,37161
cust_011979,sao paulo,SP,51554
cust_011980,caxias do sul,RS,79309
cust_011981,santos,SP,91884
cust_011982,uberlandia,MG,28223
cust_011983,uberlandia,MG,66475
cust_011984,florianopolis,SC,89298
cust_011985,santos,SP,27624
cust_011986,sao paulo,SP,94451
cust_011987,porto alegre,RS,40001
cust_011988,porto alegre,RS,22936
cust_011989,niteroi,RJ,79835
cust_011990,niteroi,RJ,38397
cust_011991,campo grande,MS,42108
cust_011992,campinas,SP,73611
cust_011993,sao paulo,SP,22933
cust_011994,cuiaba,MT,27595
cust_011995,salvador,BA,71845
cust_011996,campinas,SP,82774
cust_011997,brasilia,DF,18837
cust_011998,campinas,SP,97413
cust_011999,salvador,BA,5941
cust_012000,contagem,MG,63504
cust_012001,niteroi,RJ,42532
cust_012002,belem,PA,16968
cust_012003,salvador,BA,78466
cust_012004,campinas,SP,1191
cust_012005,porto alegre,RS,28736
cust_012006,joinville,SC,41578
cust_012007,niteroi,RJ,69549
cust_012008,sorocaba,SP,23461
cust_012009,campinas,SP,6233
cust_012010,sao luis,MA,77617
cust_012011,duque de caxias,RJ,9161
cust_012012,duque de caxias,Unknown,47510
cust_012013,uberlandia,MG,67115
cust_012014,campinas,SP,63590
cust_012015,sorocaba,SP,11397
cust_012016,santos,SP,61019
cust_012017,sao paulo,SP,2231
cust_012018,recife,PE,4592
cust_012019,sao paulo,SP,24368
cust_012020,santos,SP,71090
cust_012021,rio de janeiro,RJ,21973
cust_012022,recife,PE,82744
cust_012023,santos,SP,14654
cust_012024,santos,SP,47650
cust_012025,porto alegre,RS,48611
cust_012026,rio de janeiro,RJ,58622
cust_012027,belo horizonte,MG,38668
cust_012028,sao paulo,SP,15234
cust_012029,goiania,GO,73010
cust_012030,uberlandia,MG,66212
cust_012031,feira de santana,BA,65971
cust_012032,campo grande,MS,94022
cust_012033,londrina,PR,88728
cust_012034,santos,SP,71482
cust_012035,caxias do sul,RS,44013
cust_012036,contagem,MG,2432
cust_012037,sao paulo,SP,22511
cust_012038,sorocaba,SP,31632
cust_012039,sao paulo,SP,30328
cust_012040,belem,PA,95438
cust_012041,joinville,SC,7276
cust_012042,porto alegre,RS,67155
cust_012043,londrina,PR,48980
cust_012044,contagem,MG,33144
cust_012045,brasilia,DF,73685
cust_012046,campinas,Unknown,60444
cust_012047,campinas,SP,84477
cust_012048,belo horizonte,MG,17165
cust_012049,salvador,BA,27826
cust_012050,salvador,BA,92538
cust_012051,sao luis,MA,87208
cust_012052,londrina,PR,39607
cust_012053,campinas,Unknown,41077
cust_012054,campinas,SP,20016
cust_012055,duque de caxias,RJ,8896
cust_012056,contagem,MG,8416
cust_012057,rio de janeiro,RJ,1623
cust_012058,sorocaba,SP,4462
cust_012059,rio de janeiro,RJ,38056
cust_012060,feira de santana,BA,64860
cust_012061,sao paulo,SP,64710
cust_012062,contagem,MG,68461
cust_012063,sao paulo,SP,64804
cust_012064,contagem,MG,66195
cust_012065,caxias do sul,RS,39096
cust_012066,sao paulo,SP,32098
cust_012067,londrina,PR,43099
cust_012068,porto alegre,RS,79459
cust_012069,sorocaba,SP,54560
cust_012070,recife,PE,84149
cust_012071,joinville,SC,33681
cust_012072,duque de caxias,RJ,60703
cust_012073,santos,SP,64698
cust_012074,duque de caxias,RJ,61933
cust_012075,campinas,SP,11541
cust_012076,sao paulo,Unknown,20051
cust_012077,contagem,MG,62561
cust_012078,belem,PA,85950
cust_012079,sao paulo,SP,48883
cust_012080,londrina,PR,9375
cust_012081,uberlandia,MG,87127
cust_012082,porto alegre,RS,80430
cust_012083,brasilia,DF,81250
cust_012084,santos,SP,42446
cust_012085,belo horizonte,MG,65289
cust_012086,sorocaba,SP,10716
cust_012087,sorocaba,SP,3623
cust_012088,duque de caxias,Unknown,7078
cust_012089,sorocaba,SP,43149
cust_012090,sorocaba,SP,98859
cust_012091,sorocaba,SP,6390
cust_012092,sorocaba,SP,57334
cust_012093,sorocaba,Unknown,75852
cust_012094,sorocaba,SP,44994
cust_012095,sao paulo,SP,6166
cust_012096,porto alegre,RS,92616
cust_012097,uberlandia,MG,89988
cust_012098,vitoria,ES,46839
cust_012099,belem,PA,84255
cust_012100,goiania,GO,84851
cust_012101,porto alegre,RS,65485
cust_012102,campinas,SP,85514
cust_012103,campinas,SP,70243
cust_012104,cuiaba,MT,75255
cust_012105,campo grande,MS,11941
cust_012106,rio de janeiro,RJ,10416
cust_012107,niteroi,RJ,16574
cust_012108,sorocaba,SP,95509
cust_012109,sorocaba,SP,41797
cust_012110,rio de janeiro,RJ,63103
cust_012111,santos,SP,57860
cust_012112,niteroi,RJ,41441
cust_012113,joinville,SC,71243
cust_012114,joinville,SC,76876
cust_012115,brasilia,DF,95523
cust_012116,campinas,SP,8319
cust_012117,duque de caxias,RJ,36472
cust_012118,uberlandia,MG,18669
cust_012119,belo horizonte,MG,55097
cust_012120,aracaju,SE,68083
cust_012121,santos,SP,18796
cust_012122,sao paulo,SP,63325
cust_012123,sao paulo,SP,6030
cust_012124,niteroi,RJ,52914
cust_012125,sorocaba,SP,97517
cust_012126,santos,SP,67784
cust_012127,santos,SP,78441
cust_012128,duque de caxias,RJ,95038
cust_012129,porto alegre,RS,52515
cust_012130,santos,SP,13899
cust_012131,goiania,GO,58843
cust_012132,belo horizonte,MG,34940
cust_012133,campinas,SP,95699
cust_012134,sorocaba,SP,30051
cust_012135,santos,SP,53210
cust_012136,sao paulo,SP,93585
cust_012137,uberlandia,MG,75158
cust_012138,vitoria,ES,19533
cust_012139,sorocaba,SP,87162
cust_012140,sorocaba,SP,37410
cust_012141,goiania,GO,71249
cust_012142,niteroi,RJ,90678
cust_012143,rio de janeiro,RJ,97959
cust_012144,niteroi,RJ,67333
cust_012145,campinas,SP,74122
cust_012146,sao paulo,SP,4084
cust_012147,campo grande,MS,95093
cust_012148,uberlandia,MG,96060
cust_012149,campinas,SP,22270
cust_012150,vitoria,ES,6953
cust_012151,santos,SP,94674
cust_012152,campinas,Unknown,52667
cust_012153,campo grande,MS,18544
cust_012154,porto alegre,RS,24970
cust_012155,londrina,PR,66567
cust_012156,campinas,SP,63554
cust_012157,sao paulo,SP,61535
cust_012158,vitoria,ES,29078
cust_012159,santos,SP,76487
cust_012160,goiania,GO,81939
cust_012161,florianopolis,SC,5058
cust_012162,sao paulo,SP,56953
cust_012163,recife,PE,70101
cust_012164,belem,PA,31977
cust_012165,goiania,GO,70152
cust_012166,sorocaba,SP,86695
cust_012167,belo horizonte,MG,89744
cust_012168,sao paulo,Unknown,77945
cust_012169,sao paulo,SP,70991
cust_012170,recife,PE,49820
cust_012171,natal,RN,10495
cust_012172,santos,SP,49630
cust_012173,porto alegre,RS,78649
cust_012174,cuiaba,MT,47319
cust_012175,uberlandia,MG,92829
cust_012176,santos,SP,54466
cust_012177,campinas,SP,1696
cust_012178,rio de janeiro,RJ,85957
cust_012179,vitoria,ES,44939
cust_012180,sao paulo,SP,8303
cust_012181,sao paulo,SP,69113
cust_012182,joinville,SC,39454
cust_012183,joinville,SC,78651
cust_012184,vitoria,ES,75261
cust_012185,feira de santana,BA,94875
cust_012186,uberlandia,MG,96440
cust_012187,vitoria,ES,75691
cust_012188,contagem,MG,16162
cust_012189,contagem,MG,82095
cust_012190,campinas,SP,5303
cust_012191,duque de caxias,RJ,46461
cust_012192,sao paulo,SP,80704
cust_012193,recife,PE,90330
cust_012194,sao paulo,SP,97069
cust_012195,sorocaba,SP,13537
cust_012196,maceio,AL,71753
cust_012197,joinville,SC,9188
cust_012198,londrina,PR,55850
cust_012199,caxias do sul,RS,35606
cust_012200,sao paulo,SP,24104
cust_012201,sao paulo,SP,75098
cust_012202,joinville,SC,95876
cust_012203,recife,PE,35340
cust_012204,sao paulo,SP,72504
cust_012205,sorocaba,SP,76742
cust_012206,campinas,SP,69715
cust_012207,duque de caxias,RJ,33869
cust_012208,campinas,SP,88313
cust_012209,sorocaba,SP,70931
cust_012210,campinas,SP,87689
cust_012211,niteroi,RJ,25376
cust_012212,belo horizonte,Unknown,8987
cust_012213,sorocaba,SP,69080
cust_012214,santos,SP,2976
cust_012215,santos,SP,20683
cust_012216,belo horizonte,MG,23047
cust_012217,sao paulo,SP,20225
cust_012218,fortaleza,Unknown,91117
cust_012219,sorocaba,Unknown,87564
cust_012220,florianopolis,SC,53830
cust_012221,sao paulo,SP,67841
cust_012222,uberlandia,MG,65104
cust_012223,caxias do sul,RS,87343
cust_012224,campinas,SP,35252
cust_012225,sorocaba,SP,70746
cust_012226,sao paulo,SP,43059
cust_012227,niteroi,RJ,51413
cust_012228,fortaleza,CE,30701
cust_012229,contagem,MG,75604
cust_012230,porto alegre,RS,94094
cust_012231,sorocaba,SP,98292
cust_012232,rio de janeiro,RJ,41793
cust_012233,curitiba,PR,9506
cust_012234,campinas,SP,83752
cust_012235,campinas,SP,3666
cust_012236,sao paulo,SP,16385
cust_012237,sorocaba,SP,89523
cust_012238,campo grande,MS,32406
cust_012239,santos,SP,54782
cust_012240,sorocaba,SP,18963
cust_012241,santos,SP,27571
cust_012242,sorocaba,SP,30048
cust_012243,campinas,SP,22676
cust_012244,sao paulo,SP,67092
cust_012245,sorocaba,SP,67726
cust_012246,sorocaba,SP,15003
cust_012247,joinville,SC,97877
cust_012248,duque de caxias,RJ,54061
cust_012249,curitiba,PR,72413
cust_012250,santos,SP,1309
cust_012251,santos,SP,39458
cust_012252,natal,RN,98326
cust_012253,sorocaba,SP,85984
cust_012254,rio de janeiro,RJ,4523
cust_012255,sorocaba,SP,67779
cust_012256,sorocaba,SP,75684
cust_012257,niteroi,RJ,14675
cust_012258,duque de caxias,RJ,87055
cust_012259,campinas,SP,18812
cust_012260,niteroi,RJ,99625
cust_012261,sao paulo,SP,1900
cust_012262,niteroi,RJ,65361
cust_012263,brasilia,DF,24574
cust_012264,porto alegre,RS,61050
cust_012265,santos,SP,76896
cust_012266,campinas,SP,56199
cust_012267,curitiba,PR,74812
cust_012268,campinas,SP,76695
cust_012269,fortaleza,CE,33803
cust_012270,feira de santana,BA,87201
cust_012271,sorocaba,SP,9141
cust_012272,joinville,SC,53242
cust_012273,campinas,SP,75583
cust_012274,campinas,SP,72295
cust_012275,campo grande,MS,32423
cust_012276,londrina,PR,96276
cust_012277,rio de janeiro,RJ,98703
cust_012278,brasilia,DF,12073
cust_012279,santos,SP,10529
cust_012280,londrina,PR,59382
cust_012281,cuiaba,MT,19543
cust_012282,salvador,BA,7669
cust_012283,niteroi,RJ,81489
cust_012284,sao paulo,SP,44128
cust_012285,recife,PE,86453
cust_012286,santos,SP,72887
cust_012287,vitoria,ES,66349
cust_012288,campinas,SP,38649
cust_012289,sao paulo,Unknown,74868
cust_012290,santos,SP,10910
cust_012291,duque de caxias,RJ,31738
cust_012292,campinas,SP,83159
cust_012293,sao paulo,SP,68283
cust_012294,fortaleza,CE,25155
cust_012295,sorocaba,SP,85193
cust_012296,uberlandia,MG,50731
cust_012297,sorocaba,SP,73693
cust_012298,uberlandia,MG,15830
cust_012299,duque de caxias,RJ,14596
cust_012300,goiania,GO,98942
cust_012301,sorocaba,SP,91576
cust_012302,duque de caxias,RJ,38887
cust_012303,sorocaba,SP,92958
cust_012304,rio de janeiro,RJ,82345
cust_012305,sorocaba,SP,27900
cust_012306,contagem,MG,39070
cust_012307,duque de caxias,RJ,53454
cust_012308,joinville,SC,35615
cust_012309,sao paulo,SP,29340
cust_012310,uberlandia,MG,24808
cust_012311,santos,Unknown,64228
cust_012312,caxias do sul,RS,41048
cust_012313,cuiaba,MT,96863
cust_012314,duque de caxias,RJ,87649
cust_012315,sorocaba,SP,10684
cust_012316,contagem,MG,66503
cust_012317,sao paulo,SP,63728
cust_012318,duque de caxias,RJ,6255
cust_012319,santos,SP,79159
cust_012320,rio de janeiro,RJ,54566
cust_012321,goiania,GO,83486
cust_012322,sao paulo,SP,50278
cust_012323,rio de janeiro,RJ,42709
cust_012324,santos,SP,69007
cust_012325,sorocaba,SP,76778
cust_012326,contagem,MG,75775
cust_012327,curitiba,PR,48737
cust_012328,goiania,GO,57007
cust_012329,sorocaba,SP,99327
cust_012330,sao paulo,SP,87713
cust_012331,niteroi,RJ,40404
cust_012332,contagem,MG,64560
cust_012333,curitiba,Unknown,17400
cust_012334,londrina,PR,34463
cust_012335,goiania,GO,54213
cust_012336,santos,SP,38255
cust_012337,natal,RN,93171
cust_012338,campo grande,MS,85994
cust_012339,campinas,SP,3800
cust_012340,sorocaba,SP,26722
cust_012341,curitiba,PR,16603
cust_012342,duque de caxias,RJ,15111
cust_012343,campinas,SP,55126
cust_012344,santos,SP,75478
cust_012345,belo horizonte,MG,73165
cust_012346,goiania,GO,43320
cust_012347,feira de santana,Unknown,41331
cust_012348,vitoria,ES,23440
cust_012349,rio de janeiro,RJ,86396
cust_012350,joinville,SC,83128
cust_012351,sao paulo,SP,37430
cust_012352,duque de caxias,RJ,19311
cust_012353,fortaleza,CE,47469
cust_012354,feira de santana,BA,73510
cust_012355,contagem,MG,28492
cust_012356,campinas,SP,34677
cust_012357,sao paulo,SP,15788
cust_012358,porto alegre,Unknown,71522
cust_012359,sao paulo,SP,88402
cust_012360,santos,SP,77515
cust_012361,brasilia,DF,80489
cust_012362,campinas,SP,16569
cust_012363,sao paulo,SP,86836
cust_012364,sorocaba,SP,82656
cust_012365,sorocaba,SP,32450
cust_012366,campinas,SP,62226
cust_012367,sao paulo,SP,8280
cust_012368,niteroi,RJ,86047
cust_012369,rio de janeiro,RJ,1446
cust_012370,rio de janeiro,RJ,4112
cust_012371,goiania,GO,62001
cust_012372,niteroi,RJ,75926
cust_012373,belo horizonte,MG,81882
cust_012374,belo horizonte,MG,98605
cust_012375,duque de caxias,RJ,2926
cust_012376,sao paulo,SP,70585
cust_012377,fortaleza,CE,32404
cust_012378,duque de caxias,RJ,91861
cust_012379,contagem,MG,29952
cust_012380,uberlandia,MG,42060
cust_012381,feira de santana,BA,30608
cust_012382,niteroi,RJ,70458
cust_012383,duque de caxias,RJ,90391
cust_012384,duque de caxias,RJ,57153
cust_012385,joinville,Unknown,35589
cust_012386,santos,SP,34185
cust_012387,vitoria,ES,68701
cust_012388,brasilia,DF,62696
cust_012389,sao paulo,SP,24852
cust_012390,campinas,SP,36723
cust_012391,fortaleza,CE,94688
cust_012392,sorocaba,SP,94986
cust_012393,sorocaba,SP,39545
cust_012394,santos,SP,79965
cust_012395,campinas,SP,8133
cust_012396,niteroi,RJ,87215
cust_012397,curitiba,PR,32604
cust_012398,contagem,MG,63934
cust_012399,campinas,SP,62041
cust_012400,niteroi,RJ,84204
cust_012401,santos,SP,95759
cust_012402,contagem,MG,37316
cust_012403,sao paulo,SP,54535
cust_012404,natal,RN,66480
cust_012405,feira de santana,BA,59031
cust_012406,porto alegre,RS,34043
cust_012407,duque de caxias,RJ,38869
cust_012408,uberlandia,MG,59851
cust_012409,duque de caxias,RJ,94026
cust_012410,florianopolis,SC,8071
cust_012411,fortaleza,CE,23447
cust_012412,aracaju,SE,79411
cust_012413,contagem,MG,59905
cust_012414,porto alegre,RS,42749
cust_012415,santos,SP,36175
cust_012416,santos,SP,98411
cust_012417,porto alegre,RS,88492
cust_012418,vitoria,ES,85965
cust_012419,brasilia,DF,29324
cust_012420,goiania,GO,61820
cust_012421,sorocaba,SP,95898
cust_012422,caxias do sul,RS,27319
cust_012423,contagem,MG,21515
cust_012424,niteroi,RJ,63358
cust_012425,santos,SP,20436
cust_012426,belo horizonte,MG,75913
cust_012427,sao paulo,SP,86439
cust_012428,caxias do sul,RS,47749
cust_012429,vitoria,ES,99119
cust_012430,curitiba,PR,59655
cust_012431,campinas,SP,41692
cust_012432,niteroi,RJ,87752
cust_012433,uberlandia,MG,62691
cust_012434,londrina,PR,14582
cust_012435,santos,SP,86300
cust_012436,niteroi,RJ,50447
cust_012437,brasilia,DF,34892
cust_012438,sorocaba,SP,86718
cust_012439,curitiba,PR,77545
cust_012440,goiania,GO,39724
cust_012441,florianopolis,SC,98559
cust_012442,belem,PA,88524
cust_012443,joinville,SC,18160
cust_012444,duque de caxias,RJ,56261
cust_012445,niteroi,RJ,64231
cust_012446,sao paulo,SP,40733
cust_012447,campinas,SP,53706
cust_012448,uberlandia,MG,99163
cust_012449,sao paulo,SP,57153
cust_012450,sorocaba,SP,17025
cust_012451,salvador,BA,85423
cust_012452,sorocaba,SP,35381
cust_012453,santos,SP,17539
cust_012454,porto alegre,RS,22759
cust_012455,sao paulo,SP,83308
cust_012456,duque de caxias,RJ,98321
cust_012457,santos,SP,19294
cust_012458,londrina,PR,15873
cust_012459,belo horizonte,MG,97325
cust_012460,belo horizonte,MG,12815
cust_012461,sao paulo,SP,56243
cust_012462,curitiba,PR,27127
cust_012463,campinas,SP,20696
cust_012464,contagem,MG,61249
cust_012465,sorocaba,SP,18492
cust_012466,sao paulo,SP,27212
cust_012467,santos,SP,65104
cust_012468,santos,SP,33383
cust_012469,sao paulo,SP,98632
cust_012470,campinas,SP,53875
cust_012471,goiania,GO,12054
cust_012472,contagem,MG,63973
cust_012473,uberlandia,MG,61325
cust_012474,sao paulo,SP,58399
cust_012475,campinas,SP,96095
cust_012476,sao luis,MA,61881
cust_012477,campinas,SP,75558
cust_012478,salvador,BA,67419
cust_012479,porto alegre,RS,26067
cust_012480,campinas,SP,87847
cust_012481,londrina,PR,67992
cust_012482,londrina,PR,67832
cust_012483,goiania,GO,8387
cust_012484,rio de janeiro,RJ,72372
cust_012485,santos,SP,10191
cust_012486,contagem,MG,40254
cust_012487,campinas,SP,56661
cust_012488,sao paulo,SP,94520
cust_012489,contagem,MG,18900
cust_012490,sao paulo,SP,81016
cust_012491,goiania,GO,54112
cust_012492,sao luis,MA,58693
cust_012493,sao paulo,SP,91172
cust_012494,campinas,SP,45393
cust_012495,rio de janeiro,RJ,14491
cust_012496,sorocaba,SP,2872
cust_012497,santos,SP,36254
cust_012498,recife,PE,98662
cust_012499,sorocaba,SP,22506
cust_012500,sao paulo,SP,15008
cust_012501,rio de janeiro,RJ,4456
cust_012502,sao paulo,SP,51398
cust_012503,salvador,BA,36685
cust_012504,feira de santana,BA,34838
cust_012505,sao paulo,SP,60389
cust_012506,sorocaba,SP,33278
cust_012507,recife,PE,6551
cust_012508,caxias do sul,RS,42526
cust_012509,rio de janeiro,RJ,74197
cust_012510,campinas,SP,57671
cust_012511,niteroi,RJ,93561
cust_012512,santos,SP,1990
cust_012513,duque de caxias,RJ,7012
cust_012514,porto alegre,RS,16254
cust_012515,sorocaba,SP,4330
cust_012516,caxias do sul,RS,61704
cust_012517,curitiba,PR,62670
cust_012518,curitiba,PR,74194
cust_012519,contagem,MG,21548
cust_012520,santos,SP,67833
cust_012521,caxias do sul,RS,18294
cust_012522,salvador,BA,99106
cust_012523,sao paulo,SP,25914
cust_012524,recife,PE,5724
cust_012525,vitoria,ES,19234
cust_012526,caxias do sul,RS,52003
cust_012527,sao paulo,SP,71703
cust_012528,contagem,MG,42429
cust_012529,santos,SP,32634
cust_012530,campinas,SP,20692
cust_012531,sao paulo,SP,13182
cust_012532,curitiba,PR,89157
cust_012533,belo horizonte,MG,74801
cust_012534,niteroi,RJ,15208
cust_012535,sorocaba,SP,16326
cust_012536,santos,SP,50954
cust_012537,duque de caxias,RJ,35796
cust_012538,rio de janeiro,RJ,20020
cust_012539,santos,SP,44625
cust_012540,santos,SP,44211
cust_012541,santos,SP,58532
cust_012542,florianopolis,SC,79260
cust_012543,niteroi,RJ,28454
cust_012544,florianopolis,SC,70358
cust_012545,duque de caxias,RJ,73184
cust_012546,campinas,SP,70340
cust_012547,sorocaba,SP,93013
cust_012548,sorocaba,SP,22291
cust_012549,duque de caxias,RJ,73795
cust_012550,joinville,SC,3262
cust_012551,campinas,SP,34103
cust_012552,santos,SP,72285
cust_012553,sorocaba,SP,93134
cust_012554,sorocaba,SP,11504
cust_012555,contagem,MG,73407
cust_012556,santos,SP,39628
cust_012557,campinas,SP,53967
cust_012558,curitiba,PR,84547
cust_012559,campinas,SP,85452
cust_012560,sorocaba,SP,41538
cust_012561,porto alegre,RS,87896
cust_012562,campinas,SP,47077
cust_012563,brasilia,DF,23789
cust_012564,florianopolis,SC,95835
cust_012565,campinas,SP,36475
cust_012566,rio de janeiro,RJ,90996
cust_012567,sao paulo,SP,92054
cust_012568,florianopolis,SC,9996
cust_012569,sao paulo,SP,71587
cust_012570,porto alegre,RS,86817
cust_012571,sorocaba,SP,21362
cust_012572,florianopolis,SC,49964
cust_012573,natal,RN,98948
cust_012574,sao paulo,SP,79998
cust_012575,niteroi,RJ,34746
cust_012576,duque de caxias,RJ,35859
cust_012577,duque de caxias,RJ,11753
cust_012578,sao paulo,SP,95764
cust_012579,uberlandia,MG,88307
cust_012580,londrina,PR,79858
cust_012581,vitoria,ES,41085
cust_012582,londrina,PR,45490
cust_012583,belo horizonte,MG,38300
cust_012584,campinas,SP,36710
cust_012585,sorocaba,SP,7358
cust_012586,contagem,MG,21893
cust_012587,belo horizonte,MG,61546
cust_012588,feira de santana,BA,28263
cust_012589,duque de caxias,RJ,16174
cust_012590,santos,SP,44763
cust_012591,santos,SP,80744
cust_012592,duque de caxias,RJ,36067
cust_012593,santos,SP,75627
cust_012594,sao paulo,SP,64766
cust_012595,campinas,SP,33328
cust_012596,santos,SP,63917
cust_012597,sorocaba,SP,51472
cust_012598,campo grande,MS,20155
cust_012599,brasilia,DF,43156
cust_012600,sorocaba,SP,26815
cust_012601,curitiba,PR,55423
cust_012602,rio de janeiro,RJ,5474
cust_012603,belem,PA,8912
cust_012604,belo horizonte,MG,38862
cust_012605,sao paulo,SP,51914
cust_012606,campinas,SP,47871
cust_012607,campo grande,MS,9108
cust_012608,fortaleza,CE,11404
cust_012609,niteroi,RJ,11215
cust_012610,contagem,MG,9427
cust_012611,niteroi,RJ,83344
cust_012612,curitiba,PR,27513
cust_012613,duque de caxias,RJ,79651
cust_012614,sorocaba,SP,49650
cust_012615,sorocaba,SP,99191
cust_012616,contagem,MG,98359
cust_012617,sao paulo,SP,60724
cust_012618,feira de santana,BA,91591
cust_012619,cuiaba,MT,40803
cust_012620,campinas,SP,40442
cust_012621,recife,PE,13357
cust_012622,caxias do sul,RS,56051
cust_012623,contagem,MG,66554
cust_012624,sao paulo,SP,56406
cust_012625,santos,SP,23845
cust_012626,maceio,AL,34964
cust_012627,contagem,MG,26213
cust_012628,uberlandia,MG,85828
cust_012629,santos,SP,14335
cust_012630,sao paulo,SP,29869
cust_012631,duque de caxias,RJ,33411
cust_012632,contagem,MG,43282
cust_012633,brasilia,DF,31512
cust_012634,niteroi,RJ,90782
cust_012635,campinas,SP,51077
cust_012636,santos,SP,35245
cust_012637,sao paulo,SP,34610
cust_012638,sao paulo,SP,51597
cust_012639,sao paulo,SP,36939
cust_012640,curitiba,PR,87187
cust_012641,sorocaba,SP,13138
cust_012642,brasilia,DF,33422
cust_012643,cuiaba,MT,43837
cust_012644,santos,SP,96207
cust_012645,caxias do sul,RS,30401
cust_012646,sao paulo,SP,21151
cust_012647,campinas,SP,40535
cust_012648,sorocaba,SP,68732
cust_012649,santos,SP,98533
cust_012650,belo horizonte,MG,6943
cust_012651,caxias do sul,RS,65026
cust_012652,uberlandia,MG,54171
cust_012653,uberlandia,MG,34409
cust_012654,joinville,SC,16779
cust_012655,florianopolis,SC,66164
cust_012656,goiania,GO,63218
cust_012657,caxias do sul,RS,14171
cust_012658,campinas,SP,62064
cust_012659,niteroi,RJ,51633
cust_012660,rio de janeiro,RJ,42229
cust_012661,sao paulo,SP,53664
cust_012662,feira de santana,BA,92557
cust_012663,fortaleza,CE,44024
cust_012664,natal,RN,89248
cust_012665,sao paulo,SP,3927
cust_012666,sao paulo,SP,73762
cust_012667,campinas,SP,75129
cust_012668,florianopolis,SC,72244
cust_012669,uberlandia,MG,37577
cust_012670,curitiba,PR,7754
cust_012671,fortaleza,CE,6463
cust_012672,campinas,SP,33031
cust_012673,sao paulo,SP,13069
cust_012674,joinville,SC,21112
cust_012675,campinas,SP,2885
cust_012676,rio de janeiro,RJ,39465
cust_012677,duque de caxias,Unknown,90937
cust_012678,contagem,MG,11807
cust_012679,joao pessoa,PB,37131
cust_012680,sao paulo,SP,32507
cust_012681,rio de janeiro,RJ,44284
cust_012682,campo grande,MS,57521
cust_012683,sao paulo,SP,92010
cust_012684,curitiba,PR,17452
cust_012685,belem,PA,30863
cust_012686,campinas,SP,11469
cust_012687,sorocaba,SP,5414
cust_012688,sorocaba,SP,70960
cust_012689,sorocaba,SP,29849
cust_012690,sorocaba,SP,25445
cust_012691,sao paulo,SP,44809
cust_012692,sorocaba,SP,48342
cust_012693,londrina,PR,44209
cust_012694,sao paulo,SP,84004
cust_012695,duque de caxias,RJ,68542
cust_012696,santos,SP,38476
cust_012697,caxias do sul,RS,20170
cust_012698,santos,SP,10758
cust_012699,sorocaba,SP,71053
cust_012700,cuiaba,MT,78747
cust_012701,curitiba,PR,70100
cust_012702,uberlandia,MG,74111
cust_012703,londrina,PR,64127
cust_012704,duque de caxias,RJ,61410
cust_012705,santos,SP,96535
cust_012706,rio de janeiro,RJ,54253
cust_012707,feira de santana,BA,90419
cust_012708,campo grande,MS,75466
cust_012709,belo horizonte,MG,44753
cust_012710,sao paulo,SP,35973
cust_012711,caxias do sul,RS,17444
cust_012712,porto alegre,RS,33639
cust_012713,campinas,SP,52814
cust_012714,niteroi,RJ,63113
cust_012715,sao paulo,SP,84581
cust_012716,sao paulo,SP,17476
cust_012717,curitiba,PR,16999
cust_012718,sao paulo,SP,63688
cust_012719,contagem,MG,2582
cust_012720,santos,Unknown,86838
cust_012721,sorocaba,SP,22377
cust_012722,curitiba,PR,51996
cust_012723,contagem,MG,8607
cust_012724,salvador,BA,9209
cust_012725,caxias do sul,RS,89576
cust_012726,salvador,BA,66622
cust_012727,santos,SP,94245
cust_012728,belo horizonte,MG,87062
cust_012729,sao paulo,SP,98752
cust_012730,curitiba,PR,20487
cust_012731,uberlandia,MG,73571
cust_012732,sorocaba,SP,61605
cust_012733,rio de janeiro,RJ,22010
cust_012734,londrina,PR,20514
cust_012735,campinas,Unknown,39588
cust_012736,belo horizonte,MG,82151
cust_012737,brasilia,DF,47177
cust_012738,sorocaba,SP,26030
cust_012739,uberlandia,MG,58725
cust_012740,recife,PE,63312
cust_012741,sorocaba,SP,62186
cust_012742,sao paulo,SP,59341
cust_012743,uberlandia,MG,38783
cust_012744,belo horizonte,MG,38102
cust_012745,joinville,SC,38610
cust_012746,contagem,MG,90145
cust_012747,contagem,MG,43764
cust_012748,duque de caxias,RJ,90228
cust_012749,campinas,Unknown,32327
cust_012750,belo horizonte,MG,34668
cust_012751,sorocaba,SP,35661
cust_012752,maceio,AL,35460
cust_012753,sorocaba,SP,33225
cust_012754,campinas,SP,65829
cust_012755,florianopolis,SC,96324
cust_012756,sao paulo,SP,29115
cust_012757,sorocaba,SP,31204
cust_012758,belem,PA,31078
cust_012759,florianopolis,SC,24964
cust_012760,santos,SP,3037
cust_012761,campinas,SP,1398
cust_012762,uberlandia,MG,10300
cust_012763,duque de caxias,RJ,15733
cust_012764,sorocaba,SP,66144
cust_012765,sorocaba,SP,13795
cust_012766,joinville,SC,32759
cust_012767,campinas,SP,46995
cust_012768,joinville,SC,9042
cust_012769,santos,SP,48143
cust_012770,uberlandia,MG,93089
cust_012771,duque de caxias,RJ,1685
cust_012772,sorocaba,SP,30274
cust_012773,uberlandia,MG,9817
cust_012774,sorocaba,SP,21701
cust_012775,brasilia,DF,84318
cust_012776,curitiba,PR,52710
cust_012777,campinas,SP,35161
cust_012778,uberlandia,MG,83239
cust_012779,recife,PE,91882
cust_012780,santos,SP,87388
cust_012781,sorocaba,SP,51496
cust_012782,joinville,SC,31203
cust_012783,sorocaba,SP,51350
cust_012784,caxias do sul,RS,74472
cust_012785,sao paulo,SP,44136
cust_012786,porto alegre,RS,52793
cust_012787,rio de janeiro,RJ,77499
cust_012788,sao paulo,SP,59934
cust_012789,goiania,GO,75829
cust_012790,niteroi,RJ,44561
cust_012791,campinas,SP,80797
cust_012792,porto alegre,RS,18547
cust_012793,rio de janeiro,RJ,69915
cust_012794,sao paulo,SP,82222
cust_012795,belo horizonte,MG,42326
cust_012796,sao luis,MA,54866
cust_012797,campinas,SP,61833
cust_012798,brasilia,DF,40783
cust_012799,contagem,MG,48653
cust_012800,sorocaba,SP,67857
cust_012801,curitiba,PR,74739
cust_012802,duque de caxias,RJ,43138
cust_012803,florianopolis,SC,88556
cust_012804,belo horizonte,MG,85060
cust_012805,campinas,SP,72978
cust_012806,santos,SP,14433
cust_012807,sao paulo,SP,39064
cust_012808,rio de janeiro,RJ,3962
cust_012809,belem,PA,92998
cust_012810,feira de santana,BA,57369
cust_012811,florianopolis,SC,33954
cust_012812,niteroi,RJ,26427
cust_012813,campinas,SP,68578
cust_012814,londrina,PR,12703
cust_012815,sao paulo,SP,37062
cust_012816,santos,SP,4002
cust_012817,sorocaba,SP,74891
cust_012818,belem,PA,77266
cust_012819,londrina,PR,74615
cust_012820,sao paulo,SP,96019
cust_012821,belem,PA,49338
cust_012822,florianopolis,SC,61958
cust_012823,contagem,MG,86613
cust_012824,sorocaba,SP,77489
cust_012825,sorocaba,SP,46618
cust_012826,santos,SP,84007
cust_012827,belo horizonte,MG,77381
cust_012828,contagem,MG,80736
cust_012829,sorocaba,SP,49219
cust_012830,santos,SP,33348
cust_012831,rio de janeiro,RJ,78113
cust_012832,brasilia,DF,1232
cust_012833,sorocaba,SP,87887
cust_012834,londrina,PR,63184
cust_012835,maceio,AL,83052
cust_012836,londrina,PR,94809
cust_012837,rio de janeiro,RJ,73331
cust_012838,londrina,PR,88864
cust_012839,brasilia,DF,64288
cust_012840,curitiba,PR,1470
cust_012841,santos,SP,38352
cust_012842,sorocaba,SP,90515
cust_012843,sao paulo,SP,23488
cust_012844,sorocaba,Unknown,2075
cust_012845,caxias do sul,RS,42541
cust_012846,sao paulo,SP,53608
cust_012847,londrina,PR,50325
cust_012848,porto alegre,RS,85412
cust_012849,duque de caxias,RJ,18559
cust_012850,sorocaba,SP,42187
cust_012851,sorocaba,SP,60009
cust_012852,campinas,SP,68700
cust_012853,fortaleza,CE,84225
cust_012854,campinas,SP,24016
cust_012855,sorocaba,SP,88507
cust_012856,sorocaba,SP,97041
cust_012857,belo horizonte,MG,99052
cust_012858,uberlandia,MG,5364
cust_012859,maceio,AL,37538
cust_012860,campinas,SP,63594
cust_012861,santos,SP,29718
cust_012862,joinville,SC,4442
cust_012863,campinas,SP,27117
cust_012864,sorocaba,SP,5139
cust_012865,fortaleza,CE,74050
cust_012866,belo horizonte,MG,27761
cust_012867,sorocaba,SP,66673
cust_012868,cuiaba,MT,2504
cust_012869,campinas,SP,79455
cust_012870,sao paulo,SP,21525
cust_012871,campinas,SP,24687
cust_012872,sorocaba,SP,16240
cust_012873,campinas,SP,9155
cust_012874,feira de santana,BA,91278
cust_012875,sao luis,MA,93814
cust_012876,caxias do sul,RS,5103
cust_012877,belem,PA,27936
cust_012878,campinas,SP,61568
cust_012879,sao paulo,SP,57072
cust_012880,santos,SP,67382
cust_012881,duque de caxias,RJ,90759
cust_012882,campinas,SP,82280
cust_012883,sao paulo,SP,32076
cust_012884,belem,PA,37369
cust_012885,campinas,SP,34419
cust_012886,curitiba,PR,18980
cust_012887,sorocaba,SP,57236
cust_012888,rio de janeiro,RJ,13057
cust_012889,porto alegre,Unknown,12414
cust_012890,sao paulo,SP,15110
cust_012891,sorocaba,SP,74697
cust_012892,contagem,MG,52877
cust_012893,contagem,MG,31172
cust_012894,sorocaba,SP,60082
cust_012895,sao paulo,SP,72053
cust_012896,santos,SP,79053
cust_012897,campinas,SP,46591
cust_012898,goiania,GO,80640
cust_012899,santos,SP,32837
cust_012900,duque de caxias,RJ,84434
cust_012901,caxias do sul,RS,20026
cust_012902,joinville,SC,16808
cust_012903,sorocaba,SP,76229
cust_012904,contagem,MG,74785
cust_012905,uberlandia,MG,87881
cust_012906,sao paulo,SP,8199
cust_012907,sao paulo,SP,90400
cust_012908,brasilia,DF,88174
cust_012909,rio de janeiro,RJ,56341
cust_012910,sorocaba,SP,53009
cust_012911,uberlandia,MG,16007
cust_012912,campinas,SP,64510
cust_012913,campinas,SP,77040
cust_012914,sorocaba,SP,62358
cust_012915,sao paulo,SP,23020
cust_012916,contagem,MG,56239
cust_012917,santos,SP,17024
cust_012918,campinas,SP,52811
cust_012919,uberlandia,MG,88171
cust_012920,londrina,PR,92287
cust_012921,rio de janeiro,RJ,72215
cust_012922,sao paulo,SP,35488
cust_012923,sao paulo,SP,35176
cust_012924,vitoria,ES,78099
cust_012925,santos,SP,2376
cust_012926,santos,SP,36833
cust_012927,caxias do sul,RS,55920
cust_012928,florianopolis,SC,5543
cust_012929,fortaleza,CE,80545
cust_012930,sorocaba,SP,38422
cust_012931,maceio,AL,83560
cust_012932,campinas,SP,15937
cust_012933,salvador,BA,4686
cust_012934,campinas,SP,44617
cust_012935,vitoria,ES,96279
cust_012936,goiania,GO,9118
cust_012937,curitiba,PR,13589
cust_012938,contagem,MG,78758
cust_012939,sao paulo,SP,12222
cust_012940,rio de janeiro,RJ,59493
cust_012941,campinas,SP,5127
cust_012942,caxias do sul,Unknown,4748
cust_012943,campinas,SP,39443
cust_012944,sorocaba,SP,64905
cust_012945,campinas,SP,59916
cust_012946,florianopolis,SC,95508
cust_012947,santos,SP,6405
cust_012948,rio de janeiro,RJ,7265
cust_012949,santos,SP,77742
cust_012950,santos,SP,36314
cust_012951,rio de janeiro,RJ,22055
cust_012952,sao paulo,SP,89580
cust_012953,porto alegre,RS,32368
cust_012954,rio de janeiro,RJ,4310
cust_012955,natal,RN,2655
cust_012956,sorocaba,SP,91939
cust_012957,sao paulo,SP,16786
cust_012958,belem,PA,98884
cust_012959,recife,PE,20626
cust_012960,duque de caxias,RJ,39607
cust_012961,sao paulo,SP,7232
cust_012962,campinas,SP,47034
cust_012963,belo horizonte,MG,96240
cust_012964,campinas,SP,98827
cust_012965,sorocaba,SP,37922
cust_012966,rio de janeiro,RJ,6930
cust_012967,campinas,SP,69463
cust_012968,goiania,GO,32495
cust_012969,campinas,SP,87008
cust_012970,joao pessoa,PB,7283
cust_012971,duque de caxias,RJ,10576
cust_012972,natal,RN,74886
cust_012973,londrina,PR,65369
cust_012974,campinas,SP,65468
cust_012975,sao paulo,SP,55130
cust_012976,sorocaba,SP,86480
cust_012977,curitiba,PR,67688
cust_012978,sorocaba,SP,19835
cust_012979,caxias do sul,RS,80468
cust_012980,brasilia,DF,54964
cust_012981,sorocaba,SP,18910
cust_012982,contagem,MG,71587
cust_012983,recife,PE,68035
cust_012984,londrina,PR,28903
cust_012985,campinas,SP,19377
cust_012986,campinas,SP,89076
cust_012987,niteroi,RJ,85835
cust_012988,santos,SP,20590
cust_012989,duque de caxias,RJ,69213
cust_012990,cuiaba,MT,12702
cust_012991,duque de caxias,RJ,91259
cust_012992,sorocaba,SP,28817
cust_012993,campinas,SP,18003
cust_012994,recife,PE,79967
cust_012995,campinas,SP,96062
cust_012996,sorocaba,SP,71702
cust_012997,rio de janeiro,RJ,89774
cust_012998,duque de caxias,RJ,89224
cust_012999,santos,SP,30117
cust_013000,uberlandia,MG,62061
cust_013001,contagem,MG,69250
cust_013002,campinas,SP,91897
cust_013003,santos,Unknown,54512
cust_013004,curitiba,PR,54776
cust_013005,sorocaba,SP,81882
cust_013006,aracaju,SE,91915
cust_013007,santos,SP,7393
cust_013008,niteroi,RJ,87147
cust_013009,porto alegre,RS,39739
cust_013010,rio de janeiro,RJ,47870
cust_013011,sorocaba,SP,43745
cust_013012,niteroi,RJ,1640
cust_013013,campo grande,MS,57740
cust_013014,santos,SP,98589
cust_013015,sorocaba,SP,71957
cust_013016,campinas,SP,50211
cust_013017,sao paulo,SP,3272
cust_013018,sorocaba,SP,74353
cust_013019,feira de santana,BA,67186
cust_013020,cuiaba,MT,45775
cust_013021,vitoria,ES,37157
cust_013022,santos,SP,36845
cust_013023,niteroi,RJ,22294
cust_013024,sorocaba,SP,36464
cust_013025,campinas,SP,16996
cust_013026,belo horizonte,MG,36176
cust_013027,santos,Unknown,93575
cust_013028,sorocaba,SP,58363
cust_013029,brasilia,DF,58539
cust_013030,florianopolis,SC,80969
cust_013031,belem,PA,87829
cust_013032,campinas,SP,57334
cust_013033,goiania,GO,36783
cust_013034,sorocaba,SP,53072
cust_013035,santos,SP,86955
cust_013036,rio de janeiro,RJ,31356
cust_013037,niteroi,RJ,98106
cust_013038,duque de caxias,RJ,46818
cust_013039,joinville,SC,73115
cust_013040,sao paulo,SP,18799
cust_013041,belem,PA,98505
cust_013042,sorocaba,SP,74722
cust_013043,curitiba,PR,89608
cust_013044,belem,PA,78533
cust_013045,rio de janeiro,RJ,43628
cust_013046,goiania,GO,24611
cust_013047,porto alegre,RS,80257
cust_013048,sorocaba,SP,57133
cust_013049,porto alegre,RS,25053
cust_013050,uberlandia,MG,29194
cust_013051,santos,SP,19744
cust_013052,campinas,SP,97761
cust_013053,campinas,SP,70642
cust_013054,sao paulo,SP,30584
cust_013055,joao pessoa,PB,22414
cust_013056,vitoria,ES,86540
cust_013057,porto alegre,RS,72422
cust_013058,campinas,SP,70331
cust_013059,sorocaba,SP,7472
cust_013060,sorocaba,SP,96593
cust_013061,santos,SP,44493
cust_013062,florianopolis,SC,72226
cust_013063,duque de caxias,RJ,18893
cust_013064,niteroi,Unknown,61307
cust_013065,sorocaba,SP,10119
cust_013066,belem,PA,46583
cust_013067,sao paulo,SP,24317
cust_013068,santos,SP,47641
cust_013069,sao paulo,SP,87083
cust_013070,campinas,SP,1123
cust_013071,contagem,MG,46635
cust_013072,contagem,MG,99693
cust_013073,belo horizonte,MG,97289
cust_013074,campinas,SP,57194
cust_013075,sao luis,MA,66804
cust_013076,porto alegre,RS,59109
cust_013077,goiania,GO,46215
cust_013078,santos,SP,18863
cust_013079,belem,PA,81030
cust_013080,londrina,PR,43767
cust_013081,niteroi,RJ,87449
cust_013082,campinas,SP,22689
cust_013083,campinas,SP,20399
cust_013084,feira de santana,BA,22663
cust_013085,sorocaba,SP,65502
cust_013086,caxias do sul,RS,55205
cust_013087,curitiba,PR,66041
cust_013088,florianopolis,SC,24848
cust_013089,sao paulo,SP,36595
cust_013090,fortaleza,CE,66992
cust_013091,sao paulo,SP,50813
cust_013092,feira de santana,BA,38286
cust_013093,niteroi,RJ,32984
cust_013094,sorocaba,Unknown,38292
cust_013095,santos,SP,28536
cust_013096,joinville,SC,70517
cust_013097,belo horizonte,MG,17145
cust_013098,santos,SP,67400
cust_013099,sao paulo,SP,8576
cust_013100,porto alegre,RS,40963
cust_013101,campinas,SP,50446
cust_013102,santos,SP,93077
cust_013103,curitiba,PR,66501
cust_013104,sao paulo,SP,33496
cust_013105,sao paulo,SP,37536
cust_013106,rio de janeiro,RJ,72117
cust_013107,contagem,Unknown,86880
cust_013108,contagem,MG,79574
cust_013109,campinas,SP,90122
cust_013110,duque de caxias,RJ,22608
cust_013111,sorocaba,SP,49753
cust_013112,rio de janeiro,RJ,47945
cust_013113,sao paulo,SP,42506
cust_013114,campinas,SP,3075
cust_013115,belo horizonte,MG,23044
cust_013116,sorocaba,SP,33679
cust_013117,campo grande,MS,41652
cust_013118,maceio,AL,27727
cust_013119,sorocaba,SP,36118
cust_013120,porto alegre,RS,77375
cust_013121,uberlandia,MG,33352
cust_013122,campinas,SP,22851
cust_013123,sao paulo,SP,47183
cust_013124,natal,RN,3518
cust_013125,sao paulo,SP,23493
cust_013126,belo horizonte,MG,3341
cust_013127,uberlandia,MG,7713
cust_013128,campinas,SP,76606
cust_013129,niteroi,RJ,3410
cust_013130,fortaleza,CE,15193
cust_013131,santos,SP,18511
cust_013132,santos,SP,64759
cust_013133,santos,SP,33766
cust_013134,curitiba,PR,20954
cust_013135,uberlandia,MG,73661
cust_013136,niteroi,RJ,22940
cust_013137,joinville,SC,93833
cust_013138,natal,RN,80836
cust_013139,campinas,SP,88458
cust_013140,feira de santana,BA,68521
cust_013141,campinas,SP,28385
cust_013142,santos,SP,65796
cust_013143,campinas,SP,75771
cust_013144,sao paulo,SP,92937
cust_013145,recife,PE,6085
cust_013146,niteroi,RJ,87149
cust_013147,contagem,MG,81346
cust_013148,campinas,SP,84834
cust_013149,sorocaba,SP,20848
cust_013150,vitoria,ES,14476
cust_013151,salvador,BA,66439
cust_013152,rio de janeiro,RJ,17431
cust_013153,sorocaba,SP,19401
cust_013154,santos,SP,98225
cust_013155,sao luis,MA,91072
cust_013156,campinas,SP,58075
cust_013157,santos,SP,65135
cust_013158,caxias do sul,RS,55389
cust_013159,vitoria,ES,74553
cust_013160,sorocaba,SP,51063
cust_013161,joinville,SC,61463
cust_013162,campinas,SP,73843
cust_013163,porto alegre,RS,79618
cust_013164,campinas,Unknown,59870
cust_013165,goiania,GO,74366
cust_013166,porto alegre,RS,15839
cust_013167,cuiaba,MT,6026
cust_013168,niteroi,RJ,11143
cust_013169,recife,PE,74677
cust_013170,rio de janeiro,RJ,30979
cust_013171,duque de caxias,RJ,79150
cust_013172,sorocaba,Unknown,87133
cust_013173,salvador,BA,70459
cust_013174,santos,SP,40820
cust_013175,contagem,MG,11553
cust_013176,belo horizonte,MG,87354
cust_013177,joinville,SC,34304
cust_013178,belo horizonte,MG,57703
cust_013179,uberlandia,MG,72689
cust_013180,rio de janeiro,RJ,93021
cust_013181,belo horizonte,MG,52462
cust_013182,niteroi,RJ,88558
cust_013183,joinville,SC,72810
cust_013184,feira de santana,BA,38220
cust_013185,niteroi,Unknown,35542
cust_013186,campinas,SP,55563
cust_013187,campinas,SP,71846
cust_013188,salvador,BA,71261
cust_013189,fortaleza,CE,74090
cust_013190,sao paulo,SP,5519
cust_013191,vitoria,ES,42808
cust_013192,sorocaba,SP,16830
cust_013193,belem,Unknown,4426
cust_013194,vitoria,ES,73273
cust_013195,niteroi,RJ,98759
cust_013196,cuiaba,MT,91538
cust_013197,duque de caxias,RJ,87479
cust_013198,santos,SP,31060
cust_013199,salvador,BA,16659
cust_013200,sao paulo,SP,40007
cust_013201,santos,SP,44717
cust_013202,santos,SP,87567
cust_013203,contagem,MG,32767
cust_013204,porto alegre,RS,27351
cust_013205,salvador,BA,98052
cust_013206,recife,PE,92681
cust_013207,goiania,GO,71836
cust_013208,porto alegre,RS,14969
cust_013209,fortaleza,CE,56740
cust_013210,sao paulo,SP,25956
cust_013211,londrina,PR,16315
cust_013212,campinas,SP,4508
cust_013213,sao paulo,SP,32626
cust_013214,sao paulo,SP,10256
cust_013215,campinas,SP,9973
cust_013216,campo grande,MS,26254
cust_013217,rio de janeiro,RJ,48086
cust_013218,fortaleza,CE,65858
cust_013219,duque de caxias,RJ,86982
cust_013220,caxias do sul,RS,20885
cust_013221,sorocaba,SP,78596
cust_013222,cuiaba,MT,93990
cust_013223,sorocaba,SP,77147
cust_013224,porto alegre,RS,35517
cust_013225,cuiaba,MT,32041
cust_013226,joinville,SC,52346
cust_013227,feira de santana,BA,82994
cust_013228,sorocaba,SP,66830
cust_013229,niteroi,RJ,45613
cust_013230,sorocaba,SP,14498
cust_013231,sao paulo,SP,67102
cust_013232,santos,SP,69082
cust_013233,florianopolis,SC,50797
cust_013234,cuiaba,MT,12935
cust_013235,caxias do sul,RS,44870
cust_013236,feira de santana,BA,82801
cust_013237,duque de caxias,RJ,95426
cust_013238,sao paulo,SP,49319
cust_013239,curitiba,PR,84952
cust_013240,campinas,SP,9850
cust_013241,duque de caxias,RJ,7638
cust_013242,recife,PE,71055
cust_013243,santos,SP,97148
cust_013244,sorocaba,SP,8581
cust_013245,sorocaba,SP,15612
cust_013246,porto alegre,RS,97478
cust_013247,sao paulo,SP,95820
cust_013248,uberlandia,MG,45908
cust_013249,sorocaba,SP,5283
cust_013250,florianopolis,SC,38908
cust_013251,recife,PE,67579
cust_013252,santos,SP,32142
cust_013253,florianopolis,SC,33775
cust_013254,sorocaba,Unknown,45541
cust_013255,santos,SP,45801
cust_013256,duque de caxias,RJ,78334
cust_013257,sao paulo,SP,50411
cust_013258,joao pessoa,PB,52494
cust_013259,joinville,SC,41264
cust_013260,recife,PE,64687
cust_013261,santos,SP,70061
cust_013262,porto alegre,RS,6681
cust_013263,uberlandia,MG,5072
cust_013264,campinas,SP,85315
cust_013265,florianopolis,SC,5793
cust_013266,brasilia,DF,53311
cust_013267,fortaleza,CE,83745
cust_013268,vitoria,ES,52864
cust_013269,campinas,SP,9794
cust_013270,goiania,GO,25982
cust_013271,vitoria,ES,16518
cust_013272,caxias do sul,RS,8650
cust_013273,sorocaba,SP,35817
cust_013274,sorocaba,SP,34270
cust_013275,santos,SP,65819
cust_013276,sao paulo,SP,82030
cust_013277,belem,PA,58149
cust_013278,sao luis,MA,55156
cust_013279,belem,PA,80528
cust_013280,campinas,SP,27097
cust_013281,uberlandia,MG,48285
cust_013282,duque de caxias,RJ,59715
cust_013283,rio de janeiro,RJ,80812
cust_013284,duque de caxias,RJ,35778
cust_013285,vitoria,ES,50563
cust_013286,florianopolis,SC,23145
cust_013287,brasilia,DF,32125
cust_013288,santos,SP,74248
cust_013289,campinas,SP,84627
cust_013290,contagem,MG,17557
cust_013291,belo horizonte,MG,99130
cust_013292,recife,PE,58902
cust_013293,campinas,SP,98922
cust_013294,santos,SP,73633
cust_013295,recife,PE,13720
cust_013296,rio de janeiro,RJ,7102
cust_013297,rio de janeiro,RJ,91205
cust_013298,recife,PE,69875
cust_013299,londrina,PR,86712
cust_013300,londrina,PR,2133
cust_013301,santos,SP,16645
cust_013302,belo horizonte,MG,81368
cust_013303,rio de janeiro,RJ,84877
cust_013304,contagem,MG,28532
cust_013305,contagem,MG,98884
cust_013306,campinas,SP,16213
cust_013307,santos,SP,31255
cust_013308,rio de janeiro,RJ,13905
cust_013309,niteroi,RJ,57371
cust_013310,sao paulo,SP,44134
cust_013311,recife,PE,60744
cust_013312,sao paulo,SP,29525
cust_013313,niteroi,RJ,53215
cust_013314,contagem,MG,47409
cust_013315,caxias do sul,RS,29101
cust_013316,campinas,SP,84709
cust_013317,santos,SP,86155
cust_013318,santos,SP,11392
cust_013319,campinas,SP,30188
cust_013320,santos,SP,26792
cust_013321,contagem,MG,28404
cust_013322,niteroi,RJ,12218
cust_013323,sao paulo,SP,39390
cust_013324,caxias do sul,RS,64070
cust_013325,santos,SP,37919
cust_013326,fortaleza,CE,62682
cust_013327,uberlandia,MG,8033
cust_013328,belo horizonte,MG,84999
cust_013329,campinas,SP,52418
cust_013330,duque de caxias,RJ,73222
cust_013331,rio de janeiro,RJ,49430
cust_013332,cuiaba,MT,70245
cust_013333,sorocaba,SP,56876
cust_013334,rio de janeiro,RJ,16890
cust_013335,florianopolis,SC,23696
cust_013336,rio de janeiro,RJ,82098
cust_013337,belo horizonte,MG,34711
cust_013338,fortaleza,CE,1723
cust_013339,campinas,SP,52824
cust_013340,santos,SP,71777
cust_013341,belem,PA,85408
cust_013342,santos,SP,81641
cust_013343,joinville,SC,94327
cust_013344,sao paulo,SP,23432
cust_013345,santos,SP,71744
cust_013346,santos,SP,31866
cust_013347,goiania,GO,87743
cust_013348,santos,SP,24967
cust_013349,santos,SP,71813
cust_013350,sao paulo,SP,82132
cust_013351,campinas,SP,59699
cust_013352,santos,SP,42665
cust_013353,fortaleza,CE,47065
cust_013354,porto alegre,RS,36982
cust_013355,sao paulo,SP,12480
cust_013356,santos,SP,50723
cust_013357,santos,SP,60941
cust_013358,sao paulo,SP,73322
cust_013359,campinas,SP,6836
cust_013360,fortaleza,CE,66387
cust_013361,sorocaba,SP,29620
cust_013362,campinas,SP,71066
cust_013363,porto alegre,RS,50197
cust_013364,sorocaba,SP,94796
cust_013365,florianopolis,SC,11729
cust_013366,curitiba,PR,26257
cust_013367,campinas,SP,72332
cust_013368,brasilia,DF,21482
cust_013369,campinas,SP,26003
cust_013370,campinas,SP,65336
cust_013371,caxias do sul,RS,51678
cust_013372,curitiba,PR,15459
cust_013373,santos,SP,33315
cust_013374,santos,SP,64702
cust_013375,recife,PE,7512
cust_013376,caxias do sul,RS,95644
cust_013377,rio de janeiro,RJ,40564
cust_013378,duque de caxias,Unknown,46386
cust_013379,belo horizonte,MG,66034
cust_013380,contagem,MG,22255
cust_013381,sao paulo,SP,56617
cust_013382,sao paulo,SP,99491
cust_013383,niteroi,RJ,95941
cust_013384,curitiba,PR,38909
cust_013385,curitiba,PR,99126
cust_013386,uberlandia,MG,12273
cust_013387,uberlandia,MG,90068
cust_013388,sao paulo,SP,42195
cust_013389,feira de santana,BA,32025
cust_013390,fortaleza,CE,9678
cust_013391,brasilia,DF,62316
cust_013392,goiania,GO,9236
cust_013393,fortaleza,CE,73256
cust_013394,campinas,SP,5703
cust_013395,duque de caxias,RJ,52916
cust_013396,rio de janeiro,RJ,45966
cust_013397,rio de janeiro,RJ,98868
cust_013398,brasilia,DF,46441
cust_013399,sao paulo,SP,32298
cust_013400,sorocaba,SP,73608
cust_013401,campinas,SP,86960
cust_013402,sao paulo,SP,54870
cust_013403,sao paulo,SP,76046
cust_013404,sao paulo,SP,86155
cust_013405,sao paulo,SP,46496
cust_013406,rio de janeiro,RJ,87415
cust_013407,contagem,MG,80233
cust_013408,uberlandia,MG,17920
cust_013409,sorocaba,SP,43740
cust_013410,sao luis,MA,5085
cust_013411,sorocaba,SP,76953
cust_013412,uberlandia,MG,70925
cust_013413,recife,PE,4908
cust_013414,recife,PE,1988
cust_013415,niteroi,RJ,61079
cust_013416,sorocaba,SP,39993
cust_013417,feira de santana,BA,5361
cust_013418,belo horizonte,MG,6346
cust_013419,joinville,SC,86730
cust_013420,sorocaba,SP,46428
cust_013421,fortaleza,CE,75977
cust_013422,belem,PA,45517
cust_013423,londrina,Unknown,92101
cust_013424,vitoria,ES,84728
cust_013425,niteroi,RJ,90600
cust_013426,santos,SP,64913
cust_013427,uberlandia,MG,2440
cust_013428,uberlandia,MG,40847
cust_013429,niteroi,RJ,10699
cust_013430,santos,SP,51425
cust_013431,contagem,MG,48638
cust_013432,sao paulo,SP,55363
cust_013433,curitiba,Unknown,93925
cust_013434,fortaleza,CE,23389
cust_013435,sorocaba,SP,87249
cust_013436,salvador,BA,77763
cust_013437,campinas,SP,45183
cust_013438,duque de caxias,RJ,47252
cust_013439,belem,PA,39837
cust_013440,santos,SP,64145
cust_013441,santos,SP,77670
cust_013442,campo grande,MS,4152
cust_013443,sorocaba,SP,99199
cust_013444,campinas,SP,11976
cust_013445,rio de janeiro,RJ,16524
cust_013446,sao paulo,SP,59365
cust_013447,sorocaba,Unknown,11412
cust_013448,salvador,BA,74678
cust_013449,niteroi,RJ,22625
cust_013450,campinas,SP,32758
cust_013451,caxias do sul,RS,59606
cust_013452,campinas,SP,94626
cust_013453,rio de janeiro,RJ,20671
cust_013454,maceio,AL,85080
cust_013455,florianopolis,SC,65968
cust_013456,uberlandia,MG,52923
cust_013457,duque de caxias,RJ,88101
cust_013458,brasilia,Unknown,64349
cust_013459,belo horizonte,MG,81132
cust_013460,santos,SP,59722
cust_013461,sao paulo,SP,48053
cust_013462,sao paulo,SP,31259
cust_013463,campo grande,MS,27407
cust_013464,belo horizonte,MG,7199
cust_013465,sao paulo,SP,29390
cust_013466,santos,SP,80651
cust_013467,fortaleza,CE,30565
cust_013468,sorocaba,SP,46594
cust_013469,curitiba,PR,38904
cust_013470,feira de santana,BA,84342
cust_013471,fortaleza,CE,58302
cust_013472,sao paulo,SP,38078
cust_013473,londrina,PR,93180
cust_013474,sorocaba,SP,2414
cust_013475,vitoria,ES,14165
cust_013476,santos,SP,13564
cust_013477,uberlandia,MG,10602
cust_013478,duque de caxias,RJ,16565
cust_013479,goiania,GO,68930
cust_013480,campinas,SP,73365
cust_013481,sao paulo,SP,8948
cust_013482,brasilia,DF,4174
cust_013483,campinas,SP,90471
cust_013484,sao paulo,SP,82112
cust_013485,campinas,SP,79190
cust_013486,belem,PA,69376
cust_013487,belo horizonte,MG,42336
cust_013488,porto alegre,Unknown,33010
cust_013489,recife,PE,33836
cust_013490,brasilia,DF,52674
cust_013491,niteroi,RJ,5705
cust_013492,santos,SP,93284
cust_013493,porto alegre,RS,97471
cust_013494,belo horizonte,MG,7904
cust_013495,santos,SP,52917
cust_013496,recife,PE,36971
cust_013497,campinas,SP,38129
cust_013498,rio de janeiro,RJ,39708
cust_013499,duque de caxias,RJ,52715
cust_013500,fortaleza,CE,96352
cust_013501,santos,SP,73645
cust_013502,sao paulo,SP,97546
cust_013503,duque de caxias,RJ,27979
cust_013504,maceio,AL,84293
cust_013505,rio de janeiro,RJ,41797
cust_013506,santos,SP,38817
cust_013507,vitoria,ES,6227
cust_013508,belo horizonte,MG,89049
cust_013509,campinas,SP,12461
cust_013510,sao paulo,SP,48921
cust_013511,belo horizonte,Unknown,97256
cust_013512,niteroi,RJ,64761
cust_013513,sao paulo,SP,13075
cust_013514,rio de janeiro,RJ,92861
cust_013515,vitoria,ES,60354
cust_013516,londrina,PR,25559
cust_013517,contagem,MG,26886
cust_013518,campinas,SP,86216
cust_013519,sao paulo,SP,59574
cust_013520,aracaju,SE,40524
cust_013521,contagem,MG,30379
cust_013522,campinas,SP,87251
cust_013523,londrina,PR,35933
cust_013524,santos,SP,55293
cust_013525,sao paulo,SP,8672
cust_013526,sorocaba,SP,25483
cust_013527,recife,PE,79049
cust_013528,curitiba,PR,76786
cust_013529,niteroi,RJ,98442
cust_013530,sao paulo,SP,12399
cust_013531,brasilia,DF,52337
cust_013532,sorocaba,SP,15193
cust_013533,sorocaba,SP,74896
cust_013534,brasilia,DF,15668
cust_013535,brasilia,DF,13007
cust_013536,sorocaba,SP,84192
cust_013537,sao paulo,SP,13601
cust_013538,londrina,PR,87253
cust_013539,santos,SP,74985
cust_013540,contagem,MG,57687
cust_013541,porto alegre,RS,15332
cust_013542,uberlandia,MG,28657
cust_013543,niteroi,RJ,21137
cust_013544,feira de santana,BA,40026
cust_013545,belem,PA,20965
cust_013546,caxias do sul,RS,19176
cust_013547,campinas,SP,33646
cust_013548,maceio,AL,1377
cust_013549,rio de janeiro,RJ,90869
cust_013550,sorocaba,SP,84123
cust_013551,sorocaba,SP,27650
cust_013552,sao paulo,SP,20268
cust_013553,sao paulo,SP,87517
cust_013554,joinville,Unknown,8830
cust_013555,santos,SP,76711
cust_013556,sao paulo,SP,14048
cust_013557,goiania,GO,8495
cust_013558,sorocaba,SP,92679
cust_013559,belo horizonte,MG,55364
cust_013560,vitoria,ES,36959
cust_013561,sao paulo,SP,5478
cust_013562,santos,SP,65160
cust_013563,santos,SP,56973
cust_013564,porto alegre,RS,4097
cust_013565,santos,SP,71560
cust_013566,vitoria,ES,53381
cust_013567,caxias do sul,RS,85910
cust_013568,belo horizonte,MG,74919
cust_013569,fortaleza,CE,60154
cust_013570,sorocaba,SP,7492
cust_013571,joinville,SC,21701
cust_013572,londrina,PR,30593
cust_013573,porto alegre,RS,94865
cust_013574,contagem,MG,32879
cust_013575,sorocaba,SP,52807
cust_013576,salvador,BA,88840
cust_013577,uberlandia,MG,4204
cust_013578,joinville,SC,66850
cust_013579,goiania,GO,88893
cust_013580,niteroi,RJ,86670
cust_013581,cuiaba,MT,51271
cust_013582,santos,SP,38178
cust_013583,santos,SP,19271
cust_013584,sao paulo,SP,59521
cust_013585,santos,SP,90057
cust_013586,niteroi,RJ,52255
cust_013587,sao paulo,SP,66379
cust_013588,caxias do sul,RS,28333
cust_013589,vitoria,ES,74367
cust_013590,curitiba,PR,42819
cust_013591,santos,SP,36669
cust_013592,joao pessoa,PB,25252
cust_013593,florianopolis,SC,66046
cust_013594,feira de santana,BA,2603
cust_013595,sorocaba,Unknown,92934
cust_013596,caxias do sul,RS,96847
cust_013597,campinas,SP,95611
cust_013598,santos,SP,95848
cust_013599,sao paulo,SP,84220
cust_013600,porto alegre,RS,82596
cust_013601,campinas,SP,42848
cust_013602,niteroi,RJ,18282
cust_013603,uberlandia,MG,1561
cust_013604,sao paulo,SP,2996
cust_013605,campinas,SP,70719
cust_013606,goiania,GO,20399
cust_013607,recife,PE,16364
cust_013608,brasilia,DF,87283
cust_013609,londrina,PR,16265
cust_013610,campinas,Unknown,16166
cust_013611,campinas,SP,48001
cust_013612,rio de janeiro,RJ,24118
cust_013613,belem,PA,8341
cust_013614,campinas,SP,69433
cust_013615,campinas,SP,52174
cust_013616,joinville,SC,48265
cust_013617,contagem,MG,24743
cust_013618,santos,SP,65745
cust_013619,brasilia,DF,56868
cust_013620,uberlandia,MG,56742
cust_013621,belem,PA,93291
cust_013622,campinas,SP,57674
cust_013623,duque de caxias,RJ,92621
cust_013624,sorocaba,SP,87399
cust_013625,sao paulo,Unknown,11472
cust_013626,sorocaba,SP,22557
cust_013627,sorocaba,SP,68950
cust_013628,sao paulo,SP,14781
cust_013629,rio de janeiro,RJ,72955
cust_013630,campinas,SP,41084
cust_013631,santos,SP,31558
cust_013632,niteroi,RJ,53926
cust_013633,santos,SP,30148
cust_013634,sorocaba,SP,49552
cust_013635,campo grande,MS,76408
cust_013636,rio de janeiro,RJ,54444
cust_013637,joinville,SC,98410
cust_013638,sao paulo,SP,49131
cust_013639,rio de janeiro,RJ,81654
cust_013640,santos,SP,52268
cust_013641,sorocaba,SP,84249
cust_013642,feira de santana,BA,93259
cust_013643,recife,PE,88065
cust_013644,duque de caxias,RJ,5938
cust_013645,sorocaba,SP,15938
cust_013646,curitiba,PR,94222
cust_013647,contagem,MG,78947
cust_013648,niteroi,RJ,59133
cust_013649,duque de caxias,RJ,64684
cust_013650,rio de janeiro,RJ,5735
cust_013651,santos,SP,51487
cust_013652,duque de caxias,RJ,6292
cust_013653,campinas,SP,63283
cust_013654,belo horizonte,MG,57579
cust_013655,duque de caxias,RJ,64579
cust_013656,sao paulo,SP,69217
cust_013657,sorocaba,Unknown,99993
cust_013658,contagem,MG,52507
cust_013659,rio de janeiro,RJ,81423
cust_013660,campinas,SP,45437
cust_013661,santos,SP,74877
cust_013662,sao paulo,SP,28428
cust_013663,sao paulo,SP,43869
cust_013664,rio de janeiro,RJ,61051
cust_013665,sorocaba,SP,96992
cust_013666,campinas,SP,89860
cust_013667,santos,SP,27576
cust_013668,santos,SP,42818
cust_013669,campinas,SP,8715
cust_013670,maceio,AL,69872
cust_013671,belo horizonte,MG,7879
cust_013672,contagem,MG,2719
cust_013673,santos,SP,74347
cust_013674,belem,PA,45542
cust_013675,uberlandia,MG,19162
cust_013676,campinas,SP,76409
cust_013677,porto alegre,RS,77944
cust_013678,sorocaba,SP,84348
cust_013679,vitoria,ES,81583
cust_013680,campinas,SP,54168
cust_013681,feira de santana,BA,94593
cust_013682,campo grande,MS,57084
cust_013683,rio de janeiro,RJ,69820
cust_013684,goiania,GO,14705
cust_013685,sao paulo,SP,54671
cust_013686,belo horizonte,MG,30253
cust_013687,sorocaba,SP,80334
cust_013688,santos,SP,67071
cust_013689,niteroi,RJ,70451
cust_013690,belo horizonte,MG,76918
cust_013691,belo horizonte,MG,63143
cust_013692,sorocaba,SP,9109
cust_013693,sorocaba,SP,23777
cust_013694,campinas,Unknown,96132
cust_013695,contagem,MG,69629
cust_013696,campinas,SP,95402
cust_013697,duque de caxias,RJ,7890
cust_013698,natal,RN,19571
cust_013699,joao pessoa,PB,66841
cust_013700,rio de janeiro,RJ,5475
cust_013701,sao paulo,SP,7905
cust_013702,uberlandia,MG,34762
cust_013703,rio de janeiro,RJ,68005
cust_013704,santos,SP,95909
cust_013705,joao pessoa,PB,97422
cust_013706,sorocaba,SP,44857
cust_013707,sorocaba,SP,73693
cust_013708,duque de caxias,RJ,32055
cust_013709,goiania,GO,70878
cust_013710,florianopolis,SC,89573
cust_013711,sao paulo,SP,63637
cust_013712,porto alegre,RS,14292
cust_013713,goiania,GO,28676
cust_013714,caxias do sul,RS,94167
cust_013715,sao paulo,SP,79082
cust_013716,duque de caxias,RJ,81090
cust_013717,feira de santana,BA,5996
cust_013718,sorocaba,SP,38973
cust_013719,rio de janeiro,RJ,52121
cust_013720,porto alegre,RS,78948
cust_013721,belo horizonte,MG,11266
cust_013722,sao paulo,SP,75854
cust_013723,santos,SP,61665
cust_013724,niteroi,RJ,58405
cust_013725,sorocaba,SP,86415
cust_013726,sao paulo,SP,78362
cust_013727,campinas,SP,71545
cust_013728,sao paulo,SP,50508
cust_013729,niteroi,RJ,97265
cust_013730,maceio,AL,84398
cust_013731,santos,SP,30559
cust_013732,santos,SP,79534
cust_013733,sao paulo,SP,57357
cust_013734,rio de janeiro,RJ,90725
cust_013735,duque de caxias,RJ,38009
cust_013736,brasilia,DF,79955
cust_013737,uberlandia,MG,26795
cust_013738,sao paulo,SP,92172
cust_013739,campinas,SP,18137
cust_013740,niteroi,RJ,18638
cust_013741,campinas,SP,98056
cust_013742,santos,SP,28453
cust_013743,campinas,SP,52392
cust_013744,niteroi,RJ,45793
cust_013745,duque de caxias,RJ,78939
cust_013746,brasilia,DF,25038
cust_013747,sao paulo,SP,34429
cust_013748,fortaleza,CE,89772
cust_013749,niteroi,RJ,91955
cust_013750,curitiba,PR,18796
cust_013751,contagem,MG,49303
cust_013752,salvador,BA,46429
cust_013753,belo horizonte,MG,51860
cust_013754,santos,SP,52641
cust_013755,santos,SP,5860
cust_013756,vitoria,ES,87431
cust_013757,rio de janeiro,Unknown,25533
cust_013758,feira de santana,BA,26654
cust_013759,goiania,GO,81280
cust_013760,sao paulo,SP,96989
cust_013761,brasilia,DF,90300
cust_013762,campinas,SP,29903
cust_013763,sao paulo,SP,74813
cust_013764,caxias do sul,RS,17136
cust_013765,salvador,BA,41005
cust_013766,duque de caxias,RJ,26104
cust_013767,santos,SP,23479
cust_013768,contagem,MG,88225
cust_013769,curitiba,PR,88956
cust_013770,uberlandia,MG,16088
cust_013771,campinas,SP,37618
cust_013772,santos,SP,4160
cust_013773,duque de caxias,RJ,82749
cust_013774,sorocaba,SP,29867
cust_013775,brasilia,DF,60294
cust_013776,sorocaba,SP,54910
cust_013777,duque de caxias,RJ,20628
cust_013778,brasilia,DF,36308
cust_013779,duque de caxias,RJ,12002
cust_013780,londrina,PR,16910
cust_013781,santos,SP,84950
cust_013782,rio de janeiro,RJ,37054
cust_013783,caxias do sul,RS,45885
cust_013784,recife,PE,69563
cust_013785,contagem,MG,87881
cust_013786,sorocaba,SP,44173
cust_013787,campinas,SP,87239
cust_013788,brasilia,DF,57699
cust_013789,uberlandia,MG,6063
cust_013790,campinas,SP,94757
cust_013791,rio de janeiro,RJ,26921
cust_013792,santos,SP,75074
cust_013793,campinas,SP,87212
cust_013794,belem,PA,80578
cust_013795,rio de janeiro,RJ,61275
cust_013796,sao paulo,SP,29512
cust_013797,goiania,GO,65002
cust_013798,aracaju,SE,51626
cust_013799,recife,PE,66570
cust_013800,londrina,PR,35114
cust_013801,campo grande,MS,69064
cust_013802,santos,SP,48967
cust_013803,goiania,GO,97156
cust_013804,campinas,SP,12075
cust_013805,campinas,SP,72672
cust_013806,sorocaba,SP,52328
cust_013807,campinas,SP,57967
cust_013808,florianopolis,SC,53055
cust_013809,recife,PE,14442
cust_013810,sorocaba,SP,57922
cust_013811,brasilia,DF,42473
cust_013812,curitiba,PR,24226
cust_013813,santos,SP,92569
cust_013814,londrina,PR,22923
cust_013815,campinas,SP,42729
cust_013816,santos,SP,37404
cust_013817,rio de janeiro,RJ,45900
cust_013818,fortaleza,CE,54231
cust_013819,santos,SP,63386
cust_013820,campinas,SP,34340
cust_013821,contagem,MG,35353
cust_013822,curitiba,PR,70907
cust_013823,fortaleza,CE,70037
cust_013824,duque de caxias,RJ,58926
cust_013825,brasilia,DF,52391
cust_013826,uberlandia,MG,12171
cust_013827,sao paulo,SP,57051
cust_013828,uberlandia,MG,23165
cust_013829,sao paulo,SP,8223
cust_013830,caxias do sul,RS,60855
cust_013831,sao paulo,SP,52812
cust_013832,sorocaba,SP,53662
cust_013833,vitoria,ES,73534
cust_013834,fortaleza,CE,34580
cust_013835,rio de janeiro,RJ,34240
cust_013836,curitiba,PR,18016
cust_013837,natal,RN,8520
cust_013838,santos,SP,92121
cust_013839,belo horizonte,MG,29521
cust_013840,sao paulo,SP,45494
cust_013841,joinville,SC,90829
cust_013842,campinas,SP,22041
cust_013843,joinville,SC,18314
cust_013844,campinas,SP,72367
cust_013845,rio de janeiro,RJ,36094
cust_013846,feira de santana,BA,26335
cust_013847,sao paulo,SP,78163
cust_013848,belem,PA,27298
cust_013849,sorocaba,SP,1533
cust_013850,duque de caxias,RJ,82877
cust_013851,londrina,PR,97084
cust_013852,sao paulo,SP,90876
cust_013853,belo horizonte,MG,12416
cust_013854,niteroi,RJ,47340
cust_013855,uberlandia,MG,88570
cust_013856,belo horizonte,MG,63596
cust_013857,sao paulo,SP,30591
cust_013858,santos,SP,36739
cust_013859,campinas,SP,32032
cust_013860,vitoria,ES,63728
cust_013861,sao paulo,SP,65616
cust_013862,santos,SP,73072
cust_013863,sorocaba,SP,28542
cust_013864,londrina,PR,72379
cust_013865,duque de caxias,RJ,44509
cust_013866,campinas,SP,5029
cust_013867,recife,PE,78341
cust_013868,vitoria,ES,10762
cust_013869,goiania,GO,1929
cust_013870,belo horizonte,Unknown,71087
cust_013871,sao paulo,SP,9619
cust_013872,campinas,SP,53651
cust_013873,sao paulo,SP,34178
cust_013874,belo horizonte,MG,94388
cust_013875,santos,SP,31610
cust_013876,rio de janeiro,RJ,11252
cust_013877,contagem,MG,14450
cust_013878,londrina,PR,98976
cust_013879,campinas,SP,96205
cust_013880,goiania,GO,14219
cust_013881,niteroi,RJ,34321
cust_013882,uberlandia,MG,4112
cust_013883,vitoria,ES,82321
cust_013884,campinas,SP,89999
cust_013885,recife,PE,70912
cust_013886,florianopolis,SC,50899
cust_013887,maceio,AL,37567
cust_013888,campinas,SP,29381
cust_013889,santos,SP,71577
cust_013890,campinas,SP,57607
cust_013891,florianopolis,SC,47081
cust_013892,santos,SP,38374
cust_013893,sao paulo,SP,73303
cust_013894,joao pessoa,PB,98871
cust_013895,duque de caxias,RJ,13115
cust_013896,santos,SP,77623
cust_013897,londrina,PR,45886
cust_013898,sao paulo,SP,65937
cust_013899,duque de caxias,RJ,80102
cust_013900,sao paulo,SP,32886
cust_013901,duque de caxias,RJ,20810
cust_013902,sao paulo,SP,3558
cust_013903,joinville,SC,96604
cust_013904,sao paulo,SP,79938
cust_013905,sorocaba,SP,72194
cust_013906,maceio,AL,5732
cust_013907,feira de santana,BA,92335
cust_013908,belo horizonte,MG,12200
cust_013909,vitoria,ES,29717
cust_013910,campinas,SP,59310
cust_013911,uberlandia,MG,2158
cust_013912,belem,PA,75934
cust_013913,contagem,MG,92764
cust_013914,santos,SP,41485
cust_013915,feira de santana,BA,12984
cust_013916,santos,SP,59315
cust_013917,campinas,SP,78017
cust_013918,curitiba,PR,97389
cust_013919,sao paulo,SP,27916
cust_013920,santos,SP,28847
cust_013921,santos,SP,9209
cust_013922,sorocaba,SP,5353
cust_013923,niteroi,RJ,73914
cust_013924,londrina,PR,22965
cust_013925,contagem,MG,31086
cust_013926,caxias do sul,RS,45200
cust_013927,santos,SP,8679
cust_013928,santos,SP,77958
cust_013929,campo grande,MS,57339
cust_013930,duque de caxias,RJ,42505
cust_013931,santos,SP,24078
cust_013932,maceio,AL,59301
cust_013933,santos,Unknown,72215
cust_013934,duque de caxias,RJ,57014
cust_013935,sorocaba,SP,76015
cust_013936,uberlandia,MG,49294
cust_013937,santos,SP,13152
cust_013938,belo horizonte,MG,16742
cust_013939,londrina,PR,79702
cust_013940,belo horizonte,MG,7733
cust_013941,sorocaba,SP,46083
cust_013942,campinas,SP,21094
cust_013943,brasilia,DF,75883
cust_013944,fortaleza,CE,27749
cust_013945,campinas,Unknown,76566
cust_013946,sao paulo,Unknown,19569
cust_013947,contagem,MG,61227
cust_013948,salvador,BA,20052
cust_013949,fortaleza,CE,47236
cust_013950,porto alegre,RS,61230
cust_013951,campinas,SP,16256
cust_013952,londrina,PR,45995
cust_013953,brasilia,DF,71556
cust_013954,sorocaba,SP,25770
cust_013955,niteroi,RJ,6235
cust_013956,santos,SP,24343
cust_013957,campinas,SP,40137
cust_013958,goiania,GO,15180
cust_013959,campinas,SP,80772
cust_013960,curitiba,PR,69487
cust_013961,sao paulo,SP,51161
cust_013962,sorocaba,SP,48117
cust_013963,contagem,MG,79716
cust_013964,sorocaba,SP,66789
cust_013965,caxias do sul,RS,69287
cust_013966,campinas,SP,38467
cust_013967,curitiba,PR,1523
cust_013968,sao luis,MA,9415
cust_013969,sao paulo,SP,73925
cust_013970,sorocaba,SP,82479
cust_013971,brasilia,DF,10244
cust_013972,santos,SP,5116
cust_013973,sorocaba,SP,24252
cust_013974,goiania,GO,37380
cust_013975,campinas,SP,19008
cust_013976,uberlandia,MG,58927
cust_013977,sorocaba,SP,89256
cust_013978,caxias do sul,RS,66784
cust_013979,belo horizonte,MG,33912
cust_013980,duque de caxias,RJ,48692
cust_013981,uberlandia,MG,94641
cust_013982,sorocaba,SP,80090
cust_013983,sao paulo,SP,16305
cust_013984,joinville,SC,48478
cust_013985,recife,PE,9186
cust_013986,joinville,SC,83745
cust_013987,caxias do sul,RS,69746
cust_013988,niteroi,RJ,25438
cust_013989,belo horizonte,MG,74869
cust_013990,caxias do sul,RS,47780
cust_013991,sao paulo,SP,79822
cust_013992,rio de janeiro,RJ,4062
cust_013993,sorocaba,SP,43487
cust_013994,santos,SP,58237
cust_013995,curitiba,PR,11355
cust_013996,sao paulo,SP,40852
cust_013997,curitiba,Unknown,74142
cust_013998,sao luis,MA,68436
cust_013999,belem,PA,11452
cust_014000,feira de santana,BA,74490
cust_014001,brasilia,DF,72826
cust_014002,santos,SP,43867
cust_014003,curitiba,PR,82118
cust_014004,caxias do sul,RS,61234
cust_014005,natal,RN,99952
cust_014006,uberlandia,MG,73470
cust_014007,duque de caxias,RJ,99844
cust_014008,feira de santana,BA,83840
cust_014009,curitiba,PR,34181
cust_014010,sao paulo,SP,11407
cust_014011,uberlandia,MG,63381
cust_014012,contagem,MG,55242
cust_014013,contagem,MG,98607
cust_014014,vitoria,ES,92556
cust_014015,contagem,MG,1363
cust_014016,goiania,GO,29118
cust_014017,santos,SP,51785
cust_014018,santos,SP,63231
cust_014019,campinas,SP,40437
cust_014020,niteroi,RJ,28948
cust_014021,feira de santana,BA,45766
cust_014022,belo horizonte,MG,80580
cust_014023,niteroi,RJ,94144
cust_014024,niteroi,RJ,74592
cust_014025,aracaju,SE,17091
cust_014026,campinas,SP,95000
cust_014027,sorocaba,SP,53594
cust_014028,uberlandia,MG,70196
cust_014029,porto alegre,RS,68101
cust_014030,santos,SP,49422
cust_014031,sorocaba,SP,53328
cust_014032,rio de janeiro,RJ,54570
cust_014033,campinas,SP,13987
cust_014034,sao paulo,SP,78161
cust_014035,sao paulo,SP,31971
cust_014036,campinas,SP,74049
cust_014037,niteroi,RJ,3607
cust_014038,londrina,PR,12663
cust_014039,santos,SP,27369
cust_014040,niteroi,RJ,30613
cust_014041,duque de caxias,RJ,11271
cust_014042,santos,SP,68566
cust_014043,londrina,PR,7548
cust_014044,santos,SP,10987
cust_014045,belem,PA,61885
cust_014046,uberlandia,MG,66326
cust_014047,sao paulo,SP,65822
cust_014048,belem,PA,86479
cust_014049,sorocaba,SP,79078
cust_014050,campinas,SP,37406
cust_014051,campinas,SP,64668
cust_014052,uberlandia,MG,22582
cust_014053,curitiba,PR,82476
cust_014054,uberlandia,MG,85546
cust_014055,belem,PA,56074
cust_014056,cuiaba,MT,48670
cust_014057,sorocaba,SP,62494
cust_014058,fortaleza,CE,83392
cust_014059,santos,SP,91351
cust_014060,cuiaba,MT,8731
cust_014061,santos,SP,60552
cust_014062,campinas,SP,21966
cust_014063,sao paulo,SP,7151
cust_014064,santos,SP,1103
cust_014065,feira de santana,BA,10437
cust_014066,campinas,SP,45366
cust_014067,rio de janeiro,RJ,85795
cust_014068,fortaleza,CE,88326
cust_014069,uberlandia,MG,78225
cust_014070,uberlandia,MG,64881
cust_014071,maceio,AL,61399
cust_014072,sao paulo,SP,2766
cust_014073,sorocaba,SP,82401
cust_014074,santos,SP,3449
cust_014075,campinas,SP,79061
cust_014076,sorocaba,SP,72310
cust_014077,contagem,MG,27210
cust_014078,santos,SP,10187
cust_014079,contagem,MG,88202
cust_014080,curitiba,PR,22804
cust_014081,campinas,SP,53698
cust_014082,duque de caxias,RJ,70144
cust_014083,sao paulo,SP,46790
cust_014084,londrina,PR,25633
cust_014085,sorocaba,SP,49609
cust_014086,salvador,BA,49528
cust_014087,niteroi,RJ,44851
cust_014088,caxias do sul,RS,40134
cust_014089,campinas,SP,6211
cust_014090,campinas,SP,35033
cust_014091,rio de janeiro,RJ,37201
cust_014092,uberlandia,MG,26005
cust_014093,rio de janeiro,RJ,11793
cust_014094,florianopolis,SC,41343
cust_014095,santos,SP,92392
cust_014096,recife,PE,19095
cust_014097,belem,PA,69766
cust_014098,sorocaba,SP,95512
cust_014099,sorocaba,SP,96206
cust_014100,uberlandia,MG,32324
cust_014101,santos,SP,14543
cust_014102,sao paulo,SP,73167
cust_014103,rio de janeiro,RJ,31131
cust_014104,belo horizonte,MG,29972
cust_014105,sorocaba,SP,72582
cust_014106,belem,PA,26957
cust_014107,sorocaba,SP,52351
cust_014108,campinas,SP,48788
cust_014109,sao paulo,SP,84583
cust_014110,belem,PA,73517
cust_014111,goiania,GO,37459
cust_014112,sao paulo,SP,1387
cust_014113,londrina,PR,25671
cust_014114,sorocaba,SP,17939
cust_014115,santos,SP,78729
cust_014116,campinas,SP,77657
cust_014117,feira de santana,BA,5086
cust_014118,niteroi,RJ,35943
cust_014119,belo horizonte,MG,15808
cust_014120,sorocaba,SP,85683
cust_014121,recife,PE,72491
cust_014122,natal,RN,14190
cust_014123,sorocaba,SP,69684
cust_014124,belo horizonte,MG,81485
cust_014125,caxias do sul,RS,7463
cust_014126,campo grande,Unknown,62588
cust_014127,niteroi,RJ,53107
cust_014128,sao paulo,Unknown,17680
cust_014129,sorocaba,SP,92071
cust_014130,belo horizonte,MG,2222
cust_014131,rio de janeiro,RJ,49662
cust_014132,campinas,SP,88256
cust_014133,feira de santana,Unknown,31827
cust_014134,goiania,GO,29598
cust_014135,duque de caxias,RJ,73020
cust_014136,rio de janeiro,RJ,24894
cust_014137,rio de janeiro,RJ,50832
cust_014138,duque de caxias,RJ,19200
cust_014139,santos,SP,7735
cust_014140,niteroi,RJ,36145
cust_014141,rio de janeiro,RJ,15037
cust_014142,aracaju,SE,52861
cust_014143,santos,SP,49620
cust_014144,sao paulo,SP,48290
cust_014145,niteroi,RJ,96824
cust_014146,brasilia,DF,85269
cust_014147,rio de janeiro,RJ,43933
cust_014148,sao paulo,SP,20536
cust_014149,rio de janeiro,RJ,21436
cust_014150,sao paulo,SP,74905
cust_014151,duque de caxias,RJ,84516
cust_014152,caxias do sul,RS,91011
cust_014153,niteroi,RJ,92734
cust_014154,contagem,MG,4649
cust_014155,sorocaba,SP,83197
cust_014156,belo horizonte,MG,75369
cust_014157,sao luis,MA,17435
cust_014158,rio de janeiro,RJ,28173
cust_014159,joinville,SC,97023
cust_014160,niteroi,RJ,45321
cust_014161,porto alegre,RS,69854
cust_014162,santos,SP,7046
cust_014163,campo grande,MS,64377
cust_014164,santos,SP,30140
cust_014165,santos,SP,77758
cust_014166,santos,SP,12097
cust_014167,rio de janeiro,RJ,99431
cust_014168,contagem,MG,24053
cust_014169,belo horizonte,MG,41411
cust_014170,santos,SP,4246
cust_014171,uberlandia,Unknown,10548
cust_014172,sao paulo,SP,93948
cust_014173,curitiba,PR,70469
cust_014174,campinas,SP,89635
cust_014175,sao paulo,SP,84679
cust_014176,campinas,SP,65447
cust_014177,campinas,SP,64993
cust_014178,londrina,PR,33194
cust_014179,aracaju,SE,70351
cust_014180,rio de janeiro,RJ,94385
cust_014181,sao paulo,SP,24121
cust_014182,santos,SP,97208
cust_014183,uberlandia,MG,52778
cust_014184,niteroi,RJ,79657
cust_014185,florianopolis,SC,36132
cust_014186,belo horizonte,MG,68478
cust_014187,campinas,SP,56099
cust_014188,cuiaba,MT,33550
cust_014189,sao paulo,SP,3680
cust_014190,caxias do sul,RS,88444
cust_014191,sao paulo,SP,69671
cust_014192,sorocaba,SP,50491
cust_014193,sao paulo,SP,55280
cust_014194,belo horizonte,Unknown,63601
cust_014195,santos,SP,3573
cust_014196,brasilia,DF,18150
cust_014197,sao paulo,SP,99002
cust_014198,santos,SP,3122
cust_014199,uberlandia,MG,11888
cust_014200,sao paulo,SP,98763
cust_014201,santos,SP,78693
cust_014202,rio de janeiro,RJ,62525
cust_014203,niteroi,RJ,91891
cust_014204,niteroi,RJ,68844
cust_014205,niteroi,RJ,9725
cust_014206,caxias do sul,RS,5988
cust_014207,brasilia,DF,87888
cust_014208,sao paulo,SP,42726
cust_014209,joinville,SC,35956
cust_014210,sorocaba,SP,29140
cust_014211,rio de janeiro,RJ,80115
cust_014212,santos,SP,83728
cust_014213,niteroi,RJ,62498
cust_014214,sorocaba,SP,49067
cust_014215,sao paulo,SP,59587
cust_014216,campinas,SP,39066
cust_014217,campinas,SP,37151
cust_014218,sorocaba,SP,15637
cust_014219,niteroi,RJ,47264
cust_014220,sorocaba,SP,38970
cust_014221,belo horizonte,MG,28997
cust_014222,sao paulo,SP,36845
cust_014223,sorocaba,SP,70447
cust_014224,sao paulo,Unknown,78912
cust_014225,contagem,MG,80638
cust_014226,belo horizonte,MG,84903
cust_014227,joinville,SC,98368
cust_014228,sorocaba,Unknown,38544
cust_014229,uberlandia,MG,89534
cust_014230,rio de janeiro,RJ,41617
cust_014231,brasilia,DF,82966
cust_014232,curitiba,PR,97546
cust_014233,campinas,Unknown,78589
cust_014234,campo grande,MS,38441
cust_014235,sorocaba,SP,38287
cust_014236,cuiaba,MT,63232
cust_014237,santos,SP,99856
cust_014238,niteroi,RJ,14344
cust_014239,niteroi,RJ,26493
cust_014240,santos,SP,43459
cust_014241,porto alegre,RS,80968
cust_014242,sao paulo,SP,24917
cust_014243,campinas,SP,45869
cust_014244,campinas,SP,25047
cust_014245,campo grande,MS,71067
cust_014246,sao luis,MA,24173
cust_014247,rio de janeiro,Unknown,10540
cust_014248,rio de janeiro,RJ,47994
cust_014249,sao paulo,SP,1136
cust_014250,santos,SP,30119
cust_014251,natal,RN,96689
cust_014252,florianopolis,SC,81861
cust_014253,porto alegre,RS,63172
cust_014254,sorocaba,SP,45422
cust_014255,londrina,PR,81096
cust_014256,campo grande,MS,6430
cust_014257,joao pessoa,PB,44029
cust_014258,contagem,MG,44426
cust_014259,sao paulo,SP,2658
cust_014260,campo grande,MS,10822
cust_014261,duque de caxias,RJ,43713
cust_014262,sorocaba,SP,15567
cust_014263,campinas,SP,98954
cust_014264,uberlandia,MG,14394
cust_014265,salvador,BA,3891
cust_014266,vitoria,ES,79487
cust_014267,vitoria,ES,41140
cust_014268,contagem,MG,43524
cust_014269,natal,RN,27311
cust_014270,santos,SP,1096
cust_014271,campinas,SP,72040
cust_014272,sao paulo,SP,51658
cust_014273,joinville,SC,40262
cust_014274,fortaleza,CE,20923
cust_014275,feira de santana,BA,14411
cust_014276,vitoria,ES,72015
cust_014277,niteroi,RJ,7646
cust_014278,londrina,PR,94220
cust_014279,campinas,SP,54071
cust_014280,londrina,PR,17863
cust_014281,londrina,PR,88608
cust_014282,duque de caxias,Unknown,28369
cust_014283,santos,SP,30596
cust_014284,campinas,SP,71515
cust_014285,recife,PE,12996
cust_014286,belo horizonte,MG,63604
cust_014287,campinas,SP,28152
cust_014288,vitoria,ES,83004
cust_014289,sao paulo,SP,47041
cust_014290,sorocaba,SP,65268
cust_014291,joinville,SC,46692
cust_014292,santos,SP,19905
cust_014293,duque de caxias,RJ,32836
cust_014294,londrina,PR,83699
cust_014295,duque de caxias,RJ,51485
cust_014296,campinas,Unknown,16919
cust_014297,sao paulo,SP,7679
cust_014298,brasilia,DF,9298
cust_014299,niteroi,RJ,81678
cust_014300,brasilia,DF,94010
cust_014301,contagem,MG,50796
cust_014302,campinas,SP,58795
cust_014303,sorocaba,SP,52341
cust_014304,sao paulo,SP,33784
cust_014305,curitiba,PR,77028
cust_014306,niteroi,RJ,26380
cust_014307,uberlandia,MG,73683
cust_014308,curitiba,PR,9385
cust_014309,sorocaba,SP,58338
cust_014310,goiania,GO,56435
cust_014311,niteroi,RJ,14082
cust_014312,belo horizonte,MG,87158
cust_014313,santos,SP,19633
cust_014314,sorocaba,SP,68311
cust_014315,curitiba,PR,48198
cust_014316,campinas,SP,76439
cust_014317,goiania,GO,44049
cust_014318,caxias do sul,RS,60243
cust_014319,caxias do sul,RS,74142
cust_014320,sao paulo,SP,1978
cust_014321,fortaleza,CE,21999
cust_014322,vitoria,ES,45063
cust_014323,sao paulo,SP,36489
cust_014324,duque de caxias,RJ,4543
cust_014325,fortaleza,CE,64025
cust_014326,sao paulo,SP,9048
cust_014327,sao paulo,Unknown,76288
cust_014328,cuiaba,MT,18395
cust_014329,duque de caxias,RJ,60504
cust_014330,cuiaba,MT,89047
cust_014331,santos,SP,36960
cust_014332,niteroi,RJ,22296
cust_014333,niteroi,RJ,23679
cust_014334,duque de caxias,RJ,45724
cust_014335,fortaleza,CE,30101
cust_014336,caxias do sul,RS,87770
cust_014337,vitoria,ES,84273
cust_014338,santos,SP,68132
cust_014339,maceio,AL,35154
cust_014340,caxias do sul,RS,14132
cust_014341,santos,SP,23916
cust_014342,campinas,SP,46771
cust_014343,santos,SP,81738
cust_014344,santos,Unknown,77321
cust_014345,belem,PA,97840
cust_014346,campo grande,MS,44944
cust_014347,santos,SP,55718
cust_014348,campinas,SP,22524
cust_014349,sorocaba,SP,69238
cust_014350,brasilia,DF,64706
cust_014351,uberlandia,MG,7861
cust_014352,contagem,MG,41347
cust_014353,uberlandia,MG,93314
cust_014354,cuiaba,MT,51861
cust_014355,sorocaba,SP,44207
cust_014356,santos,SP,13372
cust_014357,contagem,MG,79537
cust_014358,sao luis,MA,90598
cust_014359,caxias do sul,Unknown,90680
cust_014360,recife,PE,92181
cust_014361,recife,PE,94627
cust_014362,sao paulo,SP,31020
cust_014363,caxias do sul,RS,75941
cust_014364,brasilia,DF,29968
cust_014365,santos,SP,36849
cust_014366,belo horizonte,MG,17889
cust_014367,campinas,SP,5202
cust_014368,salvador,BA,58996
cust_014369,sao paulo,SP,8876
cust_014370,campinas,Unknown,20706
cust_014371,caxias do sul,RS,19921
cust_014372,contagem,MG,61833
cust_014373,sorocaba,Unknown,50157
cust_014374,sao paulo,SP,94626
cust_014375,recife,PE,66085
cust_014376,joao pessoa,PB,18903
cust_014377,caxias do sul,RS,26002
cust_014378,campinas,SP,23364
cust_014379,curitiba,PR,46142
cust_014380,contagem,MG,10027
cust_014381,sao paulo,SP,43187
cust_014382,campinas,SP,32177
cust_014383,santos,SP,11339
cust_014384,campinas,SP,88279
cust_014385,belo horizonte,MG,35087
cust_014386,sao paulo,SP,2579
cust_014387,duque de caxias,RJ,73912
cust_014388,rio de janeiro,RJ,63990
cust_014389,belo horizonte,MG,35733
cust_014390,belo horizonte,MG,39018
cust_014391,duque de caxias,RJ,20700
cust_014392,sao paulo,SP,32436
cust_014393,santos,SP,17317
cust_014394,uberlandia,MG,18047
cust_014395,niteroi,RJ,39500
cust_014396,sao paulo,SP,83439
cust_014397,duque de caxias,RJ,18023
cust_014398,campinas,SP,82455
cust_014399,sao paulo,SP,83031
cust_014400,belo horizonte,MG,5049
cust_014401,rio de janeiro,RJ,28284
cust_014402,contagem,MG,58079
cust_014403,sao paulo,SP,17031
cust_014404,salvador,BA,42080
cust_014405,sao paulo,Unknown,70433
cust_014406,belo horizonte,MG,1617
cust_014407,duque de caxias,RJ,64216
cust_014408,duque de caxias,RJ,31228
cust_014409,joinville,SC,78813
cust_014410,sorocaba,SP,19613
cust_014411,sorocaba,SP,70381
cust_014412,santos,SP,76580
cust_014413,maceio,AL,44222
cust_014414,belem,PA,45283
cust_014415,caxias do sul,Unknown,40912
cust_014416,niteroi,RJ,80001
cust_014417,sao paulo,SP,41548
cust_014418,feira de santana,BA,96912
cust_014419,campinas,SP,16314
cust_014420,santos,Unknown,40736
cust_014421,feira de santana,BA,55092
cust_014422,campinas,SP,55984
cust_014423,brasilia,DF,46231
cust_014424,florianopolis,SC,97315
cust_014425,salvador,BA,49226
cust_014426,caxias do sul,Unknown,17461
cust_014427,sao paulo,SP,38736
cust_014428,belo horizonte,MG,6363
cust_014429,salvador,BA,29767
cust_014430,londrina,PR,47491
cust_014431,brasilia,DF,8764
cust_014432,natal,RN,49298
cust_014433,porto alegre,RS,22841
cust_014434,belem,PA,92972
cust_014435,campinas,SP,14797
cust_014436,sao luis,MA,46107
cust_014437,fortaleza,CE,19050
cust_014438,sao paulo,SP,44953
cust_014439,belo horizonte,Unknown,48532
cust_014440,duque de caxias,RJ,50313
cust_014441,salvador,BA,47916
cust_014442,sorocaba,SP,45115
cust_014443,niteroi,RJ,29441
cust_014444,rio de janeiro,RJ,89976
cust_014445,sao paulo,SP,65286
cust_014446,maceio,AL,62162
cust_014447,rio de janeiro,RJ,41366
cust_014448,sao paulo,SP,79832
cust_014449,brasilia,DF,68441
cust_014450,santos,SP,16307
cust_014451,sao paulo,SP,43913
cust_014452,campinas,Unknown,87720
cust_014453,vitoria,ES,88055
cust_014454,goiania,GO,97033
cust_014455,belo horizonte,MG,75289
cust_014456,sorocaba,SP,95730
cust_014457,niteroi,RJ,25957
cust_014458,contagem,MG,98293
cust_014459,rio de janeiro,RJ,94835
cust_014460,campinas,SP,70035
cust_014461,campinas,SP,68197
cust_014462,fortaleza,CE,67478
cust_014463,belo horizonte,MG,11891
cust_014464,santos,SP,7666
cust_014465,joao pessoa,PB,24623
cust_014466,sorocaba,SP,29008
cust_014467,londrina,PR,6926
cust_014468,campinas,SP,78917
cust_014469,belem,PA,4394
cust_014470,sorocaba,SP,36748
cust_014471,cuiaba,MT,11522
cust_014472,curitiba,PR,62430
cust_014473,sao paulo,SP,95166
cust_014474,santos,SP,59061
cust_014475,salvador,BA,56383
cust_014476,campinas,SP,58489
cust_014477,sao paulo,SP,27759
cust_014478,porto alegre,RS,37672
cust_014479,campinas,Unknown,32247
cust_014480,duque de caxias,RJ,88596
cust_014481,uberlandia,MG,36916
cust_014482,sao paulo,SP,25646
cust_014483,campinas,SP,51080
cust_014484,sao paulo,SP,77265
cust_014485,campo grande,MS,38212
cust_014486,campinas,SP,3512
cust_014487,porto alegre,RS,41439
cust_014488,caxias do sul,RS,84001
cust_014489,florianopolis,SC,86176
cust_014490,santos,SP,76052
cust_014491,sorocaba,SP,53297
cust_014492,duque de caxias,RJ,97915
cust_014493,caxias do sul,RS,11503
cust_014494,londrina,PR,12956
cust_014495,sorocaba,SP,71520
cust_014496,curitiba,PR,80556
cust_014497,sao paulo,SP,21741
cust_014498,rio de janeiro,RJ,31593
cust_014499,contagem,MG,23769
cust_014500,sao paulo,SP,25544
cust_014501,campo grande,MS,2915
cust_014502,belo horizonte,MG,21298
cust_014503,santos,SP,69227
cust_014504,campinas,SP,72123
cust_014505,joinville,Unknown,87925
cust_014506,brasilia,DF,94302
cust_014507,sao paulo,SP,22030
cust_014508,campinas,SP,65564
cust_014509,contagem,MG,40401
cust_014510,santos,SP,27314
cust_014511,sao paulo,SP,68714
cust_014512,rio de janeiro,RJ,40582
cust_014513,niteroi,RJ,60822
cust_014514,santos,SP,24860
cust_014515,sorocaba,SP,43119
cust_014516,sao paulo,SP,7908
cust_014517,campinas,SP,4554
cust_014518,sao luis,MA,76964
cust_014519,sao paulo,SP,89086
cust_014520,sorocaba,SP,11342
cust_014521,recife,PE,67575
cust_014522,sao luis,MA,65280
cust_014523,brasilia,DF,28343
cust_014524,campinas,SP,43398
cust_014525,belo horizonte,MG,30144
cust_014526,caxias do sul,RS,8192
cust_014527,florianopolis,SC,82320
cust_014528,sorocaba,SP,30849
cust_014529,campinas,SP,53373
cust_014530,santos,SP,8469
cust_014531,contagem,MG,5169
cust_014532,santos,SP,63296
cust_014533,rio de janeiro,RJ,42091
cust_014534,belo horizonte,MG,67050
cust_014535,goiania,GO,88279
cust_014536,belem,PA,89580
cust_014537,caxias do sul,RS,8405
cust_014538,sorocaba,SP,29329
cust_014539,recife,PE,21312
cust_014540,campinas,SP,18440
cust_014541,sao paulo,SP,46261
cust_014542,duque de caxias,Unknown,47984
cust_014543,caxias do sul,RS,96893
cust_014544,sao paulo,SP,81625
cust_014545,sao paulo,SP,6810
cust_014546,campinas,SP,57017
cust_014547,uberlandia,MG,22775
cust_014548,porto alegre,RS,94452
cust_014549,niteroi,RJ,26165
cust_014550,niteroi,RJ,9785
cust_014551,brasilia,DF,94102
cust_014552,sorocaba,SP,72206
cust_014553,rio de janeiro,RJ,70178
cust_014554,belo horizonte,MG,66645
cust_014555,caxias do sul,RS,72841
cust_014556,florianopolis,SC,25097
cust_014557,campinas,SP,67232
cust_014558,brasilia,Unknown,21583
cust_014559,duque de caxias,RJ,90711
cust_014560,fortaleza,CE,38819
cust_014561,rio de janeiro,RJ,93249
cust_014562,rio de janeiro,RJ,32929
cust_014563,sao paulo,SP,19438
cust_014564,duque de caxias,RJ,34162
cust_014565,duque de caxias,RJ,55897
cust_014566,recife,PE,72497
cust_014567,recife,PE,3367
cust_014568,duque de caxias,RJ,9940
cust_014569,goiania,GO,28701
cust_014570,brasilia,DF,75083
cust_014571,cuiaba,MT,29670
cust_014572,sao paulo,SP,50441
cust_014573,sao paulo,SP,99101
cust_014574,vitoria,ES,18224
cust_014575,uberlandia,MG,20358
cust_014576,niteroi,Unknown,67276
cust_014577,campinas,SP,78121
cust_014578,santos,SP,38003
cust_014579,santos,SP,20316
cust_014580,santos,SP,14160
cust_014581,niteroi,RJ,97152
cust_014582,rio de janeiro,RJ,59193
cust_014583,rio de janeiro,RJ,38360
cust_014584,sao paulo,SP,32673
cust_014585,sorocaba,SP,16623
cust_014586,duque de caxias,RJ,29074
cust_014587,sorocaba,SP,78232
cust_014588,recife,Unknown,48300
cust_014589,duque de caxias,RJ,90824
cust_014590,sao paulo,SP,52465
cust_014591,niteroi,RJ,60989
cust_014592,contagem,MG,70582
cust_014593,sao paulo,SP,18715
cust_014594,londrina,Unknown,49724
cust_014595,sorocaba,SP,87084
cust_014596,sorocaba,SP,53817
cust_014597,campinas,SP,25768
cust_014598,belo horizonte,MG,57473
cust_014599,caxias do sul,RS,66635
cust_014600,joinville,SC,92798
cust_014601,rio de janeiro,RJ,76526
cust_014602,campinas,SP,11024
cust_014603,porto alegre,RS,58819
cust_014604,niteroi,RJ,66675
cust_014605,belo horizonte,MG,74674
cust_014606,niteroi,RJ,4699
cust_014607,sao paulo,SP,28908
cust_014608,caxias do sul,RS,26651
cust_014609,duque de caxias,RJ,20736
cust_014610,goiania,GO,79301
cust_014611,londrina,PR,46497
cust_014612,niteroi,RJ,36775
cust_014613,sao paulo,SP,55185
cust_014614,sao paulo,SP,3643
cust_014615,sao paulo,SP,24063
cust_014616,sao paulo,SP,51819
cust_014617,santos,SP,21031
cust_014618,caxias do sul,RS,44335
cust_014619,campinas,SP,32817
cust_014620,campinas,SP,92755
cust_014621,niteroi,RJ,88048
cust_014622,florianopolis,SC,94278
cust_014623,sorocaba,SP,38483
cust_014624,fortaleza,CE,28600
cust_014625,brasilia,DF,51969
cust_014626,recife,PE,82210
cust_014627,porto alegre,RS,80706
cust_014628,joinville,SC,51958
cust_014629,santos,SP,56879
cust_014630,caxias do sul,RS,54476
cust_014631,santos,SP,47018
cust_014632,sao paulo,Unknown,12298
cust_014633,vitoria,ES,34062
cust_014634,rio de janeiro,RJ,83815
cust_014635,sao paulo,SP,86602
cust_014636,sao paulo,SP,60988
cust_014637,duque de caxias,RJ,97884
cust_014638,brasilia,DF,95563
cust_014639,recife,PE,50632
cust_014640,sao paulo,SP,78506
cust_014641,campinas,SP,21747
cust_014642,campinas,SP,47195
cust_014643,caxias do sul,RS,42016
cust_014644,rio de janeiro,RJ,85869
cust_014645,curitiba,PR,42224
cust_014646,contagem,MG,32503
cust_014647,santos,SP,39099
cust_014648,santos,SP,86433
cust_014649,sao paulo,SP,62479
cust_014650,caxias do sul,RS,12469
cust_014651,contagem,MG,3584
cust_014652,vitoria,ES,34315
cust_014653,sorocaba,SP,82231
cust_014654,vitoria,ES,86955
cust_014655,sao paulo,SP,16400
cust_014656,santos,SP,3372
cust_014657,sao paulo,SP,26927
cust_014658,campinas,SP,86989
cust_014659,campinas,SP,43341
cust_014660,sao paulo,SP,4968
cust_014661,belo horizonte,MG,50661
cust_014662,joinville,SC,66230
cust_014663,londrina,PR,10646
cust_014664,feira de santana,BA,64173
cust_014665,curitiba,PR,80217
cust_014666,sao luis,MA,6695
cust_014667,sorocaba,SP,6312
cust_014668,joao pessoa,PB,83982
cust_014669,campinas,SP,47138
cust_014670,niteroi,RJ,9505
cust_014671,belo horizonte,MG,14344
cust_014672,sao paulo,Unknown,85284
cust_014673,campinas,SP,85686
cust_014674,rio de janeiro,RJ,98328
cust_014675,curitiba,PR,69489
cust_014676,goiania,GO,67539
cust_014677,santos,SP,90049
cust_014678,santos,SP,93095
cust_014679,belo horizonte,MG,3604
cust_014680,sorocaba,SP,62906
cust_014681,campinas,Unknown,75932
cust_014682,campinas,SP,98122
cust_014683,porto alegre,RS,6285
cust_014684,sorocaba,SP,79886
cust_014685,sorocaba,SP,55919
cust_014686,sorocaba,SP,68247
cust_014687,rio de janeiro,RJ,99989
cust_014688,sorocaba,SP,98900
cust_014689,belo horizonte,MG,19143
cust_014690,goiania,GO,48901
cust_014691,santos,SP,41876
cust_014692,santos,SP,48882
cust_014693,sorocaba,SP,42528
cust_014694,natal,RN,85311
cust_014695,niteroi,RJ,89100
cust_014696,florianopolis,SC,67753
cust_014697,brasilia,DF,64945
cust_014698,maceio,AL,15276
cust_014699,brasilia,DF,35236
cust_014700,santos,SP,31489
cust_014701,uberlandia,MG,12367
cust_014702,campo grande,MS,58885
cust_014703,belo horizonte,MG,64528
cust_014704,londrina,PR,2584
cust_014705,fortaleza,CE,46607
cust_014706,contagem,MG,51528
cust_014707,porto alegre,RS,46184
cust_014708,uberlandia,MG,24159
cust_014709,campinas,SP,3392
cust_014710,santos,SP,24442
cust_014711,uberlandia,MG,98728
cust_014712,natal,RN,89637
cust_014713,fortaleza,CE,69889
cust_014714,santos,SP,28936
cust_014715,brasilia,DF,2954
cust_014716,sao paulo,SP,89924
cust_014717,belo horizonte,Unknown,43333
cust_014718,belem,PA,53837
cust_014719,campo grande,MS,96766
cust_014720,uberlandia,MG,92857
cust_014721,contagem,MG,55631
cust_014722,sorocaba,SP,73192
cust_014723,curitiba,PR,56315
cust_014724,santos,SP,41987
cust_014725,sorocaba,SP,24697
cust_014726,feira de santana,BA,4483
cust_014727,sao paulo,SP,94201
cust_014728,caxias do sul,RS,89271
cust_014729,niteroi,RJ,39902
cust_014730,sao paulo,SP,71025
cust_014731,campinas,SP,11078
cust_014732,sao paulo,SP,14341
cust_014733,sao paulo,Unknown,86168
cust_014734,belo horizonte,MG,93579
cust_014735,belo horizonte,MG,61377
cust_014736,duque de caxias,RJ,49372
cust_014737,brasilia,DF,65244
cust_014738,curitiba,PR,3925
cust_014739,caxias do sul,Unknown,32804
cust_014740,belo horizonte,MG,30291
cust_014741,caxias do sul,RS,52900
cust_014742,campinas,SP,86119
cust_014743,campinas,SP,9409
cust_014744,santos,SP,42491
cust_014745,londrina,PR,76821
cust_014746,duque de caxias,RJ,80969
cust_014747,campo grande,MS,85903
cust_014748,sao paulo,SP,40873
cust_014749,sorocaba,SP,94702
cust_014750,sao paulo,SP,14260
cust_014751,salvador,BA,81847
cust_014752,niteroi,RJ,20267
cust_014753,uberlandia,MG,67968
cust_014754,uberlandia,MG,88238
cust_014755,santos,SP,69249
cust_014756,joinville,SC,18942
cust_014757,salvador,BA,87835
cust_014758,contagem,MG,93608
cust_014759,sao paulo,SP,49189
cust_014760,londrina,PR,29565
cust_014761,porto alegre,RS,64633
cust_014762,fortaleza,CE,97191
cust_014763,santos,SP,96898
cust_014764,fortaleza,CE,10586
cust_014765,recife,PE,14692
cust_014766,campinas,SP,55290
cust_014767,caxias do sul,RS,86325
cust_014768,santos,SP,4522
cust_014769,santos,Unknown,68959
cust_014770,belo horizonte,MG,26402
cust_014771,santos,SP,30262
cust_014772,sorocaba,SP,85679
cust_014773,uberlandia,MG,29548
cust_014774,cuiaba,MT,19513
cust_014775,sao paulo,SP,96444
cust_014776,sorocaba,SP,89260
cust_014777,sao paulo,SP,92562
cust_014778,sao paulo,SP,59390
cust_014779,belem,PA,26905
cust_014780,niteroi,RJ,72930
cust_014781,caxias do sul,RS,76381
cust_014782,campinas,SP,36581
cust_014783,aracaju,SE,58455
cust_014784,niteroi,RJ,98504
cust_014785,vitoria,ES,57810
cust_014786,belo horizonte,MG,82830
cust_014787,cuiaba,MT,3893
cust_014788,niteroi,RJ,91261
cust_014789,goiania,GO,96483
cust_014790,sao paulo,SP,15437
cust_014791,uberlandia,MG,43940
cust_014792,contagem,MG,27413
cust_014793,niteroi,RJ,55772
cust_014794,niteroi,RJ,84257
cust_014795,santos,SP,19450
cust_014796,fortaleza,CE,67281
cust_014797,niteroi,RJ,13756
cust_014798,santos,SP,39099
cust_014799,porto alegre,RS,55214
cust_014800,curitiba,PR,46972
cust_014801,santos,Unknown,12968
cust_014802,santos,SP,44414
cust_014803,uberlandia,MG,34067
cust_014804,salvador,BA,56226
cust_014805,sao paulo,SP,33903
cust_014806,sorocaba,SP,49413
cust_014807,curitiba,PR,95395
cust_014808,sorocaba,SP,46017
cust_014809,recife,PE,73567
cust_014810,florianopolis,SC,33440
cust_014811,recife,PE,67728
cust_014812,sao paulo,Unknown,45437
cust_014813,sao paulo,SP,62599
cust_014814,belo horizonte,MG,18569
cust_014815,campinas,SP,83564
cust_014816,sao paulo,SP,19895
cust_014817,sao paulo,SP,17802
cust_014818,duque de caxias,RJ,69139
cust_014819,sorocaba,SP,30321
cust_014820,sao paulo,SP,96491
cust_014821,santos,SP,68477
cust_014822,caxias do sul,RS,22026
cust_014823,santos,SP,97371
cust_014824,porto alegre,RS,91380
cust_014825,curitiba,PR,30204
cust_014826,caxias do sul,RS,62930
cust_014827,fortaleza,CE,44666
cust_014828,cuiaba,MT,95328
cust_014829,santos,SP,96195
cust_014830,santos,SP,40129
cust_014831,florianopolis,SC,90737
cust_014832,joinville,SC,69340
cust_014833,sorocaba,SP,10118
cust_014834,campo grande,MS,54841
cust_014835,brasilia,Unknown,39638
cust_014836,recife,PE,97770
cust_014837,santos,SP,20344
cust_014838,duque de caxias,RJ,6988
cust_014839,duque de caxias,RJ,15015
cust_014840,campinas,SP,6816
cust_014841,campinas,SP,50485
cust_014842,campinas,SP,86549
cust_014843,goiania,GO,49854
cust_014844,niteroi,RJ,6296
cust_014845,belo horizonte,MG,86394
cust_014846,sao paulo,SP,90828
cust_014847,vitoria,ES,76339
cust_014848,vitoria,ES,10307
cust_014849,caxias do sul,RS,23394
cust_014850,campinas,SP,12130
cust_014851,sorocaba,SP,66618
cust_014852,uberlandia,MG,33745
cust_014853,feira de santana,BA,6054
cust_014854,campo grande,MS,72949
cust_014855,santos,SP,74531
cust_014856,campinas,SP,58119
cust_014857,santos,SP,18050
cust_014858,campinas,Unknown,90985
cust_014859,caxias do sul,RS,40466
cust_014860,niteroi,RJ,63333
cust_014861,recife,PE,2256
cust_014862,campinas,SP,59973
cust_014863,sao paulo,SP,89348
cust_014864,niteroi,RJ,57466
cust_014865,feira de santana,BA,28815
cust_014866,feira de santana,BA,41199
cust_014867,brasilia,DF,27248
cust_014868,rio de janeiro,RJ,64278
cust_014869,campinas,SP,53701
cust_014870,curitiba,PR,97330
cust_014871,cuiaba,MT,3348
cust_014872,santos,SP,97241
cust_014873,campinas,SP,28563
cust_014874,campinas,SP,11976
cust_014875,caxias do sul,RS,26766
cust_014876,niteroi,RJ,46101
cust_014877,sorocaba,SP,75199
cust_014878,sao paulo,SP,59640
cust_014879,uberlandia,MG,23675
cust_014880,rio de janeiro,RJ,71875
cust_014881,santos,SP,4814
cust_014882,belo horizonte,MG,30751
cust_014883,sao paulo,SP,96140
cust_014884,sorocaba,SP,98309
cust_014885,santos,SP,32310
cust_014886,sao paulo,SP,42110
cust_014887,santos,SP,35980
cust_014888,sao paulo,SP,29250
cust_014889,santos,SP,19660
cust_014890,londrina,PR,78226
cust_014891,florianopolis,SC,65543
cust_014892,sorocaba,SP,59216
cust_014893,belo horizonte,MG,77681
cust_014894,sao paulo,SP,90548
cust_014895,goiania,GO,85502
cust_014896,campinas,SP,11530
cust_014897,santos,SP,76985
cust_014898,niteroi,RJ,6412
cust_014899,sao paulo,SP,71591
cust_014900,sao paulo,SP,94370
cust_014901,sao paulo,SP,93226
cust_014902,contagem,MG,45152
cust_014903,sorocaba,SP,97075
cust_014904,sao paulo,SP,22399
cust_014905,brasilia,DF,92153
cust_014906,santos,SP,74565
cust_014907,sorocaba,SP,79491
cust_014908,niteroi,RJ,99746
cust_014909,sao paulo,SP,76879
cust_014910,florianopolis,SC,99874
cust_014911,santos,SP,44075
cust_014912,santos,SP,96353
cust_014913,salvador,BA,81602
cust_014914,brasilia,Unknown,16502
cust_014915,curitiba,PR,37915
cust_014916,campinas,SP,85181
cust_014917,niteroi,RJ,62115
cust_014918,sao luis,MA,13296
cust_014919,duque de caxias,RJ,59922
cust_014920,cuiaba,MT,36324
cust_014921,caxias do sul,Unknown,12372
cust_014922,brasilia,DF,18654
cust_014923,campinas,SP,21388
cust_014924,belem,PA,36245
cust_014925,brasilia,DF,89634
cust_014926,joinville,SC,25547
cust_014927,vitoria,ES,18527
cust_014928,joinville,SC,89782
cust_014929,contagem,MG,49654
cust_014930,uberlandia,MG,98785
cust_014931,salvador,BA,31348
cust_014932,londrina,PR,18205
cust_014933,contagem,MG,86153
cust_014934,contagem,MG,13836
cust_014935,goiania,GO,74033
cust_014936,sorocaba,SP,17272
cust_014937,caxias do sul,RS,85243
cust_014938,contagem,MG,57002
cust_014939,salvador,BA,14870
cust_014940,sao paulo,SP,88325
cust_014941,rio de janeiro,RJ,28638
cust_014942,sao paulo,SP,74803
cust_014943,uberlandia,MG,19333
cust_014944,londrina,PR,42783
cust_014945,uberlandia,MG,26404
cust_014946,uberlandia,MG,95945
cust_014947,campinas,SP,12404
cust_014948,contagem,MG,54315
cust_014949,recife,PE,27679
cust_014950,curitiba,PR,78698
cust_014951,campinas,SP,55700
cust_014952,rio de janeiro,RJ,50498
cust_014953,londrina,PR,80736
cust_014954,niteroi,RJ,66957
cust_014955,belo horizonte,MG,66057
cust_014956,fortaleza,CE,38262
cust_014957,goiania,Unknown,23961
cust_014958,santos,SP,6202
cust_014959,duque de caxias,RJ,56191
cust_014960,contagem,MG,61648
cust_014961,brasilia,DF,24812
cust_014962,sao paulo,SP,29596
cust_014963,campinas,SP,6669
cust_014964,contagem,MG,55512
cust_014965,rio de janeiro,RJ,94636
cust_014966,sorocaba,SP,65489
cust_014967,vitoria,ES,8018
cust_014968,sorocaba,SP,45719
cust_014969,sao paulo,SP,91959
cust_014970,sorocaba,SP,16549
cust_014971,sorocaba,SP,26854
cust_014972,campinas,SP,80711
cust_014973,campinas,SP,67792
cust_014974,campinas,SP,18072
cust_014975,belo horizonte,MG,1681
cust_014976,sorocaba,SP,13802
cust_014977,uberlandia,MG,56319
cust_014978,joao pessoa,PB,32418
cust_014979,maceio,AL,18342
cust_014980,campinas,SP,6762
cust_014981,sorocaba,SP,9901
cust_014982,porto alegre,RS,35968
cust_014983,campinas,SP,23766
cust_014984,joinville,SC,76000
cust_014985,belo horizonte,MG,75662
cust_014986,sao paulo,SP,79239
cust_014987,santos,SP,71590
cust_014988,goiania,GO,46214
cust_014989,rio de janeiro,RJ,19238
cust_014990,porto alegre,RS,19179
cust_014991,porto alegre,RS,62660
cust_014992,rio de janeiro,RJ,97399
cust_014993,santos,SP,73819
cust_014994,belo horizonte,MG,82557
cust_014995,sao paulo,SP,83873
cust_014996,belo horizonte,MG,1518
cust_014997,santos,SP,91100
cust_014998,recife,PE,61093
cust_014999,londrina,PR,87063
cust_015000,santos,SP,94579
cust_015001,joinville,SC,13835
cust_015002,londrina,PR,92991
cust_015003,londrina,PR,54649
cust_015004,sorocaba,SP,40543
cust_015005,rio de janeiro,RJ,96873
cust_015006,belo horizonte,MG,61523
cust_015007,sorocaba,SP,65253
cust_015008,belo horizonte,MG,62016
cust_015009,campinas,SP,63523
cust_015010,goiania,Unknown,73269
cust_015011,campo grande,MS,35970
cust_015012,santos,SP,94207
cust_015013,sao paulo,Unknown,67782
cust_015014,sorocaba,SP,47178
cust_015015,goiania,GO,53699
cust_015016,sorocaba,SP,7110
cust_015017,joinville,SC,9855
cust_015018,feira de santana,BA,72474
cust_015019,sorocaba,SP,38452
cust_015020,joinville,SC,94666
cust_015021,duque de caxias,RJ,43189
cust_015022,sao paulo,SP,87186
cust_015023,recife,PE,72241
cust_015024,rio de janeiro,RJ,3425
cust_015025,sao paulo,SP,34015
cust_015026,belo horizonte,MG,88379
cust_015027,uberlandia,MG,79370
cust_015028,contagem,MG,15581
cust_015029,sorocaba,SP,23826
cust_015030,porto alegre,RS,97902
cust_015031,santos,SP,47219
cust_015032,duque de caxias,Unknown,74387
cust_015033,sao paulo,SP,49165
cust_015034,belo horizonte,MG,13489
cust_015035,feira de santana,BA,56873
cust_015036,sao paulo,SP,10976
cust_015037,campinas,SP,92507
cust_015038,curitiba,PR,28509
cust_015039,sao paulo,SP,83637
cust_015040,sao paulo,SP,23715
cust_015041,contagem,MG,8247
cust_015042,rio de janeiro,RJ,1398
cust_015043,santos,SP,11654
cust_015044,curitiba,PR,89143
cust_015045,santos,SP,10861
cust_015046,feira de santana,BA,13520
cust_015047,curitiba,PR,22620
cust_015048,sorocaba,SP,98946
cust_015049,curitiba,PR,81419
cust_015050,contagem,Unknown,27127
cust_015051,natal,RN,43635
cust_015052,caxias do sul,RS,57870
cust_015053,sao paulo,SP,28395
cust_015054,uberlandia,MG,70139
cust_015055,contagem,MG,27428
cust_015056,londrina,PR,30816
cust_015057,rio de janeiro,RJ,91953
cust_015058,feira de santana,BA,46140
cust_015059,sorocaba,SP,92242
cust_015060,campo grande,MS,77519
cust_015061,santos,SP,32006
cust_015062,campinas,SP,7397
cust_015063,santos,SP,15751
cust_015064,belem,PA,36807
cust_015065,florianopolis,SC,75418
cust_015066,rio de janeiro,Unknown,79207
cust_015067,fortaleza,CE,41034
cust_015068,sorocaba,SP,33864
cust_015069,campinas,SP,72051
cust_015070,sorocaba,SP,6867
cust_015071,niteroi,RJ,41161
cust_015072,duque de caxias,RJ,19587
cust_015073,santos,SP,67929
cust_015074,campinas,SP,68032
cust_015075,campinas,SP,85289
cust_015076,santos,SP,96778
cust_015077,contagem,MG,22068
cust_015078,rio de janeiro,RJ,23649
cust_015079,sao paulo,SP,41363
cust_015080,campinas,SP,52234
cust_015081,contagem,MG,73049
cust_015082,joinville,SC,24810
cust_015083,duque de caxias,RJ,56895
cust_015084,uberlandia,MG,92406
cust_015085,campo grande,MS,7936
cust_015086,londrina,PR,90110
cust_015087,santos,SP,18598
cust_015088,brasilia,DF,39728
cust_015089,rio de janeiro,RJ,15905
cust_015090,niteroi,RJ,4669
cust_015091,caxias do sul,Unknown,28783
cust_015092,duque de caxias,RJ,61144
cust_015093,goiania,GO,38173
cust_015094,sao paulo,SP,63144
cust_015095,santos,SP,74164
cust_015096,sorocaba,SP,62155
cust_015097,caxias do sul,RS,67993
cust_015098,campinas,SP,30304
cust_015099,duque de caxias,Unknown,81291
cust_015100,recife,Unknown,3365
cust_015101,campinas,SP,84846
cust_015102,sorocaba,SP,4183
cust_015103,uberlandia,MG,63394
cust_015104,niteroi,Unknown,78112
cust_015105,sao paulo,SP,90241
cust_015106,sorocaba,SP,53578
cust_015107,santos,Unknown,81148
cust_015108,santos,SP,27846
cust_015109,joinville,SC,29702
cust_015110,sorocaba,SP,91537
cust_015111,rio de janeiro,RJ,55295
cust_015112,sorocaba,SP,88547
cust_015113,cuiaba,MT,51669
cust_015114,florianopolis,SC,81798
cust_015115,niteroi,RJ,18476
cust_015116,curitiba,PR,62559
cust_015117,sorocaba,SP,21616
cust_015118,santos,SP,61882
cust_015119,niteroi,RJ,33258
cust_015120,uberlandia,MG,53544
cust_015121,santos,SP,90950
cust_015122,campinas,SP,19136
cust_015123,porto alegre,RS,72894
cust_015124,recife,PE,73004
cust_015125,recife,PE,31987
cust_015126,uberlandia,MG,52552
cust_015127,belo horizonte,MG,90248
cust_015128,rio de janeiro,RJ,55054
cust_015129,sao paulo,SP,14783
cust_015130,curitiba,PR,69153
cust_015131,campinas,SP,12274
cust_015132,recife,PE,37828
cust_015133,campinas,SP,84008
cust_015134,santos,SP,70733
cust_015135,campinas,SP,67932
cust_015136,feira de santana,BA,25568
cust_015137,campinas,SP,2686
cust_015138,uberlandia,MG,86682
cust_015139,sao paulo,SP,24422
cust_015140,contagem,MG,98620
cust_015141,contagem,MG,32427
cust_015142,aracaju,SE,59591
cust_015143,sao paulo,SP,71293
cust_015144,sao paulo,SP,38778
cust_015145,santos,SP,79822
cust_015146,rio de janeiro,RJ,29544
cust_015147,feira de santana,BA,45289
cust_015148,sorocaba,SP,89378
cust_015149,campo grande,MS,31819
cust_015150,campinas,SP,33343
cust_015151,joinville,Unknown,9906
cust_015152,caxias do sul,RS,81590
cust_015153,fortaleza,CE,7543
cust_015154,duque de caxias,RJ,41448
cust_015155,porto alegre,RS,28918
cust_015156,santos,SP,88090
cust_015157,sorocaba,SP,47737
cust_015158,florianopolis,SC,43751
cust_015159,sorocaba,SP,53205
cust_015160,joinville,SC,58215
cust_015161,sorocaba,SP,22617
cust_015162,santos,SP,13142
cust_015163,belo horizonte,MG,18428
cust_015164,sorocaba,Unknown,97578
cust_015165,contagem,MG,5461
cust_015166,fortaleza,CE,56734
cust_015167,santos,SP,75021
cust_015168,campinas,SP,62315
cust_015169,santos,SP,81765
cust_015170,duque de caxias,RJ,13419
cust_015171,curitiba,PR,39708
cust_015172,belem,PA,69363
cust_015173,campinas,SP,6735
cust_015174,sao paulo,SP,43218
cust_015175,sorocaba,SP,79709
cust_015176,santos,SP,42892
cust_015177,duque de caxias,RJ,79251
cust_015178,recife,PE,47854
cust_015179,sorocaba,SP,11567
cust_015180,florianopolis,SC,54056
cust_015181,niteroi,RJ,41629
cust_015182,goiania,GO,80544
cust_015183,goiania,GO,84010
cust_015184,brasilia,DF,34850
cust_015185,sorocaba,SP,90788
cust_015186,sao paulo,SP,88191
cust_015187,sorocaba,SP,48918
cust_015188,campinas,SP,11969
cust_015189,uberlandia,MG,71402
cust_015190,campo grande,MS,53524
cust_015191,belo horizonte,MG,66257
cust_015192,campinas,SP,68128
cust_015193,sorocaba,SP,76701
cust_015194,contagem,MG,97067
cust_015195,sao paulo,SP,32912
cust_015196,santos,SP,40418
cust_015197,sao paulo,SP,18352
cust_015198,brasilia,Unknown,68168
cust_015199,sorocaba,SP,70999
cust_015200,vitoria,ES,78844
cust_015201,niteroi,RJ,16125
cust_015202,porto alegre,RS,83423
cust_015203,feira de santana,BA,60765
cust_015204,goiania,GO,91778
cust_015205,sao paulo,SP,1014
cust_015206,santos,SP,35241
cust_015207,campinas,SP,95174
cust_015208,niteroi,RJ,84403
cust_015209,sorocaba,SP,64751
cust_015210,contagem,MG,95733
cust_015211,sao paulo,SP,64141
cust_015212,campo grande,MS,47467
cust_015213,feira de santana,BA,27986
cust_015214,curitiba,PR,69431
cust_015215,porto alegre,RS,53296
cust_015216,campinas,SP,32975
cust_015217,sao paulo,SP,16455
cust_015218,duque de caxias,RJ,26374
cust_015219,fortaleza,CE,51573
cust_015220,campinas,SP,28518
cust_015221,santos,SP,59240
cust_015222,florianopolis,SC,6090
cust_015223,campinas,SP,35392
cust_015224,belem,PA,58263
cust_015225,vitoria,ES,73191
cust_015226,campinas,SP,86315
cust_015227,belo horizonte,MG,14253
cust_015228,sao paulo,SP,29423
cust_015229,rio de janeiro,RJ,64589
cust_015230,recife,PE,4140
cust_015231,sao paulo,SP,55162
cust_015232,vitoria,ES,29029
cust_015233,maceio,AL,52516
cust_015234,caxias do sul,RS,77429
cust_015235,sao paulo,SP,18048
cust_015236,campinas,SP,45314
cust_015237,duque de caxias,RJ,74429
cust_015238,santos,SP,76944
cust_015239,santos,SP,31057
cust_015240,campinas,SP,22485
cust_015241,belo horizonte,MG,42503
cust_015242,sao paulo,SP,64552
cust_015243,campinas,SP,71082
cust_015244,caxias do sul,RS,73368
cust_015245,sorocaba,SP,30375
cust_015246,sao paulo,SP,81109
cust_015247,sao paulo,SP,78899
cust_015248,campinas,SP,68721
cust_015249,sao paulo,SP,74209
cust_015250,sao paulo,SP,91166
cust_015251,niteroi,RJ,82445
cust_015252,sorocaba,SP,13475
cust_015253,sao paulo,SP,76516
cust_015254,curitiba,PR,55513
cust_015255,belo horizonte,Unknown,43425
cust_015256,santos,SP,45529
cust_015257,belem,PA,16878
cust_015258,joinville,SC,99927
cust_015259,contagem,MG,6075
cust_015260,duque de caxias,RJ,55385
cust_015261,santos,SP,92731
cust_015262,santos,SP,68839
cust_015263,rio de janeiro,RJ,95545
cust_015264,maceio,AL,91983
cust_015265,cuiaba,MT,3633
cust_015266,sorocaba,SP,15106
cust_015267,natal,RN,11898
cust_015268,londrina,PR,34589
cust_015269,porto alegre,RS,39752
cust_015270,fortaleza,CE,33007
cust_015271,campinas,SP,16234
cust_015272,sorocaba,SP,12574
cust_015273,goiania,GO,50928
cust_015274,santos,SP,56439
cust_015275,caxias do sul,RS,31093
cust_015276,salvador,BA,31348
cust_015277,recife,PE,49946
cust_015278,santos,SP,17351
cust_015279,porto alegre,RS,16580
cust_015280,sorocaba,SP,3167
cust_015281,brasilia,DF,36658
cust_015282,duque de caxias,RJ,3480
cust_015283,contagem,MG,36836
cust_015284,brasilia,DF,39685
cust_015285,duque de caxias,RJ,26595
cust_015286,rio de janeiro,RJ,61481
cust_015287,rio de janeiro,RJ,15513
cust_015288,belo horizonte,MG,22043
cust_015289,caxias do sul,RS,95267
cust_015290,joinville,SC,91101
cust_015291,sorocaba,SP,12437
cust_015292,santos,SP,21808
cust_015293,niteroi,RJ,58282
cust_015294,campinas,SP,27771
cust_015295,londrina,PR,17099
cust_015296,rio de janeiro,RJ,31111
cust_015297,santos,SP,98810
cust_015298,belo horizonte,MG,16617
cust_015299,campinas,SP,62325
cust_015300,curitiba,PR,99909
cust_015301,sao paulo,SP,82689
cust_015302,campinas,SP,71978
cust_015303,campinas,SP,31042
cust_015304,rio de janeiro,RJ,30738
cust_015305,londrina,PR,60441
cust_015306,belo horizonte,Unknown,97344
cust_015307,santos,SP,35562
cust_015308,contagem,MG,63841
cust_015309,rio de janeiro,RJ,97451
cust_015310,florianopolis,SC,77164
cust_015311,santos,SP,96011
cust_015312,caxias do sul,RS,35026
cust_015313,uberlandia,MG,68211
cust_015314,belo horizonte,MG,22455
cust_015315,sao paulo,SP,5292
cust_015316,campinas,SP,45530
cust_015317,sorocaba,SP,79480
cust_015318,brasilia,DF,42254
cust_015319,contagem,MG,27932
cust_015320,belo horizonte,MG,98469
cust_015321,duque de caxias,RJ,40898
cust_015322,santos,SP,15366
cust_015323,santos,SP,19054
cust_015324,belo horizonte,MG,14381
cust_015325,sorocaba,SP,97181
cust_015326,belem,PA,62496
cust_015327,sao paulo,SP,2471
cust_015328,porto alegre,RS,56629
cust_015329,santos,SP,42311
cust_015330,goiania,GO,55076
cust_015331,salvador,BA,85868
cust_015332,sorocaba,SP,41790
cust_015333,duque de caxias,RJ,30783
cust_015334,campo grande,MS,36750
cust_015335,uberlandia,MG,70792
cust_015336,santos,SP,9625
cust_015337,florianopolis,SC,62585
cust_015338,sao paulo,Unknown,79454
cust_015339,sao paulo,SP,99125
cust_015340,salvador,BA,45200
cust_015341,campo grande,MS,47174
cust_015342,campinas,SP,89829
cust_015343,sorocaba,SP,80445
cust_015344,sao paulo,SP,50064
cust_015345,recife,PE,38308
cust_015346,goiania,GO,90449
cust_015347,recife,PE,41669
cust_015348,sao paulo,SP,92475
cust_015349,campinas,SP,44084
cust_015350,niteroi,RJ,56361
cust_015351,campinas,SP,53332
cust_015352,sao paulo,SP,79946
cust_015353,sorocaba,SP,78267
cust_015354,porto alegre,RS,11288
cust_015355,porto alegre,RS,83739
cust_015356,florianopolis,SC,12605
cust_015357,sorocaba,SP,81732
cust_015358,curitiba,PR,70328
cust_015359,rio de janeiro,RJ,58936
cust_015360,santos,SP,6035
cust_015361,uberlandia,MG,85527
cust_015362,florianopolis,SC,71431
cust_015363,santos,SP,58473
cust_015364,feira de santana,BA,23834
cust_015365,uberlandia,MG,77472
cust_015366,uberlandia,MG,24241
cust_015367,goiania,GO,44055
cust_015368,porto alegre,RS,36663
cust_015369,uberlandia,MG,42412
cust_015370,sao paulo,SP,92519
cust_015371,niteroi,RJ,77326
cust_015372,feira de santana,BA,71351
cust_015373,maceio,AL,69139
cust_015374,curitiba,PR,75397
cust_015375,joinville,SC,73629
cust_015376,porto alegre,RS,78521
cust_015377,curitiba,PR,5863
cust_015378,campinas,SP,83329
cust_015379,niteroi,RJ,31749
cust_015380,uberlandia,MG,17863
cust_015381,rio de janeiro,RJ,20171
cust_015382,belo horizonte,MG,94242
cust_015383,sao luis,MA,82810
cust_015384,brasilia,DF,40303
cust_015385,feira de santana,BA,91289
cust_015386,feira de santana,BA,56610
cust_015387,joinville,SC,84356
cust_015388,porto alegre,RS,81215
cust_015389,santos,SP,25721
cust_015390,brasilia,DF,85404
cust_015391,sao paulo,SP,96785
cust_015392,londrina,PR,51104
cust_015393,sao paulo,SP,33041
cust_015394,niteroi,RJ,54926
cust_015395,sao paulo,SP,84458
cust_015396,caxias do sul,RS,41549
cust_015397,brasilia,DF,5693
cust_015398,sao paulo,SP,5902
cust_015399,sao paulo,SP,75973
cust_015400,belem,PA,65112
cust_015401,campinas,SP,22717
cust_015402,londrina,PR,68042
cust_015403,salvador,BA,31742
cust_015404,curitiba,PR,47825
cust_015405,santos,SP,21339
cust_015406,londrina,PR,5762
cust_015407,campo grande,MS,90426
cust_015408,sao paulo,SP,57018
cust_015409,porto alegre,RS,96313
cust_015410,sorocaba,SP,11204
cust_015411,aracaju,SE,40355
cust_015412,santos,SP,45948
cust_015413,santos,SP,4324
cust_015414,campinas,SP,80043
cust_015415,cuiaba,MT,98783
cust_015416,contagem,MG,23475
cust_015417,sorocaba,SP,87569
cust_015418,campinas,SP,91968
cust_015419,goiania,GO,42095
cust_015420,sorocaba,SP,71119
cust_015421,belo horizonte,MG,45067
cust_015422,contagem,MG,26490
cust_015423,florianopolis,SC,29131
cust_015424,porto alegre,RS,23745
cust_015425,salvador,Unknown,98701
cust_015426,campinas,SP,8388
cust_015427,niteroi,RJ,44670
cust_015428,sorocaba,SP,87513
cust_015429,sorocaba,SP,50890
cust_015430,belo horizonte,MG,7239
cust_015431,belo horizonte,MG,37788
cust_015432,belem,PA,63003
cust_015433,belem,PA,12800
cust_015434,sorocaba,SP,75393
cust_015435,porto alegre,RS,66518
cust_015436,porto alegre,RS,26255
cust_015437,cuiaba,MT,79857
cust_015438,santos,SP,38660
cust_015439,uberlandia,MG,39499
cust_015440,sao paulo,SP,30090
cust_015441,sao paulo,SP,38533
cust_015442,contagem,MG,80370
cust_015443,campinas,SP,2797
cust_015444,santos,SP,99545
cust_015445,joinville,SC,76482
cust_015446,sorocaba,SP,97088
cust_015447,santos,SP,66516
cust_015448,belo horizonte,MG,7880
cust_015449,belo horizonte,MG,75620
cust_015450,porto alegre,RS,68103
cust_015451,maceio,AL,47294
cust_015452,sao paulo,SP,58911
cust_015453,santos,SP,34357
cust_015454,campinas,SP,93072
cust_015455,rio de janeiro,RJ,89052
cust_015456,santos,SP,58215
cust_015457,fortaleza,CE,95670
cust_015458,duque de caxias,RJ,46287
cust_015459,niteroi,RJ,21364
cust_015460,brasilia,DF,45443
cust_015461,florianopolis,SC,91940
cust_015462,caxias do sul,RS,85507
cust_015463,niteroi,RJ,3120
cust_015464,sao paulo,SP,67537
cust_015465,belo horizonte,MG,80618
cust_015466,campinas,SP,8331
cust_015467,niteroi,RJ,56923
cust_015468,brasilia,DF,93417
cust_015469,niteroi,RJ,37842
cust_015470,campinas,SP,68194
cust_015471,sorocaba,SP,38943
cust_015472,brasilia,DF,16349
cust_015473,campinas,SP,40481
cust_015474,niteroi,RJ,47464
cust_015475,florianopolis,SC,43256
cust_015476,campinas,SP,25815
cust_015477,londrina,PR,94641
cust_015478,sorocaba,Unknown,59545
cust_015479,londrina,PR,64288
cust_015480,sao paulo,SP,56067
cust_015481,sao paulo,SP,35515
cust_015482,sorocaba,SP,97055
cust_015483,recife,PE,42187
cust_015484,rio de janeiro,RJ,6461
cust_015485,brasilia,DF,45344
cust_015486,belo horizonte,Unknown,45580
cust_015487,feira de santana,BA,39493
cust_015488,duque de caxias,RJ,19105
cust_015489,duque de caxias,RJ,48439
cust_015490,belo horizonte,MG,3179
cust_015491,campinas,SP,35663
cust_015492,belem,PA,78037
cust_015493,fortaleza,CE,71360
cust_015494,campinas,SP,76006
cust_015495,fortaleza,CE,15950
cust_015496,campinas,SP,93485
cust_015497,caxias do sul,RS,19645
cust_015498,feira de santana,BA,59241
cust_015499,campinas,SP,96860
cust_015500,santos,SP,26323
cust_015501,curitiba,Unknown,10292
cust_015502,niteroi,RJ,36935
cust_015503,rio de janeiro,RJ,2344
cust_015504,curitiba,PR,60851
cust_015505,sorocaba,SP,77968
cust_015506,santos,SP,63249
cust_015507,cuiaba,MT,25415
cust_015508,caxias do sul,RS,5216
cust_015509,belo horizonte,MG,32500
cust_015510,sao paulo,SP,91159
cust_015511,maceio,AL,37136
cust_015512,santos,SP,92678
cust_015513,santos,SP,96954
cust_015514,santos,SP,80051
cust_015515,londrina,PR,24281
cust_015516,campinas,SP,25730
cust_015517,santos,SP,14329
cust_015518,rio de janeiro,RJ,35459
cust_015519,belo horizonte,MG,48791
cust_015520,sao paulo,SP,70539
cust_015521,uberlandia,MG,6896
cust_015522,santos,SP,31267
cust_015523,sorocaba,SP,35781
cust_015524,sorocaba,SP,39386
cust_015525,sao luis,MA,58662
cust_015526,porto alegre,RS,67155
cust_015527,sorocaba,Unknown,94418
cust_015528,sorocaba,SP,4367
cust_015529,sorocaba,SP,17549
cust_015530,rio de janeiro,RJ,14646
cust_015531,caxias do sul,RS,29057
cust_015532,campinas,SP,4563
cust_015533,belem,PA,39149
cust_015534,sorocaba,SP,27303
cust_015535,sao paulo,SP,53176
cust_015536,campinas,SP,48627
cust_015537,campinas,SP,66324
cust_015538,brasilia,DF,84564
cust_015539,duque de caxias,RJ,11404
cust_015540,joinville,SC,18712
cust_015541,campinas,SP,72277
cust_015542,sorocaba,SP,36329
cust_015543,santos,SP,90500
cust_015544,niteroi,RJ,1933
cust_015545,sao paulo,Unknown,11320
cust_015546,campinas,SP,46880
cust_015547,maceio,AL,50579
cust_015548,porto alegre,Unknown,3507
cust_015549,campinas,SP,49751
cust_015550,florianopolis,SC,32907
cust_015551,sorocaba,SP,64034
cust_015552,florianopolis,SC,83252
cust_015553,cuiaba,MT,58520
cust_015554,santos,SP,93667
cust_015555,campo grande,MS,56343
cust_015556,santos,SP,37356
cust_015557,sao paulo,SP,11504
cust_015558,contagem,MG,29019
cust_015559,porto alegre,RS,35893
cust_015560,sorocaba,SP,76094
cust_015561,santos,SP,47120
cust_015562,campinas,SP,70098
cust_015563,campinas,SP,15033
cust_015564,santos,SP,38431
cust_015565,campinas,SP,79284
cust_015566,sao luis,MA,90629
cust_015567,joinville,SC,37369
cust_015568,natal,RN,45914
cust_015569,campinas,SP,28176
cust_015570,campinas,SP,93651
cust_015571,rio de janeiro,RJ,11095
cust_015572,contagem,MG,88498
cust_015573,contagem,MG,67818
cust_015574,sao paulo,SP,94892
cust_015575,brasilia,DF,15818
cust_015576,rio de janeiro,Unknown,11771
cust_015577,sorocaba,SP,19175
cust_015578,niteroi,RJ,27438
cust_015579,sao paulo,SP,23393
cust_015580,sao paulo,SP,37737
cust_015581,aracaju,SE,28140
cust_015582,duque de caxias,RJ,74597
cust_015583,campinas,SP,28154
cust_015584,santos,SP,30074
cust_015585,campinas,SP,85040
cust_015586,belem,PA,21494
cust_015587,florianopolis,SC,35525
cust_015588,niteroi,RJ,35030
cust_015589,cuiaba,MT,46418
cust_015590,sao paulo,SP,31783
cust_015591,goiania,GO,58569
cust_015592,rio de janeiro,RJ,81646
cust_015593,brasilia,DF,47167
cust_015594,recife,PE,98990
cust_015595,rio de janeiro,RJ,64360
cust_015596,campinas,SP,31082
cust_015597,sao paulo,SP,27309
cust_015598,campinas,SP,6130
cust_015599,sorocaba,SP,1691
cust_015600,sao paulo,SP,72449
cust_015601,niteroi,RJ,75727
cust_015602,santos,SP,48573
cust_015603,fortaleza,CE,15886
cust_015604,sao paulo,SP,43943
cust_015605,campinas,SP,56634
cust_015606,campinas,SP,35768
cust_015607,joao pessoa,PB,50262
cust_015608,campinas,SP,47567
cust_015609,campinas,SP,13143
cust_015610,campinas,SP,14477
cust_015611,santos,SP,5791
cust_015612,sao luis,MA,61603
cust_015613,niteroi,RJ,88490
cust_015614,campinas,SP,93051
cust_015615,campinas,SP,65241
cust_015616,sorocaba,SP,91998
cust_015617,duque de caxias,RJ,38249
cust_015618,duque de caxias,Unknown,74073
cust_015619,londrina,PR,51541
cust_015620,sao paulo,SP,39551
cust_015621,santos,SP,68946
cust_015622,belo horizonte,MG,92199
cust_015623,londrina,PR,47315
cust_015624,niteroi,RJ,66315
cust_015625,joinville,SC,22981
cust_015626,brasilia,DF,50869
cust_015627,fortaleza,CE,66553
cust_015628,sorocaba,SP,29123
cust_015629,fortaleza,CE,79086
cust_015630,porto alegre,RS,75768
cust_015631,belo horizonte,MG,85425
cust_015632,rio de janeiro,RJ,79937
cust_015633,campinas,SP,61779
cust_015634,uberlandia,Unknown,56337
cust_015635,joinville,SC,94761
cust_015636,joao pessoa,PB,29320
cust_015637,niteroi,RJ,6626
cust_015638,joao pessoa,PB,39521
cust_015639,campinas,SP,42694
cust_015640,cuiaba,MT,62715
cust_015641,contagem,MG,14765
cust_015642,belo horizonte,MG,23076
cust_015643,belo horizonte,MG,91552
cust_015644,natal,RN,47623
cust_015645,campinas,SP,45763
cust_015646,santos,SP,5175
cust_015647,goiania,GO,3963
cust_015648,sao paulo,SP,80716
cust_015649,belo horizonte,MG,63892
cust_015650,niteroi,RJ,38789
cust_015651,salvador,BA,40148
cust_015652,fortaleza,CE,45074
cust_015653,sorocaba,SP,80571
cust_015654,porto alegre,RS,88647
cust_015655,duque de caxias,RJ,43867
cust_015656,belo horizonte,MG,40229
cust_015657,campinas,SP,41464
cust_015658,campinas,SP,48040
cust_015659,rio de janeiro,RJ,30765
cust_015660,campinas,SP,30247
cust_015661,porto alegre,RS,46419
cust_015662,sao paulo,Unknown,80897
cust_015663,belem,PA,29265
cust_015664,brasilia,DF,44186
cust_015665,belo horizonte,MG,26789
cust_015666,recife,PE,48708
cust_015667,joao pessoa,PB,12150
cust_015668,florianopolis,SC,49743
cust_015669,uberlandia,MG,70498
cust_015670,rio de janeiro,RJ,67972
cust_015671,salvador,BA,63211
cust_015672,caxias do sul,RS,54598
cust_015673,rio de janeiro,RJ,60790
cust_015674,rio de janeiro,RJ,44041
cust_015675,sao paulo,SP,94171
cust_015676,joinville,SC,65824
cust_015677,goiania,GO,30404
cust_015678,sao paulo,SP,64111
cust_015679,sorocaba,SP,33180
cust_015680,maceio,AL,71336
cust_015681,santos,SP,36583
cust_015682,curitiba,PR,47491
cust_015683,duque de caxias,RJ,58005
cust_015684,duque de caxias,RJ,98077
cust_015685,santos,SP,54699
cust_015686,sao paulo,SP,57968
cust_015687,belo horizonte,MG,91399
cust_015688,santos,SP,79999
cust_015689,florianopolis,SC,4290
cust_015690,sao luis,MA,47115
cust_015691,feira de santana,BA,70521
cust_015692,santos,SP,34362
cust_015693,rio de janeiro,RJ,24981
cust_015694,sorocaba,Unknown,52912
cust_015695,caxias do sul,RS,18159
cust_015696,duque de caxias,RJ,58146
cust_015697,brasilia,DF,67048
cust_015698,contagem,MG,31558
cust_015699,sao paulo,SP,64474
cust_015700,santos,SP,75674
cust_015701,caxias do sul,RS,28907
cust_015702,brasilia,DF,43345
cust_015703,sao paulo,SP,59356
cust_015704,porto alegre,RS,66395
cust_015705,santos,SP,61779
cust_015706,fortaleza,CE,29520
cust_015707,uberlandia,MG,14008
cust_015708,londrina,PR,48942
cust_015709,sorocaba,SP,30701
cust_015710,vitoria,ES,35893
cust_015711,londrina,PR,80018
cust_015712,sorocaba,SP,42470
cust_015713,rio de janeiro,RJ,91270
cust_015714,campinas,SP,67917
cust_015715,feira de santana,BA,17518
cust_015716,joinville,SC,16490
cust_015717,niteroi,RJ,66674
cust_015718,campinas,SP,25298
cust_015719,brasilia,DF,93580
cust_015720,brasilia,DF,36617
cust_015721,duque de caxias,RJ,4195
cust_015722,porto alegre,RS,28040
cust_015723,sao paulo,SP,84848
cust_015724,sorocaba,SP,18273
cust_015725,vitoria,ES,46024
cust_015726,londrina,PR,81879
cust_015727,sorocaba,SP,87030
cust_015728,niteroi,RJ,17074
cust_015729,campinas,SP,79116
cust_015730,campinas,SP,64530
cust_015731,maceio,AL,20641
cust_015732,sorocaba,SP,45674
cust_015733,sao paulo,SP,13451
cust_015734,brasilia,DF,17182
cust_015735,sao paulo,SP,89248
cust_015736,campinas,SP,30352
cust_015737,uberlandia,MG,35449
cust_015738,campinas,SP,11834
cust_015739,sorocaba,SP,36163
cust_015740,niteroi,RJ,10488
cust_015741,cuiaba,MT,79592
cust_015742,goiania,GO,36531
cust_015743,sorocaba,SP,97750
cust_015744,belo horizonte,MG,75757
cust_015745,uberlandia,MG,83090
cust_015746,campinas,SP,40370
cust_015747,campinas,SP,94800
cust_015748,belo horizonte,MG,57322
cust_015749,santos,SP,14232
cust_015750,fortaleza,CE,13684
cust_015751,campinas,SP,92674
cust_015752,sorocaba,SP,88256
cust_015753,recife,PE,61754
cust_015754,recife,PE,33708
cust_015755,santos,SP,68111
cust_015756,curitiba,PR,19741
cust_015757,brasilia,DF,86299
cust_015758,santos,SP,36005
cust_015759,belo horizonte,MG,40106
cust_015760,londrina,PR,96990
cust_015761,campinas,SP,86163
cust_015762,vitoria,ES,63369
cust_015763,campo grande,MS,10418
cust_015764,rio de janeiro,RJ,12980
cust_015765,santos,SP,53440
cust_015766,belem,PA,17031
cust_015767,niteroi,RJ,26751
cust_015768,sao paulo,SP,76507
cust_015769,curitiba,PR,31861
cust_015770,caxias do sul,RS,84691
cust_015771,campinas,SP,70358
cust_015772,campinas,SP,9161
cust_015773,goiania,GO,4598
cust_015774,sao luis,MA,30084
cust_015775,santos,SP,7490
cust_015776,sorocaba,SP,5677
cust_015777,sorocaba,SP,50166
cust_015778,rio de janeiro,RJ,13303
cust_015779,campinas,SP,98887
cust_015780,contagem,MG,14642
cust_015781,sao paulo,SP,90854
cust_015782,feira de santana,BA,44281
cust_015783,brasilia,DF,56712
cust_015784,florianopolis,SC,2253
cust_015785,campinas,SP,79983
cust_015786,contagem,MG,71612
cust_015787,sao paulo,SP,51787
cust_015788,sao paulo,SP,40925
cust_015789,caxias do sul,RS,52680
cust_015790,brasilia,DF,40726
cust_015791,feira de santana,BA,86568
cust_015792,campinas,SP,96231
cust_015793,belo horizonte,Unknown,45807
cust_015794,santos,SP,33779
cust_015795,contagem,MG,76682
cust_015796,sao paulo,SP,5084
cust_015797,florianopolis,SC,55160
cust_015798,vitoria,ES,41080
cust_015799,campinas,SP,57932
cust_015800,goiania,GO,47237
cust_015801,curitiba,PR,75425
cust_015802,uberlandia,MG,47581
cust_015803,duque de caxias,RJ,23765
cust_015804,santos,SP,46909
cust_015805,santos,SP,80142
cust_015806,sorocaba,SP,34093
cust_015807,caxias do sul,RS,45365
cust_015808,santos,SP,55073
cust_015809,rio de janeiro,RJ,53660
cust_015810,recife,PE,87197
cust_015811,porto alegre,RS,97321
cust_015812,sorocaba,SP,36470
cust_015813,londrina,PR,65641
cust_015814,sorocaba,SP,53965
cust_015815,florianopolis,SC,69020
cust_015816,sao paulo,SP,84906
cust_015817,sao paulo,SP,84920
cust_015818,vitoria,ES,40460
cust_015819,sao paulo,SP,96334
cust_015820,campinas,SP,14494
cust_015821,sorocaba,SP,70766
cust_015822,sao paulo,SP,43813
cust_015823,feira de santana,BA,44855
cust_015824,sao paulo,SP,50953
cust_015825,sao paulo,SP,67741
cust_015826,goiania,GO,86989
cust_015827,sao paulo,SP,28923
cust_015828,sorocaba,SP,85445
cust_015829,sao paulo,SP,86295
cust_015830,recife,PE,77080
cust_015831,rio de janeiro,RJ,70673
cust_015832,contagem,MG,38884
cust_015833,uberlandia,MG,26454
cust_015834,niteroi,RJ,28416
cust_015835,londrina,PR,40320
cust_015836,fortaleza,CE,44702
cust_015837,contagem,MG,22305
cust_015838,brasilia,DF,32638
cust_015839,santos,SP,24591
cust_015840,duque de caxias,RJ,98011
cust_015841,uberlandia,MG,51711
cust_015842,sorocaba,SP,9356
cust_015843,santos,SP,49065
cust_015844,sao paulo,Unknown,51073
cust_015845,santos,SP,44796
cust_015846,salvador,BA,39028
cust_015847,sao paulo,SP,53960
cust_015848,uberlandia,MG,77467
cust_015849,sao paulo,SP,74176
cust_015850,uberlandia,MG,60041
cust_015851,sorocaba,SP,73396
cust_015852,sao paulo,SP,6957
cust_015853,duque de caxias,RJ,6133
cust_015854,sao paulo,SP,67655
cust_015855,santos,SP,40780
cust_015856,uberlandia,MG,49769
cust_015857,vitoria,ES,81452
cust_015858,contagem,MG,62003
cust_015859,duque de caxias,RJ,56996
cust_015860,belo horizonte,MG,10062
cust_015861,niteroi,RJ,95828
cust_015862,uberlandia,MG,51466
cust_015863,belo horizonte,MG,37494
cust_015864,duque de caxias,RJ,53306
cust_015865,joinville,SC,95968
cust_015866,santos,SP,15478
cust_015867,santos,SP,12746
cust_015868,uberlandia,MG,61849
cust_015869,joinville,SC,82740
cust_015870,joinville,SC,90983
cust_015871,sorocaba,SP,84683
cust_015872,uberlandia,MG,3514
cust_015873,aracaju,SE,57905
cust_015874,santos,SP,26035
cust_015875,duque de caxias,RJ,14728
cust_015876,campinas,SP,33579
cust_015877,joinville,SC,95646
cust_015878,campinas,SP,54879
cust_015879,curitiba,PR,21083
cust_015880,sao paulo,SP,74268
cust_015881,campinas,SP,99756
cust_015882,campinas,SP,66437
cust_015883,campinas,SP,43313
cust_015884,brasilia,DF,46719
cust_015885,sorocaba,SP,33847
cust_015886,sorocaba,SP,96036
cust_015887,brasilia,DF,28126
cust_015888,santos,SP,34842
cust_015889,contagem,MG,10578
cust_015890,santos,SP,78619
cust_015891,fortaleza,Unknown,42379
cust_015892,niteroi,RJ,82783
cust_015893,sao paulo,SP,15511
cust_015894,belo horizonte,MG,10993
cust_015895,santos,SP,43889
cust_015896,sao paulo,SP,5337
cust_015897,sao paulo,SP,68348
cust_015898,niteroi,RJ,98646
cust_015899,uberlandia,MG,95508
cust_015900,campinas,SP,36487
cust_015901,londrina,PR,25345
cust_015902,sorocaba,SP,67166
cust_015903,porto alegre,RS,14976
cust_015904,campinas,SP,3896
cust_015905,rio de janeiro,RJ,47962
cust_015906,belo horizonte,Unknown,76619
cust_015907,belo horizonte,MG,84490
cust_015908,florianopolis,SC,35862
cust_015909,rio de janeiro,RJ,8395
cust_015910,goiania,GO,58548
cust_015911,cuiaba,MT,78999
cust_015912,sao luis,MA,5753
cust_015913,sorocaba,SP,42704
cust_015914,campinas,SP,11681
cust_015915,porto alegre,RS,49500
cust_015916,santos,Unknown,82486
cust_015917,londrina,PR,55839
cust_015918,campinas,SP,55861
cust_015919,florianopolis,Unknown,17889
cust_015920,sao paulo,SP,77920
cust_015921,goiania,GO,80777
cust_015922,belo horizonte,MG,16967
cust_015923,campinas,SP,71735
cust_015924,niteroi,RJ,33449
cust_015925,rio de janeiro,RJ,97228
cust_015926,goiania,GO,85262
cust_015927,duque de caxias,RJ,79407
cust_015928,duque de caxias,RJ,59009
cust_015929,campinas,SP,38773
cust_015930,londrina,PR,67237
cust_015931,campinas,SP,60807
cust_015932,sao luis,MA,21438
cust_015933,contagem,MG,54117
cust_015934,brasilia,DF,56025
cust_015935,joinville,SC,92763
cust_015936,santos,SP,73667
cust_015937,campinas,SP,84807
cust_015938,santos,SP,18102
cust_015939,sao paulo,SP,63222
cust_015940,campinas,SP,30638
cust_015941,feira de santana,BA,24333
cust_015942,niteroi,RJ,1880
cust_015943,uberlandia,MG,56705
cust_015944,niteroi,RJ,96327
cust_015945,campinas,SP,62867
cust_015946,niteroi,RJ,89684
cust_015947,sao paulo,SP,67624
cust_015948,recife,PE,10127
cust_015949,caxias do sul,RS,72808
cust_015950,sao paulo,SP,83393
cust_015951,caxias do sul,RS,80364
cust_015952,niteroi,RJ,55055
cust_015953,campinas,SP,52659
cust_015954,sorocaba,SP,96486
cust_015955,sorocaba,SP,99319
cust_015956,salvador,BA,51438
cust_015957,feira de santana,BA,75758
cust_015958,uberlandia,Unknown,21469
cust_015959,campinas,SP,65746
cust_015960,campinas,SP,85767
cust_015961,santos,SP,90973
cust_015962,sao paulo,Unknown,93866
cust_015963,contagem,MG,17414
cust_015964,sao paulo,SP,53535
cust_015965,sorocaba,SP,56807
cust_015966,uberlandia,MG,41362
cust_015967,santos,SP,1419
cust_015968,porto alegre,RS,77733
cust_015969,florianopolis,SC,76560
cust_015970,contagem,MG,9331
cust_015971,joao pessoa,PB,37120
cust_015972,uberlandia,MG,84426
cust_015973,florianopolis,SC,28358
cust_015974,belo horizonte,MG,86219
cust_015975,joinville,SC,4110
cust_015976,santos,SP,30286
cust_015977,niteroi,RJ,87682
cust_015978,sorocaba,SP,2117
cust_015979,uberlandia,Unknown,54166
cust_015980,sorocaba,SP,1971
cust_015981,joao pessoa,Unknown,17517
cust_015982,uberlandia,MG,97826
cust_015983,campinas,SP,46931
cust_015984,niteroi,RJ,78261
cust_015985,florianopolis,SC,87246
cust_015986,joinville,SC,36512
cust_015987,uberlandia,MG,67154
cust_015988,campinas,SP,89051
cust_015989,goiania,GO,43930
cust_015990,fortaleza,CE,89333
cust_015991,goiania,Unknown,8838
cust_015992,porto alegre,RS,90912
cust_015993,campinas,SP,40543
cust_015994,cuiaba,MT,50673
cust_015995,sorocaba,SP,21405
cust_015996,campinas,SP,82223
cust_015997,belo horizonte,MG,28098
cust_015998,duque de caxias,RJ,4725
cust_015999,londrina,PR,11359
cust_016000,uberlandia,MG,16838
cust_016001,campinas,SP,62046
cust_016002,uberlandia,MG,63613
cust_016003,brasilia,DF,19509
cust_016004,brasilia,DF,11297
cust_016005,santos,SP,23875
cust_016006,sao paulo,SP,5289
cust_016007,sorocaba,SP,33290
cust_016008,curitiba,PR,11729
cust_016009,uberlandia,MG,21493
cust_016010,rio de janeiro,RJ,45987
cust_016011,santos,SP,30795
cust_016012,florianopolis,SC,49342
cust_016013,florianopolis,SC,22544
cust_016014,duque de caxias,RJ,92673
cust_016015,sao paulo,SP,7231
cust_016016,duque de caxias,RJ,42756
cust_016017,recife,PE,18714
cust_016018,uberlandia,MG,51923
cust_016019,curitiba,PR,48083
cust_016020,campinas,SP,81804
cust_016021,sao paulo,SP,72141
cust_016022,santos,SP,81655
cust_016023,sorocaba,SP,43559
cust_016024,campinas,SP,33330
cust_016025,duque de caxias,RJ,65344
cust_016026,sao paulo,SP,72731
cust_016027,feira de santana,BA,18776
cust_016028,sorocaba,SP,88699
cust_016029,sao paulo,SP,48940
cust_016030,sorocaba,SP,82515
cust_016031,sao paulo,SP,7571
cust_016032,caxias do sul,RS,33506
cust_016033,contagem,MG,38039
cust_016034,belo horizonte,MG,74258
cust_016035,brasilia,DF,25265
cust_016036,sorocaba,SP,74038
cust_016037,rio de janeiro,RJ,83300
cust_016038,sao paulo,SP,24960
cust_016039,campinas,SP,98255
cust_016040,sorocaba,SP,67303
cust_016041,caxias do sul,RS,51442
cust_016042,feira de santana,BA,9704
cust_016043,santos,SP,51459
cust_016044,sao paulo,SP,28140
cust_016045,recife,PE,42022
cust_016046,joinville,SC,3806
cust_016047,caxias do sul,RS,79293
cust_016048,sorocaba,SP,13961
cust_016049,sao paulo,SP,51979
cust_016050,curitiba,PR,11538
cust_016051,sao paulo,SP,32657
cust_016052,niteroi,RJ,94729
cust_016053,sorocaba,SP,18951
cust_016054,uberlandia,MG,17218
cust_016055,uberlandia,MG,92861
cust_016056,campinas,SP,8180
cust_016057,sorocaba,SP,96420
cust_016058,sorocaba,SP,75274
cust_016059,joinville,SC,38612
cust_016060,fortaleza,CE,65202
cust_016061,sao paulo,SP,59696
cust_016062,sorocaba,SP,63972
cust_016063,recife,PE,19679
cust_016064,brasilia,DF,89301
cust_016065,joinville,SC,47167
cust_016066,campinas,SP,66978
cust_016067,sao paulo,SP,71762
cust_016068,sao luis,MA,67158
cust_016069,duque de caxias,RJ,49535
cust_016070,santos,SP,46237
cust_016071,florianopolis,SC,57675
cust_016072,porto alegre,RS,57002
cust_016073,santos,SP,81690
cust_016074,cuiaba,MT,76828
cust_016075,uberlandia,MG,66301
cust_016076,sorocaba,SP,36551
cust_016077,santos,SP,49881
cust_016078,duque de caxias,RJ,4569
cust_016079,uberlandia,MG,28194
cust_016080,sorocaba,SP,43219
cust_016081,duque de caxias,RJ,60626
cust_016082,duque de caxias,RJ,38312
cust_016083,duque de caxias,RJ,6214
cust_016084,sao luis,MA,18994
cust_016085,campinas,SP,18464
cust_016086,goiania,GO,71168
cust_016087,sao paulo,SP,90729
cust_016088,santos,SP,80644
cust_016089,campinas,SP,50276
cust_016090,vitoria,ES,16697
cust_016091,sao paulo,SP,91295
cust_016092,campinas,SP,48639
cust_016093,sorocaba,SP,75907
cust_016094,belo horizonte,MG,33286
cust_016095,sao paulo,SP,33351
cust_016096,sao paulo,SP,57228
cust_016097,rio de janeiro,RJ,70468
cust_016098,recife,PE,10300
cust_016099,recife,PE,40917
cust_016100,maceio,AL,93477
cust_016101,sao paulo,Unknown,60531
cust_016102,campinas,SP,7301
cust_016103,sorocaba,SP,65218
cust_016104,goiania,GO,82429
cust_016105,curitiba,PR,85573
cust_016106,contagem,MG,20262
cust_016107,duque de caxias,RJ,18361
cust_016108,rio de janeiro,RJ,77317
cust_016109,niteroi,RJ,88885
cust_016110,sorocaba,SP,28926
cust_016111,duque de caxias,RJ,17351
cust_016112,sao paulo,SP,79187
cust_016113,santos,SP,76515
cust_016114,santos,SP,91651
cust_016115,sao luis,MA,70549
cust_016116,joao pessoa,PB,93629
cust_016117,curitiba,PR,82651
cust_016118,salvador,BA,86491
cust_016119,campinas,SP,77429
cust_016120,campinas,SP,43108
cust_016121,santos,SP,11730
cust_016122,campinas,SP,43444
cust_016123,curitiba,PR,27192
cust_016124,santos,SP,95295
cust_016125,cuiaba,MT,36302
cust_016126,belo horizonte,MG,89234
cust_016127,campinas,SP,36196
cust_016128,salvador,BA,49007
cust_016129,feira de santana,Unknown,69954
cust_016130,belo horizonte,MG,40394
cust_016131,sao paulo,SP,69760
cust_016132,sao paulo,SP,10326
cust_016133,niteroi,RJ,59513
cust_016134,londrina,PR,36786
cust_016135,sao paulo,SP,18223
cust_016136,goiania,GO,47632
cust_016137,campinas,SP,12837
cust_016138,aracaju,SE,83233
cust_016139,sao paulo,SP,90262
cust_016140,salvador,BA,33080
cust_016141,campinas,SP,34398
cust_016142,londrina,PR,30956
cust_016143,brasilia,DF,84514
cust_016144,sao paulo,SP,3615
cust_016145,santos,Unknown,14454
cust_016146,aracaju,SE,4920
cust_016147,sao luis,MA,62409
cust_016148,londrina,PR,80996
cust_016149,sorocaba,SP,67809
cust_016150,santos,SP,17251
cust_016151,campinas,SP,40439
cust_016152,londrina,PR,96672
cust_016153,sorocaba,SP,83137
cust_016154,sao paulo,SP,6956
cust_016155,fortaleza,CE,16020
cust_016156,porto alegre,RS,80821
cust_016157,porto alegre,RS,65769
cust_016158,vitoria,ES,12394
cust_016159,rio de janeiro,RJ,25530
cust_016160,santos,SP,63854
cust_016161,fortaleza,CE,79740
cust_016162,joao pessoa,PB,75920
cust_016163,sao paulo,SP,8987
cust_016164,sao paulo,SP,23385
cust_016165,santos,SP,55602
cust_016166,sao paulo,SP,56534
cust_016167,campinas,SP,97523
cust_016168,sao paulo,SP,78291
cust_016169,caxias do sul,RS,28784
cust_016170,sorocaba,SP,17906
cust_016171,recife,PE,5359
cust_016172,contagem,MG,52723
cust_016173,campinas,SP,15900
cust_016174,salvador,BA,53730
cust_016175,belo horizonte,MG,63421
cust_016176,curitiba,PR,77002
cust_016177,goiania,GO,53609
cust_016178,salvador,BA,36783
cust_016179,florianopolis,SC,85176
cust_016180,londrina,PR,64884
cust_016181,santos,SP,66830
cust_016182,belo horizonte,MG,95052
cust_016183,contagem,MG,95692
cust_016184,campo grande,MS,71182
cust_016185,rio de janeiro,RJ,16216
cust_016186,santos,SP,2775
cust_016187,duque de caxias,RJ,58519
cust_016188,campinas,SP,15936
cust_016189,duque de caxias,RJ,91436
cust_016190,contagem,MG,40415
cust_016191,cuiaba,MT,26265
cust_016192,santos,SP,41033
cust_016193,sao luis,MA,70728
cust_016194,joinville,Unknown,33729
cust_016195,sao paulo,SP,14117
cust_016196,sorocaba,SP,44868
cust_016197,fortaleza,CE,47751
cust_016198,florianopolis,SC,94393
cust_016199,campinas,SP,7763
cust_016200,contagem,MG,80644
cust_016201,sao paulo,SP,30056
cust_016202,contagem,MG,14748
cust_016203,campinas,Unknown,13827
cust_016204,campinas,SP,44982
cust_016205,sorocaba,SP,63831
cust_016206,rio de janeiro,RJ,68476
cust_016207,santos,SP,76276
cust_016208,curitiba,PR,17212
cust_016209,feira de santana,BA,61254
cust_016210,contagem,MG,6018
cust_016211,fortaleza,CE,43836
cust_016212,joinville,SC,95812
cust_016213,santos,SP,61436
cust_016214,sao paulo,SP,78679
cust_016215,uberlandia,MG,6312
cust_016216,londrina,PR,88635
cust_016217,sao luis,MA,38311
cust_016218,santos,SP,78355
cust_016219,sao paulo,SP,36766
cust_016220,feira de santana,BA,68221
cust_016221,recife,PE,54422
cust_016222,rio de janeiro,RJ,76742
cust_016223,niteroi,RJ,93717
cust_016224,brasilia,DF,53004
cust_016225,niteroi,RJ,4167
cust_016226,florianopolis,SC,26455
cust_016227,cuiaba,MT,34373
cust_016228,sao paulo,SP,10350
cust_016229,sorocaba,SP,49257
cust_016230,vitoria,ES,60152
cust_016231,duque de caxias,RJ,50777
cust_016232,sao paulo,SP,22718
cust_016233,rio de janeiro,RJ,37862
cust_016234,uberlandia,MG,82481
cust_016235,sorocaba,SP,14409
cust_016236,curitiba,PR,53972
cust_016237,santos,SP,79449
cust_016238,santos,SP,99540
cust_016239,sorocaba,SP,51923
cust_016240,niteroi,RJ,39151
cust_016241,brasilia,DF,63794
cust_016242,niteroi,RJ,42516
cust_016243,brasilia,DF,79758
cust_016244,sao paulo,SP,27679
cust_016245,santos,SP,31210
cust_016246,niteroi,RJ,29312
cust_016247,joinville,SC,78737
cust_016248,uberlandia,MG,48265
cust_016249,joinville,Unknown,73624
cust_016250,campinas,SP,7389
cust_016251,vitoria,ES,76857
cust_016252,salvador,BA,83506
cust_016253,fortaleza,CE,13730
cust_016254,sao paulo,SP,10765
cust_016255,campinas,SP,55821
cust_016256,belo horizonte,MG,90748
cust_016257,rio de janeiro,RJ,84195
cust_016258,joinville,SC,40505
cust_016259,santos,SP,93074
cust_016260,belo horizonte,MG,46524
cust_016261,santos,SP,66937
cust_016262,niteroi,RJ,96451
cust_016263,sorocaba,SP,18342
cust_016264,fortaleza,CE,74161
cust_016265,campinas,SP,42715
cust_016266,uberlandia,MG,28604
cust_016267,sorocaba,SP,42122
cust_016268,santos,SP,31253
cust_016269,niteroi,RJ,60673
cust_016270,sao paulo,SP,15831
cust_016271,duque de caxias,RJ,59692
cust_016272,sorocaba,SP,64241
cust_016273,londrina,PR,80222
cust_016274,goiania,GO,66425
cust_016275,londrina,PR,69623
cust_016276,santos,SP,89038
cust_016277,rio de janeiro,RJ,59594
cust_016278,sorocaba,SP,29129
cust_016279,campinas,SP,76147
cust_016280,feira de santana,BA,7663
cust_016281,santos,SP,39877
cust_016282,santos,SP,22778
cust_016283,salvador,BA,82090
cust_016284,santos,SP,96347
cust_016285,santos,SP,33988
cust_016286,cuiaba,MT,98831
cust_016287,campinas,SP,95975
cust_016288,joinville,SC,35986
cust_016289,santos,SP,21851
cust_016290,campo grande,MS,49500
cust_016291,joinville,SC,86700
cust_016292,santos,SP,84781
cust_016293,natal,RN,73669
cust_016294,sorocaba,SP,48296
cust_016295,brasilia,DF,43191
cust_016296,caxias do sul,RS,95937
cust_016297,sorocaba,SP,55914
cust_016298,duque de caxias,Unknown,83924
cust_016299,santos,SP,83047
cust_016300,uberlandia,MG,74402
cust_016301,belo horizonte,MG,88138
cust_016302,santos,SP,63224
cust_016303,feira de santana,BA,44795
cust_016304,belem,PA,21432
cust_016305,rio de janeiro,RJ,6872
cust_016306,porto alegre,RS,19103
cust_016307,sorocaba,SP,97639
cust_016308,aracaju,SE,86789
cust_016309,brasilia,DF,47951
cust_016310,cuiaba,MT,24845
cust_016311,florianopolis,SC,11343
cust_016312,santos,SP,25112
cust_016313,sorocaba,SP,24562
cust_016314,duque de caxias,RJ,84759
cust_016315,sao paulo,SP,72658
cust_016316,niteroi,RJ,5586
cust_016317,sorocaba,SP,1810
cust_016318,londrina,PR,72059
cust_016319,belo horizonte,MG,14320
cust_016320,sao paulo,SP,61972
cust_016321,londrina,PR,45309
cust_016322,santos,SP,4755
cust_016323,sao paulo,SP,65866
cust_016324,campinas,SP,18939
cust_016325,campinas,Unknown,23495
cust_016326,santos,SP,30692
cust_016327,sao paulo,SP,93864
cust_016328,campinas,SP,23482
cust_016329,sorocaba,SP,26729
cust_016330,rio de janeiro,RJ,17752
cust_016331,feira de santana,BA,89237
cust_016332,sorocaba,SP,85524
cust_016333,sorocaba,SP,95132
cust_016334,santos,SP,92565
cust_016335,campinas,SP,50710
cust_016336,campinas,SP,18333
cust_016337,niteroi,RJ,42626
cust_016338,londrina,PR,58250
cust_016339,londrina,PR,80169
cust_016340,fortaleza,CE,43886
cust_016341,fortaleza,CE,4882
cust_016342,sao paulo,SP,38258
cust_016343,sorocaba,SP,56072
cust_016344,rio de janeiro,RJ,95355
cust_016345,belo horizonte,MG,60831
cust_016346,uberlandia,MG,5533
cust_016347,niteroi,RJ,53251
cust_016348,natal,RN,97493
cust_016349,rio de janeiro,RJ,40155
cust_016350,vitoria,ES,32445
cust_016351,joao pessoa,PB,2062
cust_016352,rio de janeiro,RJ,57381
cust_016353,sorocaba,SP,28763
cust_016354,sao paulo,SP,93199
cust_016355,santos,SP,26121
cust_016356,recife,PE,64868
cust_016357,campo grande,MS,64286
cust_016358,sorocaba,SP,76941
cust_016359,santos,SP,39290
cust_016360,salvador,BA,10584
cust_016361,uberlandia,MG,18069
cust_016362,londrina,PR,57411
cust_016363,campinas,SP,29892
cust_016364,sorocaba,SP,31751
cust_016365,santos,SP,11978
cust_016366,sao paulo,SP,42525
cust_016367,santos,SP,57388
cust_016368,sao paulo,SP,24505
cust_016369,niteroi,RJ,74856
cust_016370,florianopolis,SC,61950
cust_016371,campinas,SP,38182
cust_016372,recife,PE,54054
cust_016373,sao paulo,SP,80011
cust_016374,belo horizonte,MG,13699
cust_016375,sorocaba,SP,31972
cust_016376,brasilia,DF,73206
cust_016377,sao paulo,SP,72323
cust_016378,campinas,SP,29154
cust_016379,campo grande,MS,61982
cust_016380,sao paulo,SP,59075
cust_016381,curitiba,PR,58676
cust_016382,londrina,PR,86965
cust_016383,santos,SP,24557
cust_016384,campinas,SP,40368
cust_016385,salvador,BA,43658
cust_016386,fortaleza,CE,64324
cust_016387,santos,SP,70055
cust_016388,brasilia,DF,86358
cust_016389,salvador,BA,15886
cust_016390,uberlandia,MG,62608
cust_016391,florianopolis,SC,17838
cust_016392,campinas,SP,98318
cust_016393,duque de caxias,RJ,1430
cust_016394,campo grande,MS,9050
cust_016395,joinville,SC,89789
cust_016396,campinas,SP,36911
cust_016397,belo horizonte,MG,35604
cust_016398,campinas,SP,70555
cust_016399,sorocaba,SP,14332
cust_016400,sorocaba,SP,49344
cust_016401,campinas,SP,33081
cust_016402,niteroi,RJ,26588
cust_016403,sorocaba,SP,20678
cust_016404,florianopolis,SC,34133
cust_016405,recife,PE,50385
cust_016406,rio de janeiro,RJ,72697
cust_016407,campinas,SP,20248
cust_016408,aracaju,SE,78855
cust_016409,campinas,SP,19221
cust_016410,niteroi,RJ,63836
cust_016411,campinas,SP,38566
cust_016412,vitoria,ES,88984
cust_016413,sao paulo,SP,69494
cust_016414,cuiaba,MT,52643
cust_016415,sao luis,MA,7293
cust_016416,vitoria,ES,82543
cust_016417,florianopolis,SC,99164
cust_016418,curitiba,PR,11620
cust_016419,cuiaba,MT,54505
cust_016420,campinas,SP,98582
cust_016421,salvador,Unknown,61772
cust_016422,campinas,SP,87582
cust_016423,sorocaba,SP,80327
cust_016424,sorocaba,SP,89451
cust_016425,maceio,AL,30472
cust_016426,santos,SP,88149
cust_016427,uberlandia,MG,17264
cust_016428,belo horizonte,MG,84384
cust_016429,porto alegre,RS,56929
cust_016430,santos,SP,9431
cust_016431,belo horizonte,MG,69755
cust_016432,belo horizonte,MG,91124
cust_016433,fortaleza,CE,87889
cust_016434,cuiaba,MT,17712
cust_016435,sorocaba,SP,84741
cust_016436,sao paulo,SP,86912
cust_016437,porto alegre,RS,96702
cust_016438,niteroi,RJ,56292
cust_016439,londrina,PR,91146
cust_016440,brasilia,DF,29006
cust_016441,campinas,Unknown,52303
cust_016442,goiania,GO,32168
cust_016443,sao paulo,SP,36623
cust_016444,sao luis,MA,27704
cust_016445,rio de janeiro,RJ,65966
cust_016446,brasilia,DF,72807
cust_016447,campinas,SP,81725
cust_016448,niteroi,RJ,73826
cust_016449,campinas,SP,13708
cust_016450,londrina,PR,43333
cust_016451,vitoria,ES,62518
cust_016452,brasilia,DF,43310
cust_016453,caxias do sul,RS,17717
cust_016454,sorocaba,SP,22118
cust_016455,natal,RN,54141
cust_016456,santos,SP,40417
cust_016457,contagem,MG,70800
cust_016458,sao paulo,SP,66605
cust_016459,feira de santana,Unknown,25936
cust_016460,santos,SP,62899
cust_016461,santos,SP,58324
cust_016462,sao paulo,SP,13852
cust_016463,belo horizonte,MG,83481
cust_016464,sorocaba,SP,73412
cust_016465,belem,PA,88572
cust_016466,florianopolis,SC,98985
cust_016467,cuiaba,MT,29197
cust_016468,campinas,SP,81279
cust_016469,contagem,MG,95887
cust_016470,duque de caxias,RJ,1784
cust_016471,fortaleza,CE,64684
cust_016472,campinas,SP,82388
cust_016473,sorocaba,SP,13182
cust_016474,santos,SP,3969
cust_016475,rio de janeiro,RJ,31642
cust_016476,recife,PE,14292
cust_016477,santos,SP,19963
cust_016478,contagem,MG,25009
cust_016479,sorocaba,SP,25203
cust_016480,sorocaba,Unknown,49714
cust_016481,cuiaba,MT,93223
cust_016482,florianopolis,SC,84616
cust_016483,cuiaba,MT,11836
cust_016484,sorocaba,SP,81589
cust_016485,curitiba,PR,75627
cust_016486,uberlandia,MG,37870
cust_016487,uberlandia,MG,41664
cust_016488,santos,SP,47921
cust_016489,santos,SP,89508
cust_016490,sao paulo,SP,17867
cust_016491,curitiba,PR,50621
cust_016492,joinville,SC,95236
cust_016493,belo horizonte,MG,67273
cust_016494,sao paulo,SP,28043
cust_016495,florianopolis,SC,82600
cust_016496,santos,SP,21291
cust_016497,recife,PE,24641
cust_016498,sorocaba,SP,98762
cust_016499,londrina,PR,77271
cust_016500,sao paulo,SP,21955
cust_016501,sorocaba,SP,78225
cust_016502,duque de caxias,Unknown,18984
cust_016503,duque de caxias,RJ,30984
cust_016504,sorocaba,SP,98303
cust_016505,duque de caxias,RJ,37058
cust_016506,sao paulo,SP,8580
cust_016507,belem,PA,99700
cust_016508,santos,SP,4282
cust_016509,duque de caxias,RJ,98026
cust_016510,uberlandia,MG,46133
cust_016511,joinville,SC,28177
cust_016512,sao paulo,SP,30368
cust_016513,caxias do sul,RS,13631
cust_016514,fortaleza,CE,87132
cust_016515,duque de caxias,RJ,96885
cust_016516,santos,SP,73761
cust_016517,campinas,SP,23086
cust_016518,vitoria,ES,54523
cust_016519,campinas,SP,70653
cust_016520,sorocaba,SP,1995
cust_016521,vitoria,ES,63645
cust_016522,brasilia,DF,27288
cust_016523,duque de caxias,RJ,73690
cust_016524,campinas,Unknown,89158
cust_016525,uberlandia,MG,36044
cust_016526,salvador,Unknown,25583
cust_016527,santos,SP,41093
cust_016528,campinas,SP,3741
cust_016529,fortaleza,CE,26307
cust_016530,londrina,PR,23871
cust_016531,duque de caxias,RJ,3492
cust_016532,fortaleza,CE,75902
cust_016533,belo horizonte,MG,47102
cust_016534,vitoria,ES,86111
cust_016535,sao paulo,SP,29720
cust_016536,niteroi,RJ,29240
cust_016537,caxias do sul,RS,43701
cust_016538,campinas,SP,23990
cust_016539,sao paulo,SP,76282
cust_016540,porto alegre,RS,83907
cust_016541,uberlandia,MG,68102
cust_016542,santos,SP,20426
cust_016543,niteroi,RJ,77893
cust_016544,caxias do sul,RS,36967
cust_016545,belo horizonte,MG,98380
cust_016546,duque de caxias,RJ,38680
cust_016547,santos,SP,60492
cust_016548,santos,SP,40204
cust_016549,feira de santana,BA,87966
cust_016550,feira de santana,BA,8426
cust_016551,contagem,MG,98112
cust_016552,uberlandia,MG,84536
cust_016553,santos,SP,4475
cust_016554,niteroi,RJ,22288
cust_016555,rio de janeiro,RJ,33641
cust_016556,duque de caxias,RJ,37325
cust_016557,santos,SP,59016
cust_016558,sorocaba,SP,64093
cust_016559,belem,PA,18113
cust_016560,contagem,MG,80557
cust_016561,brasilia,DF,1369
cust_016562,porto alegre,RS,59119
cust_016563,feira de santana,BA,75141
cust_016564,campinas,SP,36803
cust_016565,santos,SP,41992
cust_016566,contagem,MG,1523
cust_016567,niteroi,RJ,15047
cust_016568,campinas,SP,50013
cust_016569,contagem,MG,13010
cust_016570,sao paulo,SP,56661
cust_016571,sorocaba,SP,90927
cust_016572,joao pessoa,PB,36589
cust_016573,uberlandia,MG,71035
cust_016574,santos,SP,63320
cust_016575,sao paulo,SP,73789
cust_016576,fortaleza,CE,78995
cust_016577,vitoria,ES,70825
cust_016578,sao paulo,SP,4519
cust_016579,niteroi,RJ,80620
cust_016580,contagem,MG,81331
cust_016581,sao paulo,SP,40567
cust_016582,niteroi,Unknown,59456
cust_016583,sorocaba,SP,82405
cust_016584,santos,SP,33228
cust_016585,belo horizonte,MG,17773
cust_016586,campinas,SP,69692
cust_016587,niteroi,RJ,32996
cust_016588,sao paulo,SP,70680
cust_016589,niteroi,RJ,41077
cust_016590,belem,PA,76033
cust_016591,duque de caxias,RJ,18481
cust_016592,niteroi,RJ,41854
cust_016593,rio de janeiro,RJ,54829
cust_016594,brasilia,DF,58068
cust_016595,caxias do sul,RS,84150
cust_016596,campinas,SP,48162
cust_016597,santos,SP,99621
cust_016598,uberlandia,MG,37029
cust_016599,londrina,PR,83195
cust_016600,sao paulo,SP,13795
cust_016601,rio de janeiro,RJ,48028
cust_016602,uberlandia,MG,91983
cust_016603,campinas,SP,93436
cust_016604,porto alegre,RS,13612
cust_016605,sorocaba,SP,33983
cust_016606,belo horizonte,MG,65219
cust_016607,curitiba,PR,5884
cust_016608,cuiaba,MT,40593
cust_016609,contagem,MG,92302
cust_016610,sao paulo,SP,82319
cust_016611,londrina,PR,49393
cust_016612,joinville,SC,47664
cust_016613,sorocaba,SP,35910
cust_016614,sorocaba,SP,19459
cust_016615,campinas,SP,69452
cust_016616,porto alegre,RS,15916
cust_016617,duque de caxias,RJ,74814
cust_016618,santos,SP,39761
cust_016619,belo horizonte,Unknown,79767
cust_016620,joao pessoa,PB,53954
cust_016621,sao paulo,SP,96373
cust_016622,rio de janeiro,RJ,63311
cust_016623,vitoria,ES,92170
cust_016624,campo grande,MS,85034
cust_016625,sorocaba,SP,73452
cust_016626,campinas,SP,38056
cust_016627,sorocaba,SP,6952
cust_016628,sao paulo,SP,78338
cust_016629,niteroi,RJ,61382
cust_016630,contagem,MG,23255
cust_016631,londrina,Unknown,7204
cust_016632,uberlandia,MG,87946
cust_016633,recife,PE,55833
cust_016634,curitiba,PR,10634
cust_016635,niteroi,RJ,86776
cust_016636,campinas,SP,80575
cust_016637,joinville,SC,45923
cust_016638,porto alegre,RS,27538
cust_016639,sao paulo,SP,21687
cust_016640,santos,SP,66015
cust_016641,contagem,MG,25601
cust_016642,campinas,SP,54848
cust_016643,joinville,SC,2875
cust_016644,campinas,Unknown,58233
cust_016645,belo horizonte,MG,38415
cust_016646,sorocaba,SP,98061
cust_016647,niteroi,RJ,68052
cust_016648,florianopolis,SC,60248
cust_016649,sao paulo,SP,45111
cust_016650,sao paulo,SP,22301
cust_016651,santos,SP,73201
cust_016652,campinas,SP,41642
cust_016653,niteroi,RJ,16722
cust_016654,sao paulo,SP,10572
cust_016655,sorocaba,SP,57154
cust_016656,caxias do sul,RS,34207
cust_016657,goiania,GO,5632
cust_016658,sorocaba,SP,30002
cust_016659,goiania,Unknown,99667
cust_016660,natal,RN,64723
cust_016661,uberlandia,MG,12912
cust_016662,curitiba,PR,91470
cust_016663,rio de janeiro,RJ,98608
cust_016664,sao paulo,SP,28858
cust_016665,campo grande,MS,48404
cust_016666,vitoria,ES,84909
cust_016667,campinas,SP,49185
cust_016668,sorocaba,SP,87730
cust_016669,sorocaba,SP,55398
cust_016670,niteroi,RJ,63630
cust_016671,belem,PA,81594
cust_016672,santos,SP,70185
cust_016673,uberlandia,MG,4195
cust_016674,feira de santana,BA,80024
cust_016675,santos,SP,9035
cust_016676,uberlandia,MG,37844
cust_016677,niteroi,RJ,3059
cust_016678,santos,SP,98659
cust_016679,niteroi,RJ,62497
cust_016680,campinas,SP,38797
cust_016681,caxias do sul,RS,84745
cust_016682,campinas,SP,9401
cust_016683,joinville,SC,23949
cust_016684,uberlandia,MG,73551
cust_016685,vitoria,ES,92014
cust_016686,curitiba,PR,34163
cust_016687,curitiba,PR,68580
cust_016688,sao paulo,SP,3745
cust_016689,duque de caxias,RJ,24036
cust_016690,londrina,PR,18727
cust_016691,curitiba,PR,50387
cust_016692,caxias do sul,RS,37564
cust_016693,campinas,SP,10234
cust_016694,santos,SP,22063
cust_016695,santos,SP,9861
cust_016696,sao paulo,SP,14503
cust_016697,joinville,SC,66481
cust_016698,duque de caxias,RJ,17094
cust_016699,duque de caxias,RJ,6969
cust_016700,campinas,SP,63022
cust_016701,joinville,SC,74835
cust_016702,sorocaba,SP,13709
cust_016703,sao paulo,SP,37288
cust_016704,salvador,BA,78547
cust_016705,caxias do sul,RS,16011
cust_016706,campinas,SP,84331
cust_016707,sao paulo,SP,61436
cust_016708,sao paulo,SP,72624
cust_016709,contagem,MG,83537
cust_016710,campinas,SP,25267
cust_016711,belo horizonte,MG,24360
cust_016712,sorocaba,SP,58065
cust_016713,contagem,MG,78878
cust_016714,curitiba,PR,7043
cust_016715,brasilia,DF,61295
cust_016716,sao paulo,SP,94326
cust_016717,sorocaba,SP,62020
cust_016718,sorocaba,SP,1729
cust_016719,sorocaba,SP,17229
cust_016720,sao paulo,SP,22929
cust_016721,campinas,SP,38524
cust_016722,salvador,BA,9216
cust_016723,brasilia,DF,79459
cust_016724,caxias do sul,RS,99476
cust_016725,sao paulo,SP,38561
cust_016726,caxias do sul,RS,5029
cust_016727,belo horizonte,MG,65837
cust_016728,uberlandia,MG,1170
cust_016729,sao paulo,SP,35687
cust_016730,goiania,GO,10963
cust_016731,campinas,SP,63749
cust_016732,campinas,SP,88242
cust_016733,sorocaba,SP,38595
cust_016734,sorocaba,SP,40672
cust_016735,maceio,AL,52079
cust_016736,uberlandia,MG,94526
cust_016737,recife,PE,68176
cust_016738,cuiaba,MT,95988
cust_016739,belo horizonte,MG,31316
cust_016740,joinville,SC,72883
cust_016741,fortaleza,CE,94325
cust_016742,campinas,SP,17717
cust_016743,santos,SP,43357
cust_016744,sao paulo,SP,97135
cust_016745,uberlandia,MG,52511
cust_016746,curitiba,PR,44380
cust_016747,campinas,SP,62267
cust_016748,brasilia,DF,46986
cust_016749,contagem,MG,49702
cust_016750,sorocaba,SP,64045
cust_016751,caxias do sul,RS,19156
cust_016752,brasilia,DF,71894
cust_016753,sorocaba,SP,81661
cust_016754,sorocaba,SP,96285
cust_016755,porto alegre,RS,76059
cust_016756,rio de janeiro,RJ,97120
cust_016757,sao paulo,SP,52313
cust_016758,brasilia,DF,41946
cust_016759,sao paulo,SP,69892
cust_016760,sao paulo,SP,15069
cust_016761,goiania,GO,43407
cust_016762,contagem,MG,91642
cust_016763,rio de janeiro,RJ,2696
cust_016764,santos,SP,12777
cust_016765,campinas,SP,65925
cust_016766,santos,SP,55713
cust_016767,fortaleza,CE,76870
cust_016768,campinas,SP,17452
cust_016769,santos,SP,43470
cust_016770,curitiba,PR,36467
cust_016771,recife,PE,94914
cust_016772,caxias do sul,RS,53443
cust_016773,campinas,SP,13125
cust_016774,santos,SP,70794
cust_016775,campo grande,MS,61913
cust_016776,caxias do sul,RS,97545
cust_016777,salvador,BA,40830
cust_016778,rio de janeiro,RJ,91940
cust_016779,joinville,SC,32629
cust_016780,natal,RN,52523
cust_016781,santos,SP,33187
cust_016782,campinas,Unknown,31929
cust_016783,sao paulo,SP,58720
cust_016784,londrina,PR,54157
cust_016785,santos,SP,90284
cust_016786,sao paulo,SP,37299
cust_016787,contagem,MG,60876
cust_016788,londrina,PR,46488
cust_016789,campinas,SP,87137
cust_016790,vitoria,ES,91520
cust_016791,santos,SP,30204
cust_016792,duque de caxias,RJ,51910
cust_016793,uberlandia,MG,36995
cust_016794,belo horizonte,Unknown,5123
cust_016795,uberlandia,MG,87987
cust_016796,uberlandia,MG,68720
cust_016797,joinville,SC,94202
cust_016798,salvador,BA,28816
cust_016799,natal,RN,34316
cust_016800,vitoria,ES,22171
cust_016801,duque de caxias,RJ,35910
cust_016802,porto alegre,RS,76883
cust_016803,campinas,SP,84875
cust_016804,belo horizonte,MG,17389
cust_016805,sao paulo,SP,5277
cust_016806,santos,SP,61317
cust_016807,fortaleza,CE,15578
cust_016808,caxias do sul,RS,81897
cust_016809,campinas,SP,11209
cust_016810,rio de janeiro,RJ,30754
cust_016811,sorocaba,SP,33563
cust_016812,feira de santana,BA,47750
cust_016813,campinas,SP,85833
cust_016814,contagem,MG,58185
cust_016815,porto alegre,RS,29375
cust_016816,uberlandia,MG,64468
cust_016817,campinas,SP,51771
cust_016818,florianopolis,SC,97220
cust_016819,joinville,SC,95888
cust_016820,sao paulo,SP,88992
cust_016821,sorocaba,SP,17796
cust_016822,belo horizonte,MG,21693
cust_016823,sorocaba,SP,19350
cust_016824,campinas,SP,55031
cust_016825,niteroi,RJ,81548
cust_016826,duque de caxias,RJ,16626
cust_016827,feira de santana,BA,97167
cust_016828,cuiaba,MT,6941
cust_016829,porto alegre,RS,52469
cust_016830,campinas,SP,37442
cust_016831,santos,SP,91551
cust_016832,sorocaba,SP,32660
cust_016833,belo horizonte,MG,19387
cust_016834,uberlandia,MG,57475
cust_016835,natal,RN,6201
cust_016836,duque de caxias,RJ,64483
cust_016837,campinas,SP,15561
cust_016838,uberlandia,MG,39173
cust_016839,campinas,SP,58936
cust_016840,santos,SP,86856
cust_016841,santos,SP,69446
cust_016842,santos,SP,84332
cust_016843,campinas,SP,81222
cust_016844,niteroi,RJ,72393
cust_016845,salvador,BA,34017
cust_016846,recife,PE,35723
cust_016847,sorocaba,SP,87039
cust_016848,niteroi,RJ,24976
cust_016849,brasilia,DF,86445
cust_016850,joao pessoa,PB,12490
cust_016851,brasilia,DF,82943
cust_016852,rio de janeiro,RJ,25795
cust_016853,goiania,GO,72761
cust_016854,porto alegre,RS,95950
cust_016855,sorocaba,SP,91926
cust_016856,santos,SP,42348
cust_016857,vitoria,ES,15431
cust_016858,belem,PA,42154
cust_016859,niteroi,Unknown,60873
cust_016860,contagem,MG,47598
cust_016861,santos,SP,76712
cust_016862,caxias do sul,RS,65151
cust_016863,duque de caxias,RJ,4010
cust_016864,santos,SP,92079
cust_016865,rio de janeiro,RJ,27878
cust_016866,niteroi,RJ,12299
cust_016867,vitoria,ES,25054
cust_016868,recife,PE,82207
cust_016869,sorocaba,SP,79243
cust_016870,santos,SP,45444
cust_016871,sao paulo,SP,51678
cust_016872,sorocaba,SP,28197
cust_016873,duque de caxias,RJ,98469
cust_016874,duque de caxias,RJ,54841
cust_016875,sao paulo,SP,12812
cust_016876,joao pessoa,PB,54497
cust_016877,londrina,PR,7866
cust_016878,sorocaba,SP,14204
cust_016879,porto alegre,RS,22475
cust_016880,santos,SP,10602
cust_016881,contagem,MG,85857
cust_016882,duque de caxias,Unknown,63060
cust_016883,santos,SP,50699
cust_016884,niteroi,RJ,73801
cust_016885,campo grande,MS,61648
cust_016886,curitiba,PR,61867
cust_016887,belo horizonte,MG,56871
cust_016888,brasilia,DF,35938
cust_016889,feira de santana,BA,1035
cust_016890,recife,Unknown,56029
cust_016891,santos,SP,78187
cust_016892,campinas,SP,90728
cust_016893,florianopolis,SC,24545
cust_016894,maceio,AL,92463
cust_016895,belo horizonte,MG,5980
cust_016896,campo grande,MS,23996
cust_016897,uberlandia,MG,84863
cust_016898,santos,SP,10412
cust_016899,belem,PA,48113
cust_016900,salvador,BA,65671
cust_016901,niteroi,RJ,5217
cust_016902,curitiba,PR,18265
cust_016903,sorocaba,SP,39042
cust_016904,contagem,MG,80304
cust_016905,sorocaba,SP,76311
cust_016906,niteroi,RJ,28801
cust_016907,uberlandia,MG,40542
cust_016908,campinas,SP,15897
cust_016909,sao paulo,SP,45190
cust_016910,santos,SP,81792
cust_016911,belo horizonte,MG,9920
cust_016912,sorocaba,SP,21642
cust_016913,duque de caxias,RJ,30250
cust_016914,rio de janeiro,RJ,1875
cust_016915,campinas,SP,90755
cust_016916,florianopolis,SC,82353
cust_016917,porto alegre,Unknown,33494
cust_016918,porto alegre,RS,10287
cust_016919,santos,SP,50601
cust_016920,contagem,MG,42553
cust_016921,rio de janeiro,RJ,15186
cust_016922,curitiba,PR,40184
cust_016923,santos,SP,91835
cust_016924,curitiba,PR,15155
cust_016925,campo grande,MS,87728
cust_016926,brasilia,DF,4482
cust_016927,recife,PE,45265
cust_016928,sorocaba,SP,9384
cust_016929,duque de caxias,RJ,69682
cust_016930,santos,SP,43323
cust_016931,duque de caxias,RJ,61382
cust_016932,porto alegre,RS,95750
cust_016933,londrina,PR,87874
cust_016934,maceio,AL,72768
cust_016935,cuiaba,MT,35614
cust_016936,sao paulo,SP,71763
cust_016937,fortaleza,CE,54546
cust_016938,goiania,GO,67300
cust_016939,curitiba,PR,69364
cust_016940,sao paulo,SP,77141
cust_016941,campinas,SP,73592
cust_016942,rio de janeiro,RJ,53414
cust_016943,santos,SP,20156
cust_016944,campinas,SP,98573
cust_016945,santos,SP,8202
cust_016946,rio de janeiro,Unknown,61164
cust_016947,uberlandia,MG,23402
cust_016948,santos,SP,63455
cust_016949,goiania,GO,45617
cust_016950,sorocaba,SP,3095
cust_016951,campinas,SP,93283
cust_016952,niteroi,RJ,75709
cust_016953,uberlandia,MG,34182
cust_016954,sao paulo,SP,36231
cust_016955,porto alegre,RS,56001
cust_016956,campinas,SP,77602
cust_016957,campinas,SP,98999
cust_016958,rio de janeiro,RJ,84898
cust_016959,santos,SP,8492
cust_016960,campo grande,MS,3206
cust_016961,niteroi,RJ,19007
cust_016962,sao paulo,SP,39090
cust_016963,florianopolis,SC,5486
cust_016964,londrina,PR,90588
cust_016965,rio de janeiro,RJ,66035
cust_016966,natal,RN,13666
cust_016967,niteroi,RJ,86076
cust_016968,sorocaba,SP,74685
cust_016969,joinville,SC,31367
cust_016970,belem,PA,32998
cust_016971,santos,SP,70149
cust_016972,sorocaba,SP,51425
cust_016973,uberlandia,MG,95705
cust_016974,londrina,PR,90457
cust_016975,campinas,Unknown,93660
cust_016976,campo grande,MS,63661
cust_016977,santos,SP,77420
cust_016978,joinville,SC,43935
cust_016979,goiania,GO,75743
cust_016980,sorocaba,SP,70011
cust_016981,rio de janeiro,RJ,51300
cust_016982,sorocaba,SP,23066
cust_016983,belo horizonte,MG,96455
cust_016984,duque de caxias,RJ,2216
cust_016985,florianopolis,SC,12053
cust_016986,niteroi,RJ,62241
cust_016987,campinas,SP,39374
cust_016988,sorocaba,SP,86250
cust_016989,santos,SP,5841
cust_016990,rio de janeiro,RJ,70257
cust_016991,belem,PA,24628
cust_016992,curitiba,PR,52421
cust_016993,sorocaba,SP,44086
cust_016994,natal,RN,15189
cust_016995,sorocaba,SP,42475
cust_016996,aracaju,Unknown,9407
cust_016997,sao paulo,SP,85544
cust_016998,campinas,SP,28707
cust_016999,brasilia,DF,11287
cust_017000,rio de janeiro,RJ,96358
cust_017001,recife,PE,61731
cust_017002,curitiba,PR,46728
cust_017003,sao paulo,SP,48832
cust_017004,santos,SP,80662
cust_017005,duque de caxias,RJ,41195
cust_017006,uberlandia,MG,2279
cust_017007,niteroi,RJ,67396
cust_017008,sorocaba,SP,47782
cust_017009,santos,SP,12989
cust_017010,rio de janeiro,RJ,25439
cust_017011,santos,SP,37986
cust_017012,rio de janeiro,RJ,95320
cust_017013,campinas,SP,81431
cust_017014,goiania,GO,20668
cust_017015,uberlandia,MG,22571
cust_017016,sorocaba,SP,5921
cust_017017,londrina,Unknown,21545
cust_017018,niteroi,RJ,17039
cust_017019,duque de caxias,RJ,52883
cust_017020,santos,Unknown,7243
cust_017021,santos,SP,55283
cust_017022,goiania,GO,32223
cust_017023,sorocaba,SP,67980
cust_017024,uberlandia,MG,99574
cust_017025,sao paulo,SP,95203
cust_017026,niteroi,RJ,93122
cust_017027,niteroi,RJ,57304
cust_017028,sorocaba,SP,57622
cust_017029,sao paulo,SP,59100
cust_017030,niteroi,Unknown,83270
cust_017031,santos,SP,27170
cust_017032,belem,PA,40591
cust_017033,caxias do sul,RS,34732
cust_017034,recife,PE,89209
cust_017035,belem,Unknown,21896
cust_017036,sorocaba,SP,21801
cust_017037,goiania,GO,37123
cust_017038,cuiaba,MT,40913
cust_017039,rio de janeiro,RJ,71228
cust_017040,belo horizonte,MG,12940
cust_017041,sao paulo,SP,22166
cust_017042,sao paulo,SP,93722
cust_017043,campinas,SP,64486
cust_017044,santos,SP,34479
cust_017045,niteroi,RJ,97287
cust_017046,contagem,MG,25352
cust_017047,santos,SP,64252
cust_017048,campinas,SP,22961
cust_017049,sorocaba,SP,68868
cust_017050,campo grande,MS,47919
cust_017051,florianopolis,SC,14888
cust_017052,santos,SP,50902
cust_017053,salvador,BA,45470
cust_017054,salvador,BA,67603
cust_017055,florianopolis,SC,89789
cust_017056,goiania,GO,81105
cust_017057,niteroi,RJ,33830
cust_017058,santos,SP,70564
cust_017059,goiania,GO,55836
cust_017060,salvador,BA,49764
cust_017061,santos,SP,22295
cust_017062,belo horizonte,MG,54032
cust_017063,contagem,MG,34237
cust_017064,rio de janeiro,RJ,97560
cust_017065,uberlandia,MG,46459
cust_017066,campinas,SP,45260
cust_017067,rio de janeiro,RJ,8752
cust_017068,sao paulo,SP,32827
cust_017069,campinas,SP,98836
cust_017070,niteroi,RJ,64917
cust_017071,sorocaba,SP,74152
cust_017072,duque de caxias,RJ,67605
cust_017073,santos,SP,48128
cust_017074,niteroi,RJ,93801
cust_017075,sorocaba,SP,31700
cust_017076,sorocaba,SP,35866
cust_017077,florianopolis,SC,72862
cust_017078,uberlandia,MG,51457
cust_017079,rio de janeiro,RJ,39389
cust_017080,belo horizonte,MG,62806
cust_017081,sorocaba,SP,82771
cust_017082,sorocaba,SP,71167
cust_017083,campinas,SP,43565
cust_017084,joinville,SC,4965
cust_017085,belo horizonte,MG,80666
cust_017086,joinville,SC,90132
cust_017087,recife,PE,74338
cust_017088,santos,SP,18583
cust_017089,fortaleza,CE,86742
cust_017090,uberlandia,MG,23295
cust_017091,contagem,MG,87192
cust_017092,rio de janeiro,RJ,69741
cust_017093,niteroi,RJ,50585
cust_017094,sao paulo,SP,20686
cust_017095,santos,SP,43114
cust_017096,campinas,SP,14221
cust_017097,campinas,SP,71018
cust_017098,santos,SP,94984
cust_017099,sorocaba,SP,83481
cust_017100,natal,RN,64663
cust_017101,sorocaba,SP,97809
cust_017102,natal,RN,94787
cust_017103,duque de caxias,RJ,99199
cust_017104,sao paulo,SP,7247
cust_017105,santos,SP,97442
cust_017106,santos,SP,4509
cust_017107,sao paulo,SP,39981
cust_017108,sao paulo,SP,28658
cust_017109,feira de santana,BA,85332
cust_017110,campinas,SP,4802
cust_017111,duque de caxias,RJ,95917
cust_017112,duque de caxias,RJ,44415
cust_017113,belo horizonte,MG,8998
cust_017114,aracaju,SE,96190
cust_017115,rio de janeiro,RJ,6116
cust_017116,campinas,SP,36331
cust_017117,sao luis,MA,27003
cust_017118,aracaju,SE,73491
cust_017119,joinville,SC,24633
cust_017120,joinville,SC,64996
cust_017121,santos,SP,9887
cust_017122,duque de caxias,RJ,4191
cust_017123,santos,SP,8270
cust_017124,contagem,MG,23974
cust_017125,salvador,BA,49510
cust_017126,campinas,SP,63374
cust_017127,rio de janeiro,RJ,61652
cust_017128,florianopolis,SC,10111
cust_017129,sao paulo,SP,37340
cust_017130,belo horizonte,MG,46277
cust_017131,joinville,SC,39950
cust_017132,santos,SP,68081
cust_017133,campinas,SP,49927
cust_017134,sorocaba,SP,34640
cust_017135,santos,SP,22656
cust_017136,niteroi,RJ,31900
cust_017137,porto alegre,RS,82904
cust_017138,campinas,SP,72600
cust_017139,uberlandia,MG,43639
cust_017140,sorocaba,SP,42464
cust_017141,feira de santana,BA,30412
cust_017142,sao paulo,SP,53665
cust_017143,caxias do sul,RS,87960
cust_017144,sao paulo,SP,20776
cust_017145,feira de santana,BA,58920
cust_017146,duque de caxias,RJ,79168
cust_017147,sao luis,MA,7726
cust_017148,santos,SP,60373
cust_017149,goiania,GO,58934
cust_017150,santos,SP,97318
cust_017151,sorocaba,SP,39306
cust_017152,caxias do sul,RS,75844
cust_017153,sorocaba,Unknown,9017
cust_017154,joinville,SC,60337
cust_017155,santos,SP,25784
cust_017156,londrina,PR,61827
cust_017157,duque de caxias,RJ,60429
cust_017158,niteroi,RJ,33965
cust_017159,londrina,PR,84551
cust_017160,caxias do sul,RS,45097
cust_017161,contagem,MG,26075
cust_017162,uberlandia,MG,67654
cust_017163,contagem,MG,53334
cust_017164,feira de santana,BA,51987
cust_017165,sao paulo,SP,14348
cust_017166,sao paulo,SP,95471
cust_017167,curitiba,PR,36889
cust_017168,duque de caxias,RJ,55786
cust_017169,recife,PE,15964
cust_017170,campo grande,Unknown,2258
cust_017171,goiania,GO,72086
cust_017172,niteroi,RJ,13498
cust_017173,londrina,PR,69470
cust_017174,sao paulo,SP,5568
cust_017175,campinas,SP,33182
cust_017176,florianopolis,SC,90408
cust_017177,joinville,SC,55501
cust_017178,campinas,SP,32200
cust_017179,goiania,GO,12158
cust_017180,goiania,GO,83777
cust_017181,sao paulo,SP,57576
cust_017182,santos,SP,45111
cust_017183,goiania,GO,78464
cust_017184,sao paulo,SP,92126
cust_017185,sorocaba,SP,67622
cust_017186,rio de janeiro,RJ,48738
cust_017187,salvador,BA,62885
cust_017188,joinville,SC,86151
cust_017189,porto alegre,RS,29108
cust_017190,salvador,BA,67497
cust_017191,caxias do sul,RS,52866
cust_017192,uberlandia,MG,27354
cust_017193,sao paulo,SP,23691
cust_017194,niteroi,RJ,58077
cust_017195,rio de janeiro,RJ,18452
cust_017196,sao paulo,SP,27534
cust_017197,santos,Unknown,38167
cust_017198,sao paulo,SP,20789
cust_017199,santos,SP,32467
cust_017200,duque de caxias,RJ,32600
cust_017201,campinas,SP,5835
cust_017202,campinas,SP,30371
cust_017203,joinville,SC,66599
cust_017204,feira de santana,BA,50159
cust_017205,uberlandia,MG,37806
cust_017206,sorocaba,SP,64068
cust_017207,belo horizonte,MG,20499
cust_017208,caxias do sul,RS,96774
cust_017209,campinas,Unknown,7627
cust_017210,santos,SP,47447
cust_017211,duque de caxias,RJ,79029
cust_017212,duque de caxias,RJ,76335
cust_017213,campinas,SP,46588
cust_017214,santos,SP,49612
cust_017215,rio de janeiro,RJ,88286
cust_017216,niteroi,RJ,43946
cust_017217,niteroi,RJ,5080
cust_017218,natal,RN,41820
cust_017219,sao paulo,SP,5289
cust_017220,florianopolis,SC,87693
cust_017221,sorocaba,SP,22805
cust_017222,londrina,PR,15473
cust_017223,londrina,PR,62908
cust_017224,contagem,MG,29728
cust_017225,contagem,MG,74058
cust_017226,uberlandia,MG,72367
cust_017227,londrina,PR,52304
cust_017228,sao paulo,SP,30282
cust_017229,santos,Unknown,28827
cust_017230,brasilia,DF,1219
cust_017231,niteroi,RJ,88493
cust_017232,sao paulo,SP,22455
cust_017233,campo grande,MS,47358
cust_017234,joao pessoa,PB,3909
cust_017235,rio de janeiro,RJ,51425
cust_017236,rio de janeiro,RJ,29944
cust_017237,santos,SP,51135
cust_017238,niteroi,RJ,33344
cust_017239,sao luis,MA,77119
cust_017240,sao paulo,SP,95368
cust_017241,sorocaba,SP,65034
cust_017242,recife,PE,80990
cust_017243,santos,SP,46653
cust_017244,sao luis,MA,13108
cust_017245,santos,SP,36725
cust_017246,campinas,SP,13161
cust_017247,cuiaba,MT,5343
cust_017248,campinas,SP,99701
cust_017249,caxias do sul,RS,48542
cust_017250,campinas,SP,67481
cust_017251,londrina,PR,43680
cust_017252,sorocaba,SP,62923
cust_017253,joinville,SC,30201
cust_017254,campo grande,MS,59259
cust_017255,sorocaba,SP,53417
cust_017256,sao paulo,SP,15821
cust_017257,caxias do sul,RS,54797
cust_017258,aracaju,SE,27172
cust_017259,sao paulo,SP,56380
cust_017260,maceio,AL,43804
cust_017261,recife,PE,33112
cust_017262,porto alegre,RS,45188
cust_017263,campinas,SP,8255
cust_017264,niteroi,RJ,97105
cust_017265,londrina,PR,58747
cust_017266,caxias do sul,RS,5332
cust_017267,santos,Unknown,14899
cust_017268,belo horizonte,MG,2455
cust_017269,feira de santana,BA,25833
cust_017270,niteroi,RJ,91573
cust_017271,contagem,MG,72990
cust_017272,campinas,SP,87877
cust_017273,santos,SP,48417
cust_017274,santos,SP,29668
cust_017275,santos,SP,38586
cust_017276,uberlandia,MG,32810
cust_017277,londrina,PR,87162
cust_017278,sao paulo,SP,59610
cust_017279,sorocaba,SP,83434
cust_017280,salvador,BA,21002
cust_017281,sorocaba,SP,90216
cust_017282,maceio,AL,87670
cust_017283,uberlandia,MG,59730
cust_017284,vitoria,ES,27685
cust_017285,curitiba,Unknown,59990
cust_017286,campo grande,MS,6932
cust_017287,caxias do sul,RS,20243
cust_017288,santos,SP,53741
cust_017289,joinville,SC,96899
cust_017290,sorocaba,SP,73609
cust_017291,belo horizonte,MG,24356
cust_017292,sorocaba,SP,95666
cust_017293,joinville,SC,48925
cust_017294,curitiba,PR,62862
cust_017295,goiania,GO,80971
cust_017296,campinas,SP,11083
cust_017297,aracaju,SE,20519
cust_017298,joinville,SC,66570
cust_017299,santos,Unknown,43888
cust_017300,sorocaba,SP,10159
cust_017301,sorocaba,SP,14802
cust_017302,sao paulo,SP,20224
cust_017303,uberlandia,MG,50248
cust_017304,sorocaba,SP,30364
cust_017305,duque de caxias,RJ,91048
cust_017306,porto alegre,RS,6491
cust_017307,rio de janeiro,RJ,43817
cust_017308,goiania,GO,37221
cust_017309,sao paulo,SP,13682
cust_017310,duque de caxias,RJ,76934
cust_017311,fortaleza,CE,76463
cust_017312,santos,SP,6319
cust_017313,duque de caxias,RJ,54565
cust_017314,belem,PA,50088
cust_017315,duque de caxias,RJ,5966
cust_017316,goiania,GO,23403
cust_017317,vitoria,Unknown,37468
cust_017318,sao paulo,SP,57070
cust_017319,joinville,SC,46544
cust_017320,contagem,MG,49742
cust_017321,joao pessoa,PB,73048
cust_017322,belo horizonte,MG,17437
cust_017323,joinville,SC,7798
cust_017324,campinas,SP,85409
cust_017325,contagem,MG,24009
cust_017326,florianopolis,SC,50546
cust_017327,campo grande,MS,7252
cust_017328,campinas,SP,98580
cust_017329,sorocaba,SP,71608
cust_017330,sao luis,MA,98483
cust_017331,uberlandia,MG,95324
cust_017332,sorocaba,SP,25854
cust_017333,niteroi,RJ,41619
cust_017334,vitoria,ES,88421
cust_017335,natal,RN,53055
cust_017336,sao paulo,SP,72234
cust_017337,florianopolis,SC,46613
cust_017338,rio de janeiro,RJ,43789
cust_017339,sorocaba,SP,41454
cust_017340,curitiba,PR,81696
cust_017341,santos,SP,50151
cust_017342,niteroi,RJ,42619
cust_017343,santos,SP,51072
cust_017344,sorocaba,SP,49747
cust_017345,sorocaba,SP,22007
cust_017346,campo grande,MS,37808
cust_017347,campinas,SP,62970
cust_017348,caxias do sul,RS,84513
cust_017349,sorocaba,SP,41031
cust_017350,goiania,GO,90762
cust_017351,contagem,MG,98830
cust_017352,cuiaba,MT,15975
cust_017353,sao paulo,SP,21446
cust_017354,rio de janeiro,RJ,59391
cust_017355,sao paulo,SP,28079
cust_017356,sorocaba,SP,12574
cust_017357,contagem,MG,79142
cust_017358,florianopolis,SC,88654
cust_017359,santos,SP,24528
cust_017360,caxias do sul,RS,22801
cust_017361,porto alegre,RS,82270
cust_017362,duque de caxias,RJ,4571
cust_017363,londrina,PR,2628
cust_017364,belo horizonte,MG,74816
cust_017365,vitoria,ES,19641
cust_017366,londrina,PR,66956
cust_017367,recife,PE,41118
cust_017368,sao paulo,SP,41693
cust_017369,salvador,BA,94860
cust_017370,maceio,AL,62294
cust_017371,sorocaba,SP,26131
cust_017372,duque de caxias,RJ,77349
cust_017373,brasilia,DF,15382
cust_017374,sao paulo,SP,17841
cust_017375,niteroi,RJ,40372
cust_017376,curitiba,PR,31149
cust_017377,feira de santana,BA,97860
cust_017378,campinas,SP,49070
cust_017379,santos,SP,41203
cust_017380,santos,SP,63681
cust_017381,sao paulo,SP,45165
cust_017382,campinas,SP,61753
cust_017383,curitiba,PR,42121
cust_017384,brasilia,DF,49873
cust_017385,cuiaba,MT,91578
cust_017386,cuiaba,MT,66483
cust_017387,maceio,AL,9629
cust_017388,campinas,SP,3079
cust_017389,sorocaba,SP,45362
cust_017390,sorocaba,SP,33030
cust_017391,caxias do sul,RS,54745
cust_017392,sao luis,MA,57671
cust_017393,sorocaba,SP,86455
cust_017394,niteroi,RJ,31315
cust_017395,niteroi,RJ,67952
cust_017396,campinas,SP,94214
cust_017397,salvador,BA,21376
cust_017398,sorocaba,SP,96398
cust_017399,sorocaba,SP,94705
cust_017400,campo grande,MS,37765
cust_017401,campinas,SP,78941
cust_017402,campinas,SP,23921
cust_017403,curitiba,PR,4299
cust_017404,duque de caxias,RJ,23199
cust_017405,contagem,MG,12801
cust_017406,rio de janeiro,RJ,44952
cust_017407,santos,SP,26707
cust_017408,sorocaba,SP,95795
cust_017409,brasilia,DF,50502
cust_017410,campinas,SP,24411
cust_017411,aracaju,SE,29914
cust_017412,sorocaba,SP,33776
cust_017413,goiania,GO,10806
cust_017414,vitoria,ES,56356
cust_017415,sorocaba,SP,3399
cust_017416,belo horizonte,MG,57418
cust_017417,joinville,SC,72389
cust_017418,belo horizonte,MG,66593
cust_017419,goiania,GO,1633
cust_017420,santos,SP,73067
cust_017421,cuiaba,MT,49864
cust_017422,rio de janeiro,Unknown,79339
cust_017423,santos,SP,42861
cust_017424,niteroi,RJ,49633
cust_017425,santos,SP,44549
cust_017426,niteroi,RJ,8043
cust_017427,sorocaba,SP,45501
cust_017428,brasilia,DF,67949
cust_017429,sao paulo,SP,82426
cust_017430,niteroi,RJ,59661
cust_017431,fortaleza,CE,38131
cust_017432,fortaleza,CE,22194
cust_017433,florianopolis,SC,80201
cust_017434,santos,SP,85532
cust_017435,fortaleza,CE,28667
cust_017436,campinas,SP,74408
cust_017437,rio de janeiro,RJ,83895
cust_017438,fortaleza,CE,42768
cust_017439,sao paulo,SP,57519
cust_017440,sao paulo,SP,96908
cust_017441,contagem,MG,62477
cust_017442,duque de caxias,RJ,68002
cust_017443,campinas,SP,90554
cust_017444,salvador,BA,93064
cust_017445,recife,PE,78541
cust_017446,maceio,AL,73140
cust_017447,sao paulo,SP,22312
cust_017448,porto alegre,RS,71340
cust_017449,goiania,GO,36794
cust_017450,sao paulo,SP,22572
cust_017451,duque de caxias,RJ,98943
cust_017452,campinas,SP,42495
cust_017453,sorocaba,SP,64259
cust_017454,sao paulo,SP,63957
cust_017455,porto alegre,RS,61915
cust_017456,belo horizonte,MG,82996
cust_017457,sao paulo,SP,81994
cust_017458,belo horizonte,MG,91208
cust_017459,campinas,SP,88716
cust_017460,campinas,SP,9097
cust_017461,recife,PE,40808
cust_017462,rio de janeiro,RJ,71765
cust_017463,joinville,SC,84435
cust_017464,campinas,SP,27336
cust_017465,santos,SP,82824
cust_017466,recife,PE,71283
cust_017467,santos,SP,52244
cust_017468,sorocaba,SP,32423
cust_017469,caxias do sul,RS,59082
cust_017470,contagem,MG,57521
cust_017471,belem,PA,29283
cust_017472,joao pessoa,PB,53148
cust_017473,sorocaba,SP,56430
cust_017474,sao paulo,SP,87332
cust_017475,contagem,MG,18684
cust_017476,campinas,SP,65730
cust_017477,niteroi,RJ,8868
cust_017478,santos,SP,25053
cust_017479,recife,PE,83645
cust_017480,fortaleza,CE,63264
cust_017481,sao paulo,SP,23667
cust_017482,santos,SP,64438
cust_017483,maceio,AL,96485
cust_017484,campinas,SP,37067
cust_017485,sao paulo,SP,74600
cust_017486,sorocaba,Unknown,27016
cust_017487,sorocaba,SP,37772
cust_017488,sao paulo,SP,91053
cust_017489,sao paulo,SP,13229
cust_017490,sao paulo,SP,16240
cust_017491,florianopolis,SC,6212
cust_017492,sao paulo,SP,15028
cust_017493,feira de santana,BA,78251
cust_017494,uberlandia,MG,59324
cust_017495,duque de caxias,RJ,13320
cust_017496,sao luis,MA,31529
cust_017497,santos,Unknown,80664
cust_017498,sorocaba,SP,50918
cust_017499,belo horizonte,MG,70893
cust_017500,sorocaba,SP,27509
cust_017501,campinas,SP,92936
cust_017502,fortaleza,CE,37440
cust_017503,recife,PE,95513
cust_017504,niteroi,RJ,41412
cust_017505,niteroi,RJ,74295
cust_017506,uberlandia,MG,56639
cust_017507,campinas,SP,62189
cust_017508,sao paulo,SP,8799
cust_017509,uberlandia,Unknown,79415
cust_017510,campinas,SP,43786
cust_017511,sao paulo,SP,26688
cust_017512,contagem,MG,69042
cust_017513,belo horizonte,MG,76267
cust_017514,sao paulo,SP,71206
cust_017515,vitoria,ES,92863
cust_017516,florianopolis,SC,27821
cust_017517,belo horizonte,MG,19762
cust_017518,campinas,SP,54802
cust_017519,contagem,MG,34624
cust_017520,caxias do sul,RS,39035
cust_017521,belo horizonte,MG,64700
cust_017522,uberlandia,MG,4645
cust_017523,campinas,SP,43651
cust_017524,sorocaba,SP,43752
cust_017525,recife,PE,3381
cust_017526,sorocaba,SP,67686
cust_017527,uberlandia,MG,83439
cust_017528,recife,PE,94596
cust_017529,campinas,SP,94574
cust_017530,campo grande,MS,12101
cust_017531,goiania,GO,25437
cust_017532,porto alegre,RS,43316
cust_017533,caxias do sul,RS,58850
cust_017534,goiania,GO,94173
cust_017535,sao paulo,SP,27694
cust_017536,porto alegre,RS,47476
cust_017537,santos,SP,68404
cust_017538,goiania,GO,89476
cust_017539,rio de janeiro,RJ,70024
cust_017540,londrina,PR,68533
cust_017541,sao paulo,SP,97941
cust_017542,sorocaba,SP,86732
cust_017543,salvador,BA,86614
cust_017544,campinas,SP,76069
cust_017545,niteroi,RJ,33812
cust_017546,londrina,PR,8148
cust_017547,santos,SP,78678
cust_017548,sorocaba,SP,76487
cust_017549,santos,SP,62839
cust_017550,fortaleza,CE,13657
cust_017551,sorocaba,SP,96733
cust_017552,campinas,SP,75110
cust_017553,campo grande,MS,65964
cust_017554,salvador,BA,42485
cust_017555,porto alegre,RS,6341
cust_017556,niteroi,RJ,68790
cust_017557,feira de santana,BA,38528
cust_017558,vitoria,ES,6992
cust_017559,belem,PA,6791
cust_017560,belo horizonte,MG,12287
cust_017561,curitiba,PR,27716
cust_017562,joinville,SC,11551
cust_017563,salvador,Unknown,13844
cust_017564,londrina,PR,38175
cust_017565,sorocaba,SP,4045
cust_017566,londrina,PR,17795
cust_017567,sorocaba,SP,39649
cust_017568,sao paulo,SP,1782
cust_017569,sao paulo,SP,21870
cust_017570,sorocaba,Unknown,88033
cust_017571,rio de janeiro,RJ,40625
cust_017572,santos,SP,75412
cust_017573,caxias do sul,RS,45514
cust_017574,campo grande,MS,57278
cust_017575,campinas,SP,13768
cust_017576,campinas,SP,72697
cust_017577,campinas,SP,27894
cust_017578,joinville,SC,30934
cust_017579,santos,SP,26703
cust_017580,campinas,SP,70854
cust_017581,santos,SP,65845
cust_017582,sao paulo,SP,52479
cust_017583,porto alegre,RS,34036
cust_017584,caxias do sul,RS,9794
cust_017585,santos,SP,83387
cust_017586,rio de janeiro,RJ,66796
cust_017587,belo horizonte,MG,57906
cust_017588,sao luis,MA,99356
cust_017589,curitiba,PR,9336
cust_017590,florianopolis,SC,26348
cust_017591,natal,RN,90164
cust_017592,santos,SP,1450
cust_017593,sorocaba,SP,32252
cust_017594,londrina,PR,75320
cust_017595,santos,SP,57251
cust_017596,rio de janeiro,RJ,28604
cust_017597,londrina,PR,35286
cust_017598,uberlandia,MG,41116
cust_017599,sao paulo,SP,25997
cust_017600,rio de janeiro,RJ,1769
cust_017601,sorocaba,SP,61654
cust_017602,sorocaba,Unknown,7383
cust_017603,campinas,SP,71535
cust_017604,campinas,SP,71183
cust_017605,natal,RN,94748
cust_017606,rio de janeiro,RJ,96444
cust_017607,goiania,GO,94445
cust_017608,cuiaba,MT,59461
cust_017609,rio de janeiro,RJ,9961
cust_017610,sao paulo,SP,84390
cust_017611,recife,PE,90738
cust_017612,sao paulo,SP,21374
cust_017613,duque de caxias,RJ,36796
cust_017614,sorocaba,SP,7693
cust_017615,londrina,PR,33261
cust_017616,salvador,BA,35357
cust_017617,uberlandia,MG,86828
cust_017618,santos,SP,21610
cust_017619,uberlandia,MG,15363
cust_017620,belo horizonte,MG,62048
cust_017621,uberlandia,MG,71897
cust_017622,belem,PA,95674
cust_017623,santos,SP,79022
cust_017624,sorocaba,SP,23890
cust_017625,sorocaba,SP,69500
cust_017626,caxias do sul,RS,90276
cust_017627,fortaleza,CE,83250
cust_017628,campinas,SP,54179
cust_017629,sorocaba,SP,30177
cust_017630,sao luis,MA,11102
cust_017631,santos,SP,34992
cust_017632,goiania,GO,54062
cust_017633,campo grande,MS,96899
cust_017634,joinville,SC,47238
cust_017635,campinas,SP,71604
cust_017636,uberlandia,MG,75151
cust_017637,santos,SP,46911
cust_017638,santos,SP,75119
cust_017639,sao paulo,SP,86611
cust_017640,santos,SP,64460
cust_017641,natal,RN,71204
cust_017642,belo horizonte,MG,67115
cust_017643,sao paulo,SP,99618
cust_017644,contagem,MG,61121
cust_017645,uberlandia,MG,13098
cust_017646,campinas,SP,24440
cust_017647,santos,SP,28772
cust_017648,rio de janeiro,RJ,92627
cust_017649,feira de santana,BA,1131
cust_017650,campinas,SP,21966
cust_017651,brasilia,DF,69983
cust_017652,belo horizonte,MG,59919
cust_017653,duque de caxias,RJ,2578
cust_017654,sorocaba,SP,77602
cust_017655,duque de caxias,RJ,4245
cust_017656,sorocaba,SP,9284
cust_017657,sorocaba,SP,82469
cust_017658,goiania,GO,45566
cust_017659,rio de janeiro,RJ,55517
cust_017660,sorocaba,SP,3958
cust_017661,sao paulo,SP,17064
cust_017662,sorocaba,SP,23395
cust_017663,vitoria,ES,35663
cust_017664,sorocaba,SP,63978
cust_017665,niteroi,RJ,39345
cust_017666,londrina,PR,91422
cust_017667,santos,SP,22220
cust_017668,rio de janeiro,Unknown,31119
cust_017669,uberlandia,MG,9843
cust_017670,goiania,GO,83654
cust_017671,belo horizonte,MG,60986
cust_017672,sorocaba,SP,52960
cust_017673,santos,SP,82071
cust_017674,sao paulo,SP,76322
cust_017675,santos,SP,41185
cust_017676,vitoria,ES,81200
cust_017677,santos,SP,27130
cust_017678,sorocaba,SP,63955
cust_017679,duque de caxias,RJ,44618
cust_017680,campinas,SP,42849
cust_017681,rio de janeiro,RJ,63710
cust_017682,campinas,SP,58823
cust_017683,feira de santana,BA,94020
cust_017684,santos,SP,69425
cust_017685,duque de caxias,RJ,41720
cust_017686,contagem,MG,86251
cust_017687,santos,SP,97016
cust_017688,sorocaba,SP,55285
cust_017689,duque de caxias,RJ,26650
cust_017690,florianopolis,SC,87488
cust_017691,rio de janeiro,RJ,64851
cust_017692,rio de janeiro,RJ,39478
cust_017693,contagem,MG,42098
cust_017694,duque de caxias,RJ,76177
cust_017695,curitiba,PR,64883
cust_017696,sorocaba,SP,61352
cust_017697,rio de janeiro,RJ,79673
cust_017698,belem,PA,8674
cust_017699,contagem,MG,35502
cust_017700,niteroi,RJ,50707
cust_017701,joinville,SC,27118
cust_017702,santos,SP,76604
cust_017703,duque de caxias,RJ,27005
cust_017704,santos,SP,67556
cust_017705,santos,SP,44769
cust_017706,santos,SP,56786
cust_017707,londrina,PR,1478
cust_017708,duque de caxias,RJ,79484
cust_017709,vitoria,ES,25963
cust_017710,santos,SP,90414
cust_017711,santos,SP,96203
cust_017712,belo horizonte,MG,15198
cust_017713,sorocaba,SP,5586
cust_017714,duque de caxias,RJ,26279
cust_017715,sao paulo,SP,31475
cust_017716,sorocaba,SP,98892
cust_017717,duque de caxias,RJ,9490
cust_017718,contagem,MG,24922
cust_017719,sorocaba,SP,19349
cust_017720,sorocaba,SP,82904
cust_017721,sorocaba,SP,69405
cust_017722,santos,SP,53678
cust_017723,campo grande,MS,83521
cust_017724,porto alegre,RS,39104
cust_017725,campinas,SP,25974
cust_017726,sorocaba,SP,73005
cust_017727,santos,SP,89414
cust_017728,sao paulo,SP,75577
cust_017729,vitoria,ES,2194
cust_017730,campinas,SP,27939
cust_017731,goiania,GO,99788
cust_017732,brasilia,DF,2091
cust_017733,curitiba,PR,47642
cust_017734,duque de caxias,RJ,78058
cust_017735,campinas,SP,87016
cust_017736,salvador,BA,69256
cust_017737,feira de santana,BA,88908
cust_017738,duque de caxias,RJ,12915
cust_017739,sorocaba,SP,29551
cust_017740,campinas,SP,4651
cust_017741,campinas,SP,80494
cust_017742,santos,SP,66398
cust_017743,duque de caxias,RJ,90353
cust_017744,brasilia,DF,60516
cust_017745,contagem,MG,61866
cust_017746,uberlandia,MG,76550
cust_017747,londrina,PR,43299
cust_017748,belo horizonte,MG,87447
cust_017749,rio de janeiro,RJ,99253
cust_017750,feira de santana,BA,66737
cust_017751,campinas,SP,36261
cust_017752,belem,PA,63925
cust_017753,sao paulo,SP,93961
cust_017754,belo horizonte,MG,52543
cust_017755,niteroi,RJ,76228
cust_017756,duque de caxias,Unknown,57059
cust_017757,rio de janeiro,RJ,44870
cust_017758,santos,SP,97426
cust_017759,curitiba,PR,36675
cust_017760,sorocaba,SP,5609
cust_017761,duque de caxias,RJ,79749
cust_017762,brasilia,DF,54819
cust_017763,uberlandia,MG,3829
cust_017764,brasilia,DF,25504
cust_017765,campinas,SP,76479
cust_017766,santos,SP,72812
cust_017767,sorocaba,SP,50773
cust_017768,recife,PE,75116
cust_017769,florianopolis,SC,99889
cust_017770,feira de santana,BA,27266
cust_017771,uberlandia,MG,21391
cust_017772,campinas,SP,76080
cust_017773,santos,Unknown,38959
cust_017774,duque de caxias,RJ,64752
cust_017775,sorocaba,SP,52824
cust_017776,belo horizonte,MG,94714
cust_017777,brasilia,DF,9124
cust_017778,sorocaba,SP,81741
cust_017779,caxias do sul,RS,93904
cust_017780,rio de janeiro,RJ,77418
cust_017781,campinas,Unknown,98034
cust_017782,santos,SP,14906
cust_017783,rio de janeiro,RJ,96446
cust_017784,curitiba,PR,98687
cust_017785,santos,SP,93125
cust_017786,santos,SP,79827
cust_017787,sorocaba,SP,36511
cust_017788,caxias do sul,RS,84415
cust_017789,campinas,SP,2506
cust_017790,belo horizonte,MG,75414
cust_017791,sorocaba,SP,18928
cust_017792,londrina,PR,85604
cust_017793,santos,SP,20813
cust_017794,santos,SP,61273
cust_017795,rio de janeiro,RJ,13843
cust_017796,londrina,PR,2299
cust_017797,belem,PA,4304
cust_017798,sao luis,MA,46880
cust_017799,duque de caxias,RJ,84516
cust_017800,belo horizonte,MG,25586
cust_017801,contagem,Unknown,21635
cust_017802,niteroi,RJ,31812
cust_017803,santos,SP,18097
cust_017804,porto alegre,RS,28280
cust_017805,campo grande,MS,37574
cust_017806,sao paulo,SP,63495
cust_017807,santos,SP,61445
cust_017808,sorocaba,SP,79007
cust_017809,santos,SP,37554
cust_017810,duque de caxias,RJ,87077
cust_017811,sorocaba,SP,73736
cust_017812,duque de caxias,RJ,87529
cust_017813,joinville,SC,73227
cust_017814,sorocaba,SP,3000
cust_017815,londrina,PR,22986
cust_017816,florianopolis,SC,75663
cust_017817,uberlandia,MG,17047
cust_017818,campinas,SP,93069
cust_017819,vitoria,ES,28447
cust_017820,santos,SP,77591
cust_017821,santos,SP,29275
cust_017822,santos,SP,12532
cust_017823,recife,PE,26367
cust_017824,sao paulo,SP,95783
cust_017825,niteroi,RJ,52291
cust_017826,caxias do sul,RS,50709
cust_017827,belo horizonte,MG,57845
cust_017828,belo horizonte,MG,57842
cust_017829,sorocaba,SP,75150
cust_017830,contagem,MG,29012
cust_017831,santos,SP,2328
cust_017832,sao paulo,SP,84816
cust_017833,campinas,SP,34742
cust_017834,duque de caxias,RJ,87827
cust_017835,santos,SP,61945
cust_017836,rio de janeiro,RJ,81773
cust_017837,sao paulo,SP,74443
cust_017838,sorocaba,SP,21503
cust_017839,santos,SP,19858
cust_017840,niteroi,RJ,13591
cust_017841,feira de santana,BA,25716
cust_017842,campinas,SP,97665
cust_017843,porto alegre,RS,3268
cust_017844,rio de janeiro,RJ,87359
cust_017845,sorocaba,SP,41759
cust_017846,santos,SP,85789
cust_017847,santos,SP,86283
cust_017848,curitiba,PR,78208
cust_017849,sao paulo,SP,33128
cust_017850,natal,RN,11545
cust_017851,caxias do sul,RS,51869
cust_017852,sorocaba,SP,51955
cust_017853,aracaju,SE,26516
cust_017854,sorocaba,SP,12426
cust_017855,londrina,PR,46567
cust_017856,santos,SP,42838
cust_017857,rio de janeiro,RJ,20779
cust_017858,campinas,SP,16995
cust_017859,brasilia,DF,49298
cust_017860,sao paulo,SP,48467
cust_017861,belo horizonte,MG,51315
cust_017862,belem,PA,67491
cust_017863,campinas,SP,63256
cust_017864,sao luis,MA,84260
cust_017865,niteroi,RJ,90412
cust_017866,florianopolis,SC,8981
cust_017867,niteroi,RJ,36324
cust_017868,salvador,BA,89314
cust_017869,goiania,GO,92904
cust_017870,santos,SP,19777
cust_017871,curitiba,PR,22983
cust_017872,aracaju,SE,94403
cust_017873,londrina,PR,15767
cust_017874,cuiaba,MT,48697
cust_017875,londrina,PR,86010
cust_017876,campinas,SP,6621
cust_017877,feira de santana,BA,88117
cust_017878,porto alegre,RS,79296
cust_017879,campinas,SP,88300
cust_017880,santos,SP,5673
cust_017881,santos,SP,18819
cust_017882,londrina,PR,63114
cust_017883,florianopolis,SC,34061
cust_017884,salvador,BA,79893
cust_017885,sao paulo,SP,2154
cust_017886,sao paulo,SP,46826
cust_017887,sorocaba,SP,20628
cust_017888,porto alegre,RS,68434
cust_017889,brasilia,DF,60532
cust_017890,goiania,GO,57679
cust_017891,campinas,SP,59122
cust_017892,curitiba,PR,7961
cust_017893,contagem,MG,26373
cust_017894,belem,PA,69647
cust_017895,joinville,SC,27038
cust_017896,rio de janeiro,RJ,95312
cust_017897,joinville,SC,8616
cust_017898,sorocaba,SP,34939
cust_017899,joinville,SC,36733
cust_017900,florianopolis,SC,13489
cust_017901,brasilia,DF,99636
cust_017902,sorocaba,SP,26376
cust_017903,brasilia,DF,90759
cust_017904,sao paulo,SP,63918
cust_017905,florianopolis,SC,55988
cust_017906,belem,PA,98358
cust_017907,sorocaba,SP,3678
cust_017908,belo horizonte,MG,81360
cust_017909,belo horizonte,MG,85286
cust_017910,salvador,BA,78323
cust_017911,campinas,SP,58569
cust_017912,fortaleza,CE,36673
cust_017913,maceio,AL,16580
cust_017914,caxias do sul,RS,61391
cust_017915,niteroi,RJ,44620
cust_017916,uberlandia,MG,41012
cust_017917,sao paulo,SP,96418
cust_017918,curitiba,PR,6814
cust_017919,sorocaba,SP,22291
cust_017920,campinas,SP,49644
cust_017921,campinas,SP,96273
cust_017922,londrina,PR,55240
cust_017923,belo horizonte,MG,48212
cust_017924,porto alegre,RS,84910
cust_017925,sorocaba,SP,74647
cust_017926,campinas,SP,76550
cust_017927,sao paulo,SP,64356
cust_017928,uberlandia,MG,45961
cust_017929,sao paulo,SP,58686
cust_017930,uberlandia,MG,50257
cust_017931,sao paulo,SP,46721
cust_017932,fortaleza,CE,79467
cust_017933,duque de caxias,Unknown,58422
cust_017934,sorocaba,SP,29618
cust_017935,santos,SP,64576
cust_017936,sao paulo,SP,36631
cust_017937,sorocaba,SP,81703
cust_017938,joinville,SC,90457
cust_017939,londrina,PR,60740
cust_017940,sorocaba,SP,76262
cust_017941,brasilia,DF,15300
cust_017942,campinas,SP,94386
cust_017943,joinville,SC,67716
cust_017944,sorocaba,SP,88005
cust_017945,santos,SP,76439
cust_017946,londrina,PR,76483
cust_017947,campinas,SP,11376
cust_017948,sorocaba,SP,26878
cust_017949,florianopolis,SC,35733
cust_017950,porto alegre,RS,52577
cust_017951,recife,PE,42039
cust_017952,belo horizonte,MG,42251
cust_017953,sao paulo,SP,53892
cust_017954,contagem,MG,39636
cust_017955,feira de santana,BA,58260
cust_017956,campinas,SP,78135
cust_017957,sorocaba,SP,63032
cust_017958,porto alegre,RS,39365
cust_017959,joinville,SC,95926
cust_017960,campinas,SP,15623
cust_017961,curitiba,PR,1271
cust_017962,campinas,SP,35507
cust_017963,niteroi,RJ,54386
cust_017964,londrina,PR,80911
cust_017965,sorocaba,SP,59476
cust_017966,sao paulo,SP,51268
cust_017967,uberlandia,MG,31078
cust_017968,campinas,Unknown,2251
cust_017969,goiania,GO,39648
cust_017970,cuiaba,MT,62687
cust_017971,uberlandia,MG,82160
cust_017972,joinville,SC,18310
cust_017973,fortaleza,CE,26843
cust_017974,caxias do sul,RS,11664
cust_017975,florianopolis,SC,70796
cust_017976,campinas,SP,31133
cust_017977,salvador,BA,88234
cust_017978,sao paulo,SP,77250
cust_017979,campinas,SP,94929
cust_017980,belo horizonte,MG,5955
cust_017981,sorocaba,SP,86363
cust_017982,campinas,SP,21513
cust_017983,uberlandia,MG,58893
cust_017984,santos,Unknown,21069
cust_017985,recife,PE,64040
cust_017986,sao luis,Unknown,82453
cust_017987,londrina,PR,45787
cust_017988,sorocaba,SP,25765
cust_017989,uberlandia,MG,49118
cust_017990,sorocaba,SP,58355
cust_017991,contagem,MG,75145
cust_017992,sao paulo,SP,13499
cust_017993,duque de caxias,RJ,5659
cust_017994,sorocaba,SP,79309
cust_017995,joao pessoa,PB,11794
cust_017996,santos,SP,26815
cust_017997,sao paulo,SP,89468
cust_017998,sao paulo,SP,46655
cust_017999,rio de janeiro,RJ,10280
cust_018000,fortaleza,CE,33859
cust_018001,santos,SP,86540
cust_018002,santos,SP,66087
cust_018003,campinas,SP,77229
cust_018004,uberlandia,Unknown,26585
cust_018005,uberlandia,MG,82362
cust_018006,salvador,BA,1041
cust_018007,feira de santana,BA,18020
cust_018008,campinas,SP,53024
cust_018009,fortaleza,CE,87618
cust_018010,feira de santana,Unknown,97513
cust_018011,contagem,MG,40560
cust_018012,sorocaba,SP,83254
cust_018013,londrina,PR,25986
cust_018014,contagem,MG,99300
cust_018015,campinas,SP,12034
cust_018016,campinas,SP,45029
cust_018017,contagem,MG,1409
cust_018018,contagem,MG,57211
cust_018019,sao paulo,SP,44641
cust_018020,fortaleza,CE,79967
cust_018021,sao paulo,SP,63454
cust_018022,sao paulo,SP,34391
cust_018023,sorocaba,SP,94955
cust_018024,porto alegre,RS,12176
cust_018025,sorocaba,SP,7862
cust_018026,porto alegre,RS,17713
cust_018027,sao paulo,SP,57403
cust_018028,sao paulo,SP,96289
cust_018029,sorocaba,SP,16521
cust_018030,campinas,SP,79235
cust_018031,duque de caxias,RJ,76030
cust_018032,santos,SP,29600
cust_018033,rio de janeiro,RJ,16082
cust_018034,rio de janeiro,RJ,78298
cust_018035,natal,RN,79991
cust_018036,porto alegre,RS,70789
cust_018037,sao paulo,SP,76873
cust_018038,duque de caxias,RJ,47459
cust_018039,santos,SP,38180
cust_018040,rio de janeiro,RJ,3252
cust_018041,campinas,SP,51677
cust_018042,fortaleza,CE,73069
cust_018043,rio de janeiro,RJ,19760
cust_018044,brasilia,DF,29751
cust_018045,uberlandia,MG,57312
cust_018046,sao paulo,SP,27882
cust_018047,sao paulo,SP,88126
cust_018048,santos,SP,53079
cust_018049,joinville,SC,42363
cust_018050,goiania,GO,27327
cust_018051,sorocaba,SP,90992
cust_018052,duque de caxias,RJ,71924
cust_018053,santos,SP,57902
cust_018054,rio de janeiro,RJ,29904
cust_018055,goiania,GO,12748
cust_018056,sorocaba,Unknown,80867
cust_018057,santos,SP,5693
cust_018058,caxias do sul,RS,44290
cust_018059,sorocaba,SP,57779
cust_018060,sorocaba,SP,52136
cust_018061,santos,SP,69342
cust_018062,caxias do sul,RS,4468
cust_018063,natal,RN,23479
cust_018064,recife,PE,3018
cust_018065,belo horizonte,MG,25805
cust_018066,florianopolis,SC,21967
cust_018067,belo horizonte,MG,86212
cust_018068,niteroi,RJ,35441
cust_018069,santos,SP,56969
cust_018070,campinas,SP,18446
cust_018071,niteroi,RJ,77628
cust_018072,joao pessoa,PB,50736
cust_018073,belo horizonte,MG,89303
cust_018074,vitoria,ES,60521
cust_018075,sorocaba,SP,79342
cust_018076,sao paulo,SP,80522
cust_018077,natal,RN,8775
cust_018078,sao paulo,SP,51872
cust_018079,rio de janeiro,RJ,36891
cust_018080,sao paulo,SP,37358
cust_018081,brasilia,DF,40348
cust_018082,sorocaba,SP,92455
cust_018083,fortaleza,CE,97524
cust_018084,campinas,SP,44137
cust_018085,sorocaba,SP,99488
cust_018086,salvador,BA,28811
cust_018087,sorocaba,SP,73891
cust_018088,santos,SP,8520
cust_018089,belo horizonte,MG,16669
cust_018090,sao paulo,SP,19271
cust_018091,sao paulo,SP,57567
cust_018092,santos,SP,69419
cust_018093,rio de janeiro,RJ,4199
cust_018094,sorocaba,SP,20648
cust_018095,salvador,BA,88509
cust_018096,londrina,PR,37126
cust_018097,sao paulo,SP,72034
cust_018098,duque de caxias,RJ,3720
cust_018099,contagem,MG,43849
cust_018100,caxias do sul,RS,38429
cust_018101,campinas,SP,79304
cust_018102,contagem,MG,65152
cust_018103,sorocaba,SP,8006
cust_018104,niteroi,RJ,22716
cust_018105,campinas,SP,55956
cust_018106,vitoria,ES,1380
cust_018107,sao paulo,SP,12347
cust_018108,contagem,MG,83504
cust_018109,duque de caxias,RJ,3050
cust_018110,sorocaba,SP,72381
cust_018111,sao paulo,SP,55397
cust_018112,campinas,SP,99276
cust_018113,porto alegre,RS,59270
cust_018114,uberlandia,MG,14416
cust_018115,sao paulo,SP,62020
cust_018116,niteroi,RJ,68071
cust_018117,santos,SP,30159
cust_018118,belo horizonte,MG,26478
cust_018119,santos,SP,40910
cust_018120,recife,PE,50725
cust_018121,niteroi,RJ,26112
cust_018122,niteroi,Unknown,74923
cust_018123,porto alegre,RS,85375
cust_018124,florianopolis,SC,17664
cust_018125,rio de janeiro,RJ,74359
cust_018126,sao paulo,SP,47081
cust_018127,santos,SP,14449
cust_018128,campinas,SP,27641
cust_018129,curitiba,Unknown,92118
cust_018130,belo horizonte,MG,16338
cust_018131,santos,SP,5702
cust_018132,sao paulo,SP,72558
cust_018133,uberlandia,MG,55014
cust_018134,belo horizonte,MG,26582
cust_018135,joinville,SC,75248
cust_018136,caxias do sul,RS,53417
cust_018137,santos,SP,24529
cust_018138,londrina,PR,69567
cust_018139,rio de janeiro,RJ,84839
cust_018140,uberlandia,MG,44861
cust_018141,sorocaba,SP,79020
cust_018142,florianopolis,SC,14203
cust_018143,sorocaba,SP,7243
cust_018144,sorocaba,SP,2208
cust_018145,santos,SP,34552
cust_018146,joinville,SC,38828
cust_018147,curitiba,PR,88283
cust_018148,sorocaba,SP,99059
cust_018149,sorocaba,SP,63972
cust_018150,sorocaba,SP,97303
cust_018151,porto alegre,RS,97214
cust_018152,rio de janeiro,Unknown,45382
cust_018153,caxias do sul,RS,27331
cust_018154,porto alegre,RS,42178
cust_018155,brasilia,DF,2453
cust_018156,sorocaba,SP,64970
cust_018157,salvador,BA,87773
cust_018158,duque de caxias,RJ,83424
cust_018159,caxias do sul,RS,25860
cust_018160,rio de janeiro,RJ,58244
cust_018161,belem,PA,88705
cust_018162,sorocaba,SP,72686
cust_018163,caxias do sul,RS,6729
cust_018164,belo horizonte,MG,3374
cust_018165,aracaju,SE,91134
cust_018166,sao paulo,Unknown,87972
cust_018167,contagem,MG,75708
cust_018168,campinas,SP,54349
cust_018169,goiania,GO,97570
cust_018170,joinville,SC,49748
cust_018171,contagem,MG,61126
cust_018172,niteroi,RJ,22391
cust_018173,porto alegre,RS,34043
cust_018174,contagem,MG,14450
cust_018175,sao paulo,SP,53790
cust_018176,feira de santana,BA,37444
cust_018177,niteroi,RJ,71173
cust_018178,santos,SP,92084
cust_018179,belo horizonte,MG,84218
cust_018180,sorocaba,SP,56358
cust_018181,curitiba,PR,79356
cust_018182,niteroi,RJ,41784
cust_018183,contagem,MG,63011
cust_018184,sao paulo,SP,14778
cust_018185,caxias do sul,RS,10535
cust_018186,londrina,PR,7126
cust_018187,curitiba,PR,30351
cust_018188,niteroi,RJ,61024
cust_018189,belo horizonte,MG,47759
cust_018190,duque de caxias,RJ,95860
cust_018191,sao paulo,SP,7777
cust_018192,sao paulo,SP,45343
cust_018193,santos,SP,40382
cust_018194,salvador,BA,24462
cust_018195,sao paulo,SP,54567
cust_018196,curitiba,PR,38299
cust_018197,contagem,MG,22343
cust_018198,sorocaba,SP,51510
cust_018199,santos,SP,22760
cust_018200,niteroi,RJ,75610
cust_018201,santos,SP,37107
cust_018202,campinas,SP,45895
cust_018203,feira de santana,BA,18073
cust_018204,cuiaba,MT,92731
cust_018205,santos,Unknown,18501
cust_018206,santos,SP,64435
cust_018207,uberlandia,MG,64519
cust_018208,cuiaba,MT,12938
cust_018209,vitoria,ES,15601
cust_018210,belem,PA,12313
cust_018211,niteroi,RJ,93333
cust_018212,joao pessoa,PB,55597
cust_018213,santos,SP,15763
cust_018214,santos,SP,80476
cust_018215,porto alegre,RS,93186
cust_018216,belo horizonte,MG,53796
cust_018217,joinville,SC,56276
cust_018218,belo horizonte,MG,80585
cust_018219,salvador,BA,42819
cust_018220,sao paulo,SP,8953
cust_018221,sao paulo,SP,74119
cust_018222,londrina,PR,33561
cust_018223,duque de caxias,RJ,66715
cust_018224,campinas,SP,5759
cust_018225,sao paulo,SP,34941
cust_018226,joinville,SC,36252
cust_018227,belem,PA,32038
cust_018228,curitiba,PR,57308
cust_018229,caxias do sul,RS,43920
cust_018230,salvador,BA,92630
cust_018231,santos,SP,72329
cust_018232,uberlandia,MG,46554
cust_018233,belo horizonte,MG,27813
cust_018234,vitoria,ES,38170
cust_018235,sorocaba,SP,31778
cust_018236,sao luis,MA,68271
cust_018237,londrina,PR,93236
cust_018238,sorocaba,Unknown,72096
cust_018239,rio de janeiro,RJ,93538
cust_018240,campinas,SP,17941
cust_018241,belo horizonte,MG,9638
cust_018242,rio de janeiro,RJ,70356
cust_018243,joinville,SC,98162
cust_018244,contagem,MG,54425
cust_018245,joinville,SC,45773
cust_018246,sao paulo,SP,51407
cust_018247,brasilia,DF,16352
cust_018248,goiania,GO,98152
cust_018249,contagem,MG,6741
cust_018250,sorocaba,SP,77345
cust_018251,maceio,AL,42337
cust_018252,salvador,BA,81670
cust_018253,brasilia,DF,73295
cust_018254,sao paulo,SP,82310
cust_018255,salvador,BA,73395
cust_018256,campinas,SP,65110
cust_018257,niteroi,RJ,53692
cust_018258,caxias do sul,RS,3539
cust_018259,santos,SP,82767
cust_018260,campinas,SP,37478
cust_018261,niteroi,RJ,39152
cust_018262,santos,SP,76919
cust_018263,belo horizonte,MG,8180
cust_018264,sao paulo,SP,18797
cust_018265,sorocaba,SP,92633
cust_018266,belo horizonte,MG,95781
cust_018267,joao pessoa,PB,92841
cust_018268,duque de caxias,RJ,1702
cust_018269,niteroi,RJ,39270
cust_018270,joao pessoa,PB,56282
cust_018271,belem,Unknown,31931
cust_018272,caxias do sul,RS,9365
cust_018273,duque de caxias,RJ,4531
cust_018274,sao paulo,SP,76281
cust_018275,uberlandia,MG,80296
cust_018276,salvador,BA,62065
cust_018277,natal,RN,11504
cust_018278,campinas,SP,41083
cust_018279,sorocaba,SP,46960
cust_018280,recife,Unknown,11035
cust_018281,brasilia,DF,19718
cust_018282,caxias do sul,RS,45720
cust_018283,campinas,SP,27357
cust_018284,porto alegre,RS,35614
cust_018285,rio de janeiro,RJ,22905
cust_018286,campinas,Unknown,19603
cust_018287,campinas,SP,98659
cust_018288,sao paulo,Unknown,19185
cust_018289,rio de janeiro,RJ,59356
cust_018290,sorocaba,SP,84899
cust_018291,duque de caxias,RJ,29763
cust_018292,sao paulo,SP,33543
cust_018293,sorocaba,SP,57868
cust_018294,campo grande,MS,10839
cust_018295,curitiba,PR,64748
cust_018296,sao paulo,SP,16656
cust_018297,porto alegre,RS,75303
cust_018298,sao paulo,SP,66444
cust_018299,rio de janeiro,RJ,40466
cust_018300,sorocaba,SP,37593
cust_018301,vitoria,ES,17866
cust_018302,campinas,SP,6578
cust_018303,goiania,GO,97671
cust_018304,porto alegre,RS,6432
cust_018305,sao paulo,SP,18748
cust_018306,goiania,GO,6886
cust_018307,sao paulo,SP,48397
cust_018308,porto alegre,RS,73991
cust_018309,florianopolis,SC,26413
cust_018310,campinas,SP,85149
cust_018311,sao paulo,SP,61155
cust_018312,goiania,GO,84674
cust_018313,sao paulo,SP,39517
cust_018314,belem,PA,55015
cust_018315,campinas,SP,23180
cust_018316,sao paulo,SP,39830
cust_018317,duque de caxias,RJ,90821
cust_018318,rio de janeiro,RJ,32411
cust_018319,campo grande,MS,41431
cust_018320,santos,SP,74791
cust_018321,uberlandia,MG,28453
cust_018322,sao paulo,SP,80980
cust_018323,santos,SP,28484
cust_018324,santos,SP,93952
cust_018325,rio de janeiro,RJ,69101
cust_018326,uberlandia,MG,98496
cust_018327,sao paulo,SP,57366
cust_018328,joao pessoa,PB,70791
cust_018329,campinas,SP,68675
cust_018330,salvador,BA,20042
cust_018331,campinas,SP,3797
cust_018332,caxias do sul,RS,96254
cust_018333,sorocaba,SP,60014
cust_018334,duque de caxias,RJ,13145
cust_018335,feira de santana,BA,61161
cust_018336,londrina,PR,28645
cust_018337,sorocaba,SP,34677
cust_018338,londrina,PR,83398
cust_018339,campinas,SP,55347
cust_018340,sao paulo,SP,52008
cust_018341,porto alegre,RS,56244
cust_018342,vitoria,ES,25184
cust_018343,santos,SP,78613
cust_018344,porto alegre,RS,52860
cust_018345,feira de santana,BA,40573
cust_018346,belo horizonte,MG,77274
cust_018347,niteroi,RJ,59232
cust_018348,campinas,SP,28098
cust_018349,santos,SP,77165
cust_018350,campinas,SP,50596
cust_018351,uberlandia,MG,10971
cust_018352,santos,SP,29430
cust_018353,duque de caxias,RJ,71710
cust_018354,uberlandia,MG,40387
cust_018355,sao paulo,SP,70746
cust_018356,londrina,Unknown,21988
cust_018357,belo horizonte,MG,95200
cust_018358,uberlandia,MG,71045
cust_018359,niteroi,Unknown,25240
cust_018360,santos,SP,32100
cust_018361,rio de janeiro,RJ,33110
cust_018362,curitiba,PR,51169
cust_018363,porto alegre,RS,34705
cust_018364,londrina,PR,80649
cust_018365,sao paulo,SP,20418
cust_018366,joinville,SC,15017
cust_018367,campinas,SP,6019
cust_018368,sao paulo,SP,66499
cust_018369,santos,SP,89256
cust_018370,feira de santana,BA,33725
cust_018371,uberlandia,MG,81320
cust_018372,brasilia,DF,49313
cust_018373,uberlandia,MG,29069
cust_018374,brasilia,DF,71889
cust_018375,uberlandia,MG,1078
cust_018376,belo horizonte,MG,92429
cust_018377,sao paulo,SP,98498
cust_018378,porto alegre,RS,86200
cust_018379,uberlandia,MG,88191
cust_018380,sao paulo,SP,90108
cust_018381,campinas,SP,44779
cust_018382,santos,SP,5912
cust_018383,sao paulo,SP,55960
cust_018384,uberlandia,MG,42676
cust_018385,niteroi,RJ,80150
cust_018386,fortaleza,CE,80328
cust_018387,duque de caxias,RJ,82319
cust_018388,curitiba,PR,81336
cust_018389,belo horizonte,MG,84204
cust_018390,porto alegre,RS,42552
cust_018391,sorocaba,SP,65069
cust_018392,sorocaba,SP,29255
cust_018393,santos,SP,62046
cust_018394,uberlandia,MG,55327
cust_018395,santos,SP,5416
cust_018396,duque de caxias,RJ,74909
cust_018397,belem,PA,67429
cust_018398,caxias do sul,RS,69465
cust_018399,santos,SP,24088
cust_018400,niteroi,RJ,25811
cust_018401,belo horizonte,MG,4552
cust_018402,brasilia,DF,1027
cust_018403,florianopolis,SC,72427
cust_018404,santos,SP,88737
cust_018405,belem,PA,40261
cust_018406,sao paulo,SP,45090
cust_018407,sorocaba,SP,39345
cust_018408,campinas,SP,83413
cust_018409,sorocaba,SP,84565
cust_018410,sorocaba,SP,87263
cust_018411,santos,SP,9263
cust_018412,campinas,SP,93939
cust_018413,sao paulo,SP,2095
cust_018414,belem,PA,35927
cust_018415,londrina,PR,29825
cust_018416,caxias do sul,RS,66313
cust_018417,florianopolis,SC,27356
cust_018418,porto alegre,RS,60034
cust_018419,sorocaba,SP,89257
cust_018420,belem,PA,17249
cust_018421,rio de janeiro,RJ,87997
cust_018422,duque de caxias,RJ,44258
cust_018423,recife,PE,60175
cust_018424,sao paulo,SP,43628
cust_018425,santos,SP,20632
cust_018426,brasilia,DF,19893
cust_018427,rio de janeiro,RJ,5406
cust_018428,sorocaba,SP,38117
cust_018429,cuiaba,MT,10706
cust_018430,recife,PE,44190
cust_018431,recife,PE,47982
cust_018432,campinas,SP,80175
cust_018433,brasilia,DF,73313
cust_018434,uberlandia,MG,85965
cust_018435,caxias do sul,RS,3506
cust_018436,sao paulo,SP,71993
cust_018437,uberlandia,MG,28174
cust_018438,santos,SP,80705
cust_018439,belem,PA,90882
cust_018440,contagem,Unknown,10748
cust_018441,uberlandia,MG,51753
cust_018442,sorocaba,SP,56143
cust_018443,campinas,SP,28348
cust_018444,rio de janeiro,RJ,26622
cust_018445,feira de santana,BA,14906
cust_018446,uberlandia,MG,42445
cust_018447,sorocaba,SP,70600
cust_018448,duque de caxias,RJ,70601
cust_018449,sao paulo,SP,77788
cust_018450,rio de janeiro,RJ,94744
cust_018451,duque de caxias,RJ,63708
cust_018452,campinas,SP,36326
cust_018453,sorocaba,SP,28542
cust_018454,contagem,Unknown,58170
cust_018455,niteroi,RJ,44736
cust_018456,sorocaba,SP,11602
cust_018457,contagem,MG,40437
cust_018458,niteroi,RJ,68571
cust_018459,campinas,SP,18335
cust_018460,santos,SP,24567
cust_018461,sao paulo,SP,28797
cust_018462,joinville,SC,47433
cust_018463,campinas,SP,81726
cust_018464,vitoria,ES,33254
cust_018465,duque de caxias,RJ,13632
cust_018466,londrina,PR,6014
cust_018467,natal,RN,61761
cust_018468,sorocaba,SP,74333
cust_018469,uberlandia,MG,9629
cust_018470,sao paulo,SP,62317
cust_018471,santos,SP,90617
cust_018472,joinville,SC,81942
cust_018473,sao paulo,SP,93548
cust_018474,goiania,GO,94684
cust_018475,joinville,SC,78782
cust_018476,belo horizonte,MG,41674
cust_018477,uberlandia,MG,69978
cust_018478,brasilia,DF,75871
cust_018479,sao paulo,SP,76499
cust_018480,londrina,PR,31675
cust_018481,campinas,SP,44766
cust_018482,santos,SP,43852
cust_018483,sorocaba,SP,80920
cust_018484,campinas,SP,83754
cust_018485,campinas,SP,95946
cust_018486,caxias do sul,RS,89951
cust_018487,contagem,MG,12302
cust_018488,belem,PA,38218
cust_018489,curitiba,Unknown,41081
cust_018490,salvador,BA,80474
cust_018491,fortaleza,CE,3544
cust_018492,florianopolis,SC,76822
cust_018493,santos,SP,89461
cust_018494,sorocaba,SP,19462
cust_018495,sorocaba,SP,34827
cust_018496,santos,SP,62934
cust_018497,recife,PE,59838
cust_018498,niteroi,RJ,50114
cust_018499,goiania,GO,30474
cust_018500,sorocaba,SP,7219
cust_018501,fortaleza,CE,25707
cust_018502,santos,SP,55169
cust_018503,rio de janeiro,RJ,24032
cust_018504,recife,PE,97972
cust_018505,niteroi,RJ,20110
cust_018506,londrina,PR,78209
cust_018507,sorocaba,SP,33801
cust_018508,salvador,BA,20888
cust_018509,uberlandia,MG,21415
cust_018510,feira de santana,BA,22885
cust_018511,duque de caxias,RJ,96363
cust_018512,contagem,MG,32582
cust_018513,duque de caxias,RJ,31831
cust_018514,contagem,MG,2781
cust_018515,porto alegre,RS,33603
cust_018516,santos,SP,8288
cust_018517,curitiba,PR,19699
cust_018518,sao paulo,SP,72204
cust_018519,campinas,SP,63556
cust_018520,contagem,MG,55117
cust_018521,belo horizonte,MG,23297
cust_018522,curitiba,PR,69908
cust_018523,aracaju,SE,16639
cust_018524,duque de caxias,RJ,71825
cust_018525,sao luis,MA,70455
cust_018526,belo horizonte,MG,8292
cust_018527,sao paulo,SP,60685
cust_018528,porto alegre,RS,94640
cust_018529,santos,SP,62308
cust_018530,campo grande,MS,96965
cust_018531,duque de caxias,RJ,83707
cust_018532,sorocaba,SP,4379
cust_018533,contagem,MG,90320
cust_018534,santos,SP,7711
cust_018535,sorocaba,SP,21047
cust_018536,sorocaba,SP,82148
cust_018537,goiania,Unknown,49410
cust_018538,santos,SP,61191
cust_018539,rio de janeiro,RJ,29847
cust_018540,niteroi,RJ,99178
cust_018541,fortaleza,CE,9799
cust_018542,fortaleza,CE,25443
cust_018543,belem,PA,84365
cust_018544,campinas,SP,79752
cust_018545,duque de caxias,RJ,29117
cust_018546,feira de santana,BA,52942
cust_018547,santos,SP,4615
cust_018548,santos,SP,55962
cust_018549,belem,PA,85224
cust_018550,campinas,SP,21679
cust_018551,sorocaba,SP,93415
cust_018552,sorocaba,SP,61066
cust_018553,sorocaba,Unknown,5692
cust_018554,sao luis,MA,41656
cust_018555,sorocaba,SP,17831
cust_018556,rio de janeiro,RJ,22841
cust_018557,santos,SP,9170
cust_018558,niteroi,RJ,83868
cust_018559,londrina,PR,67039
cust_018560,uberlandia,MG,22205
cust_018561,contagem,MG,9270
cust_018562,duque de caxias,RJ,30730
cust_018563,sorocaba,SP,29149
cust_018564,santos,SP,9598
cust_018565,fortaleza,CE,13309
cust_018566,salvador,BA,67945
cust_018567,sao paulo,SP,75273
cust_018568,feira de santana,BA,29103
cust_018569,salvador,BA,40174
cust_018570,joinville,SC,95829
cust_018571,feira de santana,BA,35022
cust_018572,natal,RN,74409
cust_018573,santos,SP,84127
cust_018574,sorocaba,SP,90215
cust_018575,sao luis,MA,96895
cust_018576,niteroi,RJ,20445
cust_018577,caxias do sul,RS,95142
cust_018578,sao paulo,SP,64337
cust_018579,campinas,SP,24186
cust_018580,natal,RN,88103
cust_018581,campinas,SP,39668
cust_018582,contagem,MG,96189
cust_018583,campinas,SP,47163
cust_018584,campo grande,MS,65370
cust_018585,campinas,SP,48470
cust_018586,fortaleza,Unknown,94811
cust_018587,campinas,SP,47661
cust_018588,vitoria,ES,15614
cust_018589,santos,SP,87888
cust_018590,goiania,GO,5015
cust_018591,contagem,MG,75258
cust_018592,sorocaba,SP,47043
cust_018593,campinas,SP,69589
cust_018594,londrina,PR,32413
cust_018595,porto alegre,RS,23435
cust_018596,santos,SP,92672
cust_018597,sao paulo,SP,19437
cust_018598,salvador,BA,2592
cust_018599,contagem,Unknown,41017
cust_018600,caxias do sul,RS,32387
cust_018601,duque de caxias,RJ,59812
cust_018602,santos,SP,35624
cust_018603,campinas,SP,36476
cust_018604,sorocaba,SP,71584
cust_018605,vitoria,ES,76916
cust_018606,sao paulo,SP,1184
cust_018607,rio de janeiro,RJ,17650
cust_018608,sao paulo,SP,85139
cust_018609,santos,SP,89683
cust_018610,caxias do sul,RS,93509
cust_018611,caxias do sul,RS,36188
cust_018612,feira de santana,BA,48926
cust_018613,sao paulo,SP,15747
cust_018614,goiania,GO,11709
cust_018615,cuiaba,MT,60356
cust_018616,joao pessoa,PB,6019
cust_018617,sorocaba,SP,17307
cust_018618,niteroi,RJ,26584
cust_018619,vitoria,ES,5596
cust_018620,londrina,PR,14323
cust_018621,sao paulo,SP,2314
cust_018622,goiania,GO,50791
cust_018623,feira de santana,BA,59338
cust_018624,joinville,Unknown,41607
cust_018625,campinas,SP,38656
cust_018626,contagem,MG,19984
cust_018627,porto alegre,RS,86773
cust_018628,campinas,SP,83483
cust_018629,florianopolis,SC,43565
cust_018630,campinas,SP,60428
cust_018631,campinas,SP,95499
cust_018632,brasilia,Unknown,63002
cust_018633,santos,SP,52140
cust_018634,sao paulo,SP,68650
cust_018635,salvador,BA,80378
cust_018636,florianopolis,SC,86615
cust_018637,florianopolis,SC,18625
cust_018638,sao paulo,SP,67817
cust_018639,uberlandia,MG,89664
cust_018640,sao paulo,SP,14165
cust_018641,sorocaba,SP,97511
cust_018642,sorocaba,SP,38926
cust_018643,duque de caxias,RJ,90060
cust_018644,uberlandia,MG,52638
cust_018645,santos,SP,47591
cust_018646,goiania,Unknown,19336
cust_018647,campo grande,MS,79850
cust_018648,campinas,SP,94082
cust_018649,salvador,BA,94933
cust_018650,belo horizonte,MG,25979
cust_018651,rio de janeiro,RJ,65538
cust_018652,niteroi,RJ,77433
cust_018653,curitiba,PR,95588
cust_018654,sorocaba,SP,95207
cust_018655,belo horizonte,MG,62904
cust_018656,campinas,SP,28205
cust_018657,campinas,SP,19034
cust_018658,duque de caxias,RJ,46109
cust_018659,santos,SP,64457
cust_018660,londrina,PR,25630
cust_018661,contagem,MG,63186
cust_018662,sorocaba,SP,82426
cust_018663,brasilia,DF,56017
cust_018664,sao paulo,SP,79728
cust_018665,caxias do sul,RS,32734
cust_018666,santos,SP,89438
cust_018667,campinas,SP,98668
cust_018668,brasilia,DF,7207
cust_018669,belem,PA,28187
cust_018670,sao paulo,SP,74264
cust_018671,sao paulo,SP,75688
cust_018672,porto alegre,RS,58384
cust_018673,santos,SP,56511
cust_018674,goiania,GO,42924
cust_018675,sao paulo,SP,57165
cust_018676,sorocaba,SP,89057
cust_018677,campinas,SP,5842
cust_018678,santos,Unknown,86866
cust_018679,goiania,GO,8948
cust_018680,belo horizonte,MG,70273
cust_018681,sao paulo,SP,35257
cust_018682,santos,SP,18034
cust_018683,sao paulo,SP,1702
cust_018684,uberlandia,MG,26702
cust_018685,uberlandia,MG,1304
cust_018686,sao paulo,SP,16451
cust_018687,londrina,PR,39899
cust_018688,uberlandia,MG,26367
cust_018689,natal,RN,45062
cust_018690,rio de janeiro,RJ,77542
cust_018691,sao paulo,SP,2808
cust_018692,campinas,SP,34026
cust_018693,belem,PA,38438
cust_018694,campinas,SP,28978
cust_018695,santos,SP,53973
cust_018696,niteroi,RJ,25640
cust_018697,belo horizonte,MG,22724
cust_018698,belo horizonte,MG,5996
cust_018699,porto alegre,RS,71184
cust_018700,santos,SP,34680
cust_018701,porto alegre,RS,81224
cust_018702,recife,PE,10350
cust_018703,sorocaba,SP,22959
cust_018704,santos,SP,56629
cust_018705,maceio,AL,85242
cust_018706,campinas,SP,19307
cust_018707,rio de janeiro,RJ,30911
cust_018708,sao paulo,SP,27898
cust_018709,belo horizonte,MG,4268
cust_018710,caxias do sul,RS,48357
cust_018711,londrina,PR,67678
cust_018712,sao paulo,SP,38728
cust_018713,santos,SP,69235
cust_018714,duque de caxias,RJ,32828
cust_018715,santos,SP,55009
cust_018716,contagem,MG,95701
cust_018717,contagem,MG,15950
cust_018718,recife,PE,6776
cust_018719,sorocaba,SP,13178
cust_018720,santos,SP,88154
cust_018721,joinville,SC,60115
cust_018722,contagem,MG,92924
cust_018723,campinas,SP,39193
cust_018724,vitoria,ES,96821
cust_018725,belo horizonte,MG,38816
cust_018726,niteroi,RJ,86343
cust_018727,florianopolis,SC,55059
cust_018728,contagem,MG,81174
cust_018729,santos,SP,79375
cust_018730,sorocaba,SP,24435
cust_018731,niteroi,RJ,77608
cust_018732,niteroi,RJ,18834
cust_018733,porto alegre,RS,51163
cust_018734,niteroi,RJ,60668
cust_018735,sao paulo,SP,6751
cust_018736,porto alegre,RS,54014
cust_018737,sorocaba,SP,21994
cust_018738,brasilia,DF,72366
cust_018739,caxias do sul,RS,47793
cust_018740,contagem,MG,12630
cust_018741,duque de caxias,RJ,99753
cust_018742,sao paulo,SP,29321
cust_018743,uberlandia,MG,55440
cust_018744,campinas,SP,67550
cust_018745,belo horizonte,MG,81371
cust_018746,sao paulo,SP,61575
cust_018747,belo horizonte,MG,66304
cust_018748,sao paulo,SP,35512
cust_018749,santos,SP,32904
cust_018750,rio de janeiro,RJ,15660
cust_018751,caxias do sul,RS,98430
cust_018752,campinas,SP,85928
cust_018753,rio de janeiro,RJ,23663
cust_018754,joinville,SC,83281
cust_018755,rio de janeiro,RJ,68047
cust_018756,contagem,MG,15474
cust_018757,campinas,SP,25151
cust_018758,sao paulo,SP,75179
cust_018759,sao paulo,SP,97509
cust_018760,sao luis,MA,15049
cust_018761,campinas,SP,94463
cust_018762,campinas,SP,45691
cust_018763,santos,SP,91113
cust_018764,florianopolis,SC,47145
cust_018765,campinas,SP,29705
cust_018766,joinville,SC,40779
cust_018767,sao paulo,SP,50848
cust_018768,joinville,SC,34873
cust_018769,recife,PE,28360
cust_018770,rio de janeiro,RJ,47287
cust_018771,joao pessoa,PB,30764
cust_018772,belem,PA,71461
cust_018773,campinas,SP,29049
cust_018774,uberlandia,Unknown,33773
cust_018775,belo horizonte,MG,80053
cust_018776,brasilia,DF,58432
cust_018777,porto alegre,RS,82634
cust_018778,caxias do sul,RS,36503
cust_018779,sao paulo,SP,78601
cust_018780,salvador,BA,97136
cust_018781,santos,SP,1547
cust_018782,uberlandia,MG,68688
cust_018783,campinas,SP,92593
cust_018784,londrina,PR,85374
cust_018785,joinville,SC,40139
cust_018786,sao paulo,SP,43777
cust_018787,florianopolis,SC,31367
cust_018788,feira de santana,BA,26378
cust_018789,sao paulo,SP,80429
cust_018790,niteroi,RJ,8819
cust_018791,sao paulo,SP,44062
cust_018792,sao paulo,SP,81887
cust_018793,joinville,SC,70476
cust_018794,santos,SP,70115
cust_018795,belo horizonte,MG,48060
cust_018796,campinas,SP,82300
cust_018797,campinas,SP,37765
cust_018798,contagem,MG,68234
cust_018799,campinas,SP,4131
cust_018800,goiania,GO,4740
cust_018801,sao paulo,SP,28228
cust_018802,contagem,MG,43060
cust_018803,porto alegre,RS,31473
cust_018804,contagem,MG,33820
cust_018805,porto alegre,RS,9949
cust_018806,santos,SP,43919
cust_018807,londrina,PR,10485
cust_018808,belo horizonte,MG,67132
cust_018809,joinville,SC,79292
cust_018810,sao paulo,SP,57056
cust_018811,santos,SP,32998
cust_018812,sao paulo,SP,63926
cust_018813,sao paulo,SP,86097
cust_018814,sao paulo,SP,21837
cust_018815,santos,SP,20856
cust_018816,sorocaba,SP,50123
cust_018817,sao paulo,SP,43379
cust_018818,santos,SP,24281
cust_018819,feira de santana,BA,32671
cust_018820,vitoria,ES,51600
cust_018821,rio de janeiro,RJ,93054
cust_018822,santos,SP,30207
cust_018823,sorocaba,SP,16060
cust_018824,feira de santana,BA,22496
cust_018825,belem,PA,59762
cust_018826,sao paulo,SP,94090
cust_018827,sao paulo,SP,91678
cust_018828,santos,SP,27532
cust_018829,sorocaba,SP,31104
cust_018830,sao paulo,SP,62966
cust_018831,porto alegre,RS,24052
cust_018832,campinas,SP,63014
cust_018833,santos,SP,88271
cust_018834,porto alegre,RS,58091
cust_018835,florianopolis,SC,74014
cust_018836,sao paulo,SP,72157
cust_018837,curitiba,PR,17851
cust_018838,sorocaba,SP,61226
cust_018839,santos,SP,25706
cust_018840,sorocaba,SP,85111
cust_018841,sorocaba,SP,72893
cust_018842,campinas,SP,3522
cust_018843,porto alegre,RS,28960
cust_018844,brasilia,DF,8303
cust_018845,sorocaba,SP,39583
cust_018846,sorocaba,SP,55857
cust_018847,sao paulo,SP,94790
cust_018848,sorocaba,SP,40565
cust_018849,salvador,BA,46498
cust_018850,sorocaba,SP,21992
cust_018851,belo horizonte,MG,59204
cust_018852,niteroi,RJ,35924
cust_018853,salvador,BA,72223
cust_018854,sorocaba,SP,65293
cust_018855,campinas,SP,12133
cust_018856,campinas,Unknown,85460
cust_018857,contagem,MG,31428
cust_018858,rio de janeiro,RJ,18972
cust_018859,contagem,MG,64574
cust_018860,sao paulo,Unknown,29939
cust_018861,campinas,SP,50761
cust_018862,uberlandia,MG,14863
cust_018863,campinas,SP,80779
cust_018864,belem,PA,99664
cust_018865,joinville,SC,35670
cust_018866,santos,SP,2971
cust_018867,belo horizonte,MG,72282
cust_018868,sorocaba,SP,16614
cust_018869,vitoria,ES,49104
cust_018870,uberlandia,MG,39093
cust_018871,sao paulo,SP,13225
cust_018872,porto alegre,RS,20693
cust_018873,campinas,SP,86615
cust_018874,sorocaba,SP,68338
cust_018875,sorocaba,SP,30890
cust_018876,sao paulo,SP,3263
cust_018877,santos,SP,17181
cust_018878,sao luis,MA,51968
cust_018879,rio de janeiro,RJ,73618
cust_018880,brasilia,DF,20468
cust_018881,sorocaba,SP,69918
cust_018882,brasilia,DF,63563
cust_018883,contagem,MG,7792
cust_018884,porto alegre,RS,12608
cust_018885,florianopolis,SC,17177
cust_018886,duque de caxias,RJ,20549
cust_018887,uberlandia,MG,2685
cust_018888,recife,PE,83169
cust_018889,sorocaba,SP,85985
cust_018890,sao paulo,SP,90103
cust_018891,natal,RN,88152
cust_018892,goiania,GO,36772
cust_018893,niteroi,RJ,39468
cust_018894,joinville,SC,59170
cust_018895,goiania,GO,93103
cust_018896,rio de janeiro,RJ,67862
cust_018897,sao paulo,SP,60711
cust_018898,niteroi,RJ,76324
cust_018899,santos,SP,86148
cust_018900,sao paulo,SP,54036
cust_018901,campo grande,MS,77064
cust_018902,caxias do sul,RS,58283
cust_018903,florianopolis,SC,75146
cust_018904,belo horizonte,MG,78574
cust_018905,campinas,SP,71940
cust_018906,belo horizonte,MG,55094
cust_018907,porto alegre,RS,88931
cust_018908,belo horizonte,MG,54247
cust_018909,sorocaba,SP,35624
cust_018910,feira de santana,BA,29017
cust_018911,sao paulo,SP,33514
cust_018912,sorocaba,SP,83981
cust_018913,rio de janeiro,RJ,95649
cust_018914,natal,RN,44740
cust_018915,santos,SP,31082
cust_018916,santos,SP,55718
cust_018917,sao luis,MA,38436
cust_018918,cuiaba,MT,63609
cust_018919,campinas,SP,6174
cust_018920,feira de santana,BA,54525
cust_018921,belem,PA,22259
cust_018922,sao paulo,SP,44796
cust_018923,curitiba,PR,62027
cust_018924,santos,SP,49067
cust_018925,salvador,BA,95643
cust_018926,campinas,SP,10894
cust_018927,porto alegre,RS,40439
cust_018928,salvador,BA,82404
cust_018929,sorocaba,SP,34354
cust_018930,londrina,PR,9006
cust_018931,campinas,SP,61060
cust_018932,sorocaba,SP,98715
cust_018933,belem,PA,91956
cust_018934,belem,PA,97010
cust_018935,curitiba,PR,41216
cust_018936,recife,PE,88350
cust_018937,sao paulo,SP,1607
cust_018938,duque de caxias,RJ,8586
cust_018939,goiania,GO,75619
cust_018940,recife,PE,3566
cust_018941,sao paulo,SP,60377
cust_018942,sao paulo,SP,62116
cust_018943,porto alegre,RS,20291
cust_018944,sorocaba,SP,17376
cust_018945,florianopolis,SC,17548
cust_018946,santos,SP,94118
cust_018947,duque de caxias,RJ,21694
cust_018948,campinas,SP,66062
cust_018949,curitiba,PR,85844
cust_018950,cuiaba,MT,86046
cust_018951,duque de caxias,RJ,28374
cust_018952,cuiaba,MT,99419
cust_018953,sorocaba,SP,36671
cust_018954,sao paulo,SP,93891
cust_018955,feira de santana,BA,28416
cust_018956,sorocaba,SP,11412
cust_018957,santos,SP,57935
cust_018958,porto alegre,RS,98269
cust_018959,sorocaba,SP,71980
cust_018960,recife,PE,7956
cust_018961,niteroi,RJ,81215
cust_018962,sao paulo,SP,78063
cust_018963,sao paulo,SP,95487
cust_018964,campinas,SP,75183
cust_018965,porto alegre,RS,41739
cust_018966,santos,SP,22082
cust_018967,brasilia,DF,95823
cust_018968,sao paulo,SP,38844
cust_018969,sao paulo,SP,55112
cust_018970,belo horizonte,MG,63431
cust_018971,sao paulo,SP,98771
cust_018972,rio de janeiro,RJ,50264
cust_018973,uberlandia,MG,87584
cust_018974,campinas,SP,70682
cust_018975,rio de janeiro,RJ,20363
cust_018976,vitoria,ES,13974
cust_018977,sao paulo,SP,63867
cust_018978,contagem,MG,41302
cust_018979,santos,SP,4779
cust_018980,brasilia,DF,72011
cust_018981,sao paulo,SP,93967
cust_018982,santos,SP,1795
cust_018983,santos,SP,93600
cust_018984,caxias do sul,RS,65380
cust_018985,sorocaba,SP,95887
cust_018986,feira de santana,BA,54545
cust_018987,santos,Unknown,36740
cust_018988,belem,PA,92564
cust_018989,fortaleza,CE,59236
cust_018990,curitiba,PR,96252
cust_018991,londrina,PR,26712
cust_018992,belo horizonte,MG,69214
cust_018993,joinville,SC,60126
cust_018994,santos,SP,54339
cust_018995,salvador,BA,83485
cust_018996,uberlandia,MG,53528
cust_018997,joinville,SC,81329
cust_018998,niteroi,RJ,45014
cust_018999,belo horizonte,MG,17782
